2025-10-08 15:51:18,674:WARNING:
'cuml' is a soft dependency and not included in the pycaret installation. Please run: `pip install cuml` to install.
2025-10-08 15:51:18,674:WARNING:
'cuml' is a soft dependency and not included in the pycaret installation. Please run: `pip install cuml` to install.
2025-10-08 15:51:18,674:WARNING:
'cuml' is a soft dependency and not included in the pycaret installation. Please run: `pip install cuml` to install.
2025-10-08 15:51:18,674:WARNING:
'cuml' is a soft dependency and not included in the pycaret installation. Please run: `pip install cuml` to install.
2025-10-08 15:51:18,771:INFO:PyCaret RegressionExperiment
2025-10-08 15:51:18,771:INFO:Logging name: reg-default-name
2025-10-08 15:51:18,771:INFO:ML Usecase: MLUsecase.REGRESSION
2025-10-08 15:51:18,771:INFO:version 3.3.2
2025-10-08 15:51:18,771:INFO:Initializing setup()
2025-10-08 15:51:18,771:INFO:self.USI: 1f84
2025-10-08 15:51:18,772:INFO:self._variable_keys: {'_ml_usecase', 'gpu_n_jobs_param', 'exp_name_log', 'log_plots_param', 'data', 'target_param', 'transform_target_param', 'pipeline', 'fold_shuffle_param', 'X', 'exp_id', '_available_plots', 'X_train', 'logging_param', 'y_train', 'gpu_param', 'seed', 'fold_generator', 'memory', 'USI', 'n_jobs_param', 'fold_groups_param', 'X_test', 'y_test', 'y', 'idx', 'html_param'}
2025-10-08 15:51:18,772:INFO:Checking environment
2025-10-08 15:51:18,772:INFO:python_version: 3.10.16
2025-10-08 15:51:18,772:INFO:python_build: ('main', 'Dec 11 2024 16:24:50')
2025-10-08 15:51:18,772:INFO:machine: x86_64
2025-10-08 15:51:18,772:INFO:platform: Linux-6.12.34-1-MANJARO-x86_64-with-glibc2.41
2025-10-08 15:51:18,772:INFO:Memory: svmem(total=24909266944, available=15233318912, percent=38.8, used=7779987456, free=10720305152, active=8506359808, inactive=2902188032, buffers=348524544, cached=6060449792, shared=1482170368, slab=656941056)
2025-10-08 15:51:18,772:INFO:Physical Core: 6
2025-10-08 15:51:18,772:INFO:Logical Core: 12
2025-10-08 15:51:18,772:INFO:Checking libraries
2025-10-08 15:51:18,772:INFO:System:
2025-10-08 15:51:18,772:INFO:    python: 3.10.16 (main, Dec 11 2024, 16:24:50) [GCC 11.2.0]
2025-10-08 15:51:18,772:INFO:executable: /home/leon/.conda/envs/ml_general/bin/python
2025-10-08 15:51:18,772:INFO:   machine: Linux-6.12.34-1-MANJARO-x86_64-with-glibc2.41
2025-10-08 15:51:18,773:INFO:PyCaret required dependencies:
2025-10-08 15:51:18,827:INFO:                 pip: 24.2
2025-10-08 15:51:18,827:INFO:          setuptools: 75.1.0
2025-10-08 15:51:18,827:INFO:             pycaret: 3.3.2
2025-10-08 15:51:18,827:INFO:             IPython: 8.12.3
2025-10-08 15:51:18,827:INFO:          ipywidgets: 8.1.5
2025-10-08 15:51:18,827:INFO:                tqdm: 4.66.5
2025-10-08 15:51:18,827:INFO:               numpy: 1.26.4
2025-10-08 15:51:18,827:INFO:              pandas: 2.1.4
2025-10-08 15:51:18,827:INFO:              jinja2: 3.1.5
2025-10-08 15:51:18,827:INFO:               scipy: 1.11.4
2025-10-08 15:51:18,827:INFO:              joblib: 1.3.2
2025-10-08 15:51:18,827:INFO:             sklearn: 1.4.2
2025-10-08 15:51:18,827:INFO:                pyod: 2.0.2
2025-10-08 15:51:18,827:INFO:            imblearn: 0.12.3
2025-10-08 15:51:18,827:INFO:   category_encoders: 2.6.3
2025-10-08 15:51:18,827:INFO:            lightgbm: 4.5.0
2025-10-08 15:51:18,827:INFO:               numba: 0.60.0
2025-10-08 15:51:18,827:INFO:            requests: 2.32.3
2025-10-08 15:51:18,827:INFO:          matplotlib: 3.7.0
2025-10-08 15:51:18,827:INFO:          scikitplot: 0.3.7
2025-10-08 15:51:18,827:INFO:         yellowbrick: 1.5
2025-10-08 15:51:18,828:INFO:              plotly: 5.24.1
2025-10-08 15:51:18,828:INFO:    plotly-resampler: Not installed
2025-10-08 15:51:18,828:INFO:             kaleido: 0.2.1
2025-10-08 15:51:18,828:INFO:           schemdraw: 0.15
2025-10-08 15:51:18,828:INFO:         statsmodels: 0.14.4
2025-10-08 15:51:18,828:INFO:              sktime: 0.26.0
2025-10-08 15:51:18,828:INFO:               tbats: 1.1.3
2025-10-08 15:51:18,828:INFO:            pmdarima: 2.0.4
2025-10-08 15:51:18,828:INFO:              psutil: 6.1.1
2025-10-08 15:51:18,828:INFO:          markupsafe: 2.1.5
2025-10-08 15:51:18,828:INFO:             pickle5: Not installed
2025-10-08 15:51:18,828:INFO:         cloudpickle: 3.0.0
2025-10-08 15:51:18,828:INFO:         deprecation: 2.1.0
2025-10-08 15:51:18,828:INFO:              xxhash: 3.5.0
2025-10-08 15:51:18,828:INFO:           wurlitzer: 3.1.1
2025-10-08 15:51:18,828:INFO:PyCaret optional dependencies:
2025-10-08 15:51:20,249:INFO:                shap: 0.44.1
2025-10-08 15:51:20,249:INFO:           interpret: 0.6.9
2025-10-08 15:51:20,249:INFO:                umap: 0.5.7
2025-10-08 15:51:20,249:INFO:     ydata_profiling: 4.12.2
2025-10-08 15:51:20,249:INFO:  explainerdashboard: 0.4.8
2025-10-08 15:51:20,249:INFO:             autoviz: Not installed
2025-10-08 15:51:20,249:INFO:           fairlearn: 0.7.0
2025-10-08 15:51:20,249:INFO:          deepchecks: Not installed
2025-10-08 15:51:20,249:INFO:             xgboost: 2.1.3
2025-10-08 15:51:20,249:INFO:            catboost: 1.2.7
2025-10-08 15:51:20,249:INFO:              kmodes: 0.12.2
2025-10-08 15:51:20,249:INFO:             mlxtend: 0.23.3
2025-10-08 15:51:20,249:INFO:       statsforecast: 1.5.0
2025-10-08 15:51:20,249:INFO:        tune_sklearn: 0.5.0
2025-10-08 15:51:20,249:INFO:                 ray: 2.41.0
2025-10-08 15:51:20,249:INFO:            hyperopt: 0.2.7
2025-10-08 15:51:20,249:INFO:              optuna: 4.2.0
2025-10-08 15:51:20,249:INFO:               skopt: 0.10.2
2025-10-08 15:51:20,249:INFO:              mlflow: 2.20.0
2025-10-08 15:51:20,249:INFO:              gradio: 5.13.1
2025-10-08 15:51:20,249:INFO:             fastapi: 0.115.7
2025-10-08 15:51:20,249:INFO:             uvicorn: 0.34.0
2025-10-08 15:51:20,249:INFO:              m2cgen: 0.10.0
2025-10-08 15:51:20,249:INFO:           evidently: 0.4.40
2025-10-08 15:51:20,249:INFO:               fugue: 0.8.7
2025-10-08 15:51:20,249:INFO:           streamlit: 1.41.1
2025-10-08 15:51:20,249:INFO:             prophet: Not installed
2025-10-08 15:51:20,249:INFO:None
2025-10-08 15:51:20,249:INFO:Set up data.
2025-10-08 15:51:20,267:INFO:Set up folding strategy.
2025-10-08 15:51:20,267:INFO:Set up train/test split.
2025-10-08 15:51:20,279:INFO:Set up index.
2025-10-08 15:51:20,279:INFO:Assigning column types.
2025-10-08 15:51:20,291:INFO:Engine successfully changes for model 'lr' to 'sklearn'.
2025-10-08 15:51:20,291:INFO:Engine for model 'lasso' has not been set explicitly, hence returning None.
2025-10-08 15:51:20,294:INFO:Engine for model 'ridge' has not been set explicitly, hence returning None.
2025-10-08 15:51:20,296:INFO:Engine for model 'en' has not been set explicitly, hence returning None.
2025-10-08 15:51:20,340:INFO:Engine for model 'svm' has not been set explicitly, hence returning None.
2025-10-08 15:51:20,366:INFO:Engine for model 'knn' has not been set explicitly, hence returning None.
2025-10-08 15:51:20,366:INFO:Soft dependency imported: xgboost: 2.1.3
2025-10-08 15:51:20,368:INFO:Soft dependency imported: catboost: 1.2.7
2025-10-08 15:51:20,411:INFO:Engine for model 'lasso' has not been set explicitly, hence returning None.
2025-10-08 15:51:20,414:INFO:Engine for model 'ridge' has not been set explicitly, hence returning None.
2025-10-08 15:51:20,417:INFO:Engine for model 'en' has not been set explicitly, hence returning None.
2025-10-08 15:51:20,460:INFO:Engine for model 'svm' has not been set explicitly, hence returning None.
2025-10-08 15:51:20,487:INFO:Engine for model 'knn' has not been set explicitly, hence returning None.
2025-10-08 15:51:20,487:INFO:Soft dependency imported: xgboost: 2.1.3
2025-10-08 15:51:20,489:INFO:Soft dependency imported: catboost: 1.2.7
2025-10-08 15:51:20,489:INFO:Engine successfully changes for model 'lasso' to 'sklearn'.
2025-10-08 15:51:20,492:INFO:Engine for model 'ridge' has not been set explicitly, hence returning None.
2025-10-08 15:51:20,495:INFO:Engine for model 'en' has not been set explicitly, hence returning None.
2025-10-08 15:51:20,538:INFO:Engine for model 'svm' has not been set explicitly, hence returning None.
2025-10-08 15:51:20,566:INFO:Engine for model 'knn' has not been set explicitly, hence returning None.
2025-10-08 15:51:20,566:INFO:Soft dependency imported: xgboost: 2.1.3
2025-10-08 15:51:20,568:INFO:Soft dependency imported: catboost: 1.2.7
2025-10-08 15:51:20,571:INFO:Engine for model 'ridge' has not been set explicitly, hence returning None.
2025-10-08 15:51:20,574:INFO:Engine for model 'en' has not been set explicitly, hence returning None.
2025-10-08 15:51:20,617:INFO:Engine for model 'svm' has not been set explicitly, hence returning None.
2025-10-08 15:51:20,644:INFO:Engine for model 'knn' has not been set explicitly, hence returning None.
2025-10-08 15:51:20,644:INFO:Soft dependency imported: xgboost: 2.1.3
2025-10-08 15:51:20,645:INFO:Soft dependency imported: catboost: 1.2.7
2025-10-08 15:51:20,646:INFO:Engine successfully changes for model 'ridge' to 'sklearn'.
2025-10-08 15:51:20,651:INFO:Engine for model 'en' has not been set explicitly, hence returning None.
2025-10-08 15:51:20,694:INFO:Engine for model 'svm' has not been set explicitly, hence returning None.
2025-10-08 15:51:20,721:INFO:Engine for model 'knn' has not been set explicitly, hence returning None.
2025-10-08 15:51:20,721:INFO:Soft dependency imported: xgboost: 2.1.3
2025-10-08 15:51:20,723:INFO:Soft dependency imported: catboost: 1.2.7
2025-10-08 15:51:20,729:INFO:Engine for model 'en' has not been set explicitly, hence returning None.
2025-10-08 15:51:20,773:INFO:Engine for model 'svm' has not been set explicitly, hence returning None.
2025-10-08 15:51:20,800:INFO:Engine for model 'knn' has not been set explicitly, hence returning None.
2025-10-08 15:51:20,801:INFO:Soft dependency imported: xgboost: 2.1.3
2025-10-08 15:51:20,802:INFO:Soft dependency imported: catboost: 1.2.7
2025-10-08 15:51:20,803:INFO:Engine successfully changes for model 'en' to 'sklearn'.
2025-10-08 15:51:20,852:INFO:Engine for model 'svm' has not been set explicitly, hence returning None.
2025-10-08 15:51:20,879:INFO:Engine for model 'knn' has not been set explicitly, hence returning None.
2025-10-08 15:51:20,879:INFO:Soft dependency imported: xgboost: 2.1.3
2025-10-08 15:51:20,881:INFO:Soft dependency imported: catboost: 1.2.7
2025-10-08 15:51:20,930:INFO:Engine for model 'svm' has not been set explicitly, hence returning None.
2025-10-08 15:51:20,956:INFO:Engine for model 'knn' has not been set explicitly, hence returning None.
2025-10-08 15:51:20,957:INFO:Soft dependency imported: xgboost: 2.1.3
2025-10-08 15:51:20,959:INFO:Soft dependency imported: catboost: 1.2.7
2025-10-08 15:51:20,959:INFO:Engine successfully changes for model 'knn' to 'sklearn'.
2025-10-08 15:51:21,007:INFO:Engine for model 'svm' has not been set explicitly, hence returning None.
2025-10-08 15:51:21,034:INFO:Soft dependency imported: xgboost: 2.1.3
2025-10-08 15:51:21,036:INFO:Soft dependency imported: catboost: 1.2.7
2025-10-08 15:51:21,084:INFO:Engine for model 'svm' has not been set explicitly, hence returning None.
2025-10-08 15:51:21,111:INFO:Soft dependency imported: xgboost: 2.1.3
2025-10-08 15:51:21,113:INFO:Soft dependency imported: catboost: 1.2.7
2025-10-08 15:51:21,113:INFO:Engine successfully changes for model 'svm' to 'sklearn'.
2025-10-08 15:51:21,190:INFO:Soft dependency imported: xgboost: 2.1.3
2025-10-08 15:51:21,192:INFO:Soft dependency imported: catboost: 1.2.7
2025-10-08 15:51:21,267:INFO:Soft dependency imported: xgboost: 2.1.3
2025-10-08 15:51:21,269:INFO:Soft dependency imported: catboost: 1.2.7
2025-10-08 15:51:21,273:INFO:Preparing preprocessing pipeline...
2025-10-08 15:51:21,273:INFO:Set up date feature engineering.
2025-10-08 15:51:21,273:INFO:Set up simple imputation.
2025-10-08 15:51:21,279:INFO:Set up encoding of categorical features.
2025-10-08 15:51:21,346:INFO:Finished creating preprocessing pipeline.
2025-10-08 15:51:21,351:INFO:Pipeline: Pipeline(memory=FastMemory(location=/tmp/joblib),
         steps=[('date_feature_extractor',
                 TransformerWrapper(include=['datetime'],
                                    transformer=ExtractDateTimeFeatures())),
                ('numerical_imputer',
                 TransformerWrapper(include=['temp_station_1', 'temp_station_2',
                                             'temp_station_3', 'temp_station_4',
                                             'temp_station_5', 'temp_station_6',
                                             'temp_station_7', 'temp_station_8',
                                             'te...
                                             'temp_station_28', 'is_weekend',
                                             'day_of_week_sin', ...],
                                    transformer=SimpleImputer())),
                ('categorical_imputer',
                 TransformerWrapper(include=['holiday_name'],
                                    transformer=SimpleImputer(strategy='most_frequent'))),
                ('onehot_encoding',
                 TransformerWrapper(include=['holiday_name'],
                                    transformer=OneHotEncoder(cols=['holiday_name'],
                                                              handle_missing='return_nan',
                                                              use_cat_names=True)))])
2025-10-08 15:51:21,351:INFO:Creating final display dataframe.
2025-10-08 15:51:21,569:INFO:Setup _display_container:                     Description             Value
0                    Session id               123
1                        Target              Load
2                   Target type        Regression
3           Original data shape       (17524, 49)
4        Transformed data shape       (17524, 63)
5   Transformed train set shape       (12266, 63)
6    Transformed test set shape        (5258, 63)
7              Numeric features                46
8                 Date features                 1
9          Categorical features                 1
10     Rows with missing values             96.9%
11                   Preprocess              True
12              Imputation type            simple
13           Numeric imputation              mean
14       Categorical imputation              mode
15     Maximum one-hot encoding                25
16              Encoding method              None
17               Fold Generator             KFold
18                  Fold Number                10
19                     CPU Jobs                -1
20                      Use GPU             False
21               Log Experiment             False
22              Experiment Name  reg-default-name
23                          USI              1f84
2025-10-08 15:51:21,655:INFO:Soft dependency imported: xgboost: 2.1.3
2025-10-08 15:51:21,657:INFO:Soft dependency imported: catboost: 1.2.7
2025-10-08 15:51:21,731:INFO:Soft dependency imported: xgboost: 2.1.3
2025-10-08 15:51:21,732:INFO:Soft dependency imported: catboost: 1.2.7
2025-10-08 15:51:21,733:INFO:setup() successfully completed in 2.96s...............
2025-10-08 15:54:49,584:INFO:PyCaret ClassificationExperiment
2025-10-08 15:54:49,584:INFO:Logging name: clf-default-name
2025-10-08 15:54:49,584:INFO:ML Usecase: MLUsecase.CLASSIFICATION
2025-10-08 15:54:49,584:INFO:version 3.3.2
2025-10-08 15:54:49,584:INFO:Initializing setup()
2025-10-08 15:54:49,584:INFO:self.USI: ab68
2025-10-08 15:54:49,584:INFO:self._variable_keys: {'_ml_usecase', 'gpu_n_jobs_param', 'exp_name_log', 'log_plots_param', 'data', 'target_param', 'pipeline', 'fold_shuffle_param', 'X', 'exp_id', 'is_multiclass', '_available_plots', 'X_train', 'logging_param', 'y_train', 'gpu_param', 'seed', 'fold_generator', 'memory', 'USI', 'fix_imbalance', 'n_jobs_param', 'fold_groups_param', 'X_test', 'y_test', 'y', 'idx', 'html_param'}
2025-10-08 15:54:49,584:INFO:Checking environment
2025-10-08 15:54:49,584:INFO:python_version: 3.10.16
2025-10-08 15:54:49,584:INFO:python_build: ('main', 'Dec 11 2024 16:24:50')
2025-10-08 15:54:49,584:INFO:machine: x86_64
2025-10-08 15:54:49,584:INFO:platform: Linux-6.12.34-1-MANJARO-x86_64-with-glibc2.41
2025-10-08 15:54:49,584:INFO:Memory: svmem(total=24909266944, available=14869692416, percent=40.3, used=8098533376, free=10259836928, active=8961921024, inactive=2889822208, buffers=350670848, cached=6200225792, shared=1527468032, slab=661209088)
2025-10-08 15:54:49,584:INFO:Physical Core: 6
2025-10-08 15:54:49,585:INFO:Logical Core: 12
2025-10-08 15:54:49,585:INFO:Checking libraries
2025-10-08 15:54:49,585:INFO:System:
2025-10-08 15:54:49,585:INFO:    python: 3.10.16 (main, Dec 11 2024, 16:24:50) [GCC 11.2.0]
2025-10-08 15:54:49,585:INFO:executable: /home/leon/.conda/envs/ml_general/bin/python
2025-10-08 15:54:49,585:INFO:   machine: Linux-6.12.34-1-MANJARO-x86_64-with-glibc2.41
2025-10-08 15:54:49,585:INFO:PyCaret required dependencies:
2025-10-08 15:54:49,585:INFO:                 pip: 24.2
2025-10-08 15:54:49,585:INFO:          setuptools: 75.1.0
2025-10-08 15:54:49,585:INFO:             pycaret: 3.3.2
2025-10-08 15:54:49,585:INFO:             IPython: 8.12.3
2025-10-08 15:54:49,585:INFO:          ipywidgets: 8.1.5
2025-10-08 15:54:49,585:INFO:                tqdm: 4.66.5
2025-10-08 15:54:49,585:INFO:               numpy: 1.26.4
2025-10-08 15:54:49,585:INFO:              pandas: 2.1.4
2025-10-08 15:54:49,585:INFO:              jinja2: 3.1.5
2025-10-08 15:54:49,585:INFO:               scipy: 1.11.4
2025-10-08 15:54:49,585:INFO:              joblib: 1.3.2
2025-10-08 15:54:49,585:INFO:             sklearn: 1.4.2
2025-10-08 15:54:49,585:INFO:                pyod: 2.0.2
2025-10-08 15:54:49,585:INFO:            imblearn: 0.12.3
2025-10-08 15:54:49,585:INFO:   category_encoders: 2.6.3
2025-10-08 15:54:49,585:INFO:            lightgbm: 4.5.0
2025-10-08 15:54:49,585:INFO:               numba: 0.60.0
2025-10-08 15:54:49,585:INFO:            requests: 2.32.3
2025-10-08 15:54:49,585:INFO:          matplotlib: 3.7.0
2025-10-08 15:54:49,585:INFO:          scikitplot: 0.3.7
2025-10-08 15:54:49,585:INFO:         yellowbrick: 1.5
2025-10-08 15:54:49,585:INFO:              plotly: 5.24.1
2025-10-08 15:54:49,585:INFO:    plotly-resampler: Not installed
2025-10-08 15:54:49,585:INFO:             kaleido: 0.2.1
2025-10-08 15:54:49,585:INFO:           schemdraw: 0.15
2025-10-08 15:54:49,585:INFO:         statsmodels: 0.14.4
2025-10-08 15:54:49,585:INFO:              sktime: 0.26.0
2025-10-08 15:54:49,585:INFO:               tbats: 1.1.3
2025-10-08 15:54:49,585:INFO:            pmdarima: 2.0.4
2025-10-08 15:54:49,585:INFO:              psutil: 6.1.1
2025-10-08 15:54:49,585:INFO:          markupsafe: 2.1.5
2025-10-08 15:54:49,585:INFO:             pickle5: Not installed
2025-10-08 15:54:49,585:INFO:         cloudpickle: 3.0.0
2025-10-08 15:54:49,585:INFO:         deprecation: 2.1.0
2025-10-08 15:54:49,585:INFO:              xxhash: 3.5.0
2025-10-08 15:54:49,585:INFO:           wurlitzer: 3.1.1
2025-10-08 15:54:49,585:INFO:PyCaret optional dependencies:
2025-10-08 15:54:49,585:INFO:                shap: 0.44.1
2025-10-08 15:54:49,585:INFO:           interpret: 0.6.9
2025-10-08 15:54:49,585:INFO:                umap: 0.5.7
2025-10-08 15:54:49,585:INFO:     ydata_profiling: 4.12.2
2025-10-08 15:54:49,585:INFO:  explainerdashboard: 0.4.8
2025-10-08 15:54:49,585:INFO:             autoviz: Not installed
2025-10-08 15:54:49,585:INFO:           fairlearn: 0.7.0
2025-10-08 15:54:49,585:INFO:          deepchecks: Not installed
2025-10-08 15:54:49,585:INFO:             xgboost: 2.1.3
2025-10-08 15:54:49,585:INFO:            catboost: 1.2.7
2025-10-08 15:54:49,586:INFO:              kmodes: 0.12.2
2025-10-08 15:54:49,586:INFO:             mlxtend: 0.23.3
2025-10-08 15:54:49,586:INFO:       statsforecast: 1.5.0
2025-10-08 15:54:49,586:INFO:        tune_sklearn: 0.5.0
2025-10-08 15:54:49,586:INFO:                 ray: 2.41.0
2025-10-08 15:54:49,586:INFO:            hyperopt: 0.2.7
2025-10-08 15:54:49,586:INFO:              optuna: 4.2.0
2025-10-08 15:54:49,586:INFO:               skopt: 0.10.2
2025-10-08 15:54:49,586:INFO:              mlflow: 2.20.0
2025-10-08 15:54:49,586:INFO:              gradio: 5.13.1
2025-10-08 15:54:49,586:INFO:             fastapi: 0.115.7
2025-10-08 15:54:49,586:INFO:             uvicorn: 0.34.0
2025-10-08 15:54:49,586:INFO:              m2cgen: 0.10.0
2025-10-08 15:54:49,586:INFO:           evidently: 0.4.40
2025-10-08 15:54:49,586:INFO:               fugue: 0.8.7
2025-10-08 15:54:49,586:INFO:           streamlit: 1.41.1
2025-10-08 15:54:49,586:INFO:             prophet: Not installed
2025-10-08 15:54:49,586:INFO:None
2025-10-08 15:54:49,586:INFO:Set up data.
2025-10-08 15:54:49,608:INFO:Set up folding strategy.
2025-10-08 15:54:49,608:INFO:Set up train/test split.
2025-10-08 15:54:49,622:INFO:Set up index.
2025-10-08 15:55:23,923:INFO:PyCaret ClassificationExperiment
2025-10-08 15:55:23,923:INFO:Logging name: clf-default-name
2025-10-08 15:55:23,923:INFO:ML Usecase: MLUsecase.CLASSIFICATION
2025-10-08 15:55:23,923:INFO:version 3.3.2
2025-10-08 15:55:23,923:INFO:Initializing setup()
2025-10-08 15:55:23,923:INFO:self.USI: a41e
2025-10-08 15:55:23,923:INFO:self._variable_keys: {'_ml_usecase', 'gpu_n_jobs_param', 'exp_name_log', 'log_plots_param', 'data', 'target_param', 'pipeline', 'fold_shuffle_param', 'X', 'exp_id', 'is_multiclass', '_available_plots', 'X_train', 'logging_param', 'y_train', 'gpu_param', 'seed', 'fold_generator', 'memory', 'USI', 'fix_imbalance', 'n_jobs_param', 'fold_groups_param', 'X_test', 'y_test', 'y', 'idx', 'html_param'}
2025-10-08 15:55:23,923:INFO:Checking environment
2025-10-08 15:55:23,923:INFO:python_version: 3.10.16
2025-10-08 15:55:23,923:INFO:python_build: ('main', 'Dec 11 2024 16:24:50')
2025-10-08 15:55:23,923:INFO:machine: x86_64
2025-10-08 15:55:23,923:INFO:platform: Linux-6.12.34-1-MANJARO-x86_64-with-glibc2.41
2025-10-08 15:55:23,924:INFO:Memory: svmem(total=24909266944, available=14853918720, percent=40.4, used=8094322688, free=10247954432, active=8908132352, inactive=2952126464, buffers=350863360, cached=6216126464, shared=1547567104, slab=661987328)
2025-10-08 15:55:23,924:INFO:Physical Core: 6
2025-10-08 15:55:23,924:INFO:Logical Core: 12
2025-10-08 15:55:23,924:INFO:Checking libraries
2025-10-08 15:55:23,924:INFO:System:
2025-10-08 15:55:23,924:INFO:    python: 3.10.16 (main, Dec 11 2024, 16:24:50) [GCC 11.2.0]
2025-10-08 15:55:23,924:INFO:executable: /home/leon/.conda/envs/ml_general/bin/python
2025-10-08 15:55:23,924:INFO:   machine: Linux-6.12.34-1-MANJARO-x86_64-with-glibc2.41
2025-10-08 15:55:23,924:INFO:PyCaret required dependencies:
2025-10-08 15:55:23,924:INFO:                 pip: 24.2
2025-10-08 15:55:23,924:INFO:          setuptools: 75.1.0
2025-10-08 15:55:23,924:INFO:             pycaret: 3.3.2
2025-10-08 15:55:23,924:INFO:             IPython: 8.12.3
2025-10-08 15:55:23,924:INFO:          ipywidgets: 8.1.5
2025-10-08 15:55:23,924:INFO:                tqdm: 4.66.5
2025-10-08 15:55:23,924:INFO:               numpy: 1.26.4
2025-10-08 15:55:23,924:INFO:              pandas: 2.1.4
2025-10-08 15:55:23,924:INFO:              jinja2: 3.1.5
2025-10-08 15:55:23,924:INFO:               scipy: 1.11.4
2025-10-08 15:55:23,924:INFO:              joblib: 1.3.2
2025-10-08 15:55:23,924:INFO:             sklearn: 1.4.2
2025-10-08 15:55:23,924:INFO:                pyod: 2.0.2
2025-10-08 15:55:23,924:INFO:            imblearn: 0.12.3
2025-10-08 15:55:23,924:INFO:   category_encoders: 2.6.3
2025-10-08 15:55:23,924:INFO:            lightgbm: 4.5.0
2025-10-08 15:55:23,924:INFO:               numba: 0.60.0
2025-10-08 15:55:23,924:INFO:            requests: 2.32.3
2025-10-08 15:55:23,925:INFO:          matplotlib: 3.7.0
2025-10-08 15:55:23,925:INFO:          scikitplot: 0.3.7
2025-10-08 15:55:23,925:INFO:         yellowbrick: 1.5
2025-10-08 15:55:23,925:INFO:              plotly: 5.24.1
2025-10-08 15:55:23,925:INFO:    plotly-resampler: Not installed
2025-10-08 15:55:23,925:INFO:             kaleido: 0.2.1
2025-10-08 15:55:23,925:INFO:           schemdraw: 0.15
2025-10-08 15:55:23,925:INFO:         statsmodels: 0.14.4
2025-10-08 15:55:23,925:INFO:              sktime: 0.26.0
2025-10-08 15:55:23,925:INFO:               tbats: 1.1.3
2025-10-08 15:55:23,925:INFO:            pmdarima: 2.0.4
2025-10-08 15:55:23,925:INFO:              psutil: 6.1.1
2025-10-08 15:55:23,925:INFO:          markupsafe: 2.1.5
2025-10-08 15:55:23,925:INFO:             pickle5: Not installed
2025-10-08 15:55:23,925:INFO:         cloudpickle: 3.0.0
2025-10-08 15:55:23,925:INFO:         deprecation: 2.1.0
2025-10-08 15:55:23,925:INFO:              xxhash: 3.5.0
2025-10-08 15:55:23,925:INFO:           wurlitzer: 3.1.1
2025-10-08 15:55:23,925:INFO:PyCaret optional dependencies:
2025-10-08 15:55:23,925:INFO:                shap: 0.44.1
2025-10-08 15:55:23,925:INFO:           interpret: 0.6.9
2025-10-08 15:55:23,925:INFO:                umap: 0.5.7
2025-10-08 15:55:23,925:INFO:     ydata_profiling: 4.12.2
2025-10-08 15:55:23,925:INFO:  explainerdashboard: 0.4.8
2025-10-08 15:55:23,925:INFO:             autoviz: Not installed
2025-10-08 15:55:23,925:INFO:           fairlearn: 0.7.0
2025-10-08 15:55:23,925:INFO:          deepchecks: Not installed
2025-10-08 15:55:23,925:INFO:             xgboost: 2.1.3
2025-10-08 15:55:23,925:INFO:            catboost: 1.2.7
2025-10-08 15:55:23,925:INFO:              kmodes: 0.12.2
2025-10-08 15:55:23,925:INFO:             mlxtend: 0.23.3
2025-10-08 15:55:23,925:INFO:       statsforecast: 1.5.0
2025-10-08 15:55:23,925:INFO:        tune_sklearn: 0.5.0
2025-10-08 15:55:23,925:INFO:                 ray: 2.41.0
2025-10-08 15:55:23,925:INFO:            hyperopt: 0.2.7
2025-10-08 15:55:23,925:INFO:              optuna: 4.2.0
2025-10-08 15:55:23,925:INFO:               skopt: 0.10.2
2025-10-08 15:55:23,925:INFO:              mlflow: 2.20.0
2025-10-08 15:55:23,925:INFO:              gradio: 5.13.1
2025-10-08 15:55:23,925:INFO:             fastapi: 0.115.7
2025-10-08 15:55:23,925:INFO:             uvicorn: 0.34.0
2025-10-08 15:55:23,925:INFO:              m2cgen: 0.10.0
2025-10-08 15:55:23,925:INFO:           evidently: 0.4.40
2025-10-08 15:55:23,925:INFO:               fugue: 0.8.7
2025-10-08 15:55:23,925:INFO:           streamlit: 1.41.1
2025-10-08 15:55:23,926:INFO:             prophet: Not installed
2025-10-08 15:55:23,926:INFO:None
2025-10-08 15:55:23,926:INFO:Set up data.
2025-10-08 15:55:23,941:INFO:Set up folding strategy.
2025-10-08 15:55:23,941:INFO:Set up train/test split.
2025-10-08 15:55:23,955:INFO:Set up index.
2025-10-08 15:55:23,956:INFO:Assigning column types.
2025-10-08 15:55:23,968:INFO:Engine successfully changes for model 'lr' to 'sklearn'.
2025-10-08 15:55:23,995:INFO:Engine for model 'knn' has not been set explicitly, hence returning None.
2025-10-08 15:55:23,997:INFO:Engine for model 'rbfsvm' has not been set explicitly, hence returning None.
2025-10-08 15:55:24,017:INFO:Soft dependency imported: xgboost: 2.1.3
2025-10-08 15:55:24,019:INFO:Soft dependency imported: catboost: 1.2.7
2025-10-08 15:55:24,048:INFO:Engine for model 'knn' has not been set explicitly, hence returning None.
2025-10-08 15:55:24,048:INFO:Engine for model 'rbfsvm' has not been set explicitly, hence returning None.
2025-10-08 15:55:24,065:INFO:Soft dependency imported: xgboost: 2.1.3
2025-10-08 15:55:24,067:INFO:Soft dependency imported: catboost: 1.2.7
2025-10-08 15:55:24,067:INFO:Engine successfully changes for model 'knn' to 'sklearn'.
2025-10-08 15:55:24,094:INFO:Engine for model 'rbfsvm' has not been set explicitly, hence returning None.
2025-10-08 15:55:24,111:INFO:Soft dependency imported: xgboost: 2.1.3
2025-10-08 15:55:24,113:INFO:Soft dependency imported: catboost: 1.2.7
2025-10-08 15:55:24,141:INFO:Engine for model 'rbfsvm' has not been set explicitly, hence returning None.
2025-10-08 15:55:24,158:INFO:Soft dependency imported: xgboost: 2.1.3
2025-10-08 15:55:24,160:INFO:Soft dependency imported: catboost: 1.2.7
2025-10-08 15:55:24,161:INFO:Engine successfully changes for model 'rbfsvm' to 'sklearn'.
2025-10-08 15:55:24,204:INFO:Soft dependency imported: xgboost: 2.1.3
2025-10-08 15:55:24,206:INFO:Soft dependency imported: catboost: 1.2.7
2025-10-08 15:55:24,251:INFO:Soft dependency imported: xgboost: 2.1.3
2025-10-08 15:55:24,252:INFO:Soft dependency imported: catboost: 1.2.7
2025-10-08 15:55:24,253:INFO:Preparing preprocessing pipeline...
2025-10-08 15:55:24,255:INFO:Set up date feature engineering.
2025-10-08 15:55:24,255:INFO:Set up simple imputation.
2025-10-08 15:55:24,261:INFO:Set up encoding of categorical features.
2025-10-08 15:55:24,323:INFO:Finished creating preprocessing pipeline.
2025-10-08 15:55:24,327:INFO:Pipeline: Pipeline(memory=FastMemory(location=/tmp/joblib),
         steps=[('date_feature_extractor',
                 TransformerWrapper(exclude=None, include=['datetime'],
                                    transformer=ExtractDateTimeFeatures(features=['day',
                                                                                  'month',
                                                                                  'year']))),
                ('numerical_imputer',
                 TransformerWrapper(exclude=None,
                                    include=['temp_station_1', 'temp_station_2',
                                             'temp_station_3', 'temp_station_4',
                                             'temp_station_...
                                                              copy=True,
                                                              fill_value=None,
                                                              keep_empty_features=False,
                                                              missing_values=nan,
                                                              strategy='most_frequent'))),
                ('onehot_encoding',
                 TransformerWrapper(exclude=None, include=['holiday_name'],
                                    transformer=OneHotEncoder(cols=['holiday_name'],
                                                              drop_invariant=False,
                                                              handle_missing='return_nan',
                                                              handle_unknown='value',
                                                              return_df=True,
                                                              use_cat_names=True,
                                                              verbose=0)))],
         verbose=False)
2025-10-08 15:55:24,327:INFO:Creating final display dataframe.
2025-10-08 15:55:24,550:INFO:Setup _display_container:                     Description                 Value
0                    Session id                   123
1                        Target  is_peak_hour_per_day
2                   Target type                Binary
3           Original data shape           (17524, 49)
4        Transformed data shape           (17524, 63)
5   Transformed train set shape           (12266, 63)
6    Transformed test set shape            (5258, 63)
7              Numeric features                    46
8                 Date features                     1
9          Categorical features                     1
10     Rows with missing values                 96.9%
11                   Preprocess                  True
12              Imputation type                simple
13           Numeric imputation                  mean
14       Categorical imputation                  mode
15     Maximum one-hot encoding                    25
16              Encoding method                  None
17               Fold Generator       StratifiedKFold
18                  Fold Number                     3
19                     CPU Jobs                    -1
20                      Use GPU                 False
21               Log Experiment                 False
22              Experiment Name      clf-default-name
23                          USI                  a41e
2025-10-08 15:55:24,600:INFO:Soft dependency imported: xgboost: 2.1.3
2025-10-08 15:55:24,602:INFO:Soft dependency imported: catboost: 1.2.7
2025-10-08 15:55:24,646:INFO:Soft dependency imported: xgboost: 2.1.3
2025-10-08 15:55:24,648:INFO:Soft dependency imported: catboost: 1.2.7
2025-10-08 15:55:24,649:INFO:setup() successfully completed in 0.73s...............
2025-10-08 15:56:19,495:INFO:Initializing compare_models()
2025-10-08 15:56:19,495:INFO:compare_models(self=<pycaret.classification.oop.ClassificationExperiment object at 0x7f4ae1b064d0>, include=None, fold=None, round=4, cross_validation=True, sort=Accuracy, n_select=1, budget_time=None, turbo=True, errors=ignore, fit_kwargs=None, groups=None, experiment_custom_tags=None, probability_threshold=None, verbose=True, parallel=None, caller_params={'self': <pycaret.classification.oop.ClassificationExperiment object at 0x7f4ae1b064d0>, 'include': None, 'exclude': None, 'fold': None, 'round': 4, 'cross_validation': True, 'sort': 'Accuracy', 'n_select': 1, 'budget_time': None, 'turbo': True, 'errors': 'ignore', 'fit_kwargs': None, 'groups': None, 'experiment_custom_tags': None, 'probability_threshold': None, 'engine': None, 'verbose': True, 'parallel': None, '__class__': <class 'pycaret.classification.oop.ClassificationExperiment'>}, exclude=None)
2025-10-08 15:56:19,495:INFO:Checking exceptions
2025-10-08 15:56:19,509:INFO:Preparing display monitor
2025-10-08 15:56:19,524:INFO:Initializing Logistic Regression
2025-10-08 15:56:19,524:INFO:Total runtime is 2.7139981587727863e-06 minutes
2025-10-08 15:56:19,527:INFO:SubProcess create_model() called ==================================
2025-10-08 15:56:19,528:INFO:Initializing create_model()
2025-10-08 15:56:19,528:INFO:create_model(self=<pycaret.classification.oop.ClassificationExperiment object at 0x7f4ae1b064d0>, estimator=lr, fold=StratifiedKFold(n_splits=3, random_state=None, shuffle=False), round=4, cross_validation=True, predict=True, fit_kwargs={}, groups=None, refit=False, probability_threshold=None, experiment_custom_tags=None, verbose=False, system=False, add_to_model_list=True, metrics=None, display=<pycaret.internal.display.display.CommonDisplay object at 0x7f4af43c0b80>, model_only=True, return_train_score=False, error_score=0.0, kwargs={})
2025-10-08 15:56:19,528:INFO:Checking exceptions
2025-10-08 15:56:19,528:INFO:Importing libraries
2025-10-08 15:56:19,528:INFO:Copying training dataset
2025-10-08 15:56:19,554:INFO:Defining folds
2025-10-08 15:56:19,554:INFO:Declaring metric variables
2025-10-08 15:56:19,557:INFO:Importing untrained model
2025-10-08 15:56:19,562:INFO:Logistic Regression Imported successfully
2025-10-08 15:56:19,567:INFO:Starting cross validation
2025-10-08 15:56:19,569:INFO:Cross validating with StratifiedKFold(n_splits=3, random_state=None, shuffle=False), n_jobs=-1
2025-10-08 15:56:21,726:WARNING:/home/leon/.conda/envs/ml_general/lib/python3.10/site-packages/sklearn/linear_model/_logistic.py:469: ConvergenceWarning: lbfgs failed to converge (status=1):
STOP: TOTAL NO. of ITERATIONS REACHED LIMIT.

Increase the number of iterations (max_iter) or scale the data as shown in:
    https://scikit-learn.org/stable/modules/preprocessing.html
Please also refer to the documentation for alternative solver options:
    https://scikit-learn.org/stable/modules/linear_model.html#logistic-regression
  n_iter_i = _check_optimize_result(

2025-10-08 15:56:21,738:WARNING:/home/leon/.conda/envs/ml_general/lib/python3.10/site-packages/sklearn/linear_model/_logistic.py:469: ConvergenceWarning: lbfgs failed to converge (status=1):
STOP: TOTAL NO. of ITERATIONS REACHED LIMIT.

Increase the number of iterations (max_iter) or scale the data as shown in:
    https://scikit-learn.org/stable/modules/preprocessing.html
Please also refer to the documentation for alternative solver options:
    https://scikit-learn.org/stable/modules/linear_model.html#logistic-regression
  n_iter_i = _check_optimize_result(

2025-10-08 15:56:21,772:WARNING:/home/leon/.conda/envs/ml_general/lib/python3.10/site-packages/sklearn/metrics/_classification.py:1509: UndefinedMetricWarning: Precision is ill-defined and being set to 0.0 due to no predicted samples. Use `zero_division` parameter to control this behavior.
  _warn_prf(average, modifier, f"{metric.capitalize()} is", len(result))

2025-10-08 15:56:21,808:WARNING:/home/leon/.conda/envs/ml_general/lib/python3.10/site-packages/sklearn/linear_model/_logistic.py:469: ConvergenceWarning: lbfgs failed to converge (status=1):
STOP: TOTAL NO. of ITERATIONS REACHED LIMIT.

Increase the number of iterations (max_iter) or scale the data as shown in:
    https://scikit-learn.org/stable/modules/preprocessing.html
Please also refer to the documentation for alternative solver options:
    https://scikit-learn.org/stable/modules/linear_model.html#logistic-regression
  n_iter_i = _check_optimize_result(

2025-10-08 15:56:21,841:WARNING:/home/leon/.conda/envs/ml_general/lib/python3.10/site-packages/sklearn/metrics/_classification.py:1509: UndefinedMetricWarning: Precision is ill-defined and being set to 0.0 due to no predicted samples. Use `zero_division` parameter to control this behavior.
  _warn_prf(average, modifier, f"{metric.capitalize()} is", len(result))

2025-10-08 15:56:21,846:INFO:Calculating mean and std
2025-10-08 15:56:21,848:INFO:Creating metrics dataframe
2025-10-08 15:56:21,851:INFO:Uploading results into container
2025-10-08 15:56:21,852:INFO:Uploading model into container now
2025-10-08 15:56:21,852:INFO:_master_model_container: 1
2025-10-08 15:56:21,852:INFO:_display_container: 2
2025-10-08 15:56:21,853:INFO:LogisticRegression(C=1.0, class_weight=None, dual=False, fit_intercept=True,
                   intercept_scaling=1, l1_ratio=None, max_iter=1000,
                   multi_class='auto', n_jobs=None, penalty='l2',
                   random_state=123, solver='lbfgs', tol=0.0001, verbose=0,
                   warm_start=False)
2025-10-08 15:56:21,853:INFO:create_model() successfully completed......................................
2025-10-08 15:56:22,083:INFO:SubProcess create_model() end ==================================
2025-10-08 15:56:22,083:INFO:Creating metrics dataframe
2025-10-08 15:56:22,088:INFO:Initializing K Neighbors Classifier
2025-10-08 15:56:22,088:INFO:Total runtime is 0.04273278713226318 minutes
2025-10-08 15:56:22,091:INFO:SubProcess create_model() called ==================================
2025-10-08 15:56:22,091:INFO:Initializing create_model()
2025-10-08 15:56:22,091:INFO:create_model(self=<pycaret.classification.oop.ClassificationExperiment object at 0x7f4ae1b064d0>, estimator=knn, fold=StratifiedKFold(n_splits=3, random_state=None, shuffle=False), round=4, cross_validation=True, predict=True, fit_kwargs={}, groups=None, refit=False, probability_threshold=None, experiment_custom_tags=None, verbose=False, system=False, add_to_model_list=True, metrics=None, display=<pycaret.internal.display.display.CommonDisplay object at 0x7f4af43c0b80>, model_only=True, return_train_score=False, error_score=0.0, kwargs={})
2025-10-08 15:56:22,091:INFO:Checking exceptions
2025-10-08 15:56:22,091:INFO:Importing libraries
2025-10-08 15:56:22,091:INFO:Copying training dataset
2025-10-08 15:56:22,108:INFO:Defining folds
2025-10-08 15:56:22,108:INFO:Declaring metric variables
2025-10-08 15:56:22,112:INFO:Importing untrained model
2025-10-08 15:56:22,115:INFO:K Neighbors Classifier Imported successfully
2025-10-08 15:56:22,122:INFO:Starting cross validation
2025-10-08 15:56:22,124:INFO:Cross validating with StratifiedKFold(n_splits=3, random_state=None, shuffle=False), n_jobs=-1
2025-10-08 15:56:23,576:INFO:Calculating mean and std
2025-10-08 15:56:23,577:INFO:Creating metrics dataframe
2025-10-08 15:56:23,578:INFO:Uploading results into container
2025-10-08 15:56:23,579:INFO:Uploading model into container now
2025-10-08 15:56:23,579:INFO:_master_model_container: 2
2025-10-08 15:56:23,579:INFO:_display_container: 2
2025-10-08 15:56:23,580:INFO:KNeighborsClassifier(algorithm='auto', leaf_size=30, metric='minkowski',
                     metric_params=None, n_jobs=-1, n_neighbors=5, p=2,
                     weights='uniform')
2025-10-08 15:56:23,580:INFO:create_model() successfully completed......................................
2025-10-08 15:56:23,792:INFO:SubProcess create_model() end ==================================
2025-10-08 15:56:23,792:INFO:Creating metrics dataframe
2025-10-08 15:56:23,797:INFO:Initializing Naive Bayes
2025-10-08 15:56:23,797:INFO:Total runtime is 0.07121415535608927 minutes
2025-10-08 15:56:23,799:INFO:SubProcess create_model() called ==================================
2025-10-08 15:56:23,800:INFO:Initializing create_model()
2025-10-08 15:56:23,800:INFO:create_model(self=<pycaret.classification.oop.ClassificationExperiment object at 0x7f4ae1b064d0>, estimator=nb, fold=StratifiedKFold(n_splits=3, random_state=None, shuffle=False), round=4, cross_validation=True, predict=True, fit_kwargs={}, groups=None, refit=False, probability_threshold=None, experiment_custom_tags=None, verbose=False, system=False, add_to_model_list=True, metrics=None, display=<pycaret.internal.display.display.CommonDisplay object at 0x7f4af43c0b80>, model_only=True, return_train_score=False, error_score=0.0, kwargs={})
2025-10-08 15:56:23,800:INFO:Checking exceptions
2025-10-08 15:56:23,800:INFO:Importing libraries
2025-10-08 15:56:23,800:INFO:Copying training dataset
2025-10-08 15:56:23,815:INFO:Defining folds
2025-10-08 15:56:23,816:INFO:Declaring metric variables
2025-10-08 15:56:23,819:INFO:Importing untrained model
2025-10-08 15:56:23,821:INFO:Naive Bayes Imported successfully
2025-10-08 15:56:23,826:INFO:Starting cross validation
2025-10-08 15:56:23,828:INFO:Cross validating with StratifiedKFold(n_splits=3, random_state=None, shuffle=False), n_jobs=-1
2025-10-08 15:56:24,906:INFO:Calculating mean and std
2025-10-08 15:56:24,908:INFO:Creating metrics dataframe
2025-10-08 15:56:24,910:INFO:Uploading results into container
2025-10-08 15:56:24,910:INFO:Uploading model into container now
2025-10-08 15:56:24,911:INFO:_master_model_container: 3
2025-10-08 15:56:24,911:INFO:_display_container: 2
2025-10-08 15:56:24,912:INFO:GaussianNB(priors=None, var_smoothing=1e-09)
2025-10-08 15:56:24,912:INFO:create_model() successfully completed......................................
2025-10-08 15:56:25,145:INFO:SubProcess create_model() end ==================================
2025-10-08 15:56:25,145:INFO:Creating metrics dataframe
2025-10-08 15:56:25,150:INFO:Initializing Decision Tree Classifier
2025-10-08 15:56:25,151:INFO:Total runtime is 0.09377307097117106 minutes
2025-10-08 15:56:25,153:INFO:SubProcess create_model() called ==================================
2025-10-08 15:56:25,153:INFO:Initializing create_model()
2025-10-08 15:56:25,153:INFO:create_model(self=<pycaret.classification.oop.ClassificationExperiment object at 0x7f4ae1b064d0>, estimator=dt, fold=StratifiedKFold(n_splits=3, random_state=None, shuffle=False), round=4, cross_validation=True, predict=True, fit_kwargs={}, groups=None, refit=False, probability_threshold=None, experiment_custom_tags=None, verbose=False, system=False, add_to_model_list=True, metrics=None, display=<pycaret.internal.display.display.CommonDisplay object at 0x7f4af43c0b80>, model_only=True, return_train_score=False, error_score=0.0, kwargs={})
2025-10-08 15:56:25,153:INFO:Checking exceptions
2025-10-08 15:56:25,153:INFO:Importing libraries
2025-10-08 15:56:25,153:INFO:Copying training dataset
2025-10-08 15:56:25,170:INFO:Defining folds
2025-10-08 15:56:25,170:INFO:Declaring metric variables
2025-10-08 15:56:25,173:INFO:Importing untrained model
2025-10-08 15:56:25,176:INFO:Decision Tree Classifier Imported successfully
2025-10-08 15:56:25,182:INFO:Starting cross validation
2025-10-08 15:56:25,183:INFO:Cross validating with StratifiedKFold(n_splits=3, random_state=None, shuffle=False), n_jobs=-1
2025-10-08 15:56:26,364:INFO:Calculating mean and std
2025-10-08 15:56:26,365:INFO:Creating metrics dataframe
2025-10-08 15:56:26,368:INFO:Uploading results into container
2025-10-08 15:56:26,369:INFO:Uploading model into container now
2025-10-08 15:56:26,369:INFO:_master_model_container: 4
2025-10-08 15:56:26,370:INFO:_display_container: 2
2025-10-08 15:56:26,370:INFO:DecisionTreeClassifier(ccp_alpha=0.0, class_weight=None, criterion='gini',
                       max_depth=None, max_features=None, max_leaf_nodes=None,
                       min_impurity_decrease=0.0, min_samples_leaf=1,
                       min_samples_split=2, min_weight_fraction_leaf=0.0,
                       monotonic_cst=None, random_state=123, splitter='best')
2025-10-08 15:56:26,370:INFO:create_model() successfully completed......................................
2025-10-08 15:56:26,585:INFO:SubProcess create_model() end ==================================
2025-10-08 15:56:26,585:INFO:Creating metrics dataframe
2025-10-08 15:56:26,590:INFO:Initializing SVM - Linear Kernel
2025-10-08 15:56:26,590:INFO:Total runtime is 0.1177586833635966 minutes
2025-10-08 15:56:26,592:INFO:SubProcess create_model() called ==================================
2025-10-08 15:56:26,592:INFO:Initializing create_model()
2025-10-08 15:56:26,592:INFO:create_model(self=<pycaret.classification.oop.ClassificationExperiment object at 0x7f4ae1b064d0>, estimator=svm, fold=StratifiedKFold(n_splits=3, random_state=None, shuffle=False), round=4, cross_validation=True, predict=True, fit_kwargs={}, groups=None, refit=False, probability_threshold=None, experiment_custom_tags=None, verbose=False, system=False, add_to_model_list=True, metrics=None, display=<pycaret.internal.display.display.CommonDisplay object at 0x7f4af43c0b80>, model_only=True, return_train_score=False, error_score=0.0, kwargs={})
2025-10-08 15:56:26,592:INFO:Checking exceptions
2025-10-08 15:56:26,592:INFO:Importing libraries
2025-10-08 15:56:26,592:INFO:Copying training dataset
2025-10-08 15:56:26,612:INFO:Defining folds
2025-10-08 15:56:26,612:INFO:Declaring metric variables
2025-10-08 15:56:26,615:INFO:Importing untrained model
2025-10-08 15:56:26,618:INFO:SVM - Linear Kernel Imported successfully
2025-10-08 15:56:26,623:INFO:Starting cross validation
2025-10-08 15:56:26,624:INFO:Cross validating with StratifiedKFold(n_splits=3, random_state=None, shuffle=False), n_jobs=-1
2025-10-08 15:56:26,839:WARNING:/home/leon/.conda/envs/ml_general/lib/python3.10/site-packages/sklearn/metrics/_classification.py:1509: UndefinedMetricWarning: Precision is ill-defined and being set to 0.0 due to no predicted samples. Use `zero_division` parameter to control this behavior.
  _warn_prf(average, modifier, f"{metric.capitalize()} is", len(result))

2025-10-08 15:56:26,844:WARNING:/home/leon/.conda/envs/ml_general/lib/python3.10/site-packages/sklearn/metrics/_classification.py:1509: UndefinedMetricWarning: Precision is ill-defined and being set to 0.0 due to no predicted samples. Use `zero_division` parameter to control this behavior.
  _warn_prf(average, modifier, f"{metric.capitalize()} is", len(result))

2025-10-08 15:56:26,875:INFO:Calculating mean and std
2025-10-08 15:56:26,876:INFO:Creating metrics dataframe
2025-10-08 15:56:26,878:INFO:Uploading results into container
2025-10-08 15:56:26,878:INFO:Uploading model into container now
2025-10-08 15:56:26,878:INFO:_master_model_container: 5
2025-10-08 15:56:26,878:INFO:_display_container: 2
2025-10-08 15:56:26,879:INFO:SGDClassifier(alpha=0.0001, average=False, class_weight=None,
              early_stopping=False, epsilon=0.1, eta0=0.001, fit_intercept=True,
              l1_ratio=0.15, learning_rate='optimal', loss='hinge',
              max_iter=1000, n_iter_no_change=5, n_jobs=-1, penalty='l2',
              power_t=0.5, random_state=123, shuffle=True, tol=0.001,
              validation_fraction=0.1, verbose=0, warm_start=False)
2025-10-08 15:56:26,879:INFO:create_model() successfully completed......................................
2025-10-08 15:56:27,076:INFO:SubProcess create_model() end ==================================
2025-10-08 15:56:27,077:INFO:Creating metrics dataframe
2025-10-08 15:56:27,082:INFO:Initializing Ridge Classifier
2025-10-08 15:56:27,082:INFO:Total runtime is 0.12597042719523113 minutes
2025-10-08 15:56:27,084:INFO:SubProcess create_model() called ==================================
2025-10-08 15:56:27,085:INFO:Initializing create_model()
2025-10-08 15:56:27,085:INFO:create_model(self=<pycaret.classification.oop.ClassificationExperiment object at 0x7f4ae1b064d0>, estimator=ridge, fold=StratifiedKFold(n_splits=3, random_state=None, shuffle=False), round=4, cross_validation=True, predict=True, fit_kwargs={}, groups=None, refit=False, probability_threshold=None, experiment_custom_tags=None, verbose=False, system=False, add_to_model_list=True, metrics=None, display=<pycaret.internal.display.display.CommonDisplay object at 0x7f4af43c0b80>, model_only=True, return_train_score=False, error_score=0.0, kwargs={})
2025-10-08 15:56:27,085:INFO:Checking exceptions
2025-10-08 15:56:27,085:INFO:Importing libraries
2025-10-08 15:56:27,085:INFO:Copying training dataset
2025-10-08 15:56:27,100:INFO:Defining folds
2025-10-08 15:56:27,100:INFO:Declaring metric variables
2025-10-08 15:56:27,103:INFO:Importing untrained model
2025-10-08 15:56:27,105:INFO:Ridge Classifier Imported successfully
2025-10-08 15:56:27,110:INFO:Starting cross validation
2025-10-08 15:56:27,112:INFO:Cross validating with StratifiedKFold(n_splits=3, random_state=None, shuffle=False), n_jobs=-1
2025-10-08 15:56:27,231:WARNING:/home/leon/.conda/envs/ml_general/lib/python3.10/site-packages/sklearn/metrics/_classification.py:1509: UndefinedMetricWarning: Precision is ill-defined and being set to 0.0 due to no predicted samples. Use `zero_division` parameter to control this behavior.
  _warn_prf(average, modifier, f"{metric.capitalize()} is", len(result))

2025-10-08 15:56:27,231:WARNING:/home/leon/.conda/envs/ml_general/lib/python3.10/site-packages/sklearn/metrics/_classification.py:1509: UndefinedMetricWarning: Precision is ill-defined and being set to 0.0 due to no predicted samples. Use `zero_division` parameter to control this behavior.
  _warn_prf(average, modifier, f"{metric.capitalize()} is", len(result))

2025-10-08 15:56:27,231:WARNING:/home/leon/.conda/envs/ml_general/lib/python3.10/site-packages/sklearn/metrics/_classification.py:1509: UndefinedMetricWarning: Precision is ill-defined and being set to 0.0 due to no predicted samples. Use `zero_division` parameter to control this behavior.
  _warn_prf(average, modifier, f"{metric.capitalize()} is", len(result))

2025-10-08 15:56:27,237:INFO:Calculating mean and std
2025-10-08 15:56:27,238:INFO:Creating metrics dataframe
2025-10-08 15:56:27,239:INFO:Uploading results into container
2025-10-08 15:56:27,240:INFO:Uploading model into container now
2025-10-08 15:56:27,240:INFO:_master_model_container: 6
2025-10-08 15:56:27,240:INFO:_display_container: 2
2025-10-08 15:56:27,240:INFO:RidgeClassifier(alpha=1.0, class_weight=None, copy_X=True, fit_intercept=True,
                max_iter=None, positive=False, random_state=123, solver='auto',
                tol=0.0001)
2025-10-08 15:56:27,240:INFO:create_model() successfully completed......................................
2025-10-08 15:56:27,440:INFO:SubProcess create_model() end ==================================
2025-10-08 15:56:27,441:INFO:Creating metrics dataframe
2025-10-08 15:56:27,446:INFO:Initializing Random Forest Classifier
2025-10-08 15:56:27,447:INFO:Total runtime is 0.13204145828882854 minutes
2025-10-08 15:56:27,449:INFO:SubProcess create_model() called ==================================
2025-10-08 15:56:27,449:INFO:Initializing create_model()
2025-10-08 15:56:27,449:INFO:create_model(self=<pycaret.classification.oop.ClassificationExperiment object at 0x7f4ae1b064d0>, estimator=rf, fold=StratifiedKFold(n_splits=3, random_state=None, shuffle=False), round=4, cross_validation=True, predict=True, fit_kwargs={}, groups=None, refit=False, probability_threshold=None, experiment_custom_tags=None, verbose=False, system=False, add_to_model_list=True, metrics=None, display=<pycaret.internal.display.display.CommonDisplay object at 0x7f4af43c0b80>, model_only=True, return_train_score=False, error_score=0.0, kwargs={})
2025-10-08 15:56:27,449:INFO:Checking exceptions
2025-10-08 15:56:27,449:INFO:Importing libraries
2025-10-08 15:56:27,449:INFO:Copying training dataset
2025-10-08 15:56:27,465:INFO:Defining folds
2025-10-08 15:56:27,465:INFO:Declaring metric variables
2025-10-08 15:56:27,468:INFO:Importing untrained model
2025-10-08 15:56:27,471:INFO:Random Forest Classifier Imported successfully
2025-10-08 15:56:27,475:INFO:Starting cross validation
2025-10-08 15:56:27,476:INFO:Cross validating with StratifiedKFold(n_splits=3, random_state=None, shuffle=False), n_jobs=-1
2025-10-08 15:56:28,071:INFO:Calculating mean and std
2025-10-08 15:56:28,072:INFO:Creating metrics dataframe
2025-10-08 15:56:28,074:INFO:Uploading results into container
2025-10-08 15:56:28,074:INFO:Uploading model into container now
2025-10-08 15:56:28,075:INFO:_master_model_container: 7
2025-10-08 15:56:28,075:INFO:_display_container: 2
2025-10-08 15:56:28,075:INFO:RandomForestClassifier(bootstrap=True, ccp_alpha=0.0, class_weight=None,
                       criterion='gini', max_depth=None, max_features='sqrt',
                       max_leaf_nodes=None, max_samples=None,
                       min_impurity_decrease=0.0, min_samples_leaf=1,
                       min_samples_split=2, min_weight_fraction_leaf=0.0,
                       monotonic_cst=None, n_estimators=100, n_jobs=-1,
                       oob_score=False, random_state=123, verbose=0,
                       warm_start=False)
2025-10-08 15:56:28,075:INFO:create_model() successfully completed......................................
2025-10-08 15:56:28,275:INFO:SubProcess create_model() end ==================================
2025-10-08 15:56:28,275:INFO:Creating metrics dataframe
2025-10-08 15:56:28,280:INFO:Initializing Quadratic Discriminant Analysis
2025-10-08 15:56:28,280:INFO:Total runtime is 0.14593767325083415 minutes
2025-10-08 15:56:28,283:INFO:SubProcess create_model() called ==================================
2025-10-08 15:56:28,283:INFO:Initializing create_model()
2025-10-08 15:56:28,283:INFO:create_model(self=<pycaret.classification.oop.ClassificationExperiment object at 0x7f4ae1b064d0>, estimator=qda, fold=StratifiedKFold(n_splits=3, random_state=None, shuffle=False), round=4, cross_validation=True, predict=True, fit_kwargs={}, groups=None, refit=False, probability_threshold=None, experiment_custom_tags=None, verbose=False, system=False, add_to_model_list=True, metrics=None, display=<pycaret.internal.display.display.CommonDisplay object at 0x7f4af43c0b80>, model_only=True, return_train_score=False, error_score=0.0, kwargs={})
2025-10-08 15:56:28,283:INFO:Checking exceptions
2025-10-08 15:56:28,283:INFO:Importing libraries
2025-10-08 15:56:28,283:INFO:Copying training dataset
2025-10-08 15:56:28,299:INFO:Defining folds
2025-10-08 15:56:28,299:INFO:Declaring metric variables
2025-10-08 15:56:28,302:INFO:Importing untrained model
2025-10-08 15:56:28,305:INFO:Quadratic Discriminant Analysis Imported successfully
2025-10-08 15:56:28,310:INFO:Starting cross validation
2025-10-08 15:56:28,311:INFO:Cross validating with StratifiedKFold(n_splits=3, random_state=None, shuffle=False), n_jobs=-1
2025-10-08 15:56:28,408:WARNING:/home/leon/.conda/envs/ml_general/lib/python3.10/site-packages/sklearn/discriminant_analysis.py:935: UserWarning: Variables are collinear
  warnings.warn("Variables are collinear")

2025-10-08 15:56:28,408:WARNING:/home/leon/.conda/envs/ml_general/lib/python3.10/site-packages/sklearn/discriminant_analysis.py:935: UserWarning: Variables are collinear
  warnings.warn("Variables are collinear")

2025-10-08 15:56:28,414:WARNING:/home/leon/.conda/envs/ml_general/lib/python3.10/site-packages/sklearn/discriminant_analysis.py:935: UserWarning: Variables are collinear
  warnings.warn("Variables are collinear")

2025-10-08 15:56:28,471:INFO:Calculating mean and std
2025-10-08 15:56:28,472:INFO:Creating metrics dataframe
2025-10-08 15:56:28,473:INFO:Uploading results into container
2025-10-08 15:56:28,474:INFO:Uploading model into container now
2025-10-08 15:56:28,474:INFO:_master_model_container: 8
2025-10-08 15:56:28,474:INFO:_display_container: 2
2025-10-08 15:56:28,474:INFO:QuadraticDiscriminantAnalysis(priors=None, reg_param=0.0,
                              store_covariance=False, tol=0.0001)
2025-10-08 15:56:28,474:INFO:create_model() successfully completed......................................
2025-10-08 15:56:28,673:INFO:SubProcess create_model() end ==================================
2025-10-08 15:56:28,673:INFO:Creating metrics dataframe
2025-10-08 15:56:28,678:INFO:Initializing Ada Boost Classifier
2025-10-08 15:56:28,679:INFO:Total runtime is 0.15257492860158284 minutes
2025-10-08 15:56:28,681:INFO:SubProcess create_model() called ==================================
2025-10-08 15:56:28,681:INFO:Initializing create_model()
2025-10-08 15:56:28,682:INFO:create_model(self=<pycaret.classification.oop.ClassificationExperiment object at 0x7f4ae1b064d0>, estimator=ada, fold=StratifiedKFold(n_splits=3, random_state=None, shuffle=False), round=4, cross_validation=True, predict=True, fit_kwargs={}, groups=None, refit=False, probability_threshold=None, experiment_custom_tags=None, verbose=False, system=False, add_to_model_list=True, metrics=None, display=<pycaret.internal.display.display.CommonDisplay object at 0x7f4af43c0b80>, model_only=True, return_train_score=False, error_score=0.0, kwargs={})
2025-10-08 15:56:28,682:INFO:Checking exceptions
2025-10-08 15:56:28,682:INFO:Importing libraries
2025-10-08 15:56:28,682:INFO:Copying training dataset
2025-10-08 15:56:28,701:INFO:Defining folds
2025-10-08 15:56:28,701:INFO:Declaring metric variables
2025-10-08 15:56:28,704:INFO:Importing untrained model
2025-10-08 15:56:28,707:INFO:Ada Boost Classifier Imported successfully
2025-10-08 15:56:28,712:INFO:Starting cross validation
2025-10-08 15:56:28,714:INFO:Cross validating with StratifiedKFold(n_splits=3, random_state=None, shuffle=False), n_jobs=-1
2025-10-08 15:56:28,779:WARNING:/home/leon/.conda/envs/ml_general/lib/python3.10/site-packages/sklearn/ensemble/_weight_boosting.py:519: FutureWarning: The SAMME.R algorithm (the default) is deprecated and will be removed in 1.6. Use the SAMME algorithm to circumvent this warning.
  warnings.warn(

2025-10-08 15:56:28,779:WARNING:/home/leon/.conda/envs/ml_general/lib/python3.10/site-packages/sklearn/ensemble/_weight_boosting.py:519: FutureWarning: The SAMME.R algorithm (the default) is deprecated and will be removed in 1.6. Use the SAMME algorithm to circumvent this warning.
  warnings.warn(

2025-10-08 15:56:28,783:WARNING:/home/leon/.conda/envs/ml_general/lib/python3.10/site-packages/sklearn/ensemble/_weight_boosting.py:519: FutureWarning: The SAMME.R algorithm (the default) is deprecated and will be removed in 1.6. Use the SAMME algorithm to circumvent this warning.
  warnings.warn(

2025-10-08 15:56:29,628:INFO:Calculating mean and std
2025-10-08 15:56:29,629:INFO:Creating metrics dataframe
2025-10-08 15:56:29,631:INFO:Uploading results into container
2025-10-08 15:56:29,631:INFO:Uploading model into container now
2025-10-08 15:56:29,631:INFO:_master_model_container: 9
2025-10-08 15:56:29,631:INFO:_display_container: 2
2025-10-08 15:56:29,632:INFO:AdaBoostClassifier(algorithm='SAMME.R', estimator=None, learning_rate=1.0,
                   n_estimators=50, random_state=123)
2025-10-08 15:56:29,632:INFO:create_model() successfully completed......................................
2025-10-08 15:56:29,828:INFO:SubProcess create_model() end ==================================
2025-10-08 15:56:29,828:INFO:Creating metrics dataframe
2025-10-08 15:56:29,833:INFO:Initializing Gradient Boosting Classifier
2025-10-08 15:56:29,833:INFO:Total runtime is 0.17182095050811766 minutes
2025-10-08 15:56:29,835:INFO:SubProcess create_model() called ==================================
2025-10-08 15:56:29,836:INFO:Initializing create_model()
2025-10-08 15:56:29,836:INFO:create_model(self=<pycaret.classification.oop.ClassificationExperiment object at 0x7f4ae1b064d0>, estimator=gbc, fold=StratifiedKFold(n_splits=3, random_state=None, shuffle=False), round=4, cross_validation=True, predict=True, fit_kwargs={}, groups=None, refit=False, probability_threshold=None, experiment_custom_tags=None, verbose=False, system=False, add_to_model_list=True, metrics=None, display=<pycaret.internal.display.display.CommonDisplay object at 0x7f4af43c0b80>, model_only=True, return_train_score=False, error_score=0.0, kwargs={})
2025-10-08 15:56:29,836:INFO:Checking exceptions
2025-10-08 15:56:29,836:INFO:Importing libraries
2025-10-08 15:56:29,836:INFO:Copying training dataset
2025-10-08 15:56:29,855:INFO:Defining folds
2025-10-08 15:56:29,855:INFO:Declaring metric variables
2025-10-08 15:56:29,858:INFO:Importing untrained model
2025-10-08 15:56:29,862:INFO:Gradient Boosting Classifier Imported successfully
2025-10-08 15:56:29,868:INFO:Starting cross validation
2025-10-08 15:56:29,869:INFO:Cross validating with StratifiedKFold(n_splits=3, random_state=None, shuffle=False), n_jobs=-1
2025-10-08 15:56:33,283:INFO:Calculating mean and std
2025-10-08 15:56:33,284:INFO:Creating metrics dataframe
2025-10-08 15:56:33,285:INFO:Uploading results into container
2025-10-08 15:56:33,285:INFO:Uploading model into container now
2025-10-08 15:56:33,286:INFO:_master_model_container: 10
2025-10-08 15:56:33,286:INFO:_display_container: 2
2025-10-08 15:56:33,286:INFO:GradientBoostingClassifier(ccp_alpha=0.0, criterion='friedman_mse', init=None,
                           learning_rate=0.1, loss='log_loss', max_depth=3,
                           max_features=None, max_leaf_nodes=None,
                           min_impurity_decrease=0.0, min_samples_leaf=1,
                           min_samples_split=2, min_weight_fraction_leaf=0.0,
                           n_estimators=100, n_iter_no_change=None,
                           random_state=123, subsample=1.0, tol=0.0001,
                           validation_fraction=0.1, verbose=0,
                           warm_start=False)
2025-10-08 15:56:33,286:INFO:create_model() successfully completed......................................
2025-10-08 15:56:33,480:INFO:SubProcess create_model() end ==================================
2025-10-08 15:56:33,481:INFO:Creating metrics dataframe
2025-10-08 15:56:33,486:INFO:Initializing Linear Discriminant Analysis
2025-10-08 15:56:33,486:INFO:Total runtime is 0.23270503679911295 minutes
2025-10-08 15:56:33,488:INFO:SubProcess create_model() called ==================================
2025-10-08 15:56:33,489:INFO:Initializing create_model()
2025-10-08 15:56:33,489:INFO:create_model(self=<pycaret.classification.oop.ClassificationExperiment object at 0x7f4ae1b064d0>, estimator=lda, fold=StratifiedKFold(n_splits=3, random_state=None, shuffle=False), round=4, cross_validation=True, predict=True, fit_kwargs={}, groups=None, refit=False, probability_threshold=None, experiment_custom_tags=None, verbose=False, system=False, add_to_model_list=True, metrics=None, display=<pycaret.internal.display.display.CommonDisplay object at 0x7f4af43c0b80>, model_only=True, return_train_score=False, error_score=0.0, kwargs={})
2025-10-08 15:56:33,489:INFO:Checking exceptions
2025-10-08 15:56:33,489:INFO:Importing libraries
2025-10-08 15:56:33,489:INFO:Copying training dataset
2025-10-08 15:56:33,505:INFO:Defining folds
2025-10-08 15:56:33,505:INFO:Declaring metric variables
2025-10-08 15:56:33,507:INFO:Importing untrained model
2025-10-08 15:56:33,512:INFO:Linear Discriminant Analysis Imported successfully
2025-10-08 15:56:33,518:INFO:Starting cross validation
2025-10-08 15:56:33,519:INFO:Cross validating with StratifiedKFold(n_splits=3, random_state=None, shuffle=False), n_jobs=-1
2025-10-08 15:56:33,687:WARNING:/home/leon/.conda/envs/ml_general/lib/python3.10/site-packages/sklearn/metrics/_classification.py:1509: UndefinedMetricWarning: Precision is ill-defined and being set to 0.0 due to no predicted samples. Use `zero_division` parameter to control this behavior.
  _warn_prf(average, modifier, f"{metric.capitalize()} is", len(result))

2025-10-08 15:56:33,692:INFO:Calculating mean and std
2025-10-08 15:56:33,693:INFO:Creating metrics dataframe
2025-10-08 15:56:33,695:INFO:Uploading results into container
2025-10-08 15:56:33,695:INFO:Uploading model into container now
2025-10-08 15:56:33,695:INFO:_master_model_container: 11
2025-10-08 15:56:33,695:INFO:_display_container: 2
2025-10-08 15:56:33,695:INFO:LinearDiscriminantAnalysis(covariance_estimator=None, n_components=None,
                           priors=None, shrinkage=None, solver='svd',
                           store_covariance=False, tol=0.0001)
2025-10-08 15:56:33,696:INFO:create_model() successfully completed......................................
2025-10-08 15:56:33,883:INFO:SubProcess create_model() end ==================================
2025-10-08 15:56:33,883:INFO:Creating metrics dataframe
2025-10-08 15:56:33,889:INFO:Initializing Extra Trees Classifier
2025-10-08 15:56:33,889:INFO:Total runtime is 0.23941828807195026 minutes
2025-10-08 15:56:33,891:INFO:SubProcess create_model() called ==================================
2025-10-08 15:56:33,892:INFO:Initializing create_model()
2025-10-08 15:56:33,892:INFO:create_model(self=<pycaret.classification.oop.ClassificationExperiment object at 0x7f4ae1b064d0>, estimator=et, fold=StratifiedKFold(n_splits=3, random_state=None, shuffle=False), round=4, cross_validation=True, predict=True, fit_kwargs={}, groups=None, refit=False, probability_threshold=None, experiment_custom_tags=None, verbose=False, system=False, add_to_model_list=True, metrics=None, display=<pycaret.internal.display.display.CommonDisplay object at 0x7f4af43c0b80>, model_only=True, return_train_score=False, error_score=0.0, kwargs={})
2025-10-08 15:56:33,892:INFO:Checking exceptions
2025-10-08 15:56:33,892:INFO:Importing libraries
2025-10-08 15:56:33,892:INFO:Copying training dataset
2025-10-08 15:56:33,908:INFO:Defining folds
2025-10-08 15:56:33,908:INFO:Declaring metric variables
2025-10-08 15:56:33,911:INFO:Importing untrained model
2025-10-08 15:56:33,914:INFO:Extra Trees Classifier Imported successfully
2025-10-08 15:56:33,918:INFO:Starting cross validation
2025-10-08 15:56:33,920:INFO:Cross validating with StratifiedKFold(n_splits=3, random_state=None, shuffle=False), n_jobs=-1
2025-10-08 15:56:34,284:INFO:Calculating mean and std
2025-10-08 15:56:34,284:INFO:Creating metrics dataframe
2025-10-08 15:56:34,286:INFO:Uploading results into container
2025-10-08 15:56:34,286:INFO:Uploading model into container now
2025-10-08 15:56:34,286:INFO:_master_model_container: 12
2025-10-08 15:56:34,286:INFO:_display_container: 2
2025-10-08 15:56:34,287:INFO:ExtraTreesClassifier(bootstrap=False, ccp_alpha=0.0, class_weight=None,
                     criterion='gini', max_depth=None, max_features='sqrt',
                     max_leaf_nodes=None, max_samples=None,
                     min_impurity_decrease=0.0, min_samples_leaf=1,
                     min_samples_split=2, min_weight_fraction_leaf=0.0,
                     monotonic_cst=None, n_estimators=100, n_jobs=-1,
                     oob_score=False, random_state=123, verbose=0,
                     warm_start=False)
2025-10-08 15:56:34,287:INFO:create_model() successfully completed......................................
2025-10-08 15:56:34,479:INFO:SubProcess create_model() end ==================================
2025-10-08 15:56:34,479:INFO:Creating metrics dataframe
2025-10-08 15:56:34,486:INFO:Initializing Extreme Gradient Boosting
2025-10-08 15:56:34,486:INFO:Total runtime is 0.24935916662216184 minutes
2025-10-08 15:56:34,488:INFO:SubProcess create_model() called ==================================
2025-10-08 15:56:34,488:INFO:Initializing create_model()
2025-10-08 15:56:34,488:INFO:create_model(self=<pycaret.classification.oop.ClassificationExperiment object at 0x7f4ae1b064d0>, estimator=xgboost, fold=StratifiedKFold(n_splits=3, random_state=None, shuffle=False), round=4, cross_validation=True, predict=True, fit_kwargs={}, groups=None, refit=False, probability_threshold=None, experiment_custom_tags=None, verbose=False, system=False, add_to_model_list=True, metrics=None, display=<pycaret.internal.display.display.CommonDisplay object at 0x7f4af43c0b80>, model_only=True, return_train_score=False, error_score=0.0, kwargs={})
2025-10-08 15:56:34,488:INFO:Checking exceptions
2025-10-08 15:56:34,488:INFO:Importing libraries
2025-10-08 15:56:34,488:INFO:Copying training dataset
2025-10-08 15:56:34,509:INFO:Defining folds
2025-10-08 15:56:34,509:INFO:Declaring metric variables
2025-10-08 15:56:34,512:INFO:Importing untrained model
2025-10-08 15:56:34,516:INFO:Extreme Gradient Boosting Imported successfully
2025-10-08 15:56:34,523:INFO:Starting cross validation
2025-10-08 15:56:34,524:INFO:Cross validating with StratifiedKFold(n_splits=3, random_state=None, shuffle=False), n_jobs=-1
2025-10-08 15:56:50,689:INFO:Initializing compare_models()
2025-10-08 15:56:50,690:INFO:compare_models(self=<pycaret.classification.oop.ClassificationExperiment object at 0x7f4ae1b064d0>, include=None, fold=None, round=4, cross_validation=True, sort=F1, n_select=1, budget_time=None, turbo=True, errors=ignore, fit_kwargs=None, groups=None, experiment_custom_tags=None, probability_threshold=None, verbose=True, parallel=None, caller_params={'self': <pycaret.classification.oop.ClassificationExperiment object at 0x7f4ae1b064d0>, 'include': None, 'exclude': None, 'fold': None, 'round': 4, 'cross_validation': True, 'sort': 'F1', 'n_select': 1, 'budget_time': None, 'turbo': True, 'errors': 'ignore', 'fit_kwargs': None, 'groups': None, 'experiment_custom_tags': None, 'probability_threshold': None, 'engine': None, 'verbose': True, 'parallel': None, '__class__': <class 'pycaret.classification.oop.ClassificationExperiment'>}, exclude=None)
2025-10-08 15:56:50,690:INFO:Checking exceptions
2025-10-08 15:56:50,696:INFO:Preparing display monitor
2025-10-08 15:56:50,712:INFO:Initializing Logistic Regression
2025-10-08 15:56:50,712:INFO:Total runtime is 3.850460052490234e-06 minutes
2025-10-08 15:56:50,714:INFO:SubProcess create_model() called ==================================
2025-10-08 15:56:50,715:INFO:Initializing create_model()
2025-10-08 15:56:50,715:INFO:create_model(self=<pycaret.classification.oop.ClassificationExperiment object at 0x7f4ae1b064d0>, estimator=lr, fold=StratifiedKFold(n_splits=3, random_state=None, shuffle=False), round=4, cross_validation=True, predict=True, fit_kwargs={}, groups=None, refit=False, probability_threshold=None, experiment_custom_tags=None, verbose=False, system=False, add_to_model_list=True, metrics=None, display=<pycaret.internal.display.display.CommonDisplay object at 0x7f4b992fc4f0>, model_only=True, return_train_score=False, error_score=0.0, kwargs={})
2025-10-08 15:56:50,715:INFO:Checking exceptions
2025-10-08 15:56:50,715:INFO:Importing libraries
2025-10-08 15:56:50,715:INFO:Copying training dataset
2025-10-08 15:56:50,731:INFO:Defining folds
2025-10-08 15:56:50,731:INFO:Declaring metric variables
2025-10-08 15:56:50,733:INFO:Importing untrained model
2025-10-08 15:56:50,736:INFO:Logistic Regression Imported successfully
2025-10-08 15:56:50,741:INFO:Starting cross validation
2025-10-08 15:56:50,743:INFO:Cross validating with StratifiedKFold(n_splits=3, random_state=None, shuffle=False), n_jobs=-1
2025-10-08 15:56:52,858:WARNING:/home/leon/.conda/envs/ml_general/lib/python3.10/site-packages/sklearn/linear_model/_logistic.py:469: ConvergenceWarning: lbfgs failed to converge (status=1):
STOP: TOTAL NO. of ITERATIONS REACHED LIMIT.

Increase the number of iterations (max_iter) or scale the data as shown in:
    https://scikit-learn.org/stable/modules/preprocessing.html
Please also refer to the documentation for alternative solver options:
    https://scikit-learn.org/stable/modules/linear_model.html#logistic-regression
  n_iter_i = _check_optimize_result(

2025-10-08 15:56:52,895:WARNING:/home/leon/.conda/envs/ml_general/lib/python3.10/site-packages/sklearn/linear_model/_logistic.py:469: ConvergenceWarning: lbfgs failed to converge (status=1):
STOP: TOTAL NO. of ITERATIONS REACHED LIMIT.

Increase the number of iterations (max_iter) or scale the data as shown in:
    https://scikit-learn.org/stable/modules/preprocessing.html
Please also refer to the documentation for alternative solver options:
    https://scikit-learn.org/stable/modules/linear_model.html#logistic-regression
  n_iter_i = _check_optimize_result(

2025-10-08 15:56:52,929:WARNING:/home/leon/.conda/envs/ml_general/lib/python3.10/site-packages/sklearn/metrics/_classification.py:1509: UndefinedMetricWarning: Precision is ill-defined and being set to 0.0 due to no predicted samples. Use `zero_division` parameter to control this behavior.
  _warn_prf(average, modifier, f"{metric.capitalize()} is", len(result))

2025-10-08 15:56:52,934:WARNING:/home/leon/.conda/envs/ml_general/lib/python3.10/site-packages/sklearn/linear_model/_logistic.py:469: ConvergenceWarning: lbfgs failed to converge (status=1):
STOP: TOTAL NO. of ITERATIONS REACHED LIMIT.

Increase the number of iterations (max_iter) or scale the data as shown in:
    https://scikit-learn.org/stable/modules/preprocessing.html
Please also refer to the documentation for alternative solver options:
    https://scikit-learn.org/stable/modules/linear_model.html#logistic-regression
  n_iter_i = _check_optimize_result(

2025-10-08 15:56:52,968:WARNING:/home/leon/.conda/envs/ml_general/lib/python3.10/site-packages/sklearn/metrics/_classification.py:1509: UndefinedMetricWarning: Precision is ill-defined and being set to 0.0 due to no predicted samples. Use `zero_division` parameter to control this behavior.
  _warn_prf(average, modifier, f"{metric.capitalize()} is", len(result))

2025-10-08 15:56:52,974:INFO:Calculating mean and std
2025-10-08 15:56:52,976:INFO:Creating metrics dataframe
2025-10-08 15:56:52,980:INFO:Uploading results into container
2025-10-08 15:56:52,981:INFO:Uploading model into container now
2025-10-08 15:56:52,981:INFO:_master_model_container: 13
2025-10-08 15:56:52,981:INFO:_display_container: 2
2025-10-08 15:56:52,982:INFO:LogisticRegression(C=1.0, class_weight=None, dual=False, fit_intercept=True,
                   intercept_scaling=1, l1_ratio=None, max_iter=1000,
                   multi_class='auto', n_jobs=None, penalty='l2',
                   random_state=123, solver='lbfgs', tol=0.0001, verbose=0,
                   warm_start=False)
2025-10-08 15:56:52,982:INFO:create_model() successfully completed......................................
2025-10-08 15:56:53,223:INFO:SubProcess create_model() end ==================================
2025-10-08 15:56:53,224:INFO:Creating metrics dataframe
2025-10-08 15:56:53,228:INFO:Initializing K Neighbors Classifier
2025-10-08 15:56:53,228:INFO:Total runtime is 0.04193997383117676 minutes
2025-10-08 15:56:53,231:INFO:SubProcess create_model() called ==================================
2025-10-08 15:56:53,231:INFO:Initializing create_model()
2025-10-08 15:56:53,231:INFO:create_model(self=<pycaret.classification.oop.ClassificationExperiment object at 0x7f4ae1b064d0>, estimator=knn, fold=StratifiedKFold(n_splits=3, random_state=None, shuffle=False), round=4, cross_validation=True, predict=True, fit_kwargs={}, groups=None, refit=False, probability_threshold=None, experiment_custom_tags=None, verbose=False, system=False, add_to_model_list=True, metrics=None, display=<pycaret.internal.display.display.CommonDisplay object at 0x7f4b992fc4f0>, model_only=True, return_train_score=False, error_score=0.0, kwargs={})
2025-10-08 15:56:53,231:INFO:Checking exceptions
2025-10-08 15:56:53,231:INFO:Importing libraries
2025-10-08 15:56:53,231:INFO:Copying training dataset
2025-10-08 15:56:53,248:INFO:Defining folds
2025-10-08 15:56:53,248:INFO:Declaring metric variables
2025-10-08 15:56:53,251:INFO:Importing untrained model
2025-10-08 15:56:53,254:INFO:K Neighbors Classifier Imported successfully
2025-10-08 15:56:53,260:INFO:Starting cross validation
2025-10-08 15:56:53,261:INFO:Cross validating with StratifiedKFold(n_splits=3, random_state=None, shuffle=False), n_jobs=-1
2025-10-08 15:56:54,737:INFO:Calculating mean and std
2025-10-08 15:56:54,739:INFO:Creating metrics dataframe
2025-10-08 15:56:54,741:INFO:Uploading results into container
2025-10-08 15:56:54,741:INFO:Uploading model into container now
2025-10-08 15:56:54,742:INFO:_master_model_container: 14
2025-10-08 15:56:54,742:INFO:_display_container: 2
2025-10-08 15:56:54,742:INFO:KNeighborsClassifier(algorithm='auto', leaf_size=30, metric='minkowski',
                     metric_params=None, n_jobs=-1, n_neighbors=5, p=2,
                     weights='uniform')
2025-10-08 15:56:54,742:INFO:create_model() successfully completed......................................
2025-10-08 15:56:54,979:INFO:SubProcess create_model() end ==================================
2025-10-08 15:56:54,979:INFO:Creating metrics dataframe
2025-10-08 15:56:54,983:INFO:Initializing Naive Bayes
2025-10-08 15:56:54,984:INFO:Total runtime is 0.07119715611139933 minutes
2025-10-08 15:56:54,986:INFO:SubProcess create_model() called ==================================
2025-10-08 15:56:54,986:INFO:Initializing create_model()
2025-10-08 15:56:54,986:INFO:create_model(self=<pycaret.classification.oop.ClassificationExperiment object at 0x7f4ae1b064d0>, estimator=nb, fold=StratifiedKFold(n_splits=3, random_state=None, shuffle=False), round=4, cross_validation=True, predict=True, fit_kwargs={}, groups=None, refit=False, probability_threshold=None, experiment_custom_tags=None, verbose=False, system=False, add_to_model_list=True, metrics=None, display=<pycaret.internal.display.display.CommonDisplay object at 0x7f4b992fc4f0>, model_only=True, return_train_score=False, error_score=0.0, kwargs={})
2025-10-08 15:56:54,986:INFO:Checking exceptions
2025-10-08 15:56:54,986:INFO:Importing libraries
2025-10-08 15:56:54,986:INFO:Copying training dataset
2025-10-08 15:56:55,002:INFO:Defining folds
2025-10-08 15:56:55,002:INFO:Declaring metric variables
2025-10-08 15:56:55,005:INFO:Importing untrained model
2025-10-08 15:56:55,007:INFO:Naive Bayes Imported successfully
2025-10-08 15:56:55,012:INFO:Starting cross validation
2025-10-08 15:56:55,013:INFO:Cross validating with StratifiedKFold(n_splits=3, random_state=None, shuffle=False), n_jobs=-1
2025-10-08 15:56:56,065:INFO:Calculating mean and std
2025-10-08 15:56:56,067:INFO:Creating metrics dataframe
2025-10-08 15:56:56,069:INFO:Uploading results into container
2025-10-08 15:56:56,070:INFO:Uploading model into container now
2025-10-08 15:56:56,071:INFO:_master_model_container: 15
2025-10-08 15:56:56,072:INFO:_display_container: 2
2025-10-08 15:56:56,072:INFO:GaussianNB(priors=None, var_smoothing=1e-09)
2025-10-08 15:56:56,072:INFO:create_model() successfully completed......................................
2025-10-08 15:56:56,315:INFO:SubProcess create_model() end ==================================
2025-10-08 15:56:56,315:INFO:Creating metrics dataframe
2025-10-08 15:56:56,320:INFO:Initializing Decision Tree Classifier
2025-10-08 15:56:56,320:INFO:Total runtime is 0.09347056150436402 minutes
2025-10-08 15:56:56,322:INFO:SubProcess create_model() called ==================================
2025-10-08 15:56:56,322:INFO:Initializing create_model()
2025-10-08 15:56:56,322:INFO:create_model(self=<pycaret.classification.oop.ClassificationExperiment object at 0x7f4ae1b064d0>, estimator=dt, fold=StratifiedKFold(n_splits=3, random_state=None, shuffle=False), round=4, cross_validation=True, predict=True, fit_kwargs={}, groups=None, refit=False, probability_threshold=None, experiment_custom_tags=None, verbose=False, system=False, add_to_model_list=True, metrics=None, display=<pycaret.internal.display.display.CommonDisplay object at 0x7f4b992fc4f0>, model_only=True, return_train_score=False, error_score=0.0, kwargs={})
2025-10-08 15:56:56,322:INFO:Checking exceptions
2025-10-08 15:56:56,322:INFO:Importing libraries
2025-10-08 15:56:56,322:INFO:Copying training dataset
2025-10-08 15:56:56,338:INFO:Defining folds
2025-10-08 15:56:56,339:INFO:Declaring metric variables
2025-10-08 15:56:56,341:INFO:Importing untrained model
2025-10-08 15:56:56,344:INFO:Decision Tree Classifier Imported successfully
2025-10-08 15:56:56,348:INFO:Starting cross validation
2025-10-08 15:56:56,350:INFO:Cross validating with StratifiedKFold(n_splits=3, random_state=None, shuffle=False), n_jobs=-1
2025-10-08 15:56:57,558:INFO:Calculating mean and std
2025-10-08 15:56:57,559:INFO:Creating metrics dataframe
2025-10-08 15:56:57,561:INFO:Uploading results into container
2025-10-08 15:56:57,562:INFO:Uploading model into container now
2025-10-08 15:56:57,562:INFO:_master_model_container: 16
2025-10-08 15:56:57,562:INFO:_display_container: 2
2025-10-08 15:56:57,563:INFO:DecisionTreeClassifier(ccp_alpha=0.0, class_weight=None, criterion='gini',
                       max_depth=None, max_features=None, max_leaf_nodes=None,
                       min_impurity_decrease=0.0, min_samples_leaf=1,
                       min_samples_split=2, min_weight_fraction_leaf=0.0,
                       monotonic_cst=None, random_state=123, splitter='best')
2025-10-08 15:56:57,563:INFO:create_model() successfully completed......................................
2025-10-08 15:56:57,791:INFO:SubProcess create_model() end ==================================
2025-10-08 15:56:57,791:INFO:Creating metrics dataframe
2025-10-08 15:56:57,796:INFO:Initializing SVM - Linear Kernel
2025-10-08 15:56:57,796:INFO:Total runtime is 0.11807346741358439 minutes
2025-10-08 15:56:57,798:INFO:SubProcess create_model() called ==================================
2025-10-08 15:56:57,798:INFO:Initializing create_model()
2025-10-08 15:56:57,799:INFO:create_model(self=<pycaret.classification.oop.ClassificationExperiment object at 0x7f4ae1b064d0>, estimator=svm, fold=StratifiedKFold(n_splits=3, random_state=None, shuffle=False), round=4, cross_validation=True, predict=True, fit_kwargs={}, groups=None, refit=False, probability_threshold=None, experiment_custom_tags=None, verbose=False, system=False, add_to_model_list=True, metrics=None, display=<pycaret.internal.display.display.CommonDisplay object at 0x7f4b992fc4f0>, model_only=True, return_train_score=False, error_score=0.0, kwargs={})
2025-10-08 15:56:57,799:INFO:Checking exceptions
2025-10-08 15:56:57,799:INFO:Importing libraries
2025-10-08 15:56:57,799:INFO:Copying training dataset
2025-10-08 15:56:57,814:INFO:Defining folds
2025-10-08 15:56:57,814:INFO:Declaring metric variables
2025-10-08 15:56:57,817:INFO:Importing untrained model
2025-10-08 15:56:57,819:INFO:SVM - Linear Kernel Imported successfully
2025-10-08 15:56:57,824:INFO:Starting cross validation
2025-10-08 15:56:57,825:INFO:Cross validating with StratifiedKFold(n_splits=3, random_state=None, shuffle=False), n_jobs=-1
2025-10-08 15:56:58,045:WARNING:/home/leon/.conda/envs/ml_general/lib/python3.10/site-packages/sklearn/metrics/_classification.py:1509: UndefinedMetricWarning: Precision is ill-defined and being set to 0.0 due to no predicted samples. Use `zero_division` parameter to control this behavior.
  _warn_prf(average, modifier, f"{metric.capitalize()} is", len(result))

2025-10-08 15:56:58,053:WARNING:/home/leon/.conda/envs/ml_general/lib/python3.10/site-packages/sklearn/metrics/_classification.py:1509: UndefinedMetricWarning: Precision is ill-defined and being set to 0.0 due to no predicted samples. Use `zero_division` parameter to control this behavior.
  _warn_prf(average, modifier, f"{metric.capitalize()} is", len(result))

2025-10-08 15:56:58,084:INFO:Calculating mean and std
2025-10-08 15:56:58,085:INFO:Creating metrics dataframe
2025-10-08 15:56:58,086:INFO:Uploading results into container
2025-10-08 15:56:58,087:INFO:Uploading model into container now
2025-10-08 15:56:58,087:INFO:_master_model_container: 17
2025-10-08 15:56:58,087:INFO:_display_container: 2
2025-10-08 15:56:58,087:INFO:SGDClassifier(alpha=0.0001, average=False, class_weight=None,
              early_stopping=False, epsilon=0.1, eta0=0.001, fit_intercept=True,
              l1_ratio=0.15, learning_rate='optimal', loss='hinge',
              max_iter=1000, n_iter_no_change=5, n_jobs=-1, penalty='l2',
              power_t=0.5, random_state=123, shuffle=True, tol=0.001,
              validation_fraction=0.1, verbose=0, warm_start=False)
2025-10-08 15:56:58,087:INFO:create_model() successfully completed......................................
2025-10-08 15:56:58,303:INFO:SubProcess create_model() end ==================================
2025-10-08 15:56:58,303:INFO:Creating metrics dataframe
2025-10-08 15:56:58,309:INFO:Initializing Ridge Classifier
2025-10-08 15:56:58,309:INFO:Total runtime is 0.12662609418233237 minutes
2025-10-08 15:56:58,312:INFO:SubProcess create_model() called ==================================
2025-10-08 15:56:58,312:INFO:Initializing create_model()
2025-10-08 15:56:58,312:INFO:create_model(self=<pycaret.classification.oop.ClassificationExperiment object at 0x7f4ae1b064d0>, estimator=ridge, fold=StratifiedKFold(n_splits=3, random_state=None, shuffle=False), round=4, cross_validation=True, predict=True, fit_kwargs={}, groups=None, refit=False, probability_threshold=None, experiment_custom_tags=None, verbose=False, system=False, add_to_model_list=True, metrics=None, display=<pycaret.internal.display.display.CommonDisplay object at 0x7f4b992fc4f0>, model_only=True, return_train_score=False, error_score=0.0, kwargs={})
2025-10-08 15:56:58,312:INFO:Checking exceptions
2025-10-08 15:56:58,312:INFO:Importing libraries
2025-10-08 15:56:58,312:INFO:Copying training dataset
2025-10-08 15:56:58,328:INFO:Defining folds
2025-10-08 15:56:58,328:INFO:Declaring metric variables
2025-10-08 15:56:58,331:INFO:Importing untrained model
2025-10-08 15:56:58,333:INFO:Ridge Classifier Imported successfully
2025-10-08 15:56:58,339:INFO:Starting cross validation
2025-10-08 15:56:58,341:INFO:Cross validating with StratifiedKFold(n_splits=3, random_state=None, shuffle=False), n_jobs=-1
2025-10-08 15:56:58,449:WARNING:/home/leon/.conda/envs/ml_general/lib/python3.10/site-packages/sklearn/metrics/_classification.py:1509: UndefinedMetricWarning: Precision is ill-defined and being set to 0.0 due to no predicted samples. Use `zero_division` parameter to control this behavior.
  _warn_prf(average, modifier, f"{metric.capitalize()} is", len(result))

2025-10-08 15:56:58,450:WARNING:/home/leon/.conda/envs/ml_general/lib/python3.10/site-packages/sklearn/metrics/_classification.py:1509: UndefinedMetricWarning: Precision is ill-defined and being set to 0.0 due to no predicted samples. Use `zero_division` parameter to control this behavior.
  _warn_prf(average, modifier, f"{metric.capitalize()} is", len(result))

2025-10-08 15:56:58,451:WARNING:/home/leon/.conda/envs/ml_general/lib/python3.10/site-packages/sklearn/metrics/_classification.py:1509: UndefinedMetricWarning: Precision is ill-defined and being set to 0.0 due to no predicted samples. Use `zero_division` parameter to control this behavior.
  _warn_prf(average, modifier, f"{metric.capitalize()} is", len(result))

2025-10-08 15:56:58,457:INFO:Calculating mean and std
2025-10-08 15:56:58,458:INFO:Creating metrics dataframe
2025-10-08 15:56:58,459:INFO:Uploading results into container
2025-10-08 15:56:58,459:INFO:Uploading model into container now
2025-10-08 15:56:58,460:INFO:_master_model_container: 18
2025-10-08 15:56:58,460:INFO:_display_container: 2
2025-10-08 15:56:58,460:INFO:RidgeClassifier(alpha=1.0, class_weight=None, copy_X=True, fit_intercept=True,
                max_iter=None, positive=False, random_state=123, solver='auto',
                tol=0.0001)
2025-10-08 15:56:58,460:INFO:create_model() successfully completed......................................
2025-10-08 15:56:58,676:INFO:SubProcess create_model() end ==================================
2025-10-08 15:56:58,676:INFO:Creating metrics dataframe
2025-10-08 15:56:58,683:INFO:Initializing Random Forest Classifier
2025-10-08 15:56:58,683:INFO:Total runtime is 0.1328503211339315 minutes
2025-10-08 15:56:58,685:INFO:SubProcess create_model() called ==================================
2025-10-08 15:56:58,686:INFO:Initializing create_model()
2025-10-08 15:56:58,686:INFO:create_model(self=<pycaret.classification.oop.ClassificationExperiment object at 0x7f4ae1b064d0>, estimator=rf, fold=StratifiedKFold(n_splits=3, random_state=None, shuffle=False), round=4, cross_validation=True, predict=True, fit_kwargs={}, groups=None, refit=False, probability_threshold=None, experiment_custom_tags=None, verbose=False, system=False, add_to_model_list=True, metrics=None, display=<pycaret.internal.display.display.CommonDisplay object at 0x7f4b992fc4f0>, model_only=True, return_train_score=False, error_score=0.0, kwargs={})
2025-10-08 15:56:58,686:INFO:Checking exceptions
2025-10-08 15:56:58,686:INFO:Importing libraries
2025-10-08 15:56:58,686:INFO:Copying training dataset
2025-10-08 15:56:58,706:INFO:Defining folds
2025-10-08 15:56:58,706:INFO:Declaring metric variables
2025-10-08 15:56:58,710:INFO:Importing untrained model
2025-10-08 15:56:58,716:INFO:Random Forest Classifier Imported successfully
2025-10-08 15:56:58,724:INFO:Starting cross validation
2025-10-08 15:56:58,725:INFO:Cross validating with StratifiedKFold(n_splits=3, random_state=None, shuffle=False), n_jobs=-1
2025-10-08 15:56:59,335:INFO:Calculating mean and std
2025-10-08 15:56:59,336:INFO:Creating metrics dataframe
2025-10-08 15:56:59,337:INFO:Uploading results into container
2025-10-08 15:56:59,338:INFO:Uploading model into container now
2025-10-08 15:56:59,338:INFO:_master_model_container: 19
2025-10-08 15:56:59,338:INFO:_display_container: 2
2025-10-08 15:56:59,339:INFO:RandomForestClassifier(bootstrap=True, ccp_alpha=0.0, class_weight=None,
                       criterion='gini', max_depth=None, max_features='sqrt',
                       max_leaf_nodes=None, max_samples=None,
                       min_impurity_decrease=0.0, min_samples_leaf=1,
                       min_samples_split=2, min_weight_fraction_leaf=0.0,
                       monotonic_cst=None, n_estimators=100, n_jobs=-1,
                       oob_score=False, random_state=123, verbose=0,
                       warm_start=False)
2025-10-08 15:56:59,339:INFO:create_model() successfully completed......................................
2025-10-08 15:56:59,557:INFO:SubProcess create_model() end ==================================
2025-10-08 15:56:59,557:INFO:Creating metrics dataframe
2025-10-08 15:56:59,563:INFO:Initializing Quadratic Discriminant Analysis
2025-10-08 15:56:59,563:INFO:Total runtime is 0.1475252151489258 minutes
2025-10-08 15:56:59,565:INFO:SubProcess create_model() called ==================================
2025-10-08 15:56:59,566:INFO:Initializing create_model()
2025-10-08 15:56:59,566:INFO:create_model(self=<pycaret.classification.oop.ClassificationExperiment object at 0x7f4ae1b064d0>, estimator=qda, fold=StratifiedKFold(n_splits=3, random_state=None, shuffle=False), round=4, cross_validation=True, predict=True, fit_kwargs={}, groups=None, refit=False, probability_threshold=None, experiment_custom_tags=None, verbose=False, system=False, add_to_model_list=True, metrics=None, display=<pycaret.internal.display.display.CommonDisplay object at 0x7f4b992fc4f0>, model_only=True, return_train_score=False, error_score=0.0, kwargs={})
2025-10-08 15:56:59,566:INFO:Checking exceptions
2025-10-08 15:56:59,566:INFO:Importing libraries
2025-10-08 15:56:59,566:INFO:Copying training dataset
2025-10-08 15:56:59,581:INFO:Defining folds
2025-10-08 15:56:59,581:INFO:Declaring metric variables
2025-10-08 15:56:59,584:INFO:Importing untrained model
2025-10-08 15:56:59,587:INFO:Quadratic Discriminant Analysis Imported successfully
2025-10-08 15:56:59,591:INFO:Starting cross validation
2025-10-08 15:56:59,593:INFO:Cross validating with StratifiedKFold(n_splits=3, random_state=None, shuffle=False), n_jobs=-1
2025-10-08 15:56:59,686:WARNING:/home/leon/.conda/envs/ml_general/lib/python3.10/site-packages/sklearn/discriminant_analysis.py:935: UserWarning: Variables are collinear
  warnings.warn("Variables are collinear")

2025-10-08 15:56:59,686:WARNING:/home/leon/.conda/envs/ml_general/lib/python3.10/site-packages/sklearn/discriminant_analysis.py:935: UserWarning: Variables are collinear
  warnings.warn("Variables are collinear")

2025-10-08 15:56:59,697:WARNING:/home/leon/.conda/envs/ml_general/lib/python3.10/site-packages/sklearn/discriminant_analysis.py:935: UserWarning: Variables are collinear
  warnings.warn("Variables are collinear")

2025-10-08 15:56:59,751:INFO:Calculating mean and std
2025-10-08 15:56:59,752:INFO:Creating metrics dataframe
2025-10-08 15:56:59,754:INFO:Uploading results into container
2025-10-08 15:56:59,754:INFO:Uploading model into container now
2025-10-08 15:56:59,754:INFO:_master_model_container: 20
2025-10-08 15:56:59,755:INFO:_display_container: 2
2025-10-08 15:56:59,755:INFO:QuadraticDiscriminantAnalysis(priors=None, reg_param=0.0,
                              store_covariance=False, tol=0.0001)
2025-10-08 15:56:59,755:INFO:create_model() successfully completed......................................
2025-10-08 15:56:59,973:INFO:SubProcess create_model() end ==================================
2025-10-08 15:56:59,973:INFO:Creating metrics dataframe
2025-10-08 15:56:59,978:INFO:Initializing Ada Boost Classifier
2025-10-08 15:56:59,979:INFO:Total runtime is 0.154448143641154 minutes
2025-10-08 15:56:59,981:INFO:SubProcess create_model() called ==================================
2025-10-08 15:56:59,981:INFO:Initializing create_model()
2025-10-08 15:56:59,981:INFO:create_model(self=<pycaret.classification.oop.ClassificationExperiment object at 0x7f4ae1b064d0>, estimator=ada, fold=StratifiedKFold(n_splits=3, random_state=None, shuffle=False), round=4, cross_validation=True, predict=True, fit_kwargs={}, groups=None, refit=False, probability_threshold=None, experiment_custom_tags=None, verbose=False, system=False, add_to_model_list=True, metrics=None, display=<pycaret.internal.display.display.CommonDisplay object at 0x7f4b992fc4f0>, model_only=True, return_train_score=False, error_score=0.0, kwargs={})
2025-10-08 15:56:59,981:INFO:Checking exceptions
2025-10-08 15:56:59,981:INFO:Importing libraries
2025-10-08 15:56:59,981:INFO:Copying training dataset
2025-10-08 15:56:59,998:INFO:Defining folds
2025-10-08 15:56:59,998:INFO:Declaring metric variables
2025-10-08 15:57:00,000:INFO:Importing untrained model
2025-10-08 15:57:00,003:INFO:Ada Boost Classifier Imported successfully
2025-10-08 15:57:00,008:INFO:Starting cross validation
2025-10-08 15:57:00,009:INFO:Cross validating with StratifiedKFold(n_splits=3, random_state=None, shuffle=False), n_jobs=-1
2025-10-08 15:57:00,073:WARNING:/home/leon/.conda/envs/ml_general/lib/python3.10/site-packages/sklearn/ensemble/_weight_boosting.py:519: FutureWarning: The SAMME.R algorithm (the default) is deprecated and will be removed in 1.6. Use the SAMME algorithm to circumvent this warning.
  warnings.warn(

2025-10-08 15:57:00,077:WARNING:/home/leon/.conda/envs/ml_general/lib/python3.10/site-packages/sklearn/ensemble/_weight_boosting.py:519: FutureWarning: The SAMME.R algorithm (the default) is deprecated and will be removed in 1.6. Use the SAMME algorithm to circumvent this warning.
  warnings.warn(

2025-10-08 15:57:00,077:WARNING:/home/leon/.conda/envs/ml_general/lib/python3.10/site-packages/sklearn/ensemble/_weight_boosting.py:519: FutureWarning: The SAMME.R algorithm (the default) is deprecated and will be removed in 1.6. Use the SAMME algorithm to circumvent this warning.
  warnings.warn(

2025-10-08 15:57:00,898:INFO:Calculating mean and std
2025-10-08 15:57:00,899:INFO:Creating metrics dataframe
2025-10-08 15:57:00,901:INFO:Uploading results into container
2025-10-08 15:57:00,901:INFO:Uploading model into container now
2025-10-08 15:57:00,901:INFO:_master_model_container: 21
2025-10-08 15:57:00,901:INFO:_display_container: 2
2025-10-08 15:57:00,902:INFO:AdaBoostClassifier(algorithm='SAMME.R', estimator=None, learning_rate=1.0,
                   n_estimators=50, random_state=123)
2025-10-08 15:57:00,902:INFO:create_model() successfully completed......................................
2025-10-08 15:57:01,131:INFO:SubProcess create_model() end ==================================
2025-10-08 15:57:01,131:INFO:Creating metrics dataframe
2025-10-08 15:57:01,137:INFO:Initializing Gradient Boosting Classifier
2025-10-08 15:57:01,137:INFO:Total runtime is 0.1737627983093262 minutes
2025-10-08 15:57:01,140:INFO:SubProcess create_model() called ==================================
2025-10-08 15:57:01,140:INFO:Initializing create_model()
2025-10-08 15:57:01,140:INFO:create_model(self=<pycaret.classification.oop.ClassificationExperiment object at 0x7f4ae1b064d0>, estimator=gbc, fold=StratifiedKFold(n_splits=3, random_state=None, shuffle=False), round=4, cross_validation=True, predict=True, fit_kwargs={}, groups=None, refit=False, probability_threshold=None, experiment_custom_tags=None, verbose=False, system=False, add_to_model_list=True, metrics=None, display=<pycaret.internal.display.display.CommonDisplay object at 0x7f4b992fc4f0>, model_only=True, return_train_score=False, error_score=0.0, kwargs={})
2025-10-08 15:57:01,140:INFO:Checking exceptions
2025-10-08 15:57:01,140:INFO:Importing libraries
2025-10-08 15:57:01,140:INFO:Copying training dataset
2025-10-08 15:57:01,156:INFO:Defining folds
2025-10-08 15:57:01,157:INFO:Declaring metric variables
2025-10-08 15:57:01,159:INFO:Importing untrained model
2025-10-08 15:57:01,162:INFO:Gradient Boosting Classifier Imported successfully
2025-10-08 15:57:01,167:INFO:Starting cross validation
2025-10-08 15:57:01,168:INFO:Cross validating with StratifiedKFold(n_splits=3, random_state=None, shuffle=False), n_jobs=-1
2025-10-08 15:57:04,572:INFO:Calculating mean and std
2025-10-08 15:57:04,573:INFO:Creating metrics dataframe
2025-10-08 15:57:04,574:INFO:Uploading results into container
2025-10-08 15:57:04,575:INFO:Uploading model into container now
2025-10-08 15:57:04,575:INFO:_master_model_container: 22
2025-10-08 15:57:04,575:INFO:_display_container: 2
2025-10-08 15:57:04,576:INFO:GradientBoostingClassifier(ccp_alpha=0.0, criterion='friedman_mse', init=None,
                           learning_rate=0.1, loss='log_loss', max_depth=3,
                           max_features=None, max_leaf_nodes=None,
                           min_impurity_decrease=0.0, min_samples_leaf=1,
                           min_samples_split=2, min_weight_fraction_leaf=0.0,
                           n_estimators=100, n_iter_no_change=None,
                           random_state=123, subsample=1.0, tol=0.0001,
                           validation_fraction=0.1, verbose=0,
                           warm_start=False)
2025-10-08 15:57:04,576:INFO:create_model() successfully completed......................................
2025-10-08 15:57:04,780:INFO:SubProcess create_model() end ==================================
2025-10-08 15:57:04,780:INFO:Creating metrics dataframe
2025-10-08 15:57:04,786:INFO:Initializing Linear Discriminant Analysis
2025-10-08 15:57:04,786:INFO:Total runtime is 0.23457622528076175 minutes
2025-10-08 15:57:04,789:INFO:SubProcess create_model() called ==================================
2025-10-08 15:57:04,789:INFO:Initializing create_model()
2025-10-08 15:57:04,789:INFO:create_model(self=<pycaret.classification.oop.ClassificationExperiment object at 0x7f4ae1b064d0>, estimator=lda, fold=StratifiedKFold(n_splits=3, random_state=None, shuffle=False), round=4, cross_validation=True, predict=True, fit_kwargs={}, groups=None, refit=False, probability_threshold=None, experiment_custom_tags=None, verbose=False, system=False, add_to_model_list=True, metrics=None, display=<pycaret.internal.display.display.CommonDisplay object at 0x7f4b992fc4f0>, model_only=True, return_train_score=False, error_score=0.0, kwargs={})
2025-10-08 15:57:04,789:INFO:Checking exceptions
2025-10-08 15:57:04,789:INFO:Importing libraries
2025-10-08 15:57:04,789:INFO:Copying training dataset
2025-10-08 15:57:04,804:INFO:Defining folds
2025-10-08 15:57:04,805:INFO:Declaring metric variables
2025-10-08 15:57:04,807:INFO:Importing untrained model
2025-10-08 15:57:04,810:INFO:Linear Discriminant Analysis Imported successfully
2025-10-08 15:57:04,814:INFO:Starting cross validation
2025-10-08 15:57:04,815:INFO:Cross validating with StratifiedKFold(n_splits=3, random_state=None, shuffle=False), n_jobs=-1
2025-10-08 15:57:04,946:WARNING:/home/leon/.conda/envs/ml_general/lib/python3.10/site-packages/sklearn/metrics/_classification.py:1509: UndefinedMetricWarning: Precision is ill-defined and being set to 0.0 due to no predicted samples. Use `zero_division` parameter to control this behavior.
  _warn_prf(average, modifier, f"{metric.capitalize()} is", len(result))

2025-10-08 15:57:04,955:INFO:Calculating mean and std
2025-10-08 15:57:04,955:INFO:Creating metrics dataframe
2025-10-08 15:57:04,957:INFO:Uploading results into container
2025-10-08 15:57:04,957:INFO:Uploading model into container now
2025-10-08 15:57:04,958:INFO:_master_model_container: 23
2025-10-08 15:57:04,958:INFO:_display_container: 2
2025-10-08 15:57:04,958:INFO:LinearDiscriminantAnalysis(covariance_estimator=None, n_components=None,
                           priors=None, shrinkage=None, solver='svd',
                           store_covariance=False, tol=0.0001)
2025-10-08 15:57:04,958:INFO:create_model() successfully completed......................................
2025-10-08 15:57:05,163:INFO:SubProcess create_model() end ==================================
2025-10-08 15:57:05,163:INFO:Creating metrics dataframe
2025-10-08 15:57:05,169:INFO:Initializing Extra Trees Classifier
2025-10-08 15:57:05,169:INFO:Total runtime is 0.24095798730850224 minutes
2025-10-08 15:57:05,172:INFO:SubProcess create_model() called ==================================
2025-10-08 15:57:05,172:INFO:Initializing create_model()
2025-10-08 15:57:05,172:INFO:create_model(self=<pycaret.classification.oop.ClassificationExperiment object at 0x7f4ae1b064d0>, estimator=et, fold=StratifiedKFold(n_splits=3, random_state=None, shuffle=False), round=4, cross_validation=True, predict=True, fit_kwargs={}, groups=None, refit=False, probability_threshold=None, experiment_custom_tags=None, verbose=False, system=False, add_to_model_list=True, metrics=None, display=<pycaret.internal.display.display.CommonDisplay object at 0x7f4b992fc4f0>, model_only=True, return_train_score=False, error_score=0.0, kwargs={})
2025-10-08 15:57:05,172:INFO:Checking exceptions
2025-10-08 15:57:05,172:INFO:Importing libraries
2025-10-08 15:57:05,172:INFO:Copying training dataset
2025-10-08 15:57:05,190:INFO:Defining folds
2025-10-08 15:57:05,191:INFO:Declaring metric variables
2025-10-08 15:57:05,194:INFO:Importing untrained model
2025-10-08 15:57:05,197:INFO:Extra Trees Classifier Imported successfully
2025-10-08 15:57:05,203:INFO:Starting cross validation
2025-10-08 15:57:05,204:INFO:Cross validating with StratifiedKFold(n_splits=3, random_state=None, shuffle=False), n_jobs=-1
2025-10-08 15:57:05,564:INFO:Calculating mean and std
2025-10-08 15:57:05,565:INFO:Creating metrics dataframe
2025-10-08 15:57:05,566:INFO:Uploading results into container
2025-10-08 15:57:05,567:INFO:Uploading model into container now
2025-10-08 15:57:05,567:INFO:_master_model_container: 24
2025-10-08 15:57:05,567:INFO:_display_container: 2
2025-10-08 15:57:05,568:INFO:ExtraTreesClassifier(bootstrap=False, ccp_alpha=0.0, class_weight=None,
                     criterion='gini', max_depth=None, max_features='sqrt',
                     max_leaf_nodes=None, max_samples=None,
                     min_impurity_decrease=0.0, min_samples_leaf=1,
                     min_samples_split=2, min_weight_fraction_leaf=0.0,
                     monotonic_cst=None, n_estimators=100, n_jobs=-1,
                     oob_score=False, random_state=123, verbose=0,
                     warm_start=False)
2025-10-08 15:57:05,568:INFO:create_model() successfully completed......................................
2025-10-08 15:57:05,778:INFO:SubProcess create_model() end ==================================
2025-10-08 15:57:05,778:INFO:Creating metrics dataframe
2025-10-08 15:57:05,784:INFO:Initializing Extreme Gradient Boosting
2025-10-08 15:57:05,784:INFO:Total runtime is 0.25120152235031135 minutes
2025-10-08 15:57:05,786:INFO:SubProcess create_model() called ==================================
2025-10-08 15:57:05,786:INFO:Initializing create_model()
2025-10-08 15:57:05,786:INFO:create_model(self=<pycaret.classification.oop.ClassificationExperiment object at 0x7f4ae1b064d0>, estimator=xgboost, fold=StratifiedKFold(n_splits=3, random_state=None, shuffle=False), round=4, cross_validation=True, predict=True, fit_kwargs={}, groups=None, refit=False, probability_threshold=None, experiment_custom_tags=None, verbose=False, system=False, add_to_model_list=True, metrics=None, display=<pycaret.internal.display.display.CommonDisplay object at 0x7f4b992fc4f0>, model_only=True, return_train_score=False, error_score=0.0, kwargs={})
2025-10-08 15:57:05,786:INFO:Checking exceptions
2025-10-08 15:57:05,786:INFO:Importing libraries
2025-10-08 15:57:05,786:INFO:Copying training dataset
2025-10-08 15:57:05,803:INFO:Defining folds
2025-10-08 15:57:05,803:INFO:Declaring metric variables
2025-10-08 15:57:05,805:INFO:Importing untrained model
2025-10-08 15:57:05,808:INFO:Extreme Gradient Boosting Imported successfully
2025-10-08 15:57:05,813:INFO:Starting cross validation
2025-10-08 15:57:05,814:INFO:Cross validating with StratifiedKFold(n_splits=3, random_state=None, shuffle=False), n_jobs=-1
2025-10-08 15:57:08,136:INFO:Calculating mean and std
2025-10-08 15:57:08,136:INFO:Creating metrics dataframe
2025-10-08 15:57:08,138:INFO:Uploading results into container
2025-10-08 15:57:08,138:INFO:Uploading model into container now
2025-10-08 15:57:08,139:INFO:_master_model_container: 25
2025-10-08 15:57:08,139:INFO:_display_container: 2
2025-10-08 15:57:08,140:INFO:XGBClassifier(base_score=None, booster='gbtree', callbacks=None,
              colsample_bylevel=None, colsample_bynode=None,
              colsample_bytree=None, device='cpu', early_stopping_rounds=None,
              enable_categorical=False, eval_metric=None, feature_types=None,
              gamma=None, grow_policy=None, importance_type=None,
              interaction_constraints=None, learning_rate=None, max_bin=None,
              max_cat_threshold=None, max_cat_to_onehot=None,
              max_delta_step=None, max_depth=None, max_leaves=None,
              min_child_weight=None, missing=nan, monotone_constraints=None,
              multi_strategy=None, n_estimators=None, n_jobs=-1,
              num_parallel_tree=None, objective='binary:logistic', ...)
2025-10-08 15:57:08,140:INFO:create_model() successfully completed......................................
2025-10-08 15:57:08,346:INFO:SubProcess create_model() end ==================================
2025-10-08 15:57:08,346:INFO:Creating metrics dataframe
2025-10-08 15:57:08,352:INFO:Initializing Light Gradient Boosting Machine
2025-10-08 15:57:08,353:INFO:Total runtime is 0.2940134247144064 minutes
2025-10-08 15:57:08,354:INFO:SubProcess create_model() called ==================================
2025-10-08 15:57:08,355:INFO:Initializing create_model()
2025-10-08 15:57:08,355:INFO:create_model(self=<pycaret.classification.oop.ClassificationExperiment object at 0x7f4ae1b064d0>, estimator=lightgbm, fold=StratifiedKFold(n_splits=3, random_state=None, shuffle=False), round=4, cross_validation=True, predict=True, fit_kwargs={}, groups=None, refit=False, probability_threshold=None, experiment_custom_tags=None, verbose=False, system=False, add_to_model_list=True, metrics=None, display=<pycaret.internal.display.display.CommonDisplay object at 0x7f4b992fc4f0>, model_only=True, return_train_score=False, error_score=0.0, kwargs={})
2025-10-08 15:57:08,355:INFO:Checking exceptions
2025-10-08 15:57:08,355:INFO:Importing libraries
2025-10-08 15:57:08,355:INFO:Copying training dataset
2025-10-08 15:57:08,370:INFO:Defining folds
2025-10-08 15:57:08,370:INFO:Declaring metric variables
2025-10-08 15:57:08,372:INFO:Importing untrained model
2025-10-08 15:57:08,375:INFO:Light Gradient Boosting Machine Imported successfully
2025-10-08 15:57:08,379:INFO:Starting cross validation
2025-10-08 15:57:08,380:INFO:Cross validating with StratifiedKFold(n_splits=3, random_state=None, shuffle=False), n_jobs=-1
2025-10-08 16:03:05,186:INFO:Calculating mean and std
2025-10-08 16:03:05,187:INFO:Creating metrics dataframe
2025-10-08 16:03:05,189:INFO:Uploading results into container
2025-10-08 16:03:05,189:INFO:Uploading model into container now
2025-10-08 16:03:05,189:INFO:_master_model_container: 26
2025-10-08 16:03:05,189:INFO:_display_container: 2
2025-10-08 16:03:05,190:INFO:LGBMClassifier(boosting_type='gbdt', class_weight=None, colsample_bytree=1.0,
               importance_type='split', learning_rate=0.1, max_depth=-1,
               min_child_samples=20, min_child_weight=0.001, min_split_gain=0.0,
               n_estimators=100, n_jobs=-1, num_leaves=31, objective=None,
               random_state=123, reg_alpha=0.0, reg_lambda=0.0, subsample=1.0,
               subsample_for_bin=200000, subsample_freq=0)
2025-10-08 16:03:05,190:INFO:create_model() successfully completed......................................
2025-10-08 16:03:05,402:INFO:SubProcess create_model() end ==================================
2025-10-08 16:03:05,402:INFO:Creating metrics dataframe
2025-10-08 16:03:05,408:INFO:Initializing CatBoost Classifier
2025-10-08 16:03:05,408:INFO:Total runtime is 6.244946161905925 minutes
2025-10-08 16:03:05,411:INFO:SubProcess create_model() called ==================================
2025-10-08 16:03:05,411:INFO:Initializing create_model()
2025-10-08 16:03:05,411:INFO:create_model(self=<pycaret.classification.oop.ClassificationExperiment object at 0x7f4ae1b064d0>, estimator=catboost, fold=StratifiedKFold(n_splits=3, random_state=None, shuffle=False), round=4, cross_validation=True, predict=True, fit_kwargs={}, groups=None, refit=False, probability_threshold=None, experiment_custom_tags=None, verbose=False, system=False, add_to_model_list=True, metrics=None, display=<pycaret.internal.display.display.CommonDisplay object at 0x7f4b992fc4f0>, model_only=True, return_train_score=False, error_score=0.0, kwargs={})
2025-10-08 16:03:05,411:INFO:Checking exceptions
2025-10-08 16:03:05,411:INFO:Importing libraries
2025-10-08 16:03:05,411:INFO:Copying training dataset
2025-10-08 16:03:05,426:INFO:Defining folds
2025-10-08 16:03:05,427:INFO:Declaring metric variables
2025-10-08 16:03:05,429:INFO:Importing untrained model
2025-10-08 16:03:05,432:INFO:CatBoost Classifier Imported successfully
2025-10-08 16:03:05,436:INFO:Starting cross validation
2025-10-08 16:03:05,438:INFO:Cross validating with StratifiedKFold(n_splits=3, random_state=None, shuffle=False), n_jobs=-1
2025-10-08 16:03:10,343:INFO:Calculating mean and std
2025-10-08 16:03:10,345:INFO:Creating metrics dataframe
2025-10-08 16:03:10,347:INFO:Uploading results into container
2025-10-08 16:03:10,347:INFO:Uploading model into container now
2025-10-08 16:03:10,348:INFO:_master_model_container: 27
2025-10-08 16:03:10,348:INFO:_display_container: 2
2025-10-08 16:03:10,348:INFO:<catboost.core.CatBoostClassifier object at 0x7f4b994230a0>
2025-10-08 16:03:10,348:INFO:create_model() successfully completed......................................
2025-10-08 16:03:10,580:INFO:SubProcess create_model() end ==================================
2025-10-08 16:03:10,580:INFO:Creating metrics dataframe
2025-10-08 16:03:10,587:INFO:Initializing Dummy Classifier
2025-10-08 16:03:10,587:INFO:Total runtime is 6.331252090136211 minutes
2025-10-08 16:03:10,590:INFO:SubProcess create_model() called ==================================
2025-10-08 16:03:10,590:INFO:Initializing create_model()
2025-10-08 16:03:10,590:INFO:create_model(self=<pycaret.classification.oop.ClassificationExperiment object at 0x7f4ae1b064d0>, estimator=dummy, fold=StratifiedKFold(n_splits=3, random_state=None, shuffle=False), round=4, cross_validation=True, predict=True, fit_kwargs={}, groups=None, refit=False, probability_threshold=None, experiment_custom_tags=None, verbose=False, system=False, add_to_model_list=True, metrics=None, display=<pycaret.internal.display.display.CommonDisplay object at 0x7f4b992fc4f0>, model_only=True, return_train_score=False, error_score=0.0, kwargs={})
2025-10-08 16:03:10,590:INFO:Checking exceptions
2025-10-08 16:03:10,590:INFO:Importing libraries
2025-10-08 16:03:10,590:INFO:Copying training dataset
2025-10-08 16:03:10,606:INFO:Defining folds
2025-10-08 16:03:10,606:INFO:Declaring metric variables
2025-10-08 16:03:10,609:INFO:Importing untrained model
2025-10-08 16:03:10,612:INFO:Dummy Classifier Imported successfully
2025-10-08 16:03:10,617:INFO:Starting cross validation
2025-10-08 16:03:10,619:INFO:Cross validating with StratifiedKFold(n_splits=3, random_state=None, shuffle=False), n_jobs=-1
2025-10-08 16:03:11,656:WARNING:/home/leon/.conda/envs/ml_general/lib/python3.10/site-packages/sklearn/metrics/_classification.py:1509: UndefinedMetricWarning: Precision is ill-defined and being set to 0.0 due to no predicted samples. Use `zero_division` parameter to control this behavior.
  _warn_prf(average, modifier, f"{metric.capitalize()} is", len(result))

2025-10-08 16:03:11,663:WARNING:/home/leon/.conda/envs/ml_general/lib/python3.10/site-packages/sklearn/metrics/_classification.py:1509: UndefinedMetricWarning: Precision is ill-defined and being set to 0.0 due to no predicted samples. Use `zero_division` parameter to control this behavior.
  _warn_prf(average, modifier, f"{metric.capitalize()} is", len(result))

2025-10-08 16:03:11,692:WARNING:/home/leon/.conda/envs/ml_general/lib/python3.10/site-packages/sklearn/metrics/_classification.py:1509: UndefinedMetricWarning: Precision is ill-defined and being set to 0.0 due to no predicted samples. Use `zero_division` parameter to control this behavior.
  _warn_prf(average, modifier, f"{metric.capitalize()} is", len(result))

2025-10-08 16:03:11,700:INFO:Calculating mean and std
2025-10-08 16:03:11,701:INFO:Creating metrics dataframe
2025-10-08 16:03:11,703:INFO:Uploading results into container
2025-10-08 16:03:11,704:INFO:Uploading model into container now
2025-10-08 16:03:11,705:INFO:_master_model_container: 28
2025-10-08 16:03:11,705:INFO:_display_container: 2
2025-10-08 16:03:11,705:INFO:DummyClassifier(constant=None, random_state=123, strategy='prior')
2025-10-08 16:03:11,705:INFO:create_model() successfully completed......................................
2025-10-08 16:03:11,956:INFO:SubProcess create_model() end ==================================
2025-10-08 16:03:11,956:INFO:Creating metrics dataframe
2025-10-08 16:03:11,963:WARNING:/home/leon/.conda/envs/ml_general/lib/python3.10/site-packages/pycaret/internal/pycaret_experiment/supervised_experiment.py:323: FutureWarning: Styler.applymap has been deprecated. Use Styler.map instead.
  master_display_.apply(

2025-10-08 16:03:11,970:INFO:Initializing create_model()
2025-10-08 16:03:11,971:INFO:create_model(self=<pycaret.classification.oop.ClassificationExperiment object at 0x7f4ae1b064d0>, estimator=DecisionTreeClassifier(ccp_alpha=0.0, class_weight=None, criterion='gini',
                       max_depth=None, max_features=None, max_leaf_nodes=None,
                       min_impurity_decrease=0.0, min_samples_leaf=1,
                       min_samples_split=2, min_weight_fraction_leaf=0.0,
                       monotonic_cst=None, random_state=123, splitter='best'), fold=StratifiedKFold(n_splits=3, random_state=None, shuffle=False), round=4, cross_validation=False, predict=False, fit_kwargs={}, groups=None, refit=True, probability_threshold=None, experiment_custom_tags=None, verbose=False, system=False, add_to_model_list=True, metrics=None, display=None, model_only=True, return_train_score=False, error_score=0.0, kwargs={})
2025-10-08 16:03:11,971:INFO:Checking exceptions
2025-10-08 16:03:11,972:INFO:Importing libraries
2025-10-08 16:03:11,972:INFO:Copying training dataset
2025-10-08 16:03:11,988:INFO:Defining folds
2025-10-08 16:03:11,988:INFO:Declaring metric variables
2025-10-08 16:03:11,988:INFO:Importing untrained model
2025-10-08 16:03:11,988:INFO:Declaring custom model
2025-10-08 16:03:11,989:INFO:Decision Tree Classifier Imported successfully
2025-10-08 16:03:11,990:INFO:Cross validation set to False
2025-10-08 16:03:11,990:INFO:Fitting Model
2025-10-08 16:03:12,229:INFO:DecisionTreeClassifier(ccp_alpha=0.0, class_weight=None, criterion='gini',
                       max_depth=None, max_features=None, max_leaf_nodes=None,
                       min_impurity_decrease=0.0, min_samples_leaf=1,
                       min_samples_split=2, min_weight_fraction_leaf=0.0,
                       monotonic_cst=None, random_state=123, splitter='best')
2025-10-08 16:03:12,229:INFO:create_model() successfully completed......................................
2025-10-08 16:03:12,461:INFO:_master_model_container: 28
2025-10-08 16:03:12,462:INFO:_display_container: 2
2025-10-08 16:03:12,462:INFO:DecisionTreeClassifier(ccp_alpha=0.0, class_weight=None, criterion='gini',
                       max_depth=None, max_features=None, max_leaf_nodes=None,
                       min_impurity_decrease=0.0, min_samples_leaf=1,
                       min_samples_split=2, min_weight_fraction_leaf=0.0,
                       monotonic_cst=None, random_state=123, splitter='best')
2025-10-08 16:03:12,462:INFO:compare_models() successfully completed......................................
2025-10-08 16:06:29,500:INFO:Initializing compare_models()
2025-10-08 16:06:29,501:INFO:compare_models(self=<pycaret.classification.oop.ClassificationExperiment object at 0x7f4ae1b064d0>, include=None, fold=None, round=4, cross_validation=True, sort=F1, n_select=1, budget_time=None, turbo=True, errors=ignore, fit_kwargs=None, groups=None, experiment_custom_tags=None, probability_threshold=None, verbose=True, parallel=None, caller_params={'self': <pycaret.classification.oop.ClassificationExperiment object at 0x7f4ae1b064d0>, 'include': None, 'exclude': 'lightgbm', 'fold': None, 'round': 4, 'cross_validation': True, 'sort': 'F1', 'n_select': 1, 'budget_time': None, 'turbo': True, 'errors': 'ignore', 'fit_kwargs': None, 'groups': None, 'experiment_custom_tags': None, 'probability_threshold': None, 'engine': None, 'verbose': True, 'parallel': None, '__class__': <class 'pycaret.classification.oop.ClassificationExperiment'>}, exclude=lightgbm)
2025-10-08 16:06:29,501:INFO:Checking exceptions
2025-10-08 16:06:29,507:INFO:Preparing display monitor
2025-10-08 16:06:29,524:INFO:Initializing Logistic Regression
2025-10-08 16:06:29,524:INFO:Total runtime is 4.311402638753255e-06 minutes
2025-10-08 16:06:29,528:INFO:SubProcess create_model() called ==================================
2025-10-08 16:06:29,528:INFO:Initializing create_model()
2025-10-08 16:06:29,528:INFO:create_model(self=<pycaret.classification.oop.ClassificationExperiment object at 0x7f4ae1b064d0>, estimator=lr, fold=StratifiedKFold(n_splits=3, random_state=None, shuffle=False), round=4, cross_validation=True, predict=True, fit_kwargs={}, groups=None, refit=False, probability_threshold=None, experiment_custom_tags=None, verbose=False, system=False, add_to_model_list=True, metrics=None, display=<pycaret.internal.display.display.CommonDisplay object at 0x7f4b99794220>, model_only=True, return_train_score=False, error_score=0.0, kwargs={})
2025-10-08 16:06:29,528:INFO:Checking exceptions
2025-10-08 16:06:29,528:INFO:Importing libraries
2025-10-08 16:06:29,528:INFO:Copying training dataset
2025-10-08 16:06:29,545:INFO:Defining folds
2025-10-08 16:06:29,545:INFO:Declaring metric variables
2025-10-08 16:06:29,547:INFO:Importing untrained model
2025-10-08 16:06:29,550:INFO:Logistic Regression Imported successfully
2025-10-08 16:06:29,556:INFO:Starting cross validation
2025-10-08 16:06:29,557:INFO:Cross validating with StratifiedKFold(n_splits=3, random_state=None, shuffle=False), n_jobs=-1
2025-10-08 16:06:31,532:WARNING:/home/leon/.conda/envs/ml_general/lib/python3.10/site-packages/sklearn/linear_model/_logistic.py:469: ConvergenceWarning: lbfgs failed to converge (status=1):
STOP: TOTAL NO. of ITERATIONS REACHED LIMIT.

Increase the number of iterations (max_iter) or scale the data as shown in:
    https://scikit-learn.org/stable/modules/preprocessing.html
Please also refer to the documentation for alternative solver options:
    https://scikit-learn.org/stable/modules/linear_model.html#logistic-regression
  n_iter_i = _check_optimize_result(

2025-10-08 16:06:31,545:WARNING:/home/leon/.conda/envs/ml_general/lib/python3.10/site-packages/sklearn/linear_model/_logistic.py:469: ConvergenceWarning: lbfgs failed to converge (status=1):
STOP: TOTAL NO. of ITERATIONS REACHED LIMIT.

Increase the number of iterations (max_iter) or scale the data as shown in:
    https://scikit-learn.org/stable/modules/preprocessing.html
Please also refer to the documentation for alternative solver options:
    https://scikit-learn.org/stable/modules/linear_model.html#logistic-regression
  n_iter_i = _check_optimize_result(

2025-10-08 16:06:31,566:WARNING:/home/leon/.conda/envs/ml_general/lib/python3.10/site-packages/sklearn/metrics/_classification.py:1509: UndefinedMetricWarning: Precision is ill-defined and being set to 0.0 due to no predicted samples. Use `zero_division` parameter to control this behavior.
  _warn_prf(average, modifier, f"{metric.capitalize()} is", len(result))

2025-10-08 16:06:31,567:WARNING:/home/leon/.conda/envs/ml_general/lib/python3.10/site-packages/sklearn/linear_model/_logistic.py:469: ConvergenceWarning: lbfgs failed to converge (status=1):
STOP: TOTAL NO. of ITERATIONS REACHED LIMIT.

Increase the number of iterations (max_iter) or scale the data as shown in:
    https://scikit-learn.org/stable/modules/preprocessing.html
Please also refer to the documentation for alternative solver options:
    https://scikit-learn.org/stable/modules/linear_model.html#logistic-regression
  n_iter_i = _check_optimize_result(

2025-10-08 16:06:31,602:WARNING:/home/leon/.conda/envs/ml_general/lib/python3.10/site-packages/sklearn/metrics/_classification.py:1509: UndefinedMetricWarning: Precision is ill-defined and being set to 0.0 due to no predicted samples. Use `zero_division` parameter to control this behavior.
  _warn_prf(average, modifier, f"{metric.capitalize()} is", len(result))

2025-10-08 16:06:31,609:INFO:Calculating mean and std
2025-10-08 16:06:31,610:INFO:Creating metrics dataframe
2025-10-08 16:06:31,613:INFO:Uploading results into container
2025-10-08 16:06:31,614:INFO:Uploading model into container now
2025-10-08 16:06:31,615:INFO:_master_model_container: 29
2025-10-08 16:06:31,615:INFO:_display_container: 3
2025-10-08 16:06:31,616:INFO:LogisticRegression(C=1.0, class_weight=None, dual=False, fit_intercept=True,
                   intercept_scaling=1, l1_ratio=None, max_iter=1000,
                   multi_class='auto', n_jobs=None, penalty='l2',
                   random_state=123, solver='lbfgs', tol=0.0001, verbose=0,
                   warm_start=False)
2025-10-08 16:06:31,616:INFO:create_model() successfully completed......................................
2025-10-08 16:06:31,848:INFO:SubProcess create_model() end ==================================
2025-10-08 16:06:31,848:INFO:Creating metrics dataframe
2025-10-08 16:06:31,853:INFO:Initializing K Neighbors Classifier
2025-10-08 16:06:31,853:INFO:Total runtime is 0.038815987110137944 minutes
2025-10-08 16:06:31,855:INFO:SubProcess create_model() called ==================================
2025-10-08 16:06:31,855:INFO:Initializing create_model()
2025-10-08 16:06:31,855:INFO:create_model(self=<pycaret.classification.oop.ClassificationExperiment object at 0x7f4ae1b064d0>, estimator=knn, fold=StratifiedKFold(n_splits=3, random_state=None, shuffle=False), round=4, cross_validation=True, predict=True, fit_kwargs={}, groups=None, refit=False, probability_threshold=None, experiment_custom_tags=None, verbose=False, system=False, add_to_model_list=True, metrics=None, display=<pycaret.internal.display.display.CommonDisplay object at 0x7f4b99794220>, model_only=True, return_train_score=False, error_score=0.0, kwargs={})
2025-10-08 16:06:31,855:INFO:Checking exceptions
2025-10-08 16:06:31,855:INFO:Importing libraries
2025-10-08 16:06:31,855:INFO:Copying training dataset
2025-10-08 16:06:31,872:INFO:Defining folds
2025-10-08 16:06:31,872:INFO:Declaring metric variables
2025-10-08 16:06:31,874:INFO:Importing untrained model
2025-10-08 16:06:31,877:INFO:K Neighbors Classifier Imported successfully
2025-10-08 16:06:31,883:INFO:Starting cross validation
2025-10-08 16:06:31,885:INFO:Cross validating with StratifiedKFold(n_splits=3, random_state=None, shuffle=False), n_jobs=-1
2025-10-08 16:06:33,355:INFO:Calculating mean and std
2025-10-08 16:06:33,356:INFO:Creating metrics dataframe
2025-10-08 16:06:33,359:INFO:Uploading results into container
2025-10-08 16:06:33,360:INFO:Uploading model into container now
2025-10-08 16:06:33,361:INFO:_master_model_container: 30
2025-10-08 16:06:33,361:INFO:_display_container: 3
2025-10-08 16:06:33,361:INFO:KNeighborsClassifier(algorithm='auto', leaf_size=30, metric='minkowski',
                     metric_params=None, n_jobs=-1, n_neighbors=5, p=2,
                     weights='uniform')
2025-10-08 16:06:33,362:INFO:create_model() successfully completed......................................
2025-10-08 16:06:33,586:INFO:SubProcess create_model() end ==================================
2025-10-08 16:06:33,586:INFO:Creating metrics dataframe
2025-10-08 16:06:33,591:INFO:Initializing Naive Bayes
2025-10-08 16:06:33,591:INFO:Total runtime is 0.06779138247172038 minutes
2025-10-08 16:06:33,594:INFO:SubProcess create_model() called ==================================
2025-10-08 16:06:33,594:INFO:Initializing create_model()
2025-10-08 16:06:33,594:INFO:create_model(self=<pycaret.classification.oop.ClassificationExperiment object at 0x7f4ae1b064d0>, estimator=nb, fold=StratifiedKFold(n_splits=3, random_state=None, shuffle=False), round=4, cross_validation=True, predict=True, fit_kwargs={}, groups=None, refit=False, probability_threshold=None, experiment_custom_tags=None, verbose=False, system=False, add_to_model_list=True, metrics=None, display=<pycaret.internal.display.display.CommonDisplay object at 0x7f4b99794220>, model_only=True, return_train_score=False, error_score=0.0, kwargs={})
2025-10-08 16:06:33,594:INFO:Checking exceptions
2025-10-08 16:06:33,594:INFO:Importing libraries
2025-10-08 16:06:33,594:INFO:Copying training dataset
2025-10-08 16:06:33,609:INFO:Defining folds
2025-10-08 16:06:33,610:INFO:Declaring metric variables
2025-10-08 16:06:33,612:INFO:Importing untrained model
2025-10-08 16:06:33,615:INFO:Naive Bayes Imported successfully
2025-10-08 16:06:33,620:INFO:Starting cross validation
2025-10-08 16:06:33,622:INFO:Cross validating with StratifiedKFold(n_splits=3, random_state=None, shuffle=False), n_jobs=-1
2025-10-08 16:06:33,747:INFO:Calculating mean and std
2025-10-08 16:06:33,748:INFO:Creating metrics dataframe
2025-10-08 16:06:33,749:INFO:Uploading results into container
2025-10-08 16:06:33,750:INFO:Uploading model into container now
2025-10-08 16:06:33,750:INFO:_master_model_container: 31
2025-10-08 16:06:33,750:INFO:_display_container: 3
2025-10-08 16:06:33,751:INFO:GaussianNB(priors=None, var_smoothing=1e-09)
2025-10-08 16:06:33,751:INFO:create_model() successfully completed......................................
2025-10-08 16:06:33,968:INFO:SubProcess create_model() end ==================================
2025-10-08 16:06:33,968:INFO:Creating metrics dataframe
2025-10-08 16:06:33,973:INFO:Initializing Decision Tree Classifier
2025-10-08 16:06:33,973:INFO:Total runtime is 0.07415729761123657 minutes
2025-10-08 16:06:33,975:INFO:SubProcess create_model() called ==================================
2025-10-08 16:06:33,975:INFO:Initializing create_model()
2025-10-08 16:06:33,976:INFO:create_model(self=<pycaret.classification.oop.ClassificationExperiment object at 0x7f4ae1b064d0>, estimator=dt, fold=StratifiedKFold(n_splits=3, random_state=None, shuffle=False), round=4, cross_validation=True, predict=True, fit_kwargs={}, groups=None, refit=False, probability_threshold=None, experiment_custom_tags=None, verbose=False, system=False, add_to_model_list=True, metrics=None, display=<pycaret.internal.display.display.CommonDisplay object at 0x7f4b99794220>, model_only=True, return_train_score=False, error_score=0.0, kwargs={})
2025-10-08 16:06:33,976:INFO:Checking exceptions
2025-10-08 16:06:33,976:INFO:Importing libraries
2025-10-08 16:06:33,976:INFO:Copying training dataset
2025-10-08 16:06:33,991:INFO:Defining folds
2025-10-08 16:06:33,991:INFO:Declaring metric variables
2025-10-08 16:06:33,994:INFO:Importing untrained model
2025-10-08 16:06:33,996:INFO:Decision Tree Classifier Imported successfully
2025-10-08 16:06:34,001:INFO:Starting cross validation
2025-10-08 16:06:34,003:INFO:Cross validating with StratifiedKFold(n_splits=3, random_state=None, shuffle=False), n_jobs=-1
2025-10-08 16:06:34,228:INFO:Calculating mean and std
2025-10-08 16:06:34,229:INFO:Creating metrics dataframe
2025-10-08 16:06:34,231:INFO:Uploading results into container
2025-10-08 16:06:34,231:INFO:Uploading model into container now
2025-10-08 16:06:34,232:INFO:_master_model_container: 32
2025-10-08 16:06:34,232:INFO:_display_container: 3
2025-10-08 16:06:34,232:INFO:DecisionTreeClassifier(ccp_alpha=0.0, class_weight=None, criterion='gini',
                       max_depth=None, max_features=None, max_leaf_nodes=None,
                       min_impurity_decrease=0.0, min_samples_leaf=1,
                       min_samples_split=2, min_weight_fraction_leaf=0.0,
                       monotonic_cst=None, random_state=123, splitter='best')
2025-10-08 16:06:34,232:INFO:create_model() successfully completed......................................
2025-10-08 16:06:34,451:INFO:SubProcess create_model() end ==================================
2025-10-08 16:06:34,451:INFO:Creating metrics dataframe
2025-10-08 16:06:34,457:INFO:Initializing SVM - Linear Kernel
2025-10-08 16:06:34,457:INFO:Total runtime is 0.08221524159113566 minutes
2025-10-08 16:06:34,459:INFO:SubProcess create_model() called ==================================
2025-10-08 16:06:34,459:INFO:Initializing create_model()
2025-10-08 16:06:34,459:INFO:create_model(self=<pycaret.classification.oop.ClassificationExperiment object at 0x7f4ae1b064d0>, estimator=svm, fold=StratifiedKFold(n_splits=3, random_state=None, shuffle=False), round=4, cross_validation=True, predict=True, fit_kwargs={}, groups=None, refit=False, probability_threshold=None, experiment_custom_tags=None, verbose=False, system=False, add_to_model_list=True, metrics=None, display=<pycaret.internal.display.display.CommonDisplay object at 0x7f4b99794220>, model_only=True, return_train_score=False, error_score=0.0, kwargs={})
2025-10-08 16:06:34,459:INFO:Checking exceptions
2025-10-08 16:06:34,459:INFO:Importing libraries
2025-10-08 16:06:34,459:INFO:Copying training dataset
2025-10-08 16:06:34,475:INFO:Defining folds
2025-10-08 16:06:34,475:INFO:Declaring metric variables
2025-10-08 16:06:34,478:INFO:Importing untrained model
2025-10-08 16:06:34,481:INFO:SVM - Linear Kernel Imported successfully
2025-10-08 16:06:34,485:INFO:Starting cross validation
2025-10-08 16:06:34,487:INFO:Cross validating with StratifiedKFold(n_splits=3, random_state=None, shuffle=False), n_jobs=-1
2025-10-08 16:06:34,728:WARNING:/home/leon/.conda/envs/ml_general/lib/python3.10/site-packages/sklearn/metrics/_classification.py:1509: UndefinedMetricWarning: Precision is ill-defined and being set to 0.0 due to no predicted samples. Use `zero_division` parameter to control this behavior.
  _warn_prf(average, modifier, f"{metric.capitalize()} is", len(result))

2025-10-08 16:06:34,728:WARNING:/home/leon/.conda/envs/ml_general/lib/python3.10/site-packages/sklearn/metrics/_classification.py:1509: UndefinedMetricWarning: Precision is ill-defined and being set to 0.0 due to no predicted samples. Use `zero_division` parameter to control this behavior.
  _warn_prf(average, modifier, f"{metric.capitalize()} is", len(result))

2025-10-08 16:06:34,765:INFO:Calculating mean and std
2025-10-08 16:06:34,766:INFO:Creating metrics dataframe
2025-10-08 16:06:34,767:INFO:Uploading results into container
2025-10-08 16:06:34,767:INFO:Uploading model into container now
2025-10-08 16:06:34,768:INFO:_master_model_container: 33
2025-10-08 16:06:34,768:INFO:_display_container: 3
2025-10-08 16:06:34,768:INFO:SGDClassifier(alpha=0.0001, average=False, class_weight=None,
              early_stopping=False, epsilon=0.1, eta0=0.001, fit_intercept=True,
              l1_ratio=0.15, learning_rate='optimal', loss='hinge',
              max_iter=1000, n_iter_no_change=5, n_jobs=-1, penalty='l2',
              power_t=0.5, random_state=123, shuffle=True, tol=0.001,
              validation_fraction=0.1, verbose=0, warm_start=False)
2025-10-08 16:06:34,768:INFO:create_model() successfully completed......................................
2025-10-08 16:06:34,989:INFO:SubProcess create_model() end ==================================
2025-10-08 16:06:34,989:INFO:Creating metrics dataframe
2025-10-08 16:06:34,994:INFO:Initializing Ridge Classifier
2025-10-08 16:06:34,994:INFO:Total runtime is 0.09117635091145834 minutes
2025-10-08 16:06:34,997:INFO:SubProcess create_model() called ==================================
2025-10-08 16:06:34,997:INFO:Initializing create_model()
2025-10-08 16:06:34,997:INFO:create_model(self=<pycaret.classification.oop.ClassificationExperiment object at 0x7f4ae1b064d0>, estimator=ridge, fold=StratifiedKFold(n_splits=3, random_state=None, shuffle=False), round=4, cross_validation=True, predict=True, fit_kwargs={}, groups=None, refit=False, probability_threshold=None, experiment_custom_tags=None, verbose=False, system=False, add_to_model_list=True, metrics=None, display=<pycaret.internal.display.display.CommonDisplay object at 0x7f4b99794220>, model_only=True, return_train_score=False, error_score=0.0, kwargs={})
2025-10-08 16:06:34,997:INFO:Checking exceptions
2025-10-08 16:06:34,997:INFO:Importing libraries
2025-10-08 16:06:34,997:INFO:Copying training dataset
2025-10-08 16:06:35,016:INFO:Defining folds
2025-10-08 16:06:35,017:INFO:Declaring metric variables
2025-10-08 16:06:35,020:INFO:Importing untrained model
2025-10-08 16:06:35,024:INFO:Ridge Classifier Imported successfully
2025-10-08 16:06:35,030:INFO:Starting cross validation
2025-10-08 16:06:35,032:INFO:Cross validating with StratifiedKFold(n_splits=3, random_state=None, shuffle=False), n_jobs=-1
2025-10-08 16:06:35,135:WARNING:/home/leon/.conda/envs/ml_general/lib/python3.10/site-packages/sklearn/metrics/_classification.py:1509: UndefinedMetricWarning: Precision is ill-defined and being set to 0.0 due to no predicted samples. Use `zero_division` parameter to control this behavior.
  _warn_prf(average, modifier, f"{metric.capitalize()} is", len(result))

2025-10-08 16:06:35,142:WARNING:/home/leon/.conda/envs/ml_general/lib/python3.10/site-packages/sklearn/metrics/_classification.py:1509: UndefinedMetricWarning: Precision is ill-defined and being set to 0.0 due to no predicted samples. Use `zero_division` parameter to control this behavior.
  _warn_prf(average, modifier, f"{metric.capitalize()} is", len(result))

2025-10-08 16:06:35,146:WARNING:/home/leon/.conda/envs/ml_general/lib/python3.10/site-packages/sklearn/metrics/_classification.py:1509: UndefinedMetricWarning: Precision is ill-defined and being set to 0.0 due to no predicted samples. Use `zero_division` parameter to control this behavior.
  _warn_prf(average, modifier, f"{metric.capitalize()} is", len(result))

2025-10-08 16:06:35,151:INFO:Calculating mean and std
2025-10-08 16:06:35,152:INFO:Creating metrics dataframe
2025-10-08 16:06:35,153:INFO:Uploading results into container
2025-10-08 16:06:35,154:INFO:Uploading model into container now
2025-10-08 16:06:35,154:INFO:_master_model_container: 34
2025-10-08 16:06:35,154:INFO:_display_container: 3
2025-10-08 16:06:35,154:INFO:RidgeClassifier(alpha=1.0, class_weight=None, copy_X=True, fit_intercept=True,
                max_iter=None, positive=False, random_state=123, solver='auto',
                tol=0.0001)
2025-10-08 16:06:35,154:INFO:create_model() successfully completed......................................
2025-10-08 16:06:35,379:INFO:SubProcess create_model() end ==================================
2025-10-08 16:06:35,379:INFO:Creating metrics dataframe
2025-10-08 16:06:35,384:INFO:Initializing Random Forest Classifier
2025-10-08 16:06:35,384:INFO:Total runtime is 0.0976775884628296 minutes
2025-10-08 16:06:35,387:INFO:SubProcess create_model() called ==================================
2025-10-08 16:06:35,387:INFO:Initializing create_model()
2025-10-08 16:06:35,387:INFO:create_model(self=<pycaret.classification.oop.ClassificationExperiment object at 0x7f4ae1b064d0>, estimator=rf, fold=StratifiedKFold(n_splits=3, random_state=None, shuffle=False), round=4, cross_validation=True, predict=True, fit_kwargs={}, groups=None, refit=False, probability_threshold=None, experiment_custom_tags=None, verbose=False, system=False, add_to_model_list=True, metrics=None, display=<pycaret.internal.display.display.CommonDisplay object at 0x7f4b99794220>, model_only=True, return_train_score=False, error_score=0.0, kwargs={})
2025-10-08 16:06:35,387:INFO:Checking exceptions
2025-10-08 16:06:35,387:INFO:Importing libraries
2025-10-08 16:06:35,387:INFO:Copying training dataset
2025-10-08 16:06:35,404:INFO:Defining folds
2025-10-08 16:06:35,404:INFO:Declaring metric variables
2025-10-08 16:06:35,407:INFO:Importing untrained model
2025-10-08 16:06:35,409:INFO:Random Forest Classifier Imported successfully
2025-10-08 16:06:35,414:INFO:Starting cross validation
2025-10-08 16:06:35,416:INFO:Cross validating with StratifiedKFold(n_splits=3, random_state=None, shuffle=False), n_jobs=-1
2025-10-08 16:06:36,075:INFO:Calculating mean and std
2025-10-08 16:06:36,076:INFO:Creating metrics dataframe
2025-10-08 16:06:36,078:INFO:Uploading results into container
2025-10-08 16:06:36,078:INFO:Uploading model into container now
2025-10-08 16:06:36,078:INFO:_master_model_container: 35
2025-10-08 16:06:36,078:INFO:_display_container: 3
2025-10-08 16:06:36,079:INFO:RandomForestClassifier(bootstrap=True, ccp_alpha=0.0, class_weight=None,
                       criterion='gini', max_depth=None, max_features='sqrt',
                       max_leaf_nodes=None, max_samples=None,
                       min_impurity_decrease=0.0, min_samples_leaf=1,
                       min_samples_split=2, min_weight_fraction_leaf=0.0,
                       monotonic_cst=None, n_estimators=100, n_jobs=-1,
                       oob_score=False, random_state=123, verbose=0,
                       warm_start=False)
2025-10-08 16:06:36,079:INFO:create_model() successfully completed......................................
2025-10-08 16:06:36,297:INFO:SubProcess create_model() end ==================================
2025-10-08 16:06:36,297:INFO:Creating metrics dataframe
2025-10-08 16:06:36,302:INFO:Initializing Quadratic Discriminant Analysis
2025-10-08 16:06:36,303:INFO:Total runtime is 0.11297930876413982 minutes
2025-10-08 16:06:36,305:INFO:SubProcess create_model() called ==================================
2025-10-08 16:06:36,305:INFO:Initializing create_model()
2025-10-08 16:06:36,306:INFO:create_model(self=<pycaret.classification.oop.ClassificationExperiment object at 0x7f4ae1b064d0>, estimator=qda, fold=StratifiedKFold(n_splits=3, random_state=None, shuffle=False), round=4, cross_validation=True, predict=True, fit_kwargs={}, groups=None, refit=False, probability_threshold=None, experiment_custom_tags=None, verbose=False, system=False, add_to_model_list=True, metrics=None, display=<pycaret.internal.display.display.CommonDisplay object at 0x7f4b99794220>, model_only=True, return_train_score=False, error_score=0.0, kwargs={})
2025-10-08 16:06:36,306:INFO:Checking exceptions
2025-10-08 16:06:36,306:INFO:Importing libraries
2025-10-08 16:06:36,306:INFO:Copying training dataset
2025-10-08 16:06:36,322:INFO:Defining folds
2025-10-08 16:06:36,322:INFO:Declaring metric variables
2025-10-08 16:06:36,329:INFO:Importing untrained model
2025-10-08 16:06:36,333:INFO:Quadratic Discriminant Analysis Imported successfully
2025-10-08 16:06:36,339:INFO:Starting cross validation
2025-10-08 16:06:36,341:INFO:Cross validating with StratifiedKFold(n_splits=3, random_state=None, shuffle=False), n_jobs=-1
2025-10-08 16:06:36,430:WARNING:/home/leon/.conda/envs/ml_general/lib/python3.10/site-packages/sklearn/discriminant_analysis.py:935: UserWarning: Variables are collinear
  warnings.warn("Variables are collinear")

2025-10-08 16:06:36,435:WARNING:/home/leon/.conda/envs/ml_general/lib/python3.10/site-packages/sklearn/discriminant_analysis.py:935: UserWarning: Variables are collinear
  warnings.warn("Variables are collinear")

2025-10-08 16:06:36,440:WARNING:/home/leon/.conda/envs/ml_general/lib/python3.10/site-packages/sklearn/discriminant_analysis.py:935: UserWarning: Variables are collinear
  warnings.warn("Variables are collinear")

2025-10-08 16:06:36,491:INFO:Calculating mean and std
2025-10-08 16:06:36,491:INFO:Creating metrics dataframe
2025-10-08 16:06:36,493:INFO:Uploading results into container
2025-10-08 16:06:36,493:INFO:Uploading model into container now
2025-10-08 16:06:36,494:INFO:_master_model_container: 36
2025-10-08 16:06:36,494:INFO:_display_container: 3
2025-10-08 16:06:36,494:INFO:QuadraticDiscriminantAnalysis(priors=None, reg_param=0.0,
                              store_covariance=False, tol=0.0001)
2025-10-08 16:06:36,494:INFO:create_model() successfully completed......................................
2025-10-08 16:06:36,717:INFO:SubProcess create_model() end ==================================
2025-10-08 16:06:36,717:INFO:Creating metrics dataframe
2025-10-08 16:06:36,722:INFO:Initializing Ada Boost Classifier
2025-10-08 16:06:36,722:INFO:Total runtime is 0.11997859080632528 minutes
2025-10-08 16:06:36,725:INFO:SubProcess create_model() called ==================================
2025-10-08 16:06:36,725:INFO:Initializing create_model()
2025-10-08 16:06:36,725:INFO:create_model(self=<pycaret.classification.oop.ClassificationExperiment object at 0x7f4ae1b064d0>, estimator=ada, fold=StratifiedKFold(n_splits=3, random_state=None, shuffle=False), round=4, cross_validation=True, predict=True, fit_kwargs={}, groups=None, refit=False, probability_threshold=None, experiment_custom_tags=None, verbose=False, system=False, add_to_model_list=True, metrics=None, display=<pycaret.internal.display.display.CommonDisplay object at 0x7f4b99794220>, model_only=True, return_train_score=False, error_score=0.0, kwargs={})
2025-10-08 16:06:36,725:INFO:Checking exceptions
2025-10-08 16:06:36,725:INFO:Importing libraries
2025-10-08 16:06:36,725:INFO:Copying training dataset
2025-10-08 16:06:36,741:INFO:Defining folds
2025-10-08 16:06:36,742:INFO:Declaring metric variables
2025-10-08 16:06:36,744:INFO:Importing untrained model
2025-10-08 16:06:36,747:INFO:Ada Boost Classifier Imported successfully
2025-10-08 16:06:36,751:INFO:Starting cross validation
2025-10-08 16:06:36,753:INFO:Cross validating with StratifiedKFold(n_splits=3, random_state=None, shuffle=False), n_jobs=-1
2025-10-08 16:06:36,812:WARNING:/home/leon/.conda/envs/ml_general/lib/python3.10/site-packages/sklearn/ensemble/_weight_boosting.py:519: FutureWarning: The SAMME.R algorithm (the default) is deprecated and will be removed in 1.6. Use the SAMME algorithm to circumvent this warning.
  warnings.warn(

2025-10-08 16:06:36,816:WARNING:/home/leon/.conda/envs/ml_general/lib/python3.10/site-packages/sklearn/ensemble/_weight_boosting.py:519: FutureWarning: The SAMME.R algorithm (the default) is deprecated and will be removed in 1.6. Use the SAMME algorithm to circumvent this warning.
  warnings.warn(

2025-10-08 16:06:36,820:WARNING:/home/leon/.conda/envs/ml_general/lib/python3.10/site-packages/sklearn/ensemble/_weight_boosting.py:519: FutureWarning: The SAMME.R algorithm (the default) is deprecated and will be removed in 1.6. Use the SAMME algorithm to circumvent this warning.
  warnings.warn(

2025-10-08 16:06:37,632:INFO:Calculating mean and std
2025-10-08 16:06:37,634:INFO:Creating metrics dataframe
2025-10-08 16:06:37,636:INFO:Uploading results into container
2025-10-08 16:06:37,637:INFO:Uploading model into container now
2025-10-08 16:06:37,637:INFO:_master_model_container: 37
2025-10-08 16:06:37,637:INFO:_display_container: 3
2025-10-08 16:06:37,637:INFO:AdaBoostClassifier(algorithm='SAMME.R', estimator=None, learning_rate=1.0,
                   n_estimators=50, random_state=123)
2025-10-08 16:06:37,637:INFO:create_model() successfully completed......................................
2025-10-08 16:06:37,860:INFO:SubProcess create_model() end ==================================
2025-10-08 16:06:37,860:INFO:Creating metrics dataframe
2025-10-08 16:06:37,866:INFO:Initializing Gradient Boosting Classifier
2025-10-08 16:06:37,866:INFO:Total runtime is 0.13903915882110596 minutes
2025-10-08 16:06:37,868:INFO:SubProcess create_model() called ==================================
2025-10-08 16:06:37,868:INFO:Initializing create_model()
2025-10-08 16:06:37,868:INFO:create_model(self=<pycaret.classification.oop.ClassificationExperiment object at 0x7f4ae1b064d0>, estimator=gbc, fold=StratifiedKFold(n_splits=3, random_state=None, shuffle=False), round=4, cross_validation=True, predict=True, fit_kwargs={}, groups=None, refit=False, probability_threshold=None, experiment_custom_tags=None, verbose=False, system=False, add_to_model_list=True, metrics=None, display=<pycaret.internal.display.display.CommonDisplay object at 0x7f4b99794220>, model_only=True, return_train_score=False, error_score=0.0, kwargs={})
2025-10-08 16:06:37,868:INFO:Checking exceptions
2025-10-08 16:06:37,868:INFO:Importing libraries
2025-10-08 16:06:37,869:INFO:Copying training dataset
2025-10-08 16:06:37,884:INFO:Defining folds
2025-10-08 16:06:37,885:INFO:Declaring metric variables
2025-10-08 16:06:37,887:INFO:Importing untrained model
2025-10-08 16:06:37,890:INFO:Gradient Boosting Classifier Imported successfully
2025-10-08 16:06:37,895:INFO:Starting cross validation
2025-10-08 16:06:37,896:INFO:Cross validating with StratifiedKFold(n_splits=3, random_state=None, shuffle=False), n_jobs=-1
2025-10-08 16:06:41,452:INFO:Calculating mean and std
2025-10-08 16:06:41,453:INFO:Creating metrics dataframe
2025-10-08 16:06:41,454:INFO:Uploading results into container
2025-10-08 16:06:41,455:INFO:Uploading model into container now
2025-10-08 16:06:41,455:INFO:_master_model_container: 38
2025-10-08 16:06:41,455:INFO:_display_container: 3
2025-10-08 16:06:41,455:INFO:GradientBoostingClassifier(ccp_alpha=0.0, criterion='friedman_mse', init=None,
                           learning_rate=0.1, loss='log_loss', max_depth=3,
                           max_features=None, max_leaf_nodes=None,
                           min_impurity_decrease=0.0, min_samples_leaf=1,
                           min_samples_split=2, min_weight_fraction_leaf=0.0,
                           n_estimators=100, n_iter_no_change=None,
                           random_state=123, subsample=1.0, tol=0.0001,
                           validation_fraction=0.1, verbose=0,
                           warm_start=False)
2025-10-08 16:06:41,455:INFO:create_model() successfully completed......................................
2025-10-08 16:06:41,673:INFO:SubProcess create_model() end ==================================
2025-10-08 16:06:41,673:INFO:Creating metrics dataframe
2025-10-08 16:06:41,680:INFO:Initializing Linear Discriminant Analysis
2025-10-08 16:06:41,680:INFO:Total runtime is 0.20259946982065835 minutes
2025-10-08 16:06:41,682:INFO:SubProcess create_model() called ==================================
2025-10-08 16:06:41,682:INFO:Initializing create_model()
2025-10-08 16:06:41,683:INFO:create_model(self=<pycaret.classification.oop.ClassificationExperiment object at 0x7f4ae1b064d0>, estimator=lda, fold=StratifiedKFold(n_splits=3, random_state=None, shuffle=False), round=4, cross_validation=True, predict=True, fit_kwargs={}, groups=None, refit=False, probability_threshold=None, experiment_custom_tags=None, verbose=False, system=False, add_to_model_list=True, metrics=None, display=<pycaret.internal.display.display.CommonDisplay object at 0x7f4b99794220>, model_only=True, return_train_score=False, error_score=0.0, kwargs={})
2025-10-08 16:06:41,683:INFO:Checking exceptions
2025-10-08 16:06:41,683:INFO:Importing libraries
2025-10-08 16:06:41,683:INFO:Copying training dataset
2025-10-08 16:06:41,699:INFO:Defining folds
2025-10-08 16:06:41,699:INFO:Declaring metric variables
2025-10-08 16:06:41,701:INFO:Importing untrained model
2025-10-08 16:06:41,704:INFO:Linear Discriminant Analysis Imported successfully
2025-10-08 16:06:41,710:INFO:Starting cross validation
2025-10-08 16:06:41,711:INFO:Cross validating with StratifiedKFold(n_splits=3, random_state=None, shuffle=False), n_jobs=-1
2025-10-08 16:06:41,858:WARNING:/home/leon/.conda/envs/ml_general/lib/python3.10/site-packages/sklearn/metrics/_classification.py:1509: UndefinedMetricWarning: Precision is ill-defined and being set to 0.0 due to no predicted samples. Use `zero_division` parameter to control this behavior.
  _warn_prf(average, modifier, f"{metric.capitalize()} is", len(result))

2025-10-08 16:06:41,875:INFO:Calculating mean and std
2025-10-08 16:06:41,875:INFO:Creating metrics dataframe
2025-10-08 16:06:41,876:INFO:Uploading results into container
2025-10-08 16:06:41,876:INFO:Uploading model into container now
2025-10-08 16:06:41,877:INFO:_master_model_container: 39
2025-10-08 16:06:41,877:INFO:_display_container: 3
2025-10-08 16:06:41,877:INFO:LinearDiscriminantAnalysis(covariance_estimator=None, n_components=None,
                           priors=None, shrinkage=None, solver='svd',
                           store_covariance=False, tol=0.0001)
2025-10-08 16:06:41,877:INFO:create_model() successfully completed......................................
2025-10-08 16:06:42,095:INFO:SubProcess create_model() end ==================================
2025-10-08 16:06:42,095:INFO:Creating metrics dataframe
2025-10-08 16:06:42,102:INFO:Initializing Extra Trees Classifier
2025-10-08 16:06:42,102:INFO:Total runtime is 0.20963316361109413 minutes
2025-10-08 16:06:42,105:INFO:SubProcess create_model() called ==================================
2025-10-08 16:06:42,105:INFO:Initializing create_model()
2025-10-08 16:06:42,105:INFO:create_model(self=<pycaret.classification.oop.ClassificationExperiment object at 0x7f4ae1b064d0>, estimator=et, fold=StratifiedKFold(n_splits=3, random_state=None, shuffle=False), round=4, cross_validation=True, predict=True, fit_kwargs={}, groups=None, refit=False, probability_threshold=None, experiment_custom_tags=None, verbose=False, system=False, add_to_model_list=True, metrics=None, display=<pycaret.internal.display.display.CommonDisplay object at 0x7f4b99794220>, model_only=True, return_train_score=False, error_score=0.0, kwargs={})
2025-10-08 16:06:42,105:INFO:Checking exceptions
2025-10-08 16:06:42,105:INFO:Importing libraries
2025-10-08 16:06:42,105:INFO:Copying training dataset
2025-10-08 16:06:42,121:INFO:Defining folds
2025-10-08 16:06:42,121:INFO:Declaring metric variables
2025-10-08 16:06:42,124:INFO:Importing untrained model
2025-10-08 16:06:42,127:INFO:Extra Trees Classifier Imported successfully
2025-10-08 16:06:42,132:INFO:Starting cross validation
2025-10-08 16:06:42,133:INFO:Cross validating with StratifiedKFold(n_splits=3, random_state=None, shuffle=False), n_jobs=-1
2025-10-08 16:06:42,506:INFO:Calculating mean and std
2025-10-08 16:06:42,506:INFO:Creating metrics dataframe
2025-10-08 16:06:42,508:INFO:Uploading results into container
2025-10-08 16:06:42,508:INFO:Uploading model into container now
2025-10-08 16:06:42,508:INFO:_master_model_container: 40
2025-10-08 16:06:42,508:INFO:_display_container: 3
2025-10-08 16:06:42,509:INFO:ExtraTreesClassifier(bootstrap=False, ccp_alpha=0.0, class_weight=None,
                     criterion='gini', max_depth=None, max_features='sqrt',
                     max_leaf_nodes=None, max_samples=None,
                     min_impurity_decrease=0.0, min_samples_leaf=1,
                     min_samples_split=2, min_weight_fraction_leaf=0.0,
                     monotonic_cst=None, n_estimators=100, n_jobs=-1,
                     oob_score=False, random_state=123, verbose=0,
                     warm_start=False)
2025-10-08 16:06:42,509:INFO:create_model() successfully completed......................................
2025-10-08 16:06:42,739:INFO:SubProcess create_model() end ==================================
2025-10-08 16:06:42,739:INFO:Creating metrics dataframe
2025-10-08 16:06:42,746:INFO:Initializing Extreme Gradient Boosting
2025-10-08 16:06:42,746:INFO:Total runtime is 0.22037530342737832 minutes
2025-10-08 16:06:42,749:INFO:SubProcess create_model() called ==================================
2025-10-08 16:06:42,749:INFO:Initializing create_model()
2025-10-08 16:06:42,749:INFO:create_model(self=<pycaret.classification.oop.ClassificationExperiment object at 0x7f4ae1b064d0>, estimator=xgboost, fold=StratifiedKFold(n_splits=3, random_state=None, shuffle=False), round=4, cross_validation=True, predict=True, fit_kwargs={}, groups=None, refit=False, probability_threshold=None, experiment_custom_tags=None, verbose=False, system=False, add_to_model_list=True, metrics=None, display=<pycaret.internal.display.display.CommonDisplay object at 0x7f4b99794220>, model_only=True, return_train_score=False, error_score=0.0, kwargs={})
2025-10-08 16:06:42,749:INFO:Checking exceptions
2025-10-08 16:06:42,749:INFO:Importing libraries
2025-10-08 16:06:42,749:INFO:Copying training dataset
2025-10-08 16:06:42,768:INFO:Defining folds
2025-10-08 16:06:42,769:INFO:Declaring metric variables
2025-10-08 16:06:42,771:INFO:Importing untrained model
2025-10-08 16:06:42,774:INFO:Extreme Gradient Boosting Imported successfully
2025-10-08 16:06:42,779:INFO:Starting cross validation
2025-10-08 16:06:42,781:INFO:Cross validating with StratifiedKFold(n_splits=3, random_state=None, shuffle=False), n_jobs=-1
2025-10-08 16:06:45,131:INFO:Calculating mean and std
2025-10-08 16:06:45,132:INFO:Creating metrics dataframe
2025-10-08 16:06:45,133:INFO:Uploading results into container
2025-10-08 16:06:45,133:INFO:Uploading model into container now
2025-10-08 16:06:45,134:INFO:_master_model_container: 41
2025-10-08 16:06:45,134:INFO:_display_container: 3
2025-10-08 16:06:45,134:INFO:XGBClassifier(base_score=None, booster='gbtree', callbacks=None,
              colsample_bylevel=None, colsample_bynode=None,
              colsample_bytree=None, device='cpu', early_stopping_rounds=None,
              enable_categorical=False, eval_metric=None, feature_types=None,
              gamma=None, grow_policy=None, importance_type=None,
              interaction_constraints=None, learning_rate=None, max_bin=None,
              max_cat_threshold=None, max_cat_to_onehot=None,
              max_delta_step=None, max_depth=None, max_leaves=None,
              min_child_weight=None, missing=nan, monotone_constraints=None,
              multi_strategy=None, n_estimators=None, n_jobs=-1,
              num_parallel_tree=None, objective='binary:logistic', ...)
2025-10-08 16:06:45,134:INFO:create_model() successfully completed......................................
2025-10-08 16:06:45,359:INFO:SubProcess create_model() end ==================================
2025-10-08 16:06:45,360:INFO:Creating metrics dataframe
2025-10-08 16:06:45,366:INFO:Initializing CatBoost Classifier
2025-10-08 16:06:45,366:INFO:Total runtime is 0.26404424508412677 minutes
2025-10-08 16:06:45,369:INFO:SubProcess create_model() called ==================================
2025-10-08 16:06:45,369:INFO:Initializing create_model()
2025-10-08 16:06:45,369:INFO:create_model(self=<pycaret.classification.oop.ClassificationExperiment object at 0x7f4ae1b064d0>, estimator=catboost, fold=StratifiedKFold(n_splits=3, random_state=None, shuffle=False), round=4, cross_validation=True, predict=True, fit_kwargs={}, groups=None, refit=False, probability_threshold=None, experiment_custom_tags=None, verbose=False, system=False, add_to_model_list=True, metrics=None, display=<pycaret.internal.display.display.CommonDisplay object at 0x7f4b99794220>, model_only=True, return_train_score=False, error_score=0.0, kwargs={})
2025-10-08 16:06:45,369:INFO:Checking exceptions
2025-10-08 16:06:45,369:INFO:Importing libraries
2025-10-08 16:06:45,370:INFO:Copying training dataset
2025-10-08 16:06:45,390:INFO:Defining folds
2025-10-08 16:06:45,390:INFO:Declaring metric variables
2025-10-08 16:06:45,393:INFO:Importing untrained model
2025-10-08 16:06:45,395:INFO:CatBoost Classifier Imported successfully
2025-10-08 16:06:45,400:INFO:Starting cross validation
2025-10-08 16:06:45,402:INFO:Cross validating with StratifiedKFold(n_splits=3, random_state=None, shuffle=False), n_jobs=-1
2025-10-08 16:06:50,055:INFO:Calculating mean and std
2025-10-08 16:06:50,055:INFO:Creating metrics dataframe
2025-10-08 16:06:50,056:INFO:Uploading results into container
2025-10-08 16:06:50,057:INFO:Uploading model into container now
2025-10-08 16:06:50,057:INFO:_master_model_container: 42
2025-10-08 16:06:50,057:INFO:_display_container: 3
2025-10-08 16:06:50,057:INFO:<catboost.core.CatBoostClassifier object at 0x7f4ae219ee90>
2025-10-08 16:06:50,057:INFO:create_model() successfully completed......................................
2025-10-08 16:06:50,265:INFO:SubProcess create_model() end ==================================
2025-10-08 16:06:50,265:INFO:Creating metrics dataframe
2025-10-08 16:06:50,271:INFO:Initializing Dummy Classifier
2025-10-08 16:06:50,271:INFO:Total runtime is 0.3457925319671631 minutes
2025-10-08 16:06:50,273:INFO:SubProcess create_model() called ==================================
2025-10-08 16:06:50,274:INFO:Initializing create_model()
2025-10-08 16:06:50,274:INFO:create_model(self=<pycaret.classification.oop.ClassificationExperiment object at 0x7f4ae1b064d0>, estimator=dummy, fold=StratifiedKFold(n_splits=3, random_state=None, shuffle=False), round=4, cross_validation=True, predict=True, fit_kwargs={}, groups=None, refit=False, probability_threshold=None, experiment_custom_tags=None, verbose=False, system=False, add_to_model_list=True, metrics=None, display=<pycaret.internal.display.display.CommonDisplay object at 0x7f4b99794220>, model_only=True, return_train_score=False, error_score=0.0, kwargs={})
2025-10-08 16:06:50,274:INFO:Checking exceptions
2025-10-08 16:06:50,274:INFO:Importing libraries
2025-10-08 16:06:50,274:INFO:Copying training dataset
2025-10-08 16:06:50,289:INFO:Defining folds
2025-10-08 16:06:50,289:INFO:Declaring metric variables
2025-10-08 16:06:50,291:INFO:Importing untrained model
2025-10-08 16:06:50,294:INFO:Dummy Classifier Imported successfully
2025-10-08 16:06:50,298:INFO:Starting cross validation
2025-10-08 16:06:50,300:INFO:Cross validating with StratifiedKFold(n_splits=3, random_state=None, shuffle=False), n_jobs=-1
2025-10-08 16:06:50,383:WARNING:/home/leon/.conda/envs/ml_general/lib/python3.10/site-packages/sklearn/metrics/_classification.py:1509: UndefinedMetricWarning: Precision is ill-defined and being set to 0.0 due to no predicted samples. Use `zero_division` parameter to control this behavior.
  _warn_prf(average, modifier, f"{metric.capitalize()} is", len(result))

2025-10-08 16:06:50,398:WARNING:/home/leon/.conda/envs/ml_general/lib/python3.10/site-packages/sklearn/metrics/_classification.py:1509: UndefinedMetricWarning: Precision is ill-defined and being set to 0.0 due to no predicted samples. Use `zero_division` parameter to control this behavior.
  _warn_prf(average, modifier, f"{metric.capitalize()} is", len(result))

2025-10-08 16:06:50,405:WARNING:/home/leon/.conda/envs/ml_general/lib/python3.10/site-packages/sklearn/metrics/_classification.py:1509: UndefinedMetricWarning: Precision is ill-defined and being set to 0.0 due to no predicted samples. Use `zero_division` parameter to control this behavior.
  _warn_prf(average, modifier, f"{metric.capitalize()} is", len(result))

2025-10-08 16:06:50,409:INFO:Calculating mean and std
2025-10-08 16:06:50,410:INFO:Creating metrics dataframe
2025-10-08 16:06:50,411:INFO:Uploading results into container
2025-10-08 16:06:50,411:INFO:Uploading model into container now
2025-10-08 16:06:50,411:INFO:_master_model_container: 43
2025-10-08 16:06:50,411:INFO:_display_container: 3
2025-10-08 16:06:50,412:INFO:DummyClassifier(constant=None, random_state=123, strategy='prior')
2025-10-08 16:06:50,412:INFO:create_model() successfully completed......................................
2025-10-08 16:06:50,620:INFO:SubProcess create_model() end ==================================
2025-10-08 16:06:50,620:INFO:Creating metrics dataframe
2025-10-08 16:06:50,627:WARNING:/home/leon/.conda/envs/ml_general/lib/python3.10/site-packages/pycaret/internal/pycaret_experiment/supervised_experiment.py:323: FutureWarning: Styler.applymap has been deprecated. Use Styler.map instead.
  master_display_.apply(

2025-10-08 16:06:50,633:INFO:Initializing create_model()
2025-10-08 16:06:50,633:INFO:create_model(self=<pycaret.classification.oop.ClassificationExperiment object at 0x7f4ae1b064d0>, estimator=DecisionTreeClassifier(ccp_alpha=0.0, class_weight=None, criterion='gini',
                       max_depth=None, max_features=None, max_leaf_nodes=None,
                       min_impurity_decrease=0.0, min_samples_leaf=1,
                       min_samples_split=2, min_weight_fraction_leaf=0.0,
                       monotonic_cst=None, random_state=123, splitter='best'), fold=StratifiedKFold(n_splits=3, random_state=None, shuffle=False), round=4, cross_validation=False, predict=False, fit_kwargs={}, groups=None, refit=True, probability_threshold=None, experiment_custom_tags=None, verbose=False, system=False, add_to_model_list=True, metrics=None, display=None, model_only=True, return_train_score=False, error_score=0.0, kwargs={})
2025-10-08 16:06:50,633:INFO:Checking exceptions
2025-10-08 16:06:50,635:INFO:Importing libraries
2025-10-08 16:06:50,635:INFO:Copying training dataset
2025-10-08 16:06:50,650:INFO:Defining folds
2025-10-08 16:06:50,650:INFO:Declaring metric variables
2025-10-08 16:06:50,650:INFO:Importing untrained model
2025-10-08 16:06:50,650:INFO:Declaring custom model
2025-10-08 16:06:50,651:INFO:Decision Tree Classifier Imported successfully
2025-10-08 16:06:50,651:INFO:Cross validation set to False
2025-10-08 16:06:50,652:INFO:Fitting Model
2025-10-08 16:06:50,876:INFO:DecisionTreeClassifier(ccp_alpha=0.0, class_weight=None, criterion='gini',
                       max_depth=None, max_features=None, max_leaf_nodes=None,
                       min_impurity_decrease=0.0, min_samples_leaf=1,
                       min_samples_split=2, min_weight_fraction_leaf=0.0,
                       monotonic_cst=None, random_state=123, splitter='best')
2025-10-08 16:06:50,876:INFO:create_model() successfully completed......................................
2025-10-08 16:06:51,096:INFO:_master_model_container: 43
2025-10-08 16:06:51,096:INFO:_display_container: 3
2025-10-08 16:06:51,096:INFO:DecisionTreeClassifier(ccp_alpha=0.0, class_weight=None, criterion='gini',
                       max_depth=None, max_features=None, max_leaf_nodes=None,
                       min_impurity_decrease=0.0, min_samples_leaf=1,
                       min_samples_split=2, min_weight_fraction_leaf=0.0,
                       monotonic_cst=None, random_state=123, splitter='best')
2025-10-08 16:06:51,096:INFO:compare_models() successfully completed......................................
2025-10-08 16:08:59,278:INFO:Initializing plot_model()
2025-10-08 16:08:59,279:INFO:plot_model(plot=feature, fold=None, verbose=True, display=None, display_format=None, estimator=DecisionTreeClassifier(ccp_alpha=0.0, class_weight=None, criterion='gini',
                       max_depth=None, max_features=None, max_leaf_nodes=None,
                       min_impurity_decrease=0.0, min_samples_leaf=1,
                       min_samples_split=2, min_weight_fraction_leaf=0.0,
                       monotonic_cst=None, random_state=123, splitter='best'), feature_name=None, fit_kwargs=None, groups=None, label=False, plot_kwargs=None, save=False, scale=1, self=<pycaret.classification.oop.ClassificationExperiment object at 0x7f4ae1b064d0>, system=True)
2025-10-08 16:08:59,279:INFO:Checking exceptions
2025-10-08 16:08:59,289:INFO:Preloading libraries
2025-10-08 16:08:59,289:INFO:Copying training dataset
2025-10-08 16:08:59,289:INFO:Plot type: feature
2025-10-08 16:08:59,290:WARNING:No coef_ found. Trying feature_importances_
2025-10-08 16:08:59,495:INFO:Visual Rendered Successfully
2025-10-08 16:08:59,718:INFO:plot_model() successfully completed......................................
2025-10-08 16:09:57,461:INFO:Initializing compare_models()
2025-10-08 16:09:57,461:INFO:compare_models(self=<pycaret.classification.oop.ClassificationExperiment object at 0x7f4ae1b064d0>, include=None, fold=None, round=4, cross_validation=True, sort=F1, n_select=3, budget_time=None, turbo=True, errors=ignore, fit_kwargs=None, groups=None, experiment_custom_tags=None, probability_threshold=None, verbose=True, parallel=None, caller_params={'self': <pycaret.classification.oop.ClassificationExperiment object at 0x7f4ae1b064d0>, 'include': None, 'exclude': 'lightgbm', 'fold': None, 'round': 4, 'cross_validation': True, 'sort': 'F1', 'n_select': 3, 'budget_time': None, 'turbo': True, 'errors': 'ignore', 'fit_kwargs': None, 'groups': None, 'experiment_custom_tags': None, 'probability_threshold': None, 'engine': None, 'verbose': True, 'parallel': None, '__class__': <class 'pycaret.classification.oop.ClassificationExperiment'>}, exclude=lightgbm)
2025-10-08 16:09:57,462:INFO:Checking exceptions
2025-10-08 16:09:57,468:INFO:Preparing display monitor
2025-10-08 16:09:57,483:INFO:Initializing Logistic Regression
2025-10-08 16:09:57,483:INFO:Total runtime is 2.4517377217610677e-06 minutes
2025-10-08 16:09:57,486:INFO:SubProcess create_model() called ==================================
2025-10-08 16:09:57,486:INFO:Initializing create_model()
2025-10-08 16:09:57,486:INFO:create_model(self=<pycaret.classification.oop.ClassificationExperiment object at 0x7f4ae1b064d0>, estimator=lr, fold=StratifiedKFold(n_splits=3, random_state=None, shuffle=False), round=4, cross_validation=True, predict=True, fit_kwargs={}, groups=None, refit=False, probability_threshold=None, experiment_custom_tags=None, verbose=False, system=False, add_to_model_list=True, metrics=None, display=<pycaret.internal.display.display.CommonDisplay object at 0x7f4b99330c40>, model_only=True, return_train_score=False, error_score=0.0, kwargs={})
2025-10-08 16:09:57,486:INFO:Checking exceptions
2025-10-08 16:09:57,486:INFO:Importing libraries
2025-10-08 16:09:57,486:INFO:Copying training dataset
2025-10-08 16:09:57,504:INFO:Defining folds
2025-10-08 16:09:57,504:INFO:Declaring metric variables
2025-10-08 16:09:57,506:INFO:Importing untrained model
2025-10-08 16:09:57,509:INFO:Logistic Regression Imported successfully
2025-10-08 16:09:57,515:INFO:Starting cross validation
2025-10-08 16:09:57,516:INFO:Cross validating with StratifiedKFold(n_splits=3, random_state=None, shuffle=False), n_jobs=-1
2025-10-08 16:09:58,566:WARNING:/home/leon/.conda/envs/ml_general/lib/python3.10/site-packages/sklearn/linear_model/_logistic.py:469: ConvergenceWarning: lbfgs failed to converge (status=1):
STOP: TOTAL NO. of ITERATIONS REACHED LIMIT.

Increase the number of iterations (max_iter) or scale the data as shown in:
    https://scikit-learn.org/stable/modules/preprocessing.html
Please also refer to the documentation for alternative solver options:
    https://scikit-learn.org/stable/modules/linear_model.html#logistic-regression
  n_iter_i = _check_optimize_result(

2025-10-08 16:09:58,586:WARNING:/home/leon/.conda/envs/ml_general/lib/python3.10/site-packages/sklearn/linear_model/_logistic.py:469: ConvergenceWarning: lbfgs failed to converge (status=1):
STOP: TOTAL NO. of ITERATIONS REACHED LIMIT.

Increase the number of iterations (max_iter) or scale the data as shown in:
    https://scikit-learn.org/stable/modules/preprocessing.html
Please also refer to the documentation for alternative solver options:
    https://scikit-learn.org/stable/modules/linear_model.html#logistic-regression
  n_iter_i = _check_optimize_result(

2025-10-08 16:09:58,599:WARNING:/home/leon/.conda/envs/ml_general/lib/python3.10/site-packages/sklearn/linear_model/_logistic.py:469: ConvergenceWarning: lbfgs failed to converge (status=1):
STOP: TOTAL NO. of ITERATIONS REACHED LIMIT.

Increase the number of iterations (max_iter) or scale the data as shown in:
    https://scikit-learn.org/stable/modules/preprocessing.html
Please also refer to the documentation for alternative solver options:
    https://scikit-learn.org/stable/modules/linear_model.html#logistic-regression
  n_iter_i = _check_optimize_result(

2025-10-08 16:09:58,619:WARNING:/home/leon/.conda/envs/ml_general/lib/python3.10/site-packages/sklearn/metrics/_classification.py:1509: UndefinedMetricWarning: Precision is ill-defined and being set to 0.0 due to no predicted samples. Use `zero_division` parameter to control this behavior.
  _warn_prf(average, modifier, f"{metric.capitalize()} is", len(result))

2025-10-08 16:09:58,629:WARNING:/home/leon/.conda/envs/ml_general/lib/python3.10/site-packages/sklearn/metrics/_classification.py:1509: UndefinedMetricWarning: Precision is ill-defined and being set to 0.0 due to no predicted samples. Use `zero_division` parameter to control this behavior.
  _warn_prf(average, modifier, f"{metric.capitalize()} is", len(result))

2025-10-08 16:09:58,634:INFO:Calculating mean and std
2025-10-08 16:09:58,635:INFO:Creating metrics dataframe
2025-10-08 16:09:58,636:INFO:Uploading results into container
2025-10-08 16:09:58,637:INFO:Uploading model into container now
2025-10-08 16:09:58,637:INFO:_master_model_container: 44
2025-10-08 16:09:58,638:INFO:_display_container: 4
2025-10-08 16:09:58,638:INFO:LogisticRegression(C=1.0, class_weight=None, dual=False, fit_intercept=True,
                   intercept_scaling=1, l1_ratio=None, max_iter=1000,
                   multi_class='auto', n_jobs=None, penalty='l2',
                   random_state=123, solver='lbfgs', tol=0.0001, verbose=0,
                   warm_start=False)
2025-10-08 16:09:58,638:INFO:create_model() successfully completed......................................
2025-10-08 16:09:58,873:INFO:SubProcess create_model() end ==================================
2025-10-08 16:09:58,873:INFO:Creating metrics dataframe
2025-10-08 16:09:58,878:INFO:Initializing K Neighbors Classifier
2025-10-08 16:09:58,878:INFO:Total runtime is 0.023259679476420086 minutes
2025-10-08 16:09:58,880:INFO:SubProcess create_model() called ==================================
2025-10-08 16:09:58,881:INFO:Initializing create_model()
2025-10-08 16:09:58,881:INFO:create_model(self=<pycaret.classification.oop.ClassificationExperiment object at 0x7f4ae1b064d0>, estimator=knn, fold=StratifiedKFold(n_splits=3, random_state=None, shuffle=False), round=4, cross_validation=True, predict=True, fit_kwargs={}, groups=None, refit=False, probability_threshold=None, experiment_custom_tags=None, verbose=False, system=False, add_to_model_list=True, metrics=None, display=<pycaret.internal.display.display.CommonDisplay object at 0x7f4b99330c40>, model_only=True, return_train_score=False, error_score=0.0, kwargs={})
2025-10-08 16:09:58,881:INFO:Checking exceptions
2025-10-08 16:09:58,881:INFO:Importing libraries
2025-10-08 16:09:58,881:INFO:Copying training dataset
2025-10-08 16:09:58,905:INFO:Defining folds
2025-10-08 16:09:58,905:INFO:Declaring metric variables
2025-10-08 16:09:58,908:INFO:Importing untrained model
2025-10-08 16:09:58,911:INFO:K Neighbors Classifier Imported successfully
2025-10-08 16:09:58,917:INFO:Starting cross validation
2025-10-08 16:09:58,918:INFO:Cross validating with StratifiedKFold(n_splits=3, random_state=None, shuffle=False), n_jobs=-1
2025-10-08 16:09:59,393:INFO:Calculating mean and std
2025-10-08 16:09:59,394:INFO:Creating metrics dataframe
2025-10-08 16:09:59,396:INFO:Uploading results into container
2025-10-08 16:09:59,397:INFO:Uploading model into container now
2025-10-08 16:09:59,397:INFO:_master_model_container: 45
2025-10-08 16:09:59,397:INFO:_display_container: 4
2025-10-08 16:09:59,398:INFO:KNeighborsClassifier(algorithm='auto', leaf_size=30, metric='minkowski',
                     metric_params=None, n_jobs=-1, n_neighbors=5, p=2,
                     weights='uniform')
2025-10-08 16:09:59,398:INFO:create_model() successfully completed......................................
2025-10-08 16:09:59,618:INFO:SubProcess create_model() end ==================================
2025-10-08 16:09:59,618:INFO:Creating metrics dataframe
2025-10-08 16:09:59,623:INFO:Initializing Naive Bayes
2025-10-08 16:09:59,623:INFO:Total runtime is 0.03567257722218831 minutes
2025-10-08 16:09:59,625:INFO:SubProcess create_model() called ==================================
2025-10-08 16:09:59,626:INFO:Initializing create_model()
2025-10-08 16:09:59,626:INFO:create_model(self=<pycaret.classification.oop.ClassificationExperiment object at 0x7f4ae1b064d0>, estimator=nb, fold=StratifiedKFold(n_splits=3, random_state=None, shuffle=False), round=4, cross_validation=True, predict=True, fit_kwargs={}, groups=None, refit=False, probability_threshold=None, experiment_custom_tags=None, verbose=False, system=False, add_to_model_list=True, metrics=None, display=<pycaret.internal.display.display.CommonDisplay object at 0x7f4b99330c40>, model_only=True, return_train_score=False, error_score=0.0, kwargs={})
2025-10-08 16:09:59,626:INFO:Checking exceptions
2025-10-08 16:09:59,626:INFO:Importing libraries
2025-10-08 16:09:59,626:INFO:Copying training dataset
2025-10-08 16:09:59,643:INFO:Defining folds
2025-10-08 16:09:59,643:INFO:Declaring metric variables
2025-10-08 16:09:59,646:INFO:Importing untrained model
2025-10-08 16:09:59,649:INFO:Naive Bayes Imported successfully
2025-10-08 16:09:59,656:INFO:Starting cross validation
2025-10-08 16:09:59,657:INFO:Cross validating with StratifiedKFold(n_splits=3, random_state=None, shuffle=False), n_jobs=-1
2025-10-08 16:09:59,784:INFO:Calculating mean and std
2025-10-08 16:09:59,785:INFO:Creating metrics dataframe
2025-10-08 16:09:59,786:INFO:Uploading results into container
2025-10-08 16:09:59,787:INFO:Uploading model into container now
2025-10-08 16:09:59,787:INFO:_master_model_container: 46
2025-10-08 16:09:59,787:INFO:_display_container: 4
2025-10-08 16:09:59,787:INFO:GaussianNB(priors=None, var_smoothing=1e-09)
2025-10-08 16:09:59,787:INFO:create_model() successfully completed......................................
2025-10-08 16:10:00,010:INFO:SubProcess create_model() end ==================================
2025-10-08 16:10:00,010:INFO:Creating metrics dataframe
2025-10-08 16:10:00,015:INFO:Initializing Decision Tree Classifier
2025-10-08 16:10:00,015:INFO:Total runtime is 0.04220915635426839 minutes
2025-10-08 16:10:00,018:INFO:SubProcess create_model() called ==================================
2025-10-08 16:10:00,018:INFO:Initializing create_model()
2025-10-08 16:10:00,018:INFO:create_model(self=<pycaret.classification.oop.ClassificationExperiment object at 0x7f4ae1b064d0>, estimator=dt, fold=StratifiedKFold(n_splits=3, random_state=None, shuffle=False), round=4, cross_validation=True, predict=True, fit_kwargs={}, groups=None, refit=False, probability_threshold=None, experiment_custom_tags=None, verbose=False, system=False, add_to_model_list=True, metrics=None, display=<pycaret.internal.display.display.CommonDisplay object at 0x7f4b99330c40>, model_only=True, return_train_score=False, error_score=0.0, kwargs={})
2025-10-08 16:10:00,018:INFO:Checking exceptions
2025-10-08 16:10:00,018:INFO:Importing libraries
2025-10-08 16:10:00,018:INFO:Copying training dataset
2025-10-08 16:10:00,035:INFO:Defining folds
2025-10-08 16:10:00,035:INFO:Declaring metric variables
2025-10-08 16:10:00,037:INFO:Importing untrained model
2025-10-08 16:10:00,040:INFO:Decision Tree Classifier Imported successfully
2025-10-08 16:10:00,045:INFO:Starting cross validation
2025-10-08 16:10:00,047:INFO:Cross validating with StratifiedKFold(n_splits=3, random_state=None, shuffle=False), n_jobs=-1
2025-10-08 16:10:00,273:INFO:Calculating mean and std
2025-10-08 16:10:00,273:INFO:Creating metrics dataframe
2025-10-08 16:10:00,275:INFO:Uploading results into container
2025-10-08 16:10:00,276:INFO:Uploading model into container now
2025-10-08 16:10:00,276:INFO:_master_model_container: 47
2025-10-08 16:10:00,276:INFO:_display_container: 4
2025-10-08 16:10:00,277:INFO:DecisionTreeClassifier(ccp_alpha=0.0, class_weight=None, criterion='gini',
                       max_depth=None, max_features=None, max_leaf_nodes=None,
                       min_impurity_decrease=0.0, min_samples_leaf=1,
                       min_samples_split=2, min_weight_fraction_leaf=0.0,
                       monotonic_cst=None, random_state=123, splitter='best')
2025-10-08 16:10:00,277:INFO:create_model() successfully completed......................................
2025-10-08 16:10:00,497:INFO:SubProcess create_model() end ==================================
2025-10-08 16:10:00,497:INFO:Creating metrics dataframe
2025-10-08 16:10:00,502:INFO:Initializing SVM - Linear Kernel
2025-10-08 16:10:00,502:INFO:Total runtime is 0.05032535791397094 minutes
2025-10-08 16:10:00,504:INFO:SubProcess create_model() called ==================================
2025-10-08 16:10:00,505:INFO:Initializing create_model()
2025-10-08 16:10:00,505:INFO:create_model(self=<pycaret.classification.oop.ClassificationExperiment object at 0x7f4ae1b064d0>, estimator=svm, fold=StratifiedKFold(n_splits=3, random_state=None, shuffle=False), round=4, cross_validation=True, predict=True, fit_kwargs={}, groups=None, refit=False, probability_threshold=None, experiment_custom_tags=None, verbose=False, system=False, add_to_model_list=True, metrics=None, display=<pycaret.internal.display.display.CommonDisplay object at 0x7f4b99330c40>, model_only=True, return_train_score=False, error_score=0.0, kwargs={})
2025-10-08 16:10:00,505:INFO:Checking exceptions
2025-10-08 16:10:00,505:INFO:Importing libraries
2025-10-08 16:10:00,505:INFO:Copying training dataset
2025-10-08 16:10:00,521:INFO:Defining folds
2025-10-08 16:10:00,521:INFO:Declaring metric variables
2025-10-08 16:10:00,523:INFO:Importing untrained model
2025-10-08 16:10:00,526:INFO:SVM - Linear Kernel Imported successfully
2025-10-08 16:10:00,530:INFO:Starting cross validation
2025-10-08 16:10:00,532:INFO:Cross validating with StratifiedKFold(n_splits=3, random_state=None, shuffle=False), n_jobs=-1
2025-10-08 16:10:00,757:WARNING:/home/leon/.conda/envs/ml_general/lib/python3.10/site-packages/sklearn/metrics/_classification.py:1509: UndefinedMetricWarning: Precision is ill-defined and being set to 0.0 due to no predicted samples. Use `zero_division` parameter to control this behavior.
  _warn_prf(average, modifier, f"{metric.capitalize()} is", len(result))

2025-10-08 16:10:00,779:WARNING:/home/leon/.conda/envs/ml_general/lib/python3.10/site-packages/sklearn/metrics/_classification.py:1509: UndefinedMetricWarning: Precision is ill-defined and being set to 0.0 due to no predicted samples. Use `zero_division` parameter to control this behavior.
  _warn_prf(average, modifier, f"{metric.capitalize()} is", len(result))

2025-10-08 16:10:00,815:INFO:Calculating mean and std
2025-10-08 16:10:00,816:INFO:Creating metrics dataframe
2025-10-08 16:10:00,817:INFO:Uploading results into container
2025-10-08 16:10:00,818:INFO:Uploading model into container now
2025-10-08 16:10:00,818:INFO:_master_model_container: 48
2025-10-08 16:10:00,818:INFO:_display_container: 4
2025-10-08 16:10:00,819:INFO:SGDClassifier(alpha=0.0001, average=False, class_weight=None,
              early_stopping=False, epsilon=0.1, eta0=0.001, fit_intercept=True,
              l1_ratio=0.15, learning_rate='optimal', loss='hinge',
              max_iter=1000, n_iter_no_change=5, n_jobs=-1, penalty='l2',
              power_t=0.5, random_state=123, shuffle=True, tol=0.001,
              validation_fraction=0.1, verbose=0, warm_start=False)
2025-10-08 16:10:00,819:INFO:create_model() successfully completed......................................
2025-10-08 16:10:01,037:INFO:SubProcess create_model() end ==================================
2025-10-08 16:10:01,037:INFO:Creating metrics dataframe
2025-10-08 16:10:01,042:INFO:Initializing Ridge Classifier
2025-10-08 16:10:01,042:INFO:Total runtime is 0.05932159423828125 minutes
2025-10-08 16:10:01,044:INFO:SubProcess create_model() called ==================================
2025-10-08 16:10:01,045:INFO:Initializing create_model()
2025-10-08 16:10:01,045:INFO:create_model(self=<pycaret.classification.oop.ClassificationExperiment object at 0x7f4ae1b064d0>, estimator=ridge, fold=StratifiedKFold(n_splits=3, random_state=None, shuffle=False), round=4, cross_validation=True, predict=True, fit_kwargs={}, groups=None, refit=False, probability_threshold=None, experiment_custom_tags=None, verbose=False, system=False, add_to_model_list=True, metrics=None, display=<pycaret.internal.display.display.CommonDisplay object at 0x7f4b99330c40>, model_only=True, return_train_score=False, error_score=0.0, kwargs={})
2025-10-08 16:10:01,045:INFO:Checking exceptions
2025-10-08 16:10:01,045:INFO:Importing libraries
2025-10-08 16:10:01,045:INFO:Copying training dataset
2025-10-08 16:10:01,061:INFO:Defining folds
2025-10-08 16:10:01,061:INFO:Declaring metric variables
2025-10-08 16:10:01,064:INFO:Importing untrained model
2025-10-08 16:10:01,066:INFO:Ridge Classifier Imported successfully
2025-10-08 16:10:01,071:INFO:Starting cross validation
2025-10-08 16:10:01,072:INFO:Cross validating with StratifiedKFold(n_splits=3, random_state=None, shuffle=False), n_jobs=-1
2025-10-08 16:10:01,178:WARNING:/home/leon/.conda/envs/ml_general/lib/python3.10/site-packages/sklearn/metrics/_classification.py:1509: UndefinedMetricWarning: Precision is ill-defined and being set to 0.0 due to no predicted samples. Use `zero_division` parameter to control this behavior.
  _warn_prf(average, modifier, f"{metric.capitalize()} is", len(result))

2025-10-08 16:10:01,179:WARNING:/home/leon/.conda/envs/ml_general/lib/python3.10/site-packages/sklearn/metrics/_classification.py:1509: UndefinedMetricWarning: Precision is ill-defined and being set to 0.0 due to no predicted samples. Use `zero_division` parameter to control this behavior.
  _warn_prf(average, modifier, f"{metric.capitalize()} is", len(result))

2025-10-08 16:10:01,179:WARNING:/home/leon/.conda/envs/ml_general/lib/python3.10/site-packages/sklearn/metrics/_classification.py:1509: UndefinedMetricWarning: Precision is ill-defined and being set to 0.0 due to no predicted samples. Use `zero_division` parameter to control this behavior.
  _warn_prf(average, modifier, f"{metric.capitalize()} is", len(result))

2025-10-08 16:10:01,184:INFO:Calculating mean and std
2025-10-08 16:10:01,185:INFO:Creating metrics dataframe
2025-10-08 16:10:01,186:INFO:Uploading results into container
2025-10-08 16:10:01,187:INFO:Uploading model into container now
2025-10-08 16:10:01,187:INFO:_master_model_container: 49
2025-10-08 16:10:01,187:INFO:_display_container: 4
2025-10-08 16:10:01,187:INFO:RidgeClassifier(alpha=1.0, class_weight=None, copy_X=True, fit_intercept=True,
                max_iter=None, positive=False, random_state=123, solver='auto',
                tol=0.0001)
2025-10-08 16:10:01,187:INFO:create_model() successfully completed......................................
2025-10-08 16:10:01,409:INFO:SubProcess create_model() end ==================================
2025-10-08 16:10:01,409:INFO:Creating metrics dataframe
2025-10-08 16:10:01,415:INFO:Initializing Random Forest Classifier
2025-10-08 16:10:01,415:INFO:Total runtime is 0.06553970575332642 minutes
2025-10-08 16:10:01,417:INFO:SubProcess create_model() called ==================================
2025-10-08 16:10:01,418:INFO:Initializing create_model()
2025-10-08 16:10:01,418:INFO:create_model(self=<pycaret.classification.oop.ClassificationExperiment object at 0x7f4ae1b064d0>, estimator=rf, fold=StratifiedKFold(n_splits=3, random_state=None, shuffle=False), round=4, cross_validation=True, predict=True, fit_kwargs={}, groups=None, refit=False, probability_threshold=None, experiment_custom_tags=None, verbose=False, system=False, add_to_model_list=True, metrics=None, display=<pycaret.internal.display.display.CommonDisplay object at 0x7f4b99330c40>, model_only=True, return_train_score=False, error_score=0.0, kwargs={})
2025-10-08 16:10:01,418:INFO:Checking exceptions
2025-10-08 16:10:01,418:INFO:Importing libraries
2025-10-08 16:10:01,418:INFO:Copying training dataset
2025-10-08 16:10:01,433:INFO:Defining folds
2025-10-08 16:10:01,434:INFO:Declaring metric variables
2025-10-08 16:10:01,436:INFO:Importing untrained model
2025-10-08 16:10:01,439:INFO:Random Forest Classifier Imported successfully
2025-10-08 16:10:01,444:INFO:Starting cross validation
2025-10-08 16:10:01,445:INFO:Cross validating with StratifiedKFold(n_splits=3, random_state=None, shuffle=False), n_jobs=-1
2025-10-08 16:10:02,099:INFO:Calculating mean and std
2025-10-08 16:10:02,100:INFO:Creating metrics dataframe
2025-10-08 16:10:02,102:INFO:Uploading results into container
2025-10-08 16:10:02,102:INFO:Uploading model into container now
2025-10-08 16:10:02,103:INFO:_master_model_container: 50
2025-10-08 16:10:02,103:INFO:_display_container: 4
2025-10-08 16:10:02,103:INFO:RandomForestClassifier(bootstrap=True, ccp_alpha=0.0, class_weight=None,
                       criterion='gini', max_depth=None, max_features='sqrt',
                       max_leaf_nodes=None, max_samples=None,
                       min_impurity_decrease=0.0, min_samples_leaf=1,
                       min_samples_split=2, min_weight_fraction_leaf=0.0,
                       monotonic_cst=None, n_estimators=100, n_jobs=-1,
                       oob_score=False, random_state=123, verbose=0,
                       warm_start=False)
2025-10-08 16:10:02,103:INFO:create_model() successfully completed......................................
2025-10-08 16:10:02,326:INFO:SubProcess create_model() end ==================================
2025-10-08 16:10:02,326:INFO:Creating metrics dataframe
2025-10-08 16:10:02,332:INFO:Initializing Quadratic Discriminant Analysis
2025-10-08 16:10:02,332:INFO:Total runtime is 0.08082025448481242 minutes
2025-10-08 16:10:02,334:INFO:SubProcess create_model() called ==================================
2025-10-08 16:10:02,334:INFO:Initializing create_model()
2025-10-08 16:10:02,334:INFO:create_model(self=<pycaret.classification.oop.ClassificationExperiment object at 0x7f4ae1b064d0>, estimator=qda, fold=StratifiedKFold(n_splits=3, random_state=None, shuffle=False), round=4, cross_validation=True, predict=True, fit_kwargs={}, groups=None, refit=False, probability_threshold=None, experiment_custom_tags=None, verbose=False, system=False, add_to_model_list=True, metrics=None, display=<pycaret.internal.display.display.CommonDisplay object at 0x7f4b99330c40>, model_only=True, return_train_score=False, error_score=0.0, kwargs={})
2025-10-08 16:10:02,334:INFO:Checking exceptions
2025-10-08 16:10:02,334:INFO:Importing libraries
2025-10-08 16:10:02,334:INFO:Copying training dataset
2025-10-08 16:10:02,351:INFO:Defining folds
2025-10-08 16:10:02,351:INFO:Declaring metric variables
2025-10-08 16:10:02,354:INFO:Importing untrained model
2025-10-08 16:10:02,357:INFO:Quadratic Discriminant Analysis Imported successfully
2025-10-08 16:10:02,362:INFO:Starting cross validation
2025-10-08 16:10:02,364:INFO:Cross validating with StratifiedKFold(n_splits=3, random_state=None, shuffle=False), n_jobs=-1
2025-10-08 16:10:02,457:WARNING:/home/leon/.conda/envs/ml_general/lib/python3.10/site-packages/sklearn/discriminant_analysis.py:935: UserWarning: Variables are collinear
  warnings.warn("Variables are collinear")

2025-10-08 16:10:02,458:WARNING:/home/leon/.conda/envs/ml_general/lib/python3.10/site-packages/sklearn/discriminant_analysis.py:935: UserWarning: Variables are collinear
  warnings.warn("Variables are collinear")

2025-10-08 16:10:02,463:WARNING:/home/leon/.conda/envs/ml_general/lib/python3.10/site-packages/sklearn/discriminant_analysis.py:935: UserWarning: Variables are collinear
  warnings.warn("Variables are collinear")

2025-10-08 16:10:02,515:INFO:Calculating mean and std
2025-10-08 16:10:02,515:INFO:Creating metrics dataframe
2025-10-08 16:10:02,517:INFO:Uploading results into container
2025-10-08 16:10:02,517:INFO:Uploading model into container now
2025-10-08 16:10:02,518:INFO:_master_model_container: 51
2025-10-08 16:10:02,518:INFO:_display_container: 4
2025-10-08 16:10:02,518:INFO:QuadraticDiscriminantAnalysis(priors=None, reg_param=0.0,
                              store_covariance=False, tol=0.0001)
2025-10-08 16:10:02,518:INFO:create_model() successfully completed......................................
2025-10-08 16:10:02,737:INFO:SubProcess create_model() end ==================================
2025-10-08 16:10:02,737:INFO:Creating metrics dataframe
2025-10-08 16:10:02,743:INFO:Initializing Ada Boost Classifier
2025-10-08 16:10:02,743:INFO:Total runtime is 0.0876675566037496 minutes
2025-10-08 16:10:02,745:INFO:SubProcess create_model() called ==================================
2025-10-08 16:10:02,745:INFO:Initializing create_model()
2025-10-08 16:10:02,745:INFO:create_model(self=<pycaret.classification.oop.ClassificationExperiment object at 0x7f4ae1b064d0>, estimator=ada, fold=StratifiedKFold(n_splits=3, random_state=None, shuffle=False), round=4, cross_validation=True, predict=True, fit_kwargs={}, groups=None, refit=False, probability_threshold=None, experiment_custom_tags=None, verbose=False, system=False, add_to_model_list=True, metrics=None, display=<pycaret.internal.display.display.CommonDisplay object at 0x7f4b99330c40>, model_only=True, return_train_score=False, error_score=0.0, kwargs={})
2025-10-08 16:10:02,745:INFO:Checking exceptions
2025-10-08 16:10:02,745:INFO:Importing libraries
2025-10-08 16:10:02,745:INFO:Copying training dataset
2025-10-08 16:10:02,761:INFO:Defining folds
2025-10-08 16:10:02,761:INFO:Declaring metric variables
2025-10-08 16:10:02,764:INFO:Importing untrained model
2025-10-08 16:10:02,767:INFO:Ada Boost Classifier Imported successfully
2025-10-08 16:10:02,772:INFO:Starting cross validation
2025-10-08 16:10:02,773:INFO:Cross validating with StratifiedKFold(n_splits=3, random_state=None, shuffle=False), n_jobs=-1
2025-10-08 16:10:02,831:WARNING:/home/leon/.conda/envs/ml_general/lib/python3.10/site-packages/sklearn/ensemble/_weight_boosting.py:519: FutureWarning: The SAMME.R algorithm (the default) is deprecated and will be removed in 1.6. Use the SAMME algorithm to circumvent this warning.
  warnings.warn(

2025-10-08 16:10:02,838:WARNING:/home/leon/.conda/envs/ml_general/lib/python3.10/site-packages/sklearn/ensemble/_weight_boosting.py:519: FutureWarning: The SAMME.R algorithm (the default) is deprecated and will be removed in 1.6. Use the SAMME algorithm to circumvent this warning.
  warnings.warn(

2025-10-08 16:10:02,840:WARNING:/home/leon/.conda/envs/ml_general/lib/python3.10/site-packages/sklearn/ensemble/_weight_boosting.py:519: FutureWarning: The SAMME.R algorithm (the default) is deprecated and will be removed in 1.6. Use the SAMME algorithm to circumvent this warning.
  warnings.warn(

2025-10-08 16:10:03,654:INFO:Calculating mean and std
2025-10-08 16:10:03,655:INFO:Creating metrics dataframe
2025-10-08 16:10:03,657:INFO:Uploading results into container
2025-10-08 16:10:03,657:INFO:Uploading model into container now
2025-10-08 16:10:03,657:INFO:_master_model_container: 52
2025-10-08 16:10:03,657:INFO:_display_container: 4
2025-10-08 16:10:03,658:INFO:AdaBoostClassifier(algorithm='SAMME.R', estimator=None, learning_rate=1.0,
                   n_estimators=50, random_state=123)
2025-10-08 16:10:03,658:INFO:create_model() successfully completed......................................
2025-10-08 16:10:03,878:INFO:SubProcess create_model() end ==================================
2025-10-08 16:10:03,878:INFO:Creating metrics dataframe
2025-10-08 16:10:03,884:INFO:Initializing Gradient Boosting Classifier
2025-10-08 16:10:03,884:INFO:Total runtime is 0.10669354995091757 minutes
2025-10-08 16:10:03,887:INFO:SubProcess create_model() called ==================================
2025-10-08 16:10:03,887:INFO:Initializing create_model()
2025-10-08 16:10:03,887:INFO:create_model(self=<pycaret.classification.oop.ClassificationExperiment object at 0x7f4ae1b064d0>, estimator=gbc, fold=StratifiedKFold(n_splits=3, random_state=None, shuffle=False), round=4, cross_validation=True, predict=True, fit_kwargs={}, groups=None, refit=False, probability_threshold=None, experiment_custom_tags=None, verbose=False, system=False, add_to_model_list=True, metrics=None, display=<pycaret.internal.display.display.CommonDisplay object at 0x7f4b99330c40>, model_only=True, return_train_score=False, error_score=0.0, kwargs={})
2025-10-08 16:10:03,887:INFO:Checking exceptions
2025-10-08 16:10:03,887:INFO:Importing libraries
2025-10-08 16:10:03,887:INFO:Copying training dataset
2025-10-08 16:10:03,905:INFO:Defining folds
2025-10-08 16:10:03,905:INFO:Declaring metric variables
2025-10-08 16:10:03,907:INFO:Importing untrained model
2025-10-08 16:10:03,910:INFO:Gradient Boosting Classifier Imported successfully
2025-10-08 16:10:03,915:INFO:Starting cross validation
2025-10-08 16:10:03,916:INFO:Cross validating with StratifiedKFold(n_splits=3, random_state=None, shuffle=False), n_jobs=-1
2025-10-08 16:10:07,419:INFO:Calculating mean and std
2025-10-08 16:10:07,420:INFO:Creating metrics dataframe
2025-10-08 16:10:07,421:INFO:Uploading results into container
2025-10-08 16:10:07,422:INFO:Uploading model into container now
2025-10-08 16:10:07,422:INFO:_master_model_container: 53
2025-10-08 16:10:07,422:INFO:_display_container: 4
2025-10-08 16:10:07,422:INFO:GradientBoostingClassifier(ccp_alpha=0.0, criterion='friedman_mse', init=None,
                           learning_rate=0.1, loss='log_loss', max_depth=3,
                           max_features=None, max_leaf_nodes=None,
                           min_impurity_decrease=0.0, min_samples_leaf=1,
                           min_samples_split=2, min_weight_fraction_leaf=0.0,
                           n_estimators=100, n_iter_no_change=None,
                           random_state=123, subsample=1.0, tol=0.0001,
                           validation_fraction=0.1, verbose=0,
                           warm_start=False)
2025-10-08 16:10:07,422:INFO:create_model() successfully completed......................................
2025-10-08 16:10:07,655:INFO:SubProcess create_model() end ==================================
2025-10-08 16:10:07,656:INFO:Creating metrics dataframe
2025-10-08 16:10:07,662:INFO:Initializing Linear Discriminant Analysis
2025-10-08 16:10:07,662:INFO:Total runtime is 0.16966152985890706 minutes
2025-10-08 16:10:07,665:INFO:SubProcess create_model() called ==================================
2025-10-08 16:10:07,665:INFO:Initializing create_model()
2025-10-08 16:10:07,665:INFO:create_model(self=<pycaret.classification.oop.ClassificationExperiment object at 0x7f4ae1b064d0>, estimator=lda, fold=StratifiedKFold(n_splits=3, random_state=None, shuffle=False), round=4, cross_validation=True, predict=True, fit_kwargs={}, groups=None, refit=False, probability_threshold=None, experiment_custom_tags=None, verbose=False, system=False, add_to_model_list=True, metrics=None, display=<pycaret.internal.display.display.CommonDisplay object at 0x7f4b99330c40>, model_only=True, return_train_score=False, error_score=0.0, kwargs={})
2025-10-08 16:10:07,665:INFO:Checking exceptions
2025-10-08 16:10:07,665:INFO:Importing libraries
2025-10-08 16:10:07,665:INFO:Copying training dataset
2025-10-08 16:10:07,682:INFO:Defining folds
2025-10-08 16:10:07,682:INFO:Declaring metric variables
2025-10-08 16:10:07,684:INFO:Importing untrained model
2025-10-08 16:10:07,687:INFO:Linear Discriminant Analysis Imported successfully
2025-10-08 16:10:07,691:INFO:Starting cross validation
2025-10-08 16:10:07,693:INFO:Cross validating with StratifiedKFold(n_splits=3, random_state=None, shuffle=False), n_jobs=-1
2025-10-08 16:10:07,838:WARNING:/home/leon/.conda/envs/ml_general/lib/python3.10/site-packages/sklearn/metrics/_classification.py:1509: UndefinedMetricWarning: Precision is ill-defined and being set to 0.0 due to no predicted samples. Use `zero_division` parameter to control this behavior.
  _warn_prf(average, modifier, f"{metric.capitalize()} is", len(result))

2025-10-08 16:10:07,847:INFO:Calculating mean and std
2025-10-08 16:10:07,848:INFO:Creating metrics dataframe
2025-10-08 16:10:07,849:INFO:Uploading results into container
2025-10-08 16:10:07,849:INFO:Uploading model into container now
2025-10-08 16:10:07,850:INFO:_master_model_container: 54
2025-10-08 16:10:07,850:INFO:_display_container: 4
2025-10-08 16:10:07,850:INFO:LinearDiscriminantAnalysis(covariance_estimator=None, n_components=None,
                           priors=None, shrinkage=None, solver='svd',
                           store_covariance=False, tol=0.0001)
2025-10-08 16:10:07,850:INFO:create_model() successfully completed......................................
2025-10-08 16:10:08,078:INFO:SubProcess create_model() end ==================================
2025-10-08 16:10:08,078:INFO:Creating metrics dataframe
2025-10-08 16:10:08,085:INFO:Initializing Extra Trees Classifier
2025-10-08 16:10:08,085:INFO:Total runtime is 0.17670233249664308 minutes
2025-10-08 16:10:08,088:INFO:SubProcess create_model() called ==================================
2025-10-08 16:10:08,088:INFO:Initializing create_model()
2025-10-08 16:10:08,088:INFO:create_model(self=<pycaret.classification.oop.ClassificationExperiment object at 0x7f4ae1b064d0>, estimator=et, fold=StratifiedKFold(n_splits=3, random_state=None, shuffle=False), round=4, cross_validation=True, predict=True, fit_kwargs={}, groups=None, refit=False, probability_threshold=None, experiment_custom_tags=None, verbose=False, system=False, add_to_model_list=True, metrics=None, display=<pycaret.internal.display.display.CommonDisplay object at 0x7f4b99330c40>, model_only=True, return_train_score=False, error_score=0.0, kwargs={})
2025-10-08 16:10:08,088:INFO:Checking exceptions
2025-10-08 16:10:08,088:INFO:Importing libraries
2025-10-08 16:10:08,088:INFO:Copying training dataset
2025-10-08 16:10:08,105:INFO:Defining folds
2025-10-08 16:10:08,105:INFO:Declaring metric variables
2025-10-08 16:10:08,107:INFO:Importing untrained model
2025-10-08 16:10:08,110:INFO:Extra Trees Classifier Imported successfully
2025-10-08 16:10:08,117:INFO:Starting cross validation
2025-10-08 16:10:08,118:INFO:Cross validating with StratifiedKFold(n_splits=3, random_state=None, shuffle=False), n_jobs=-1
2025-10-08 16:10:08,496:INFO:Calculating mean and std
2025-10-08 16:10:08,496:INFO:Creating metrics dataframe
2025-10-08 16:10:08,498:INFO:Uploading results into container
2025-10-08 16:10:08,498:INFO:Uploading model into container now
2025-10-08 16:10:08,499:INFO:_master_model_container: 55
2025-10-08 16:10:08,499:INFO:_display_container: 4
2025-10-08 16:10:08,499:INFO:ExtraTreesClassifier(bootstrap=False, ccp_alpha=0.0, class_weight=None,
                     criterion='gini', max_depth=None, max_features='sqrt',
                     max_leaf_nodes=None, max_samples=None,
                     min_impurity_decrease=0.0, min_samples_leaf=1,
                     min_samples_split=2, min_weight_fraction_leaf=0.0,
                     monotonic_cst=None, n_estimators=100, n_jobs=-1,
                     oob_score=False, random_state=123, verbose=0,
                     warm_start=False)
2025-10-08 16:10:08,499:INFO:create_model() successfully completed......................................
2025-10-08 16:10:08,731:INFO:SubProcess create_model() end ==================================
2025-10-08 16:10:08,731:INFO:Creating metrics dataframe
2025-10-08 16:10:08,738:INFO:Initializing Extreme Gradient Boosting
2025-10-08 16:10:08,738:INFO:Total runtime is 0.18759414752324424 minutes
2025-10-08 16:10:08,740:INFO:SubProcess create_model() called ==================================
2025-10-08 16:10:08,741:INFO:Initializing create_model()
2025-10-08 16:10:08,741:INFO:create_model(self=<pycaret.classification.oop.ClassificationExperiment object at 0x7f4ae1b064d0>, estimator=xgboost, fold=StratifiedKFold(n_splits=3, random_state=None, shuffle=False), round=4, cross_validation=True, predict=True, fit_kwargs={}, groups=None, refit=False, probability_threshold=None, experiment_custom_tags=None, verbose=False, system=False, add_to_model_list=True, metrics=None, display=<pycaret.internal.display.display.CommonDisplay object at 0x7f4b99330c40>, model_only=True, return_train_score=False, error_score=0.0, kwargs={})
2025-10-08 16:10:08,741:INFO:Checking exceptions
2025-10-08 16:10:08,741:INFO:Importing libraries
2025-10-08 16:10:08,741:INFO:Copying training dataset
2025-10-08 16:10:08,757:INFO:Defining folds
2025-10-08 16:10:08,757:INFO:Declaring metric variables
2025-10-08 16:10:08,759:INFO:Importing untrained model
2025-10-08 16:10:08,761:INFO:Extreme Gradient Boosting Imported successfully
2025-10-08 16:10:08,766:INFO:Starting cross validation
2025-10-08 16:10:08,768:INFO:Cross validating with StratifiedKFold(n_splits=3, random_state=None, shuffle=False), n_jobs=-1
2025-10-08 16:10:09,260:INFO:Calculating mean and std
2025-10-08 16:10:09,260:INFO:Creating metrics dataframe
2025-10-08 16:10:09,261:INFO:Uploading results into container
2025-10-08 16:10:09,262:INFO:Uploading model into container now
2025-10-08 16:10:09,262:INFO:_master_model_container: 56
2025-10-08 16:10:09,262:INFO:_display_container: 4
2025-10-08 16:10:09,263:INFO:XGBClassifier(base_score=None, booster='gbtree', callbacks=None,
              colsample_bylevel=None, colsample_bynode=None,
              colsample_bytree=None, device='cpu', early_stopping_rounds=None,
              enable_categorical=False, eval_metric=None, feature_types=None,
              gamma=None, grow_policy=None, importance_type=None,
              interaction_constraints=None, learning_rate=None, max_bin=None,
              max_cat_threshold=None, max_cat_to_onehot=None,
              max_delta_step=None, max_depth=None, max_leaves=None,
              min_child_weight=None, missing=nan, monotone_constraints=None,
              multi_strategy=None, n_estimators=None, n_jobs=-1,
              num_parallel_tree=None, objective='binary:logistic', ...)
2025-10-08 16:10:09,263:INFO:create_model() successfully completed......................................
2025-10-08 16:10:09,499:INFO:SubProcess create_model() end ==================================
2025-10-08 16:10:09,499:INFO:Creating metrics dataframe
2025-10-08 16:10:09,506:INFO:Initializing CatBoost Classifier
2025-10-08 16:10:09,506:INFO:Total runtime is 0.2003881653149923 minutes
2025-10-08 16:10:09,509:INFO:SubProcess create_model() called ==================================
2025-10-08 16:10:09,509:INFO:Initializing create_model()
2025-10-08 16:10:09,509:INFO:create_model(self=<pycaret.classification.oop.ClassificationExperiment object at 0x7f4ae1b064d0>, estimator=catboost, fold=StratifiedKFold(n_splits=3, random_state=None, shuffle=False), round=4, cross_validation=True, predict=True, fit_kwargs={}, groups=None, refit=False, probability_threshold=None, experiment_custom_tags=None, verbose=False, system=False, add_to_model_list=True, metrics=None, display=<pycaret.internal.display.display.CommonDisplay object at 0x7f4b99330c40>, model_only=True, return_train_score=False, error_score=0.0, kwargs={})
2025-10-08 16:10:09,509:INFO:Checking exceptions
2025-10-08 16:10:09,509:INFO:Importing libraries
2025-10-08 16:10:09,509:INFO:Copying training dataset
2025-10-08 16:10:09,525:INFO:Defining folds
2025-10-08 16:10:09,526:INFO:Declaring metric variables
2025-10-08 16:10:09,528:INFO:Importing untrained model
2025-10-08 16:10:09,531:INFO:CatBoost Classifier Imported successfully
2025-10-08 16:10:09,536:INFO:Starting cross validation
2025-10-08 16:10:09,537:INFO:Cross validating with StratifiedKFold(n_splits=3, random_state=None, shuffle=False), n_jobs=-1
2025-10-08 16:10:14,445:INFO:Calculating mean and std
2025-10-08 16:10:14,445:INFO:Creating metrics dataframe
2025-10-08 16:10:14,446:INFO:Uploading results into container
2025-10-08 16:10:14,447:INFO:Uploading model into container now
2025-10-08 16:10:14,447:INFO:_master_model_container: 57
2025-10-08 16:10:14,447:INFO:_display_container: 4
2025-10-08 16:10:14,447:INFO:<catboost.core.CatBoostClassifier object at 0x7f4b993da1d0>
2025-10-08 16:10:14,447:INFO:create_model() successfully completed......................................
2025-10-08 16:10:14,667:INFO:SubProcess create_model() end ==================================
2025-10-08 16:10:14,667:INFO:Creating metrics dataframe
2025-10-08 16:10:14,674:INFO:Initializing Dummy Classifier
2025-10-08 16:10:14,674:INFO:Total runtime is 0.2865183472633362 minutes
2025-10-08 16:10:14,676:INFO:SubProcess create_model() called ==================================
2025-10-08 16:10:14,676:INFO:Initializing create_model()
2025-10-08 16:10:14,677:INFO:create_model(self=<pycaret.classification.oop.ClassificationExperiment object at 0x7f4ae1b064d0>, estimator=dummy, fold=StratifiedKFold(n_splits=3, random_state=None, shuffle=False), round=4, cross_validation=True, predict=True, fit_kwargs={}, groups=None, refit=False, probability_threshold=None, experiment_custom_tags=None, verbose=False, system=False, add_to_model_list=True, metrics=None, display=<pycaret.internal.display.display.CommonDisplay object at 0x7f4b99330c40>, model_only=True, return_train_score=False, error_score=0.0, kwargs={})
2025-10-08 16:10:14,677:INFO:Checking exceptions
2025-10-08 16:10:14,677:INFO:Importing libraries
2025-10-08 16:10:14,677:INFO:Copying training dataset
2025-10-08 16:10:14,692:INFO:Defining folds
2025-10-08 16:10:14,692:INFO:Declaring metric variables
2025-10-08 16:10:14,695:INFO:Importing untrained model
2025-10-08 16:10:14,697:INFO:Dummy Classifier Imported successfully
2025-10-08 16:10:14,702:INFO:Starting cross validation
2025-10-08 16:10:14,704:INFO:Cross validating with StratifiedKFold(n_splits=3, random_state=None, shuffle=False), n_jobs=-1
2025-10-08 16:10:14,790:WARNING:/home/leon/.conda/envs/ml_general/lib/python3.10/site-packages/sklearn/metrics/_classification.py:1509: UndefinedMetricWarning: Precision is ill-defined and being set to 0.0 due to no predicted samples. Use `zero_division` parameter to control this behavior.
  _warn_prf(average, modifier, f"{metric.capitalize()} is", len(result))

2025-10-08 16:10:14,793:WARNING:/home/leon/.conda/envs/ml_general/lib/python3.10/site-packages/sklearn/metrics/_classification.py:1509: UndefinedMetricWarning: Precision is ill-defined and being set to 0.0 due to no predicted samples. Use `zero_division` parameter to control this behavior.
  _warn_prf(average, modifier, f"{metric.capitalize()} is", len(result))

2025-10-08 16:10:14,799:WARNING:/home/leon/.conda/envs/ml_general/lib/python3.10/site-packages/sklearn/metrics/_classification.py:1509: UndefinedMetricWarning: Precision is ill-defined and being set to 0.0 due to no predicted samples. Use `zero_division` parameter to control this behavior.
  _warn_prf(average, modifier, f"{metric.capitalize()} is", len(result))

2025-10-08 16:10:14,804:INFO:Calculating mean and std
2025-10-08 16:10:14,804:INFO:Creating metrics dataframe
2025-10-08 16:10:14,806:INFO:Uploading results into container
2025-10-08 16:10:14,806:INFO:Uploading model into container now
2025-10-08 16:10:14,806:INFO:_master_model_container: 58
2025-10-08 16:10:14,806:INFO:_display_container: 4
2025-10-08 16:10:14,807:INFO:DummyClassifier(constant=None, random_state=123, strategy='prior')
2025-10-08 16:10:14,807:INFO:create_model() successfully completed......................................
2025-10-08 16:10:15,032:INFO:SubProcess create_model() end ==================================
2025-10-08 16:10:15,032:INFO:Creating metrics dataframe
2025-10-08 16:10:15,039:WARNING:/home/leon/.conda/envs/ml_general/lib/python3.10/site-packages/pycaret/internal/pycaret_experiment/supervised_experiment.py:323: FutureWarning: Styler.applymap has been deprecated. Use Styler.map instead.
  master_display_.apply(

2025-10-08 16:10:15,045:INFO:Initializing create_model()
2025-10-08 16:10:15,045:INFO:create_model(self=<pycaret.classification.oop.ClassificationExperiment object at 0x7f4ae1b064d0>, estimator=DecisionTreeClassifier(ccp_alpha=0.0, class_weight=None, criterion='gini',
                       max_depth=None, max_features=None, max_leaf_nodes=None,
                       min_impurity_decrease=0.0, min_samples_leaf=1,
                       min_samples_split=2, min_weight_fraction_leaf=0.0,
                       monotonic_cst=None, random_state=123, splitter='best'), fold=StratifiedKFold(n_splits=3, random_state=None, shuffle=False), round=4, cross_validation=False, predict=False, fit_kwargs={}, groups=None, refit=True, probability_threshold=None, experiment_custom_tags=None, verbose=False, system=False, add_to_model_list=True, metrics=None, display=None, model_only=True, return_train_score=False, error_score=0.0, kwargs={})
2025-10-08 16:10:15,045:INFO:Checking exceptions
2025-10-08 16:10:15,047:INFO:Importing libraries
2025-10-08 16:10:15,047:INFO:Copying training dataset
2025-10-08 16:10:15,063:INFO:Defining folds
2025-10-08 16:10:15,063:INFO:Declaring metric variables
2025-10-08 16:10:15,063:INFO:Importing untrained model
2025-10-08 16:10:15,063:INFO:Declaring custom model
2025-10-08 16:10:15,064:INFO:Decision Tree Classifier Imported successfully
2025-10-08 16:10:15,065:INFO:Cross validation set to False
2025-10-08 16:10:15,066:INFO:Fitting Model
2025-10-08 16:10:15,313:INFO:DecisionTreeClassifier(ccp_alpha=0.0, class_weight=None, criterion='gini',
                       max_depth=None, max_features=None, max_leaf_nodes=None,
                       min_impurity_decrease=0.0, min_samples_leaf=1,
                       min_samples_split=2, min_weight_fraction_leaf=0.0,
                       monotonic_cst=None, random_state=123, splitter='best')
2025-10-08 16:10:15,313:INFO:create_model() successfully completed......................................
2025-10-08 16:10:15,534:INFO:Initializing create_model()
2025-10-08 16:10:15,534:INFO:create_model(self=<pycaret.classification.oop.ClassificationExperiment object at 0x7f4ae1b064d0>, estimator=XGBClassifier(base_score=None, booster='gbtree', callbacks=None,
              colsample_bylevel=None, colsample_bynode=None,
              colsample_bytree=None, device='cpu', early_stopping_rounds=None,
              enable_categorical=False, eval_metric=None, feature_types=None,
              gamma=None, grow_policy=None, importance_type=None,
              interaction_constraints=None, learning_rate=None, max_bin=None,
              max_cat_threshold=None, max_cat_to_onehot=None,
              max_delta_step=None, max_depth=None, max_leaves=None,
              min_child_weight=None, missing=nan, monotone_constraints=None,
              multi_strategy=None, n_estimators=None, n_jobs=-1,
              num_parallel_tree=None, objective='binary:logistic', ...), fold=StratifiedKFold(n_splits=3, random_state=None, shuffle=False), round=4, cross_validation=False, predict=False, fit_kwargs={}, groups=None, refit=True, probability_threshold=None, experiment_custom_tags=None, verbose=False, system=False, add_to_model_list=True, metrics=None, display=None, model_only=True, return_train_score=False, error_score=0.0, kwargs={})
2025-10-08 16:10:15,534:INFO:Checking exceptions
2025-10-08 16:10:15,535:INFO:Importing libraries
2025-10-08 16:10:15,535:INFO:Copying training dataset
2025-10-08 16:10:15,551:INFO:Defining folds
2025-10-08 16:10:15,551:INFO:Declaring metric variables
2025-10-08 16:10:15,551:INFO:Importing untrained model
2025-10-08 16:10:15,551:INFO:Declaring custom model
2025-10-08 16:10:15,552:INFO:Extreme Gradient Boosting Imported successfully
2025-10-08 16:10:15,553:INFO:Cross validation set to False
2025-10-08 16:10:15,553:INFO:Fitting Model
2025-10-08 16:10:15,859:INFO:XGBClassifier(base_score=None, booster='gbtree', callbacks=None,
              colsample_bylevel=None, colsample_bynode=None,
              colsample_bytree=None, device='cpu', early_stopping_rounds=None,
              enable_categorical=False, eval_metric=None, feature_types=None,
              gamma=None, grow_policy=None, importance_type=None,
              interaction_constraints=None, learning_rate=None, max_bin=None,
              max_cat_threshold=None, max_cat_to_onehot=None,
              max_delta_step=None, max_depth=None, max_leaves=None,
              min_child_weight=None, missing=nan, monotone_constraints=None,
              multi_strategy=None, n_estimators=None, n_jobs=-1,
              num_parallel_tree=None, objective='binary:logistic', ...)
2025-10-08 16:10:15,859:INFO:create_model() successfully completed......................................
2025-10-08 16:10:16,085:INFO:Initializing create_model()
2025-10-08 16:10:16,085:INFO:create_model(self=<pycaret.classification.oop.ClassificationExperiment object at 0x7f4ae1b064d0>, estimator=<catboost.core.CatBoostClassifier object at 0x7f4b993da1d0>, fold=StratifiedKFold(n_splits=3, random_state=None, shuffle=False), round=4, cross_validation=False, predict=False, fit_kwargs={}, groups=None, refit=True, probability_threshold=None, experiment_custom_tags=None, verbose=False, system=False, add_to_model_list=True, metrics=None, display=None, model_only=True, return_train_score=False, error_score=0.0, kwargs={})
2025-10-08 16:10:16,085:INFO:Checking exceptions
2025-10-08 16:10:16,087:INFO:Importing libraries
2025-10-08 16:10:16,087:INFO:Copying training dataset
2025-10-08 16:10:16,102:INFO:Defining folds
2025-10-08 16:10:16,103:INFO:Declaring metric variables
2025-10-08 16:10:16,103:INFO:Importing untrained model
2025-10-08 16:10:16,103:INFO:Declaring custom model
2025-10-08 16:10:16,103:INFO:CatBoost Classifier Imported successfully
2025-10-08 16:10:16,104:INFO:Cross validation set to False
2025-10-08 16:10:16,104:INFO:Fitting Model
2025-10-08 16:10:18,737:INFO:<catboost.core.CatBoostClassifier object at 0x7f4b991ae7d0>
2025-10-08 16:10:18,737:INFO:create_model() successfully completed......................................
2025-10-08 16:10:18,959:INFO:_master_model_container: 58
2025-10-08 16:10:18,959:INFO:_display_container: 4
2025-10-08 16:10:18,960:INFO:[DecisionTreeClassifier(ccp_alpha=0.0, class_weight=None, criterion='gini',
                       max_depth=None, max_features=None, max_leaf_nodes=None,
                       min_impurity_decrease=0.0, min_samples_leaf=1,
                       min_samples_split=2, min_weight_fraction_leaf=0.0,
                       monotonic_cst=None, random_state=123, splitter='best'), XGBClassifier(base_score=None, booster='gbtree', callbacks=None,
              colsample_bylevel=None, colsample_bynode=None,
              colsample_bytree=None, device='cpu', early_stopping_rounds=None,
              enable_categorical=False, eval_metric=None, feature_types=None,
              gamma=None, grow_policy=None, importance_type=None,
              interaction_constraints=None, learning_rate=None, max_bin=None,
              max_cat_threshold=None, max_cat_to_onehot=None,
              max_delta_step=None, max_depth=None, max_leaves=None,
              min_child_weight=None, missing=nan, monotone_constraints=None,
              multi_strategy=None, n_estimators=None, n_jobs=-1,
              num_parallel_tree=None, objective='binary:logistic', ...), <catboost.core.CatBoostClassifier object at 0x7f4b991ae7d0>]
2025-10-08 16:10:18,960:INFO:compare_models() successfully completed......................................
2025-10-08 16:10:36,879:INFO:Initializing plot_model()
2025-10-08 16:10:36,880:INFO:plot_model(plot=feature_all, fold=None, verbose=True, display=None, display_format=None, estimator=[DecisionTreeClassifier(ccp_alpha=0.0, class_weight=None, criterion='gini',
                       max_depth=None, max_features=None, max_leaf_nodes=None,
                       min_impurity_decrease=0.0, min_samples_leaf=1,
                       min_samples_split=2, min_weight_fraction_leaf=0.0,
                       monotonic_cst=None, random_state=123, splitter='best'), XGBClassifier(base_score=None, booster='gbtree', callbacks=None,
              colsample_bylevel=None, colsample_bynode=None,
              colsample_bytree=None, device='cpu', early_stopping_rounds=None,
              enable_categorical=False, eval_metric=None, feature_types=None,
              gamma=None, grow_policy=None, importance_type=None,
              interaction_constraints=None, learning_rate=None, max_bin=None,
              max_cat_threshold=None, max_cat_to_onehot=None,
              max_delta_step=None, max_depth=None, max_leaves=None,
              min_child_weight=None, missing=nan, monotone_constraints=None,
              multi_strategy=None, n_estimators=None, n_jobs=-1,
              num_parallel_tree=None, objective='binary:logistic', ...), <catboost.core.CatBoostClassifier object at 0x7f4b991ae7d0>], feature_name=None, fit_kwargs=None, groups=None, label=False, plot_kwargs=None, save=False, scale=1, self=<pycaret.classification.oop.ClassificationExperiment object at 0x7f4ae1b064d0>, system=True)
2025-10-08 16:10:36,880:INFO:Checking exceptions
2025-10-08 16:10:45,604:INFO:Initializing plot_model()
2025-10-08 16:10:45,605:INFO:plot_model(plot=feature, fold=None, verbose=True, display=None, display_format=None, estimator=[DecisionTreeClassifier(ccp_alpha=0.0, class_weight=None, criterion='gini',
                       max_depth=None, max_features=None, max_leaf_nodes=None,
                       min_impurity_decrease=0.0, min_samples_leaf=1,
                       min_samples_split=2, min_weight_fraction_leaf=0.0,
                       monotonic_cst=None, random_state=123, splitter='best'), XGBClassifier(base_score=None, booster='gbtree', callbacks=None,
              colsample_bylevel=None, colsample_bynode=None,
              colsample_bytree=None, device='cpu', early_stopping_rounds=None,
              enable_categorical=False, eval_metric=None, feature_types=None,
              gamma=None, grow_policy=None, importance_type=None,
              interaction_constraints=None, learning_rate=None, max_bin=None,
              max_cat_threshold=None, max_cat_to_onehot=None,
              max_delta_step=None, max_depth=None, max_leaves=None,
              min_child_weight=None, missing=nan, monotone_constraints=None,
              multi_strategy=None, n_estimators=None, n_jobs=-1,
              num_parallel_tree=None, objective='binary:logistic', ...), <catboost.core.CatBoostClassifier object at 0x7f4b991ae7d0>], feature_name=None, fit_kwargs=None, groups=None, label=False, plot_kwargs=None, save=False, scale=1, self=<pycaret.classification.oop.ClassificationExperiment object at 0x7f4ae1b064d0>, system=True)
2025-10-08 16:10:45,605:INFO:Checking exceptions
2025-10-08 16:10:59,421:INFO:Initializing plot_model()
2025-10-08 16:10:59,421:INFO:plot_model(plot=feature, fold=None, verbose=True, display=None, display_format=None, estimator=[DecisionTreeClassifier(ccp_alpha=0.0, class_weight=None, criterion='gini',
                       max_depth=None, max_features=None, max_leaf_nodes=None,
                       min_impurity_decrease=0.0, min_samples_leaf=1,
                       min_samples_split=2, min_weight_fraction_leaf=0.0,
                       monotonic_cst=None, random_state=123, splitter='best'), XGBClassifier(base_score=None, booster='gbtree', callbacks=None,
              colsample_bylevel=None, colsample_bynode=None,
              colsample_bytree=None, device='cpu', early_stopping_rounds=None,
              enable_categorical=False, eval_metric=None, feature_types=None,
              gamma=None, grow_policy=None, importance_type=None,
              interaction_constraints=None, learning_rate=None, max_bin=None,
              max_cat_threshold=None, max_cat_to_onehot=None,
              max_delta_step=None, max_depth=None, max_leaves=None,
              min_child_weight=None, missing=nan, monotone_constraints=None,
              multi_strategy=None, n_estimators=None, n_jobs=-1,
              num_parallel_tree=None, objective='binary:logistic', ...), <catboost.core.CatBoostClassifier object at 0x7f4b991ae7d0>], feature_name=None, fit_kwargs=None, groups=None, label=False, plot_kwargs=None, save=False, scale=1, self=<pycaret.classification.oop.ClassificationExperiment object at 0x7f4ae1b064d0>, system=True)
2025-10-08 16:10:59,422:INFO:Checking exceptions
2025-10-08 16:11:18,193:INFO:Initializing plot_model()
2025-10-08 16:11:18,193:INFO:plot_model(plot=feature, fold=None, verbose=True, display=None, display_format=None, estimator=DecisionTreeClassifier(ccp_alpha=0.0, class_weight=None, criterion='gini',
                       max_depth=None, max_features=None, max_leaf_nodes=None,
                       min_impurity_decrease=0.0, min_samples_leaf=1,
                       min_samples_split=2, min_weight_fraction_leaf=0.0,
                       monotonic_cst=None, random_state=123, splitter='best'), feature_name=None, fit_kwargs=None, groups=None, label=False, plot_kwargs=None, save=False, scale=1, self=<pycaret.classification.oop.ClassificationExperiment object at 0x7f4ae1b064d0>, system=True)
2025-10-08 16:11:18,193:INFO:Checking exceptions
2025-10-08 16:11:18,200:INFO:Preloading libraries
2025-10-08 16:11:18,201:INFO:Copying training dataset
2025-10-08 16:11:18,201:INFO:Plot type: feature
2025-10-08 16:11:18,201:WARNING:No coef_ found. Trying feature_importances_
2025-10-08 16:11:18,345:INFO:Visual Rendered Successfully
2025-10-08 16:11:18,575:INFO:plot_model() successfully completed......................................
2025-10-08 16:11:21,675:INFO:Initializing plot_model()
2025-10-08 16:11:21,675:INFO:plot_model(plot=feature_all, fold=None, verbose=True, display=None, display_format=None, estimator=DecisionTreeClassifier(ccp_alpha=0.0, class_weight=None, criterion='gini',
                       max_depth=None, max_features=None, max_leaf_nodes=None,
                       min_impurity_decrease=0.0, min_samples_leaf=1,
                       min_samples_split=2, min_weight_fraction_leaf=0.0,
                       monotonic_cst=None, random_state=123, splitter='best'), feature_name=None, fit_kwargs=None, groups=None, label=False, plot_kwargs=None, save=False, scale=1, self=<pycaret.classification.oop.ClassificationExperiment object at 0x7f4ae1b064d0>, system=True)
2025-10-08 16:11:21,676:INFO:Checking exceptions
2025-10-08 16:11:21,687:INFO:Preloading libraries
2025-10-08 16:11:21,688:INFO:Copying training dataset
2025-10-08 16:11:21,688:INFO:Plot type: feature_all
2025-10-08 16:11:21,782:WARNING:No coef_ found. Trying feature_importances_
2025-10-08 16:11:22,132:INFO:Visual Rendered Successfully
2025-10-08 16:11:22,363:INFO:plot_model() successfully completed......................................
2025-10-08 16:11:57,206:INFO:Initializing plot_model()
2025-10-08 16:11:57,206:INFO:plot_model(plot=feature_all, fold=None, verbose=True, display=None, display_format=None, estimator=DecisionTreeClassifier(ccp_alpha=0.0, class_weight=None, criterion='gini',
                       max_depth=None, max_features=None, max_leaf_nodes=None,
                       min_impurity_decrease=0.0, min_samples_leaf=1,
                       min_samples_split=2, min_weight_fraction_leaf=0.0,
                       monotonic_cst=None, random_state=123, splitter='best'), feature_name=None, fit_kwargs=None, groups=None, label=False, plot_kwargs=None, save=False, scale=1, self=<pycaret.classification.oop.ClassificationExperiment object at 0x7f4ae1b064d0>, system=True)
2025-10-08 16:11:57,207:INFO:Checking exceptions
2025-10-08 16:11:57,217:INFO:Preloading libraries
2025-10-08 16:11:57,217:INFO:Copying training dataset
2025-10-08 16:11:57,217:INFO:Plot type: feature_all
2025-10-08 16:11:57,281:WARNING:No coef_ found. Trying feature_importances_
2025-10-08 16:11:57,650:INFO:Visual Rendered Successfully
2025-10-08 16:11:57,931:INFO:plot_model() successfully completed......................................
2025-10-08 16:11:57,932:INFO:Initializing plot_model()
2025-10-08 16:11:57,932:INFO:plot_model(plot=feature_all, fold=None, verbose=True, display=None, display_format=None, estimator=XGBClassifier(base_score=None, booster='gbtree', callbacks=None,
              colsample_bylevel=None, colsample_bynode=None,
              colsample_bytree=None, device='cpu', early_stopping_rounds=None,
              enable_categorical=False, eval_metric=None, feature_types=None,
              gamma=None, grow_policy=None, importance_type=None,
              interaction_constraints=None, learning_rate=None, max_bin=None,
              max_cat_threshold=None, max_cat_to_onehot=None,
              max_delta_step=None, max_depth=None, max_leaves=None,
              min_child_weight=None, missing=nan, monotone_constraints=None,
              multi_strategy=None, n_estimators=None, n_jobs=-1,
              num_parallel_tree=None, objective='binary:logistic', ...), feature_name=None, fit_kwargs=None, groups=None, label=False, plot_kwargs=None, save=False, scale=1, self=<pycaret.classification.oop.ClassificationExperiment object at 0x7f4ae1b064d0>, system=True)
2025-10-08 16:11:57,932:INFO:Checking exceptions
2025-10-08 16:11:57,940:INFO:Preloading libraries
2025-10-08 16:11:57,944:INFO:Copying training dataset
2025-10-08 16:11:57,944:INFO:Plot type: feature_all
2025-10-08 16:11:58,021:WARNING:No coef_ found. Trying feature_importances_
2025-10-08 16:11:58,416:INFO:Visual Rendered Successfully
2025-10-08 16:11:58,699:INFO:plot_model() successfully completed......................................
2025-10-08 16:11:58,699:INFO:Initializing plot_model()
2025-10-08 16:11:58,699:INFO:plot_model(plot=feature_all, fold=None, verbose=True, display=None, display_format=None, estimator=<catboost.core.CatBoostClassifier object at 0x7f4b991ae7d0>, feature_name=None, fit_kwargs=None, groups=None, label=False, plot_kwargs=None, save=False, scale=1, self=<pycaret.classification.oop.ClassificationExperiment object at 0x7f4ae1b064d0>, system=True)
2025-10-08 16:11:58,699:INFO:Checking exceptions
2025-10-08 16:11:58,706:INFO:Preloading libraries
2025-10-08 16:11:58,708:INFO:Copying training dataset
2025-10-08 16:11:58,708:INFO:Plot type: feature_all
2025-10-08 16:11:58,772:WARNING:No coef_ found. Trying feature_importances_
2025-10-08 16:11:59,155:INFO:Visual Rendered Successfully
2025-10-08 16:11:59,402:INFO:plot_model() successfully completed......................................
2025-10-08 16:12:10,793:INFO:Initializing plot_model()
2025-10-08 16:12:10,793:INFO:plot_model(plot=feature, fold=None, verbose=True, display=None, display_format=None, estimator=DecisionTreeClassifier(ccp_alpha=0.0, class_weight=None, criterion='gini',
                       max_depth=None, max_features=None, max_leaf_nodes=None,
                       min_impurity_decrease=0.0, min_samples_leaf=1,
                       min_samples_split=2, min_weight_fraction_leaf=0.0,
                       monotonic_cst=None, random_state=123, splitter='best'), feature_name=None, fit_kwargs=None, groups=None, label=False, plot_kwargs=None, save=False, scale=1, self=<pycaret.classification.oop.ClassificationExperiment object at 0x7f4ae1b064d0>, system=True)
2025-10-08 16:12:10,793:INFO:Checking exceptions
2025-10-08 16:12:10,802:INFO:Preloading libraries
2025-10-08 16:12:10,802:INFO:Copying training dataset
2025-10-08 16:12:10,802:INFO:Plot type: feature
2025-10-08 16:12:10,803:WARNING:No coef_ found. Trying feature_importances_
2025-10-08 16:12:10,968:INFO:Visual Rendered Successfully
2025-10-08 16:12:11,191:INFO:plot_model() successfully completed......................................
2025-10-08 16:12:11,192:INFO:Initializing plot_model()
2025-10-08 16:12:11,192:INFO:plot_model(plot=feature, fold=None, verbose=True, display=None, display_format=None, estimator=XGBClassifier(base_score=None, booster='gbtree', callbacks=None,
              colsample_bylevel=None, colsample_bynode=None,
              colsample_bytree=None, device='cpu', early_stopping_rounds=None,
              enable_categorical=False, eval_metric=None, feature_types=None,
              gamma=None, grow_policy=None, importance_type=None,
              interaction_constraints=None, learning_rate=None, max_bin=None,
              max_cat_threshold=None, max_cat_to_onehot=None,
              max_delta_step=None, max_depth=None, max_leaves=None,
              min_child_weight=None, missing=nan, monotone_constraints=None,
              multi_strategy=None, n_estimators=None, n_jobs=-1,
              num_parallel_tree=None, objective='binary:logistic', ...), feature_name=None, fit_kwargs=None, groups=None, label=False, plot_kwargs=None, save=False, scale=1, self=<pycaret.classification.oop.ClassificationExperiment object at 0x7f4ae1b064d0>, system=True)
2025-10-08 16:12:11,192:INFO:Checking exceptions
2025-10-08 16:12:11,199:INFO:Preloading libraries
2025-10-08 16:12:11,203:INFO:Copying training dataset
2025-10-08 16:12:11,203:INFO:Plot type: feature
2025-10-08 16:12:11,205:WARNING:No coef_ found. Trying feature_importances_
2025-10-08 16:12:11,370:INFO:Visual Rendered Successfully
2025-10-08 16:12:11,598:INFO:plot_model() successfully completed......................................
2025-10-08 16:12:11,598:INFO:Initializing plot_model()
2025-10-08 16:12:11,598:INFO:plot_model(plot=feature, fold=None, verbose=True, display=None, display_format=None, estimator=<catboost.core.CatBoostClassifier object at 0x7f4b991ae7d0>, feature_name=None, fit_kwargs=None, groups=None, label=False, plot_kwargs=None, save=False, scale=1, self=<pycaret.classification.oop.ClassificationExperiment object at 0x7f4ae1b064d0>, system=True)
2025-10-08 16:12:11,598:INFO:Checking exceptions
2025-10-08 16:12:11,605:INFO:Preloading libraries
2025-10-08 16:12:11,607:INFO:Copying training dataset
2025-10-08 16:12:11,607:INFO:Plot type: feature
2025-10-08 16:12:11,608:WARNING:No coef_ found. Trying feature_importances_
2025-10-08 16:12:11,777:INFO:Visual Rendered Successfully
2025-10-08 16:12:12,018:INFO:plot_model() successfully completed......................................
2025-10-08 16:17:03,896:INFO:PyCaret ClassificationExperiment
2025-10-08 16:17:03,896:INFO:Logging name: clf-default-name
2025-10-08 16:17:03,896:INFO:ML Usecase: MLUsecase.CLASSIFICATION
2025-10-08 16:17:03,896:INFO:version 3.3.2
2025-10-08 16:17:03,896:INFO:Initializing setup()
2025-10-08 16:17:03,896:INFO:self.USI: f16a
2025-10-08 16:17:03,896:INFO:self._variable_keys: {'_ml_usecase', 'gpu_n_jobs_param', 'exp_name_log', 'log_plots_param', 'data', 'target_param', 'pipeline', 'fold_shuffle_param', 'X', 'exp_id', 'is_multiclass', '_available_plots', 'X_train', 'logging_param', 'y_train', 'gpu_param', 'seed', 'fold_generator', 'memory', 'USI', 'fix_imbalance', 'n_jobs_param', 'fold_groups_param', 'X_test', 'y_test', 'y', 'idx', 'html_param'}
2025-10-08 16:17:03,896:INFO:Checking environment
2025-10-08 16:17:03,896:INFO:python_version: 3.10.16
2025-10-08 16:17:03,896:INFO:python_build: ('main', 'Dec 11 2024 16:24:50')
2025-10-08 16:17:03,896:INFO:machine: x86_64
2025-10-08 16:17:03,896:INFO:platform: Linux-6.12.34-1-MANJARO-x86_64-with-glibc2.41
2025-10-08 16:17:03,896:INFO:Memory: svmem(total=24909266944, available=15212437504, percent=38.9, used=7834882048, free=10616229888, active=8842645504, inactive=3052879872, buffers=356028416, cached=6102126592, shared=1454383104, slab=562331648)
2025-10-08 16:17:03,897:INFO:Physical Core: 6
2025-10-08 16:17:03,897:INFO:Logical Core: 12
2025-10-08 16:17:03,897:INFO:Checking libraries
2025-10-08 16:17:03,897:INFO:System:
2025-10-08 16:17:03,897:INFO:    python: 3.10.16 (main, Dec 11 2024, 16:24:50) [GCC 11.2.0]
2025-10-08 16:17:03,897:INFO:executable: /home/leon/.conda/envs/ml_general/bin/python
2025-10-08 16:17:03,897:INFO:   machine: Linux-6.12.34-1-MANJARO-x86_64-with-glibc2.41
2025-10-08 16:17:03,897:INFO:PyCaret required dependencies:
2025-10-08 16:17:03,897:INFO:                 pip: 24.2
2025-10-08 16:17:03,897:INFO:          setuptools: 75.1.0
2025-10-08 16:17:03,897:INFO:             pycaret: 3.3.2
2025-10-08 16:17:03,897:INFO:             IPython: 8.12.3
2025-10-08 16:17:03,897:INFO:          ipywidgets: 8.1.5
2025-10-08 16:17:03,897:INFO:                tqdm: 4.66.5
2025-10-08 16:17:03,897:INFO:               numpy: 1.26.4
2025-10-08 16:17:03,897:INFO:              pandas: 2.1.4
2025-10-08 16:17:03,897:INFO:              jinja2: 3.1.5
2025-10-08 16:17:03,897:INFO:               scipy: 1.11.4
2025-10-08 16:17:03,897:INFO:              joblib: 1.3.2
2025-10-08 16:17:03,897:INFO:             sklearn: 1.4.2
2025-10-08 16:17:03,897:INFO:                pyod: 2.0.2
2025-10-08 16:17:03,897:INFO:            imblearn: 0.12.3
2025-10-08 16:17:03,897:INFO:   category_encoders: 2.6.3
2025-10-08 16:17:03,897:INFO:            lightgbm: 4.5.0
2025-10-08 16:17:03,897:INFO:               numba: 0.60.0
2025-10-08 16:17:03,897:INFO:            requests: 2.32.3
2025-10-08 16:17:03,897:INFO:          matplotlib: 3.7.0
2025-10-08 16:17:03,897:INFO:          scikitplot: 0.3.7
2025-10-08 16:17:03,897:INFO:         yellowbrick: 1.5
2025-10-08 16:17:03,897:INFO:              plotly: 5.24.1
2025-10-08 16:17:03,897:INFO:    plotly-resampler: Not installed
2025-10-08 16:17:03,897:INFO:             kaleido: 0.2.1
2025-10-08 16:17:03,897:INFO:           schemdraw: 0.15
2025-10-08 16:17:03,898:INFO:         statsmodels: 0.14.4
2025-10-08 16:17:03,898:INFO:              sktime: 0.26.0
2025-10-08 16:17:03,898:INFO:               tbats: 1.1.3
2025-10-08 16:17:03,898:INFO:            pmdarima: 2.0.4
2025-10-08 16:17:03,898:INFO:              psutil: 6.1.1
2025-10-08 16:17:03,898:INFO:          markupsafe: 2.1.5
2025-10-08 16:17:03,898:INFO:             pickle5: Not installed
2025-10-08 16:17:03,898:INFO:         cloudpickle: 3.0.0
2025-10-08 16:17:03,898:INFO:         deprecation: 2.1.0
2025-10-08 16:17:03,898:INFO:              xxhash: 3.5.0
2025-10-08 16:17:03,898:INFO:           wurlitzer: 3.1.1
2025-10-08 16:17:03,898:INFO:PyCaret optional dependencies:
2025-10-08 16:17:03,898:INFO:                shap: 0.44.1
2025-10-08 16:17:03,898:INFO:           interpret: 0.6.9
2025-10-08 16:17:03,898:INFO:                umap: 0.5.7
2025-10-08 16:17:03,898:INFO:     ydata_profiling: 4.12.2
2025-10-08 16:17:03,898:INFO:  explainerdashboard: 0.4.8
2025-10-08 16:17:03,898:INFO:             autoviz: Not installed
2025-10-08 16:17:03,898:INFO:           fairlearn: 0.7.0
2025-10-08 16:17:03,898:INFO:          deepchecks: Not installed
2025-10-08 16:17:03,898:INFO:             xgboost: 2.1.3
2025-10-08 16:17:03,898:INFO:            catboost: 1.2.7
2025-10-08 16:17:03,898:INFO:              kmodes: 0.12.2
2025-10-08 16:17:03,898:INFO:             mlxtend: 0.23.3
2025-10-08 16:17:03,898:INFO:       statsforecast: 1.5.0
2025-10-08 16:17:03,898:INFO:        tune_sklearn: 0.5.0
2025-10-08 16:17:03,898:INFO:                 ray: 2.41.0
2025-10-08 16:17:03,898:INFO:            hyperopt: 0.2.7
2025-10-08 16:17:03,898:INFO:              optuna: 4.2.0
2025-10-08 16:17:03,898:INFO:               skopt: 0.10.2
2025-10-08 16:17:03,898:INFO:              mlflow: 2.20.0
2025-10-08 16:17:03,898:INFO:              gradio: 5.13.1
2025-10-08 16:17:03,898:INFO:             fastapi: 0.115.7
2025-10-08 16:17:03,898:INFO:             uvicorn: 0.34.0
2025-10-08 16:17:03,898:INFO:              m2cgen: 0.10.0
2025-10-08 16:17:03,898:INFO:           evidently: 0.4.40
2025-10-08 16:17:03,899:INFO:               fugue: 0.8.7
2025-10-08 16:17:03,899:INFO:           streamlit: 1.41.1
2025-10-08 16:17:03,899:INFO:             prophet: Not installed
2025-10-08 16:17:03,899:INFO:None
2025-10-08 16:17:03,899:INFO:Set up data.
2025-10-08 16:17:03,917:INFO:Set up folding strategy.
2025-10-08 16:17:03,917:INFO:Set up train/test split.
2025-10-08 16:17:34,909:INFO:PyCaret ClassificationExperiment
2025-10-08 16:17:34,909:INFO:Logging name: clf-default-name
2025-10-08 16:17:34,909:INFO:ML Usecase: MLUsecase.CLASSIFICATION
2025-10-08 16:17:34,909:INFO:version 3.3.2
2025-10-08 16:17:34,909:INFO:Initializing setup()
2025-10-08 16:17:34,909:INFO:self.USI: 8e5e
2025-10-08 16:17:34,909:INFO:self._variable_keys: {'_ml_usecase', 'gpu_n_jobs_param', 'exp_name_log', 'log_plots_param', 'data', 'target_param', 'pipeline', 'fold_shuffle_param', 'X', 'exp_id', 'is_multiclass', '_available_plots', 'X_train', 'logging_param', 'y_train', 'gpu_param', 'seed', 'fold_generator', 'memory', 'USI', 'fix_imbalance', 'n_jobs_param', 'fold_groups_param', 'X_test', 'y_test', 'y', 'idx', 'html_param'}
2025-10-08 16:17:34,909:INFO:Checking environment
2025-10-08 16:17:34,909:INFO:python_version: 3.10.16
2025-10-08 16:17:34,909:INFO:python_build: ('main', 'Dec 11 2024 16:24:50')
2025-10-08 16:17:34,909:INFO:machine: x86_64
2025-10-08 16:17:34,909:INFO:platform: Linux-6.12.34-1-MANJARO-x86_64-with-glibc2.41
2025-10-08 16:17:34,909:INFO:Memory: svmem(total=24909266944, available=15218802688, percent=38.9, used=7855800320, free=10633236480, active=8951672832, inactive=2949263360, buffers=356139008, cached=6064091136, shared=1427091456, slab=564420608)
2025-10-08 16:17:34,910:INFO:Physical Core: 6
2025-10-08 16:17:34,910:INFO:Logical Core: 12
2025-10-08 16:17:34,910:INFO:Checking libraries
2025-10-08 16:17:34,910:INFO:System:
2025-10-08 16:17:34,910:INFO:    python: 3.10.16 (main, Dec 11 2024, 16:24:50) [GCC 11.2.0]
2025-10-08 16:17:34,910:INFO:executable: /home/leon/.conda/envs/ml_general/bin/python
2025-10-08 16:17:34,910:INFO:   machine: Linux-6.12.34-1-MANJARO-x86_64-with-glibc2.41
2025-10-08 16:17:34,910:INFO:PyCaret required dependencies:
2025-10-08 16:17:34,910:INFO:                 pip: 24.2
2025-10-08 16:17:34,910:INFO:          setuptools: 75.1.0
2025-10-08 16:17:34,910:INFO:             pycaret: 3.3.2
2025-10-08 16:17:34,910:INFO:             IPython: 8.12.3
2025-10-08 16:17:34,910:INFO:          ipywidgets: 8.1.5
2025-10-08 16:17:34,910:INFO:                tqdm: 4.66.5
2025-10-08 16:17:34,910:INFO:               numpy: 1.26.4
2025-10-08 16:17:34,910:INFO:              pandas: 2.1.4
2025-10-08 16:17:34,910:INFO:              jinja2: 3.1.5
2025-10-08 16:17:34,910:INFO:               scipy: 1.11.4
2025-10-08 16:17:34,910:INFO:              joblib: 1.3.2
2025-10-08 16:17:34,910:INFO:             sklearn: 1.4.2
2025-10-08 16:17:34,910:INFO:                pyod: 2.0.2
2025-10-08 16:17:34,910:INFO:            imblearn: 0.12.3
2025-10-08 16:17:34,910:INFO:   category_encoders: 2.6.3
2025-10-08 16:17:34,910:INFO:            lightgbm: 4.5.0
2025-10-08 16:17:34,910:INFO:               numba: 0.60.0
2025-10-08 16:17:34,910:INFO:            requests: 2.32.3
2025-10-08 16:17:34,911:INFO:          matplotlib: 3.7.0
2025-10-08 16:17:34,911:INFO:          scikitplot: 0.3.7
2025-10-08 16:17:34,911:INFO:         yellowbrick: 1.5
2025-10-08 16:17:34,911:INFO:              plotly: 5.24.1
2025-10-08 16:17:34,911:INFO:    plotly-resampler: Not installed
2025-10-08 16:17:34,911:INFO:             kaleido: 0.2.1
2025-10-08 16:17:34,911:INFO:           schemdraw: 0.15
2025-10-08 16:17:34,911:INFO:         statsmodels: 0.14.4
2025-10-08 16:17:34,911:INFO:              sktime: 0.26.0
2025-10-08 16:17:34,911:INFO:               tbats: 1.1.3
2025-10-08 16:17:34,911:INFO:            pmdarima: 2.0.4
2025-10-08 16:17:34,911:INFO:              psutil: 6.1.1
2025-10-08 16:17:34,911:INFO:          markupsafe: 2.1.5
2025-10-08 16:17:34,911:INFO:             pickle5: Not installed
2025-10-08 16:17:34,911:INFO:         cloudpickle: 3.0.0
2025-10-08 16:17:34,911:INFO:         deprecation: 2.1.0
2025-10-08 16:17:34,911:INFO:              xxhash: 3.5.0
2025-10-08 16:17:34,911:INFO:           wurlitzer: 3.1.1
2025-10-08 16:17:34,911:INFO:PyCaret optional dependencies:
2025-10-08 16:17:34,911:INFO:                shap: 0.44.1
2025-10-08 16:17:34,911:INFO:           interpret: 0.6.9
2025-10-08 16:17:34,911:INFO:                umap: 0.5.7
2025-10-08 16:17:34,911:INFO:     ydata_profiling: 4.12.2
2025-10-08 16:17:34,911:INFO:  explainerdashboard: 0.4.8
2025-10-08 16:17:34,911:INFO:             autoviz: Not installed
2025-10-08 16:17:34,911:INFO:           fairlearn: 0.7.0
2025-10-08 16:17:34,911:INFO:          deepchecks: Not installed
2025-10-08 16:17:34,911:INFO:             xgboost: 2.1.3
2025-10-08 16:17:34,911:INFO:            catboost: 1.2.7
2025-10-08 16:17:34,911:INFO:              kmodes: 0.12.2
2025-10-08 16:17:34,911:INFO:             mlxtend: 0.23.3
2025-10-08 16:17:34,911:INFO:       statsforecast: 1.5.0
2025-10-08 16:17:34,911:INFO:        tune_sklearn: 0.5.0
2025-10-08 16:17:34,911:INFO:                 ray: 2.41.0
2025-10-08 16:17:34,911:INFO:            hyperopt: 0.2.7
2025-10-08 16:17:34,911:INFO:              optuna: 4.2.0
2025-10-08 16:17:34,911:INFO:               skopt: 0.10.2
2025-10-08 16:17:34,911:INFO:              mlflow: 2.20.0
2025-10-08 16:17:34,911:INFO:              gradio: 5.13.1
2025-10-08 16:17:34,911:INFO:             fastapi: 0.115.7
2025-10-08 16:17:34,911:INFO:             uvicorn: 0.34.0
2025-10-08 16:17:34,911:INFO:              m2cgen: 0.10.0
2025-10-08 16:17:34,912:INFO:           evidently: 0.4.40
2025-10-08 16:17:34,912:INFO:               fugue: 0.8.7
2025-10-08 16:17:34,912:INFO:           streamlit: 1.41.1
2025-10-08 16:17:34,912:INFO:             prophet: Not installed
2025-10-08 16:17:34,912:INFO:None
2025-10-08 16:17:34,912:INFO:Set up data.
2025-10-08 16:17:34,926:INFO:Set up folding strategy.
2025-10-08 16:17:34,927:INFO:Set up train/test split.
2025-10-08 16:17:53,906:INFO:PyCaret ClassificationExperiment
2025-10-08 16:17:53,906:INFO:Logging name: clf-default-name
2025-10-08 16:17:53,906:INFO:ML Usecase: MLUsecase.CLASSIFICATION
2025-10-08 16:17:53,906:INFO:version 3.3.2
2025-10-08 16:17:53,906:INFO:Initializing setup()
2025-10-08 16:17:53,906:INFO:self.USI: 9dab
2025-10-08 16:17:53,907:INFO:self._variable_keys: {'_ml_usecase', 'gpu_n_jobs_param', 'exp_name_log', 'log_plots_param', 'data', 'target_param', 'pipeline', 'fold_shuffle_param', 'X', 'exp_id', 'is_multiclass', '_available_plots', 'X_train', 'logging_param', 'y_train', 'gpu_param', 'seed', 'fold_generator', 'memory', 'USI', 'fix_imbalance', 'n_jobs_param', 'fold_groups_param', 'X_test', 'y_test', 'y', 'idx', 'html_param'}
2025-10-08 16:17:53,907:INFO:Checking environment
2025-10-08 16:17:53,907:INFO:python_version: 3.10.16
2025-10-08 16:17:53,907:INFO:python_build: ('main', 'Dec 11 2024 16:24:50')
2025-10-08 16:17:53,907:INFO:machine: x86_64
2025-10-08 16:17:53,907:INFO:platform: Linux-6.12.34-1-MANJARO-x86_64-with-glibc2.41
2025-10-08 16:17:53,907:INFO:Memory: svmem(total=24909266944, available=15162421248, percent=39.1, used=7891533824, free=10551947264, active=8969003008, inactive=2972631040, buffers=356233216, cached=6109552640, shared=1447747584, slab=563486720)
2025-10-08 16:17:53,907:INFO:Physical Core: 6
2025-10-08 16:17:53,907:INFO:Logical Core: 12
2025-10-08 16:17:53,907:INFO:Checking libraries
2025-10-08 16:17:53,907:INFO:System:
2025-10-08 16:17:53,907:INFO:    python: 3.10.16 (main, Dec 11 2024, 16:24:50) [GCC 11.2.0]
2025-10-08 16:17:53,907:INFO:executable: /home/leon/.conda/envs/ml_general/bin/python
2025-10-08 16:17:53,907:INFO:   machine: Linux-6.12.34-1-MANJARO-x86_64-with-glibc2.41
2025-10-08 16:17:53,907:INFO:PyCaret required dependencies:
2025-10-08 16:17:53,907:INFO:                 pip: 24.2
2025-10-08 16:17:53,907:INFO:          setuptools: 75.1.0
2025-10-08 16:17:53,908:INFO:             pycaret: 3.3.2
2025-10-08 16:17:53,908:INFO:             IPython: 8.12.3
2025-10-08 16:17:53,908:INFO:          ipywidgets: 8.1.5
2025-10-08 16:17:53,908:INFO:                tqdm: 4.66.5
2025-10-08 16:17:53,908:INFO:               numpy: 1.26.4
2025-10-08 16:17:53,908:INFO:              pandas: 2.1.4
2025-10-08 16:17:53,908:INFO:              jinja2: 3.1.5
2025-10-08 16:17:53,908:INFO:               scipy: 1.11.4
2025-10-08 16:17:53,908:INFO:              joblib: 1.3.2
2025-10-08 16:17:53,908:INFO:             sklearn: 1.4.2
2025-10-08 16:17:53,908:INFO:                pyod: 2.0.2
2025-10-08 16:17:53,908:INFO:            imblearn: 0.12.3
2025-10-08 16:17:53,908:INFO:   category_encoders: 2.6.3
2025-10-08 16:17:53,908:INFO:            lightgbm: 4.5.0
2025-10-08 16:17:53,908:INFO:               numba: 0.60.0
2025-10-08 16:17:53,908:INFO:            requests: 2.32.3
2025-10-08 16:17:53,908:INFO:          matplotlib: 3.7.0
2025-10-08 16:17:53,908:INFO:          scikitplot: 0.3.7
2025-10-08 16:17:53,908:INFO:         yellowbrick: 1.5
2025-10-08 16:17:53,908:INFO:              plotly: 5.24.1
2025-10-08 16:17:53,908:INFO:    plotly-resampler: Not installed
2025-10-08 16:17:53,908:INFO:             kaleido: 0.2.1
2025-10-08 16:17:53,908:INFO:           schemdraw: 0.15
2025-10-08 16:17:53,908:INFO:         statsmodels: 0.14.4
2025-10-08 16:17:53,908:INFO:              sktime: 0.26.0
2025-10-08 16:17:53,908:INFO:               tbats: 1.1.3
2025-10-08 16:17:53,908:INFO:            pmdarima: 2.0.4
2025-10-08 16:17:53,908:INFO:              psutil: 6.1.1
2025-10-08 16:17:53,908:INFO:          markupsafe: 2.1.5
2025-10-08 16:17:53,908:INFO:             pickle5: Not installed
2025-10-08 16:17:53,908:INFO:         cloudpickle: 3.0.0
2025-10-08 16:17:53,908:INFO:         deprecation: 2.1.0
2025-10-08 16:17:53,908:INFO:              xxhash: 3.5.0
2025-10-08 16:17:53,908:INFO:           wurlitzer: 3.1.1
2025-10-08 16:17:53,908:INFO:PyCaret optional dependencies:
2025-10-08 16:17:53,908:INFO:                shap: 0.44.1
2025-10-08 16:17:53,908:INFO:           interpret: 0.6.9
2025-10-08 16:17:53,908:INFO:                umap: 0.5.7
2025-10-08 16:17:53,908:INFO:     ydata_profiling: 4.12.2
2025-10-08 16:17:53,908:INFO:  explainerdashboard: 0.4.8
2025-10-08 16:17:53,908:INFO:             autoviz: Not installed
2025-10-08 16:17:53,908:INFO:           fairlearn: 0.7.0
2025-10-08 16:17:53,908:INFO:          deepchecks: Not installed
2025-10-08 16:17:53,908:INFO:             xgboost: 2.1.3
2025-10-08 16:17:53,908:INFO:            catboost: 1.2.7
2025-10-08 16:17:53,908:INFO:              kmodes: 0.12.2
2025-10-08 16:17:53,908:INFO:             mlxtend: 0.23.3
2025-10-08 16:17:53,908:INFO:       statsforecast: 1.5.0
2025-10-08 16:17:53,908:INFO:        tune_sklearn: 0.5.0
2025-10-08 16:17:53,908:INFO:                 ray: 2.41.0
2025-10-08 16:17:53,908:INFO:            hyperopt: 0.2.7
2025-10-08 16:17:53,908:INFO:              optuna: 4.2.0
2025-10-08 16:17:53,908:INFO:               skopt: 0.10.2
2025-10-08 16:17:53,909:INFO:              mlflow: 2.20.0
2025-10-08 16:17:53,909:INFO:              gradio: 5.13.1
2025-10-08 16:17:53,909:INFO:             fastapi: 0.115.7
2025-10-08 16:17:53,909:INFO:             uvicorn: 0.34.0
2025-10-08 16:17:53,909:INFO:              m2cgen: 0.10.0
2025-10-08 16:17:53,909:INFO:           evidently: 0.4.40
2025-10-08 16:17:53,909:INFO:               fugue: 0.8.7
2025-10-08 16:17:53,909:INFO:           streamlit: 1.41.1
2025-10-08 16:17:53,909:INFO:             prophet: Not installed
2025-10-08 16:17:53,909:INFO:None
2025-10-08 16:17:53,909:INFO:Set up data.
2025-10-08 16:17:53,924:INFO:Set up folding strategy.
2025-10-08 16:17:53,924:INFO:Set up train/test split.
2025-10-08 16:18:33,110:INFO:PyCaret ClassificationExperiment
2025-10-08 16:18:33,110:INFO:Logging name: clf-default-name
2025-10-08 16:18:33,110:INFO:ML Usecase: MLUsecase.CLASSIFICATION
2025-10-08 16:18:33,110:INFO:version 3.3.2
2025-10-08 16:18:33,110:INFO:Initializing setup()
2025-10-08 16:18:33,110:INFO:self.USI: dcba
2025-10-08 16:18:33,110:INFO:self._variable_keys: {'_ml_usecase', 'gpu_n_jobs_param', 'exp_name_log', 'log_plots_param', 'data', 'target_param', 'pipeline', 'fold_shuffle_param', 'X', 'exp_id', 'is_multiclass', '_available_plots', 'X_train', 'logging_param', 'y_train', 'gpu_param', 'seed', 'fold_generator', 'memory', 'USI', 'fix_imbalance', 'n_jobs_param', 'fold_groups_param', 'X_test', 'y_test', 'y', 'idx', 'html_param'}
2025-10-08 16:18:33,110:INFO:Checking environment
2025-10-08 16:18:33,110:INFO:python_version: 3.10.16
2025-10-08 16:18:33,110:INFO:python_build: ('main', 'Dec 11 2024 16:24:50')
2025-10-08 16:18:33,110:INFO:machine: x86_64
2025-10-08 16:18:33,110:INFO:platform: Linux-6.12.34-1-MANJARO-x86_64-with-glibc2.41
2025-10-08 16:18:33,110:INFO:Memory: svmem(total=24909266944, available=15175327744, percent=39.1, used=7883550720, free=10641526784, active=8953085952, inactive=2948452352, buffers=356401152, cached=6027788288, shared=1442816000, slab=554229760)
2025-10-08 16:18:33,111:INFO:Physical Core: 6
2025-10-08 16:18:33,111:INFO:Logical Core: 12
2025-10-08 16:18:33,111:INFO:Checking libraries
2025-10-08 16:18:33,111:INFO:System:
2025-10-08 16:18:33,111:INFO:    python: 3.10.16 (main, Dec 11 2024, 16:24:50) [GCC 11.2.0]
2025-10-08 16:18:33,111:INFO:executable: /home/leon/.conda/envs/ml_general/bin/python
2025-10-08 16:18:33,111:INFO:   machine: Linux-6.12.34-1-MANJARO-x86_64-with-glibc2.41
2025-10-08 16:18:33,111:INFO:PyCaret required dependencies:
2025-10-08 16:18:33,111:INFO:                 pip: 24.2
2025-10-08 16:18:33,111:INFO:          setuptools: 75.1.0
2025-10-08 16:18:33,111:INFO:             pycaret: 3.3.2
2025-10-08 16:18:33,111:INFO:             IPython: 8.12.3
2025-10-08 16:18:33,111:INFO:          ipywidgets: 8.1.5
2025-10-08 16:18:33,111:INFO:                tqdm: 4.66.5
2025-10-08 16:18:33,111:INFO:               numpy: 1.26.4
2025-10-08 16:18:33,111:INFO:              pandas: 2.1.4
2025-10-08 16:18:33,111:INFO:              jinja2: 3.1.5
2025-10-08 16:18:33,111:INFO:               scipy: 1.11.4
2025-10-08 16:18:33,111:INFO:              joblib: 1.3.2
2025-10-08 16:18:33,111:INFO:             sklearn: 1.4.2
2025-10-08 16:18:33,111:INFO:                pyod: 2.0.2
2025-10-08 16:18:33,111:INFO:            imblearn: 0.12.3
2025-10-08 16:18:33,111:INFO:   category_encoders: 2.6.3
2025-10-08 16:18:33,111:INFO:            lightgbm: 4.5.0
2025-10-08 16:18:33,111:INFO:               numba: 0.60.0
2025-10-08 16:18:33,111:INFO:            requests: 2.32.3
2025-10-08 16:18:33,111:INFO:          matplotlib: 3.7.0
2025-10-08 16:18:33,111:INFO:          scikitplot: 0.3.7
2025-10-08 16:18:33,111:INFO:         yellowbrick: 1.5
2025-10-08 16:18:33,111:INFO:              plotly: 5.24.1
2025-10-08 16:18:33,111:INFO:    plotly-resampler: Not installed
2025-10-08 16:18:33,111:INFO:             kaleido: 0.2.1
2025-10-08 16:18:33,111:INFO:           schemdraw: 0.15
2025-10-08 16:18:33,111:INFO:         statsmodels: 0.14.4
2025-10-08 16:18:33,111:INFO:              sktime: 0.26.0
2025-10-08 16:18:33,111:INFO:               tbats: 1.1.3
2025-10-08 16:18:33,111:INFO:            pmdarima: 2.0.4
2025-10-08 16:18:33,111:INFO:              psutil: 6.1.1
2025-10-08 16:18:33,111:INFO:          markupsafe: 2.1.5
2025-10-08 16:18:33,111:INFO:             pickle5: Not installed
2025-10-08 16:18:33,111:INFO:         cloudpickle: 3.0.0
2025-10-08 16:18:33,112:INFO:         deprecation: 2.1.0
2025-10-08 16:18:33,112:INFO:              xxhash: 3.5.0
2025-10-08 16:18:33,112:INFO:           wurlitzer: 3.1.1
2025-10-08 16:18:33,112:INFO:PyCaret optional dependencies:
2025-10-08 16:18:33,112:INFO:                shap: 0.44.1
2025-10-08 16:18:33,112:INFO:           interpret: 0.6.9
2025-10-08 16:18:33,112:INFO:                umap: 0.5.7
2025-10-08 16:18:33,112:INFO:     ydata_profiling: 4.12.2
2025-10-08 16:18:33,112:INFO:  explainerdashboard: 0.4.8
2025-10-08 16:18:33,112:INFO:             autoviz: Not installed
2025-10-08 16:18:33,112:INFO:           fairlearn: 0.7.0
2025-10-08 16:18:33,112:INFO:          deepchecks: Not installed
2025-10-08 16:18:33,112:INFO:             xgboost: 2.1.3
2025-10-08 16:18:33,112:INFO:            catboost: 1.2.7
2025-10-08 16:18:33,112:INFO:              kmodes: 0.12.2
2025-10-08 16:18:33,112:INFO:             mlxtend: 0.23.3
2025-10-08 16:18:33,112:INFO:       statsforecast: 1.5.0
2025-10-08 16:18:33,112:INFO:        tune_sklearn: 0.5.0
2025-10-08 16:18:33,112:INFO:                 ray: 2.41.0
2025-10-08 16:18:33,112:INFO:            hyperopt: 0.2.7
2025-10-08 16:18:33,112:INFO:              optuna: 4.2.0
2025-10-08 16:18:33,112:INFO:               skopt: 0.10.2
2025-10-08 16:18:33,112:INFO:              mlflow: 2.20.0
2025-10-08 16:18:33,112:INFO:              gradio: 5.13.1
2025-10-08 16:18:33,112:INFO:             fastapi: 0.115.7
2025-10-08 16:18:33,112:INFO:             uvicorn: 0.34.0
2025-10-08 16:18:33,112:INFO:              m2cgen: 0.10.0
2025-10-08 16:18:33,112:INFO:           evidently: 0.4.40
2025-10-08 16:18:33,112:INFO:               fugue: 0.8.7
2025-10-08 16:18:33,112:INFO:           streamlit: 1.41.1
2025-10-08 16:18:33,112:INFO:             prophet: Not installed
2025-10-08 16:18:33,112:INFO:None
2025-10-08 16:18:33,112:INFO:Set up data.
2025-10-08 16:18:33,126:INFO:Set up folding strategy.
2025-10-08 16:18:33,126:INFO:Set up train/test split.
2025-10-08 16:18:49,465:INFO:PyCaret RegressionExperiment
2025-10-08 16:18:49,465:INFO:Logging name: reg-default-name
2025-10-08 16:18:49,465:INFO:ML Usecase: MLUsecase.REGRESSION
2025-10-08 16:18:49,465:INFO:version 3.3.2
2025-10-08 16:18:49,465:INFO:Initializing setup()
2025-10-08 16:18:49,466:INFO:self.USI: 497d
2025-10-08 16:18:49,466:INFO:self._variable_keys: {'_ml_usecase', 'gpu_n_jobs_param', 'exp_name_log', 'log_plots_param', 'data', 'target_param', 'transform_target_param', 'pipeline', 'fold_shuffle_param', 'X', 'exp_id', '_available_plots', 'X_train', 'logging_param', 'y_train', 'gpu_param', 'seed', 'fold_generator', 'memory', 'USI', 'n_jobs_param', 'fold_groups_param', 'X_test', 'y_test', 'y', 'idx', 'html_param'}
2025-10-08 16:18:49,466:INFO:Checking environment
2025-10-08 16:18:49,466:INFO:python_version: 3.10.16
2025-10-08 16:18:49,466:INFO:python_build: ('main', 'Dec 11 2024 16:24:50')
2025-10-08 16:18:49,466:INFO:machine: x86_64
2025-10-08 16:18:49,466:INFO:platform: Linux-6.12.34-1-MANJARO-x86_64-with-glibc2.41
2025-10-08 16:18:49,466:INFO:Memory: svmem(total=24909266944, available=15085826048, percent=39.4, used=7948767232, free=10461970432, active=9026924544, inactive=2976215040, buffers=356528128, cached=6142001152, shared=1467109376, slab=555233280)
2025-10-08 16:18:49,466:INFO:Physical Core: 6
2025-10-08 16:18:49,466:INFO:Logical Core: 12
2025-10-08 16:18:49,466:INFO:Checking libraries
2025-10-08 16:18:49,466:INFO:System:
2025-10-08 16:18:49,466:INFO:    python: 3.10.16 (main, Dec 11 2024, 16:24:50) [GCC 11.2.0]
2025-10-08 16:18:49,466:INFO:executable: /home/leon/.conda/envs/ml_general/bin/python
2025-10-08 16:18:49,466:INFO:   machine: Linux-6.12.34-1-MANJARO-x86_64-with-glibc2.41
2025-10-08 16:18:49,467:INFO:PyCaret required dependencies:
2025-10-08 16:18:49,467:INFO:                 pip: 24.2
2025-10-08 16:18:49,467:INFO:          setuptools: 75.1.0
2025-10-08 16:18:49,467:INFO:             pycaret: 3.3.2
2025-10-08 16:18:49,467:INFO:             IPython: 8.12.3
2025-10-08 16:18:49,467:INFO:          ipywidgets: 8.1.5
2025-10-08 16:18:49,467:INFO:                tqdm: 4.66.5
2025-10-08 16:18:49,467:INFO:               numpy: 1.26.4
2025-10-08 16:18:49,467:INFO:              pandas: 2.1.4
2025-10-08 16:18:49,467:INFO:              jinja2: 3.1.5
2025-10-08 16:18:49,467:INFO:               scipy: 1.11.4
2025-10-08 16:18:49,467:INFO:              joblib: 1.3.2
2025-10-08 16:18:49,467:INFO:             sklearn: 1.4.2
2025-10-08 16:18:49,467:INFO:                pyod: 2.0.2
2025-10-08 16:18:49,467:INFO:            imblearn: 0.12.3
2025-10-08 16:18:49,467:INFO:   category_encoders: 2.6.3
2025-10-08 16:18:49,467:INFO:            lightgbm: 4.5.0
2025-10-08 16:18:49,467:INFO:               numba: 0.60.0
2025-10-08 16:18:49,467:INFO:            requests: 2.32.3
2025-10-08 16:18:49,467:INFO:          matplotlib: 3.7.0
2025-10-08 16:18:49,467:INFO:          scikitplot: 0.3.7
2025-10-08 16:18:49,467:INFO:         yellowbrick: 1.5
2025-10-08 16:18:49,467:INFO:              plotly: 5.24.1
2025-10-08 16:18:49,467:INFO:    plotly-resampler: Not installed
2025-10-08 16:18:49,467:INFO:             kaleido: 0.2.1
2025-10-08 16:18:49,467:INFO:           schemdraw: 0.15
2025-10-08 16:18:49,467:INFO:         statsmodels: 0.14.4
2025-10-08 16:18:49,467:INFO:              sktime: 0.26.0
2025-10-08 16:18:49,467:INFO:               tbats: 1.1.3
2025-10-08 16:18:49,467:INFO:            pmdarima: 2.0.4
2025-10-08 16:18:49,467:INFO:              psutil: 6.1.1
2025-10-08 16:18:49,467:INFO:          markupsafe: 2.1.5
2025-10-08 16:18:49,467:INFO:             pickle5: Not installed
2025-10-08 16:18:49,467:INFO:         cloudpickle: 3.0.0
2025-10-08 16:18:49,467:INFO:         deprecation: 2.1.0
2025-10-08 16:18:49,467:INFO:              xxhash: 3.5.0
2025-10-08 16:18:49,467:INFO:           wurlitzer: 3.1.1
2025-10-08 16:18:49,467:INFO:PyCaret optional dependencies:
2025-10-08 16:18:49,467:INFO:                shap: 0.44.1
2025-10-08 16:18:49,467:INFO:           interpret: 0.6.9
2025-10-08 16:18:49,468:INFO:                umap: 0.5.7
2025-10-08 16:18:49,468:INFO:     ydata_profiling: 4.12.2
2025-10-08 16:18:49,468:INFO:  explainerdashboard: 0.4.8
2025-10-08 16:18:49,468:INFO:             autoviz: Not installed
2025-10-08 16:18:49,468:INFO:           fairlearn: 0.7.0
2025-10-08 16:18:49,468:INFO:          deepchecks: Not installed
2025-10-08 16:18:49,468:INFO:             xgboost: 2.1.3
2025-10-08 16:18:49,468:INFO:            catboost: 1.2.7
2025-10-08 16:18:49,468:INFO:              kmodes: 0.12.2
2025-10-08 16:18:49,468:INFO:             mlxtend: 0.23.3
2025-10-08 16:18:49,468:INFO:       statsforecast: 1.5.0
2025-10-08 16:18:49,468:INFO:        tune_sklearn: 0.5.0
2025-10-08 16:18:49,468:INFO:                 ray: 2.41.0
2025-10-08 16:18:49,468:INFO:            hyperopt: 0.2.7
2025-10-08 16:18:49,468:INFO:              optuna: 4.2.0
2025-10-08 16:18:49,468:INFO:               skopt: 0.10.2
2025-10-08 16:18:49,468:INFO:              mlflow: 2.20.0
2025-10-08 16:18:49,468:INFO:              gradio: 5.13.1
2025-10-08 16:18:49,468:INFO:             fastapi: 0.115.7
2025-10-08 16:18:49,468:INFO:             uvicorn: 0.34.0
2025-10-08 16:18:49,468:INFO:              m2cgen: 0.10.0
2025-10-08 16:18:49,468:INFO:           evidently: 0.4.40
2025-10-08 16:18:49,468:INFO:               fugue: 0.8.7
2025-10-08 16:18:49,468:INFO:           streamlit: 1.41.1
2025-10-08 16:18:49,468:INFO:             prophet: Not installed
2025-10-08 16:18:49,468:INFO:None
2025-10-08 16:18:49,468:INFO:Set up data.
2025-10-08 16:18:49,484:INFO:Set up folding strategy.
2025-10-08 16:18:49,484:INFO:Set up train/test split.
2025-10-08 16:18:49,495:INFO:Set up index.
2025-10-08 16:18:49,496:INFO:Assigning column types.
2025-10-08 16:18:49,509:INFO:Engine successfully changes for model 'lr' to 'sklearn'.
2025-10-08 16:18:49,509:INFO:Engine for model 'lasso' has not been set explicitly, hence returning None.
2025-10-08 16:18:49,512:INFO:Engine for model 'ridge' has not been set explicitly, hence returning None.
2025-10-08 16:18:49,514:INFO:Engine for model 'en' has not been set explicitly, hence returning None.
2025-10-08 16:18:49,558:INFO:Engine for model 'svm' has not been set explicitly, hence returning None.
2025-10-08 16:18:49,584:INFO:Engine for model 'knn' has not been set explicitly, hence returning None.
2025-10-08 16:18:49,585:INFO:Soft dependency imported: xgboost: 2.1.3
2025-10-08 16:18:49,586:INFO:Soft dependency imported: catboost: 1.2.7
2025-10-08 16:18:49,587:INFO:Engine for model 'lasso' has not been set explicitly, hence returning None.
2025-10-08 16:18:49,589:INFO:Engine for model 'ridge' has not been set explicitly, hence returning None.
2025-10-08 16:18:49,592:INFO:Engine for model 'en' has not been set explicitly, hence returning None.
2025-10-08 16:18:49,637:INFO:Engine for model 'svm' has not been set explicitly, hence returning None.
2025-10-08 16:18:49,664:INFO:Engine for model 'knn' has not been set explicitly, hence returning None.
2025-10-08 16:18:49,665:INFO:Soft dependency imported: xgboost: 2.1.3
2025-10-08 16:18:49,666:INFO:Soft dependency imported: catboost: 1.2.7
2025-10-08 16:18:49,667:INFO:Engine successfully changes for model 'lasso' to 'sklearn'.
2025-10-08 16:18:49,670:INFO:Engine for model 'ridge' has not been set explicitly, hence returning None.
2025-10-08 16:18:49,672:INFO:Engine for model 'en' has not been set explicitly, hence returning None.
2025-10-08 16:18:49,717:INFO:Engine for model 'svm' has not been set explicitly, hence returning None.
2025-10-08 16:18:49,744:INFO:Engine for model 'knn' has not been set explicitly, hence returning None.
2025-10-08 16:18:49,744:INFO:Soft dependency imported: xgboost: 2.1.3
2025-10-08 16:18:49,746:INFO:Soft dependency imported: catboost: 1.2.7
2025-10-08 16:18:49,749:INFO:Engine for model 'ridge' has not been set explicitly, hence returning None.
2025-10-08 16:18:49,752:INFO:Engine for model 'en' has not been set explicitly, hence returning None.
2025-10-08 16:18:49,796:INFO:Engine for model 'svm' has not been set explicitly, hence returning None.
2025-10-08 16:18:49,822:INFO:Engine for model 'knn' has not been set explicitly, hence returning None.
2025-10-08 16:18:49,823:INFO:Soft dependency imported: xgboost: 2.1.3
2025-10-08 16:18:49,824:INFO:Soft dependency imported: catboost: 1.2.7
2025-10-08 16:18:49,825:INFO:Engine successfully changes for model 'ridge' to 'sklearn'.
2025-10-08 16:18:49,830:INFO:Engine for model 'en' has not been set explicitly, hence returning None.
2025-10-08 16:18:49,876:INFO:Engine for model 'svm' has not been set explicitly, hence returning None.
2025-10-08 16:18:49,904:INFO:Engine for model 'knn' has not been set explicitly, hence returning None.
2025-10-08 16:18:49,904:INFO:Soft dependency imported: xgboost: 2.1.3
2025-10-08 16:18:49,906:INFO:Soft dependency imported: catboost: 1.2.7
2025-10-08 16:18:49,912:INFO:Engine for model 'en' has not been set explicitly, hence returning None.
2025-10-08 16:18:49,957:INFO:Engine for model 'svm' has not been set explicitly, hence returning None.
2025-10-08 16:18:49,985:INFO:Engine for model 'knn' has not been set explicitly, hence returning None.
2025-10-08 16:18:49,986:INFO:Soft dependency imported: xgboost: 2.1.3
2025-10-08 16:18:49,987:INFO:Soft dependency imported: catboost: 1.2.7
2025-10-08 16:18:49,988:INFO:Engine successfully changes for model 'en' to 'sklearn'.
2025-10-08 16:18:50,036:INFO:Engine for model 'svm' has not been set explicitly, hence returning None.
2025-10-08 16:18:50,062:INFO:Engine for model 'knn' has not been set explicitly, hence returning None.
2025-10-08 16:18:50,063:INFO:Soft dependency imported: xgboost: 2.1.3
2025-10-08 16:18:50,064:INFO:Soft dependency imported: catboost: 1.2.7
2025-10-08 16:18:50,116:INFO:Engine for model 'svm' has not been set explicitly, hence returning None.
2025-10-08 16:18:50,150:INFO:Engine for model 'knn' has not been set explicitly, hence returning None.
2025-10-08 16:18:50,150:INFO:Soft dependency imported: xgboost: 2.1.3
2025-10-08 16:18:50,154:INFO:Soft dependency imported: catboost: 1.2.7
2025-10-08 16:18:50,155:INFO:Engine successfully changes for model 'knn' to 'sklearn'.
2025-10-08 16:18:50,233:INFO:Engine for model 'svm' has not been set explicitly, hence returning None.
2025-10-08 16:18:50,261:INFO:Soft dependency imported: xgboost: 2.1.3
2025-10-08 16:18:50,263:INFO:Soft dependency imported: catboost: 1.2.7
2025-10-08 16:18:50,316:INFO:Engine for model 'svm' has not been set explicitly, hence returning None.
2025-10-08 16:18:50,344:INFO:Soft dependency imported: xgboost: 2.1.3
2025-10-08 16:18:50,346:INFO:Soft dependency imported: catboost: 1.2.7
2025-10-08 16:18:50,347:INFO:Engine successfully changes for model 'svm' to 'sklearn'.
2025-10-08 16:18:50,427:INFO:Soft dependency imported: xgboost: 2.1.3
2025-10-08 16:18:50,429:INFO:Soft dependency imported: catboost: 1.2.7
2025-10-08 16:18:50,511:INFO:Soft dependency imported: xgboost: 2.1.3
2025-10-08 16:18:50,513:INFO:Soft dependency imported: catboost: 1.2.7
2025-10-08 16:18:50,514:INFO:Preparing preprocessing pipeline...
2025-10-08 16:18:50,514:INFO:Set up simple imputation.
2025-10-08 16:18:50,521:INFO:Set up encoding of categorical features.
2025-10-08 16:18:50,590:INFO:Finished creating preprocessing pipeline.
2025-10-08 16:18:50,594:INFO:Pipeline: Pipeline(memory=FastMemory(location=/tmp/joblib),
         steps=[('numerical_imputer',
                 TransformerWrapper(exclude=None,
                                    include=['temp_station_1', 'temp_station_2',
                                             'temp_station_3', 'temp_station_4',
                                             'temp_station_5', 'temp_station_6',
                                             'temp_station_7', 'temp_station_8',
                                             'temp_station_9',
                                             'temp_station_10',
                                             'temp_station_11',
                                             'temp_station_12',
                                             'temp_station_13',
                                             'temp_s...
                                                              copy=True,
                                                              fill_value=None,
                                                              keep_empty_features=False,
                                                              missing_values=nan,
                                                              strategy='most_frequent'))),
                ('onehot_encoding',
                 TransformerWrapper(exclude=None, include=['holiday_name'],
                                    transformer=OneHotEncoder(cols=['holiday_name'],
                                                              drop_invariant=False,
                                                              handle_missing='return_nan',
                                                              handle_unknown='value',
                                                              return_df=True,
                                                              use_cat_names=True,
                                                              verbose=0)))],
         verbose=False)
2025-10-08 16:18:50,594:INFO:Creating final display dataframe.
2025-10-08 16:18:50,813:INFO:Setup _display_container:                     Description             Value
0                    Session id               123
1                        Target              Load
2                   Target type        Regression
3           Original data shape       (17524, 48)
4        Transformed data shape       (17524, 60)
5   Transformed train set shape       (14019, 60)
6    Transformed test set shape        (3505, 60)
7              Numeric features                46
8          Categorical features                 1
9      Rows with missing values             96.9%
10                   Preprocess              True
11              Imputation type            simple
12           Numeric imputation              mean
13       Categorical imputation              mode
14     Maximum one-hot encoding                25
15              Encoding method              None
16               Fold Generator             KFold
17                  Fold Number                 3
18                     CPU Jobs                -1
19                      Use GPU             False
20               Log Experiment             False
21              Experiment Name  reg-default-name
22                          USI              497d
2025-10-08 16:18:50,895:INFO:Soft dependency imported: xgboost: 2.1.3
2025-10-08 16:18:50,897:INFO:Soft dependency imported: catboost: 1.2.7
2025-10-08 16:18:50,972:INFO:Soft dependency imported: xgboost: 2.1.3
2025-10-08 16:18:50,974:INFO:Soft dependency imported: catboost: 1.2.7
2025-10-08 16:18:50,974:INFO:setup() successfully completed in 1.51s...............
2025-10-08 16:19:25,296:INFO:Initializing compare_models()
2025-10-08 16:19:25,296:INFO:compare_models(self=<pycaret.regression.oop.RegressionExperiment object at 0x7f4aa8a16ad0>, include=None, fold=None, round=4, cross_validation=True, sort=RMSE, n_select=3, budget_time=None, turbo=True, errors=ignore, fit_kwargs=None, groups=None, experiment_custom_tags=None, probability_threshold=None, verbose=True, parallel=None, caller_params={'self': <pycaret.regression.oop.RegressionExperiment object at 0x7f4aa8a16ad0>, 'include': None, 'exclude': 'lightgbm', 'fold': None, 'round': 4, 'cross_validation': True, 'sort': 'RMSE', 'n_select': 3, 'budget_time': None, 'turbo': True, 'errors': 'ignore', 'fit_kwargs': None, 'groups': None, 'experiment_custom_tags': None, 'engine': None, 'verbose': True, 'parallel': None, '__class__': <class 'pycaret.regression.oop.RegressionExperiment'>}, exclude=lightgbm)
2025-10-08 16:19:25,296:INFO:Checking exceptions
2025-10-08 16:19:25,304:INFO:Preparing display monitor
2025-10-08 16:19:25,318:INFO:Initializing Linear Regression
2025-10-08 16:19:25,318:INFO:Total runtime is 2.6464462280273437e-06 minutes
2025-10-08 16:19:25,320:INFO:SubProcess create_model() called ==================================
2025-10-08 16:19:25,320:INFO:Initializing create_model()
2025-10-08 16:19:25,320:INFO:create_model(self=<pycaret.regression.oop.RegressionExperiment object at 0x7f4aa8a16ad0>, estimator=lr, fold=KFold(n_splits=3, random_state=None, shuffle=False), round=4, cross_validation=True, predict=True, fit_kwargs={}, groups=None, refit=False, probability_threshold=None, experiment_custom_tags=None, verbose=False, system=False, add_to_model_list=True, metrics=None, display=<pycaret.internal.display.display.CommonDisplay object at 0x7f4aa85af520>, model_only=True, return_train_score=False, error_score=0.0, kwargs={})
2025-10-08 16:19:25,320:INFO:Checking exceptions
2025-10-08 16:19:25,320:INFO:Importing libraries
2025-10-08 16:19:25,320:INFO:Copying training dataset
2025-10-08 16:19:25,339:INFO:Defining folds
2025-10-08 16:19:25,339:INFO:Declaring metric variables
2025-10-08 16:19:25,341:INFO:Importing untrained model
2025-10-08 16:19:25,344:INFO:Linear Regression Imported successfully
2025-10-08 16:19:25,349:INFO:Starting cross validation
2025-10-08 16:19:25,351:INFO:Cross validating with KFold(n_splits=3, random_state=None, shuffle=False), n_jobs=-1
2025-10-08 16:19:26,903:INFO:Calculating mean and std
2025-10-08 16:19:26,905:INFO:Creating metrics dataframe
2025-10-08 16:19:26,909:INFO:Uploading results into container
2025-10-08 16:19:26,910:INFO:Uploading model into container now
2025-10-08 16:19:26,911:INFO:_master_model_container: 1
2025-10-08 16:19:26,911:INFO:_display_container: 2
2025-10-08 16:19:26,911:INFO:LinearRegression(copy_X=True, fit_intercept=True, n_jobs=-1, positive=False)
2025-10-08 16:19:26,911:INFO:create_model() successfully completed......................................
2025-10-08 16:19:27,189:INFO:SubProcess create_model() end ==================================
2025-10-08 16:19:27,189:INFO:Creating metrics dataframe
2025-10-08 16:19:27,194:INFO:Initializing Lasso Regression
2025-10-08 16:19:27,194:INFO:Total runtime is 0.031278395652771 minutes
2025-10-08 16:19:27,197:INFO:SubProcess create_model() called ==================================
2025-10-08 16:19:27,197:INFO:Initializing create_model()
2025-10-08 16:19:27,197:INFO:create_model(self=<pycaret.regression.oop.RegressionExperiment object at 0x7f4aa8a16ad0>, estimator=lasso, fold=KFold(n_splits=3, random_state=None, shuffle=False), round=4, cross_validation=True, predict=True, fit_kwargs={}, groups=None, refit=False, probability_threshold=None, experiment_custom_tags=None, verbose=False, system=False, add_to_model_list=True, metrics=None, display=<pycaret.internal.display.display.CommonDisplay object at 0x7f4aa85af520>, model_only=True, return_train_score=False, error_score=0.0, kwargs={})
2025-10-08 16:19:27,197:INFO:Checking exceptions
2025-10-08 16:19:27,197:INFO:Importing libraries
2025-10-08 16:19:27,197:INFO:Copying training dataset
2025-10-08 16:19:27,216:INFO:Defining folds
2025-10-08 16:19:27,216:INFO:Declaring metric variables
2025-10-08 16:19:27,219:INFO:Importing untrained model
2025-10-08 16:19:27,222:INFO:Lasso Regression Imported successfully
2025-10-08 16:19:27,228:INFO:Starting cross validation
2025-10-08 16:19:27,229:INFO:Cross validating with KFold(n_splits=3, random_state=None, shuffle=False), n_jobs=-1
2025-10-08 16:19:28,745:WARNING:/home/leon/.conda/envs/ml_general/lib/python3.10/site-packages/sklearn/linear_model/_coordinate_descent.py:678: ConvergenceWarning: Objective did not converge. You might want to increase the number of iterations, check the scale of the features or consider increasing regularisation. Duality gap: 1.590e+08, tolerance: 8.519e+04
  model = cd_fast.enet_coordinate_descent(

2025-10-08 16:19:28,770:WARNING:/home/leon/.conda/envs/ml_general/lib/python3.10/site-packages/sklearn/linear_model/_coordinate_descent.py:678: ConvergenceWarning: Objective did not converge. You might want to increase the number of iterations, check the scale of the features or consider increasing regularisation. Duality gap: 1.696e+08, tolerance: 8.624e+04
  model = cd_fast.enet_coordinate_descent(

2025-10-08 16:19:28,779:WARNING:/home/leon/.conda/envs/ml_general/lib/python3.10/site-packages/sklearn/linear_model/_coordinate_descent.py:678: ConvergenceWarning: Objective did not converge. You might want to increase the number of iterations, check the scale of the features or consider increasing regularisation. Duality gap: 1.698e+08, tolerance: 8.571e+04
  model = cd_fast.enet_coordinate_descent(

2025-10-08 16:19:28,804:INFO:Calculating mean and std
2025-10-08 16:19:28,805:INFO:Creating metrics dataframe
2025-10-08 16:19:28,808:INFO:Uploading results into container
2025-10-08 16:19:28,809:INFO:Uploading model into container now
2025-10-08 16:19:28,809:INFO:_master_model_container: 2
2025-10-08 16:19:28,809:INFO:_display_container: 2
2025-10-08 16:19:28,810:INFO:Lasso(alpha=1.0, copy_X=True, fit_intercept=True, max_iter=1000, positive=False,
      precompute=False, random_state=123, selection='cyclic', tol=0.0001,
      warm_start=False)
2025-10-08 16:19:28,810:INFO:create_model() successfully completed......................................
2025-10-08 16:19:29,059:INFO:SubProcess create_model() end ==================================
2025-10-08 16:19:29,059:INFO:Creating metrics dataframe
2025-10-08 16:19:29,064:INFO:Initializing Ridge Regression
2025-10-08 16:19:29,064:INFO:Total runtime is 0.06243985493977865 minutes
2025-10-08 16:19:29,066:INFO:SubProcess create_model() called ==================================
2025-10-08 16:19:29,066:INFO:Initializing create_model()
2025-10-08 16:19:29,066:INFO:create_model(self=<pycaret.regression.oop.RegressionExperiment object at 0x7f4aa8a16ad0>, estimator=ridge, fold=KFold(n_splits=3, random_state=None, shuffle=False), round=4, cross_validation=True, predict=True, fit_kwargs={}, groups=None, refit=False, probability_threshold=None, experiment_custom_tags=None, verbose=False, system=False, add_to_model_list=True, metrics=None, display=<pycaret.internal.display.display.CommonDisplay object at 0x7f4aa85af520>, model_only=True, return_train_score=False, error_score=0.0, kwargs={})
2025-10-08 16:19:29,066:INFO:Checking exceptions
2025-10-08 16:19:29,066:INFO:Importing libraries
2025-10-08 16:19:29,067:INFO:Copying training dataset
2025-10-08 16:19:29,083:INFO:Defining folds
2025-10-08 16:19:29,083:INFO:Declaring metric variables
2025-10-08 16:19:29,086:INFO:Importing untrained model
2025-10-08 16:19:29,089:INFO:Ridge Regression Imported successfully
2025-10-08 16:19:29,094:INFO:Starting cross validation
2025-10-08 16:19:29,095:INFO:Cross validating with KFold(n_splits=3, random_state=None, shuffle=False), n_jobs=-1
2025-10-08 16:19:30,156:INFO:Calculating mean and std
2025-10-08 16:19:30,158:INFO:Creating metrics dataframe
2025-10-08 16:19:30,168:INFO:Uploading results into container
2025-10-08 16:19:30,170:INFO:Uploading model into container now
2025-10-08 16:19:30,172:INFO:_master_model_container: 3
2025-10-08 16:19:30,173:INFO:_display_container: 2
2025-10-08 16:19:30,174:INFO:Ridge(alpha=1.0, copy_X=True, fit_intercept=True, max_iter=None, positive=False,
      random_state=123, solver='auto', tol=0.0001)
2025-10-08 16:19:30,174:INFO:create_model() successfully completed......................................
2025-10-08 16:19:30,438:INFO:SubProcess create_model() end ==================================
2025-10-08 16:19:30,438:INFO:Creating metrics dataframe
2025-10-08 16:19:30,443:INFO:Initializing Elastic Net
2025-10-08 16:19:30,443:INFO:Total runtime is 0.08542939027150473 minutes
2025-10-08 16:19:30,445:INFO:SubProcess create_model() called ==================================
2025-10-08 16:19:30,446:INFO:Initializing create_model()
2025-10-08 16:19:30,446:INFO:create_model(self=<pycaret.regression.oop.RegressionExperiment object at 0x7f4aa8a16ad0>, estimator=en, fold=KFold(n_splits=3, random_state=None, shuffle=False), round=4, cross_validation=True, predict=True, fit_kwargs={}, groups=None, refit=False, probability_threshold=None, experiment_custom_tags=None, verbose=False, system=False, add_to_model_list=True, metrics=None, display=<pycaret.internal.display.display.CommonDisplay object at 0x7f4aa85af520>, model_only=True, return_train_score=False, error_score=0.0, kwargs={})
2025-10-08 16:19:30,446:INFO:Checking exceptions
2025-10-08 16:19:30,446:INFO:Importing libraries
2025-10-08 16:19:30,446:INFO:Copying training dataset
2025-10-08 16:19:30,462:INFO:Defining folds
2025-10-08 16:19:30,462:INFO:Declaring metric variables
2025-10-08 16:19:30,465:INFO:Importing untrained model
2025-10-08 16:19:30,467:INFO:Elastic Net Imported successfully
2025-10-08 16:19:30,472:INFO:Starting cross validation
2025-10-08 16:19:30,473:INFO:Cross validating with KFold(n_splits=3, random_state=None, shuffle=False), n_jobs=-1
2025-10-08 16:19:31,810:WARNING:/home/leon/.conda/envs/ml_general/lib/python3.10/site-packages/sklearn/linear_model/_coordinate_descent.py:678: ConvergenceWarning: Objective did not converge. You might want to increase the number of iterations, check the scale of the features or consider increasing regularisation. Duality gap: 2.673e+08, tolerance: 8.624e+04
  model = cd_fast.enet_coordinate_descent(

2025-10-08 16:19:31,818:WARNING:/home/leon/.conda/envs/ml_general/lib/python3.10/site-packages/sklearn/linear_model/_coordinate_descent.py:678: ConvergenceWarning: Objective did not converge. You might want to increase the number of iterations, check the scale of the features or consider increasing regularisation. Duality gap: 2.643e+08, tolerance: 8.519e+04
  model = cd_fast.enet_coordinate_descent(

2025-10-08 16:19:31,866:WARNING:/home/leon/.conda/envs/ml_general/lib/python3.10/site-packages/sklearn/linear_model/_coordinate_descent.py:678: ConvergenceWarning: Objective did not converge. You might want to increase the number of iterations, check the scale of the features or consider increasing regularisation. Duality gap: 2.529e+08, tolerance: 8.571e+04
  model = cd_fast.enet_coordinate_descent(

2025-10-08 16:19:31,890:INFO:Calculating mean and std
2025-10-08 16:19:31,892:INFO:Creating metrics dataframe
2025-10-08 16:19:31,893:INFO:Uploading results into container
2025-10-08 16:19:31,894:INFO:Uploading model into container now
2025-10-08 16:19:31,894:INFO:_master_model_container: 4
2025-10-08 16:19:31,894:INFO:_display_container: 2
2025-10-08 16:19:31,894:INFO:ElasticNet(alpha=1.0, copy_X=True, fit_intercept=True, l1_ratio=0.5,
           max_iter=1000, positive=False, precompute=False, random_state=123,
           selection='cyclic', tol=0.0001, warm_start=False)
2025-10-08 16:19:31,895:INFO:create_model() successfully completed......................................
2025-10-08 16:19:32,127:INFO:SubProcess create_model() end ==================================
2025-10-08 16:19:32,127:INFO:Creating metrics dataframe
2025-10-08 16:19:32,132:INFO:Initializing Least Angle Regression
2025-10-08 16:19:32,132:INFO:Total runtime is 0.11357070207595826 minutes
2025-10-08 16:19:32,134:INFO:SubProcess create_model() called ==================================
2025-10-08 16:19:32,134:INFO:Initializing create_model()
2025-10-08 16:19:32,134:INFO:create_model(self=<pycaret.regression.oop.RegressionExperiment object at 0x7f4aa8a16ad0>, estimator=lar, fold=KFold(n_splits=3, random_state=None, shuffle=False), round=4, cross_validation=True, predict=True, fit_kwargs={}, groups=None, refit=False, probability_threshold=None, experiment_custom_tags=None, verbose=False, system=False, add_to_model_list=True, metrics=None, display=<pycaret.internal.display.display.CommonDisplay object at 0x7f4aa85af520>, model_only=True, return_train_score=False, error_score=0.0, kwargs={})
2025-10-08 16:19:32,134:INFO:Checking exceptions
2025-10-08 16:19:32,134:INFO:Importing libraries
2025-10-08 16:19:32,134:INFO:Copying training dataset
2025-10-08 16:19:32,151:INFO:Defining folds
2025-10-08 16:19:32,151:INFO:Declaring metric variables
2025-10-08 16:19:32,155:INFO:Importing untrained model
2025-10-08 16:19:32,157:INFO:Least Angle Regression Imported successfully
2025-10-08 16:19:32,161:INFO:Starting cross validation
2025-10-08 16:19:32,163:INFO:Cross validating with KFold(n_splits=3, random_state=None, shuffle=False), n_jobs=-1
2025-10-08 16:19:32,237:WARNING:/home/leon/.conda/envs/ml_general/lib/python3.10/site-packages/sklearn/linear_model/_least_angle.py:688: ConvergenceWarning: Regressors in active set degenerate. Dropping a regressor, after 27 iterations, i.e. alpha=1.952e+01, with an active set of 24 regressors, and the smallest cholesky pivot element being 2.220e-16. Reduce max_iter or increase eps parameters.
  warnings.warn(

2025-10-08 16:19:32,237:WARNING:/home/leon/.conda/envs/ml_general/lib/python3.10/site-packages/sklearn/linear_model/_least_angle.py:688: ConvergenceWarning: Regressors in active set degenerate. Dropping a regressor, after 74 iterations, i.e. alpha=1.412e+05, with an active set of 55 regressors, and the smallest cholesky pivot element being 2.220e-16. Reduce max_iter or increase eps parameters.
  warnings.warn(

2025-10-08 16:19:32,237:WARNING:/home/leon/.conda/envs/ml_general/lib/python3.10/site-packages/sklearn/linear_model/_least_angle.py:688: ConvergenceWarning: Regressors in active set degenerate. Dropping a regressor, after 74 iterations, i.e. alpha=1.316e+05, with an active set of 55 regressors, and the smallest cholesky pivot element being 2.220e-16. Reduce max_iter or increase eps parameters.
  warnings.warn(

2025-10-08 16:19:32,237:WARNING:/home/leon/.conda/envs/ml_general/lib/python3.10/site-packages/sklearn/linear_model/_least_angle.py:688: ConvergenceWarning: Regressors in active set degenerate. Dropping a regressor, after 76 iterations, i.e. alpha=6.649e+03, with an active set of 56 regressors, and the smallest cholesky pivot element being 2.220e-16. Reduce max_iter or increase eps parameters.
  warnings.warn(

2025-10-08 16:19:32,237:WARNING:/home/leon/.conda/envs/ml_general/lib/python3.10/site-packages/sklearn/linear_model/_least_angle.py:688: ConvergenceWarning: Regressors in active set degenerate. Dropping a regressor, after 76 iterations, i.e. alpha=6.562e+03, with an active set of 56 regressors, and the smallest cholesky pivot element being 2.220e-16. Reduce max_iter or increase eps parameters.
  warnings.warn(

2025-10-08 16:19:32,237:WARNING:/home/leon/.conda/envs/ml_general/lib/python3.10/site-packages/sklearn/linear_model/_least_angle.py:688: ConvergenceWarning: Regressors in active set degenerate. Dropping a regressor, after 76 iterations, i.e. alpha=3.483e+03, with an active set of 56 regressors, and the smallest cholesky pivot element being 2.220e-16. Reduce max_iter or increase eps parameters.
  warnings.warn(

2025-10-08 16:19:32,238:WARNING:/home/leon/.conda/envs/ml_general/lib/python3.10/site-packages/sklearn/linear_model/_least_angle.py:688: ConvergenceWarning: Regressors in active set degenerate. Dropping a regressor, after 36 iterations, i.e. alpha=1.293e+01, with an active set of 32 regressors, and the smallest cholesky pivot element being 2.220e-16. Reduce max_iter or increase eps parameters.
  warnings.warn(

2025-10-08 16:19:32,240:WARNING:/home/leon/.conda/envs/ml_general/lib/python3.10/site-packages/sklearn/linear_model/_least_angle.py:688: ConvergenceWarning: Regressors in active set degenerate. Dropping a regressor, after 70 iterations, i.e. alpha=1.001e+06, with an active set of 55 regressors, and the smallest cholesky pivot element being 2.220e-16. Reduce max_iter or increase eps parameters.
  warnings.warn(

2025-10-08 16:19:32,240:WARNING:/home/leon/.conda/envs/ml_general/lib/python3.10/site-packages/sklearn/linear_model/_least_angle.py:688: ConvergenceWarning: Regressors in active set degenerate. Dropping a regressor, after 70 iterations, i.e. alpha=9.760e+05, with an active set of 55 regressors, and the smallest cholesky pivot element being 2.220e-16. Reduce max_iter or increase eps parameters.
  warnings.warn(

2025-10-08 16:19:32,241:WARNING:/home/leon/.conda/envs/ml_general/lib/python3.10/site-packages/sklearn/linear_model/_least_angle.py:688: ConvergenceWarning: Regressors in active set degenerate. Dropping a regressor, after 73 iterations, i.e. alpha=2.359e+05, with an active set of 57 regressors, and the smallest cholesky pivot element being 2.220e-16. Reduce max_iter or increase eps parameters.
  warnings.warn(

2025-10-08 16:19:32,241:WARNING:/home/leon/.conda/envs/ml_general/lib/python3.10/site-packages/sklearn/linear_model/_least_angle.py:688: ConvergenceWarning: Regressors in active set degenerate. Dropping a regressor, after 31 iterations, i.e. alpha=1.277e+01, with an active set of 29 regressors, and the smallest cholesky pivot element being 2.220e-16. Reduce max_iter or increase eps parameters.
  warnings.warn(

2025-10-08 16:19:32,241:WARNING:/home/leon/.conda/envs/ml_general/lib/python3.10/site-packages/sklearn/linear_model/_least_angle.py:688: ConvergenceWarning: Regressors in active set degenerate. Dropping a regressor, after 73 iterations, i.e. alpha=2.271e+05, with an active set of 57 regressors, and the smallest cholesky pivot element being 2.220e-16. Reduce max_iter or increase eps parameters.
  warnings.warn(

2025-10-08 16:19:32,243:WARNING:/home/leon/.conda/envs/ml_general/lib/python3.10/site-packages/sklearn/linear_model/_least_angle.py:688: ConvergenceWarning: Regressors in active set degenerate. Dropping a regressor, after 67 iterations, i.e. alpha=6.165e+03, with an active set of 56 regressors, and the smallest cholesky pivot element being 2.220e-16. Reduce max_iter or increase eps parameters.
  warnings.warn(

2025-10-08 16:19:32,244:WARNING:/home/leon/.conda/envs/ml_general/lib/python3.10/site-packages/sklearn/linear_model/_least_angle.py:688: ConvergenceWarning: Regressors in active set degenerate. Dropping a regressor, after 71 iterations, i.e. alpha=2.778e+03, with an active set of 58 regressors, and the smallest cholesky pivot element being 2.220e-16. Reduce max_iter or increase eps parameters.
  warnings.warn(

2025-10-08 16:19:32,268:INFO:Calculating mean and std
2025-10-08 16:19:32,269:INFO:Creating metrics dataframe
2025-10-08 16:19:32,271:INFO:Uploading results into container
2025-10-08 16:19:32,271:INFO:Uploading model into container now
2025-10-08 16:19:32,271:INFO:_master_model_container: 5
2025-10-08 16:19:32,271:INFO:_display_container: 2
2025-10-08 16:19:32,272:INFO:Lars(copy_X=True, eps=2.220446049250313e-16, fit_intercept=True, fit_path=True,
     jitter=None, n_nonzero_coefs=500, precompute='auto', random_state=123,
     verbose=False)
2025-10-08 16:19:32,272:INFO:create_model() successfully completed......................................
2025-10-08 16:19:32,503:INFO:SubProcess create_model() end ==================================
2025-10-08 16:19:32,503:INFO:Creating metrics dataframe
2025-10-08 16:19:32,508:INFO:Initializing Lasso Least Angle Regression
2025-10-08 16:19:32,509:INFO:Total runtime is 0.11984961032867433 minutes
2025-10-08 16:19:32,510:INFO:SubProcess create_model() called ==================================
2025-10-08 16:19:32,511:INFO:Initializing create_model()
2025-10-08 16:19:32,511:INFO:create_model(self=<pycaret.regression.oop.RegressionExperiment object at 0x7f4aa8a16ad0>, estimator=llar, fold=KFold(n_splits=3, random_state=None, shuffle=False), round=4, cross_validation=True, predict=True, fit_kwargs={}, groups=None, refit=False, probability_threshold=None, experiment_custom_tags=None, verbose=False, system=False, add_to_model_list=True, metrics=None, display=<pycaret.internal.display.display.CommonDisplay object at 0x7f4aa85af520>, model_only=True, return_train_score=False, error_score=0.0, kwargs={})
2025-10-08 16:19:32,511:INFO:Checking exceptions
2025-10-08 16:19:32,511:INFO:Importing libraries
2025-10-08 16:19:32,511:INFO:Copying training dataset
2025-10-08 16:19:32,527:INFO:Defining folds
2025-10-08 16:19:32,527:INFO:Declaring metric variables
2025-10-08 16:19:32,530:INFO:Importing untrained model
2025-10-08 16:19:32,533:INFO:Lasso Least Angle Regression Imported successfully
2025-10-08 16:19:32,538:INFO:Starting cross validation
2025-10-08 16:19:32,540:INFO:Cross validating with KFold(n_splits=3, random_state=None, shuffle=False), n_jobs=-1
2025-10-08 16:19:32,608:WARNING:/home/leon/.conda/envs/ml_general/lib/python3.10/site-packages/sklearn/linear_model/_least_angle.py:688: ConvergenceWarning: Regressors in active set degenerate. Dropping a regressor, after 41 iterations, i.e. alpha=8.133e+00, with an active set of 33 regressors, and the smallest cholesky pivot element being 2.220e-16. Reduce max_iter or increase eps parameters.
  warnings.warn(

2025-10-08 16:19:32,610:WARNING:/home/leon/.conda/envs/ml_general/lib/python3.10/site-packages/sklearn/linear_model/_least_angle.py:688: ConvergenceWarning: Regressors in active set degenerate. Dropping a regressor, after 47 iterations, i.e. alpha=3.831e+00, with an active set of 37 regressors, and the smallest cholesky pivot element being 2.220e-16. Reduce max_iter or increase eps parameters.
  warnings.warn(

2025-10-08 16:19:32,611:WARNING:/home/leon/.conda/envs/ml_general/lib/python3.10/site-packages/sklearn/linear_model/_least_angle.py:718: ConvergenceWarning: Early stopping the lars path, as the residues are small and the current value of alpha is no longer well controlled. 53 iterations, alpha=1.836e+01, previous alpha=2.013e+00, with an active set of 40 regressors.
  warnings.warn(

2025-10-08 16:19:32,614:WARNING:/home/leon/.conda/envs/ml_general/lib/python3.10/site-packages/sklearn/linear_model/_least_angle.py:688: ConvergenceWarning: Regressors in active set degenerate. Dropping a regressor, after 33 iterations, i.e. alpha=1.200e+01, with an active set of 27 regressors, and the smallest cholesky pivot element being 2.220e-16. Reduce max_iter or increase eps parameters.
  warnings.warn(

2025-10-08 16:19:32,615:WARNING:/home/leon/.conda/envs/ml_general/lib/python3.10/site-packages/sklearn/linear_model/_least_angle.py:688: ConvergenceWarning: Regressors in active set degenerate. Dropping a regressor, after 35 iterations, i.e. alpha=1.199e+01, with an active set of 29 regressors, and the smallest cholesky pivot element being 2.220e-16. Reduce max_iter or increase eps parameters.
  warnings.warn(

2025-10-08 16:19:32,615:WARNING:/home/leon/.conda/envs/ml_general/lib/python3.10/site-packages/sklearn/linear_model/_least_angle.py:688: ConvergenceWarning: Regressors in active set degenerate. Dropping a regressor, after 37 iterations, i.e. alpha=1.046e+01, with an active set of 31 regressors, and the smallest cholesky pivot element being 2.220e-16. Reduce max_iter or increase eps parameters.
  warnings.warn(

2025-10-08 16:19:32,616:WARNING:/home/leon/.conda/envs/ml_general/lib/python3.10/site-packages/sklearn/linear_model/_least_angle.py:688: ConvergenceWarning: Regressors in active set degenerate. Dropping a regressor, after 43 iterations, i.e. alpha=6.691e+00, with an active set of 37 regressors, and the smallest cholesky pivot element being 2.220e-16. Reduce max_iter or increase eps parameters.
  warnings.warn(

2025-10-08 16:19:32,616:WARNING:/home/leon/.conda/envs/ml_general/lib/python3.10/site-packages/sklearn/linear_model/_least_angle.py:688: ConvergenceWarning: Regressors in active set degenerate. Dropping a regressor, after 45 iterations, i.e. alpha=2.738e+00, with an active set of 39 regressors, and the smallest cholesky pivot element being 2.220e-16. Reduce max_iter or increase eps parameters.
  warnings.warn(

2025-10-08 16:19:32,616:WARNING:/home/leon/.conda/envs/ml_general/lib/python3.10/site-packages/sklearn/linear_model/_least_angle.py:688: ConvergenceWarning: Regressors in active set degenerate. Dropping a regressor, after 46 iterations, i.e. alpha=1.343e+00, with an active set of 40 regressors, and the smallest cholesky pivot element being 2.220e-16. Reduce max_iter or increase eps parameters.
  warnings.warn(

2025-10-08 16:19:32,616:WARNING:/home/leon/.conda/envs/ml_general/lib/python3.10/site-packages/sklearn/linear_model/_least_angle.py:718: ConvergenceWarning: Early stopping the lars path, as the residues are small and the current value of alpha is no longer well controlled. 47 iterations, alpha=4.040e+00, previous alpha=3.961e+00, with an active set of 38 regressors.
  warnings.warn(

2025-10-08 16:19:32,638:INFO:Calculating mean and std
2025-10-08 16:19:32,639:INFO:Creating metrics dataframe
2025-10-08 16:19:32,641:INFO:Uploading results into container
2025-10-08 16:19:32,641:INFO:Uploading model into container now
2025-10-08 16:19:32,642:INFO:_master_model_container: 6
2025-10-08 16:19:32,642:INFO:_display_container: 2
2025-10-08 16:19:32,642:INFO:LassoLars(alpha=1.0, copy_X=True, eps=2.220446049250313e-16, fit_intercept=True,
          fit_path=True, jitter=None, max_iter=500, positive=False,
          precompute='auto', random_state=123, verbose=False)
2025-10-08 16:19:32,642:INFO:create_model() successfully completed......................................
2025-10-08 16:19:32,868:INFO:SubProcess create_model() end ==================================
2025-10-08 16:19:32,868:INFO:Creating metrics dataframe
2025-10-08 16:19:32,873:INFO:Initializing Orthogonal Matching Pursuit
2025-10-08 16:19:32,873:INFO:Total runtime is 0.12592955430348715 minutes
2025-10-08 16:19:32,876:INFO:SubProcess create_model() called ==================================
2025-10-08 16:19:32,876:INFO:Initializing create_model()
2025-10-08 16:19:32,876:INFO:create_model(self=<pycaret.regression.oop.RegressionExperiment object at 0x7f4aa8a16ad0>, estimator=omp, fold=KFold(n_splits=3, random_state=None, shuffle=False), round=4, cross_validation=True, predict=True, fit_kwargs={}, groups=None, refit=False, probability_threshold=None, experiment_custom_tags=None, verbose=False, system=False, add_to_model_list=True, metrics=None, display=<pycaret.internal.display.display.CommonDisplay object at 0x7f4aa85af520>, model_only=True, return_train_score=False, error_score=0.0, kwargs={})
2025-10-08 16:19:32,876:INFO:Checking exceptions
2025-10-08 16:19:32,876:INFO:Importing libraries
2025-10-08 16:19:32,876:INFO:Copying training dataset
2025-10-08 16:19:32,893:INFO:Defining folds
2025-10-08 16:19:32,893:INFO:Declaring metric variables
2025-10-08 16:19:32,895:INFO:Importing untrained model
2025-10-08 16:19:32,898:INFO:Orthogonal Matching Pursuit Imported successfully
2025-10-08 16:19:32,903:INFO:Starting cross validation
2025-10-08 16:19:32,905:INFO:Cross validating with KFold(n_splits=3, random_state=None, shuffle=False), n_jobs=-1
2025-10-08 16:19:32,999:INFO:Calculating mean and std
2025-10-08 16:19:33,000:INFO:Creating metrics dataframe
2025-10-08 16:19:33,001:INFO:Uploading results into container
2025-10-08 16:19:33,001:INFO:Uploading model into container now
2025-10-08 16:19:33,002:INFO:_master_model_container: 7
2025-10-08 16:19:33,002:INFO:_display_container: 2
2025-10-08 16:19:33,002:INFO:OrthogonalMatchingPursuit(fit_intercept=True, n_nonzero_coefs=None,
                          precompute='auto', tol=None)
2025-10-08 16:19:33,002:INFO:create_model() successfully completed......................................
2025-10-08 16:19:33,232:INFO:SubProcess create_model() end ==================================
2025-10-08 16:19:33,232:INFO:Creating metrics dataframe
2025-10-08 16:19:33,237:INFO:Initializing Bayesian Ridge
2025-10-08 16:19:33,238:INFO:Total runtime is 0.13200033108393353 minutes
2025-10-08 16:19:33,240:INFO:SubProcess create_model() called ==================================
2025-10-08 16:19:33,240:INFO:Initializing create_model()
2025-10-08 16:19:33,240:INFO:create_model(self=<pycaret.regression.oop.RegressionExperiment object at 0x7f4aa8a16ad0>, estimator=br, fold=KFold(n_splits=3, random_state=None, shuffle=False), round=4, cross_validation=True, predict=True, fit_kwargs={}, groups=None, refit=False, probability_threshold=None, experiment_custom_tags=None, verbose=False, system=False, add_to_model_list=True, metrics=None, display=<pycaret.internal.display.display.CommonDisplay object at 0x7f4aa85af520>, model_only=True, return_train_score=False, error_score=0.0, kwargs={})
2025-10-08 16:19:33,240:INFO:Checking exceptions
2025-10-08 16:19:33,240:INFO:Importing libraries
2025-10-08 16:19:33,240:INFO:Copying training dataset
2025-10-08 16:19:33,257:INFO:Defining folds
2025-10-08 16:19:33,257:INFO:Declaring metric variables
2025-10-08 16:19:33,260:INFO:Importing untrained model
2025-10-08 16:19:33,262:INFO:Bayesian Ridge Imported successfully
2025-10-08 16:19:33,267:INFO:Starting cross validation
2025-10-08 16:19:33,268:INFO:Cross validating with KFold(n_splits=3, random_state=None, shuffle=False), n_jobs=-1
2025-10-08 16:19:33,386:INFO:Calculating mean and std
2025-10-08 16:19:33,387:INFO:Creating metrics dataframe
2025-10-08 16:19:33,388:INFO:Uploading results into container
2025-10-08 16:19:33,388:INFO:Uploading model into container now
2025-10-08 16:19:33,389:INFO:_master_model_container: 8
2025-10-08 16:19:33,389:INFO:_display_container: 2
2025-10-08 16:19:33,389:INFO:BayesianRidge(alpha_1=1e-06, alpha_2=1e-06, alpha_init=None,
              compute_score=False, copy_X=True, fit_intercept=True,
              lambda_1=1e-06, lambda_2=1e-06, lambda_init=None, max_iter=None,
              n_iter='deprecated', tol=0.001, verbose=False)
2025-10-08 16:19:33,389:INFO:create_model() successfully completed......................................
2025-10-08 16:19:33,617:INFO:SubProcess create_model() end ==================================
2025-10-08 16:19:33,617:INFO:Creating metrics dataframe
2025-10-08 16:19:33,623:INFO:Initializing Passive Aggressive Regressor
2025-10-08 16:19:33,623:INFO:Total runtime is 0.13842240174611412 minutes
2025-10-08 16:19:33,625:INFO:SubProcess create_model() called ==================================
2025-10-08 16:19:33,625:INFO:Initializing create_model()
2025-10-08 16:19:33,625:INFO:create_model(self=<pycaret.regression.oop.RegressionExperiment object at 0x7f4aa8a16ad0>, estimator=par, fold=KFold(n_splits=3, random_state=None, shuffle=False), round=4, cross_validation=True, predict=True, fit_kwargs={}, groups=None, refit=False, probability_threshold=None, experiment_custom_tags=None, verbose=False, system=False, add_to_model_list=True, metrics=None, display=<pycaret.internal.display.display.CommonDisplay object at 0x7f4aa85af520>, model_only=True, return_train_score=False, error_score=0.0, kwargs={})
2025-10-08 16:19:33,626:INFO:Checking exceptions
2025-10-08 16:19:33,626:INFO:Importing libraries
2025-10-08 16:19:33,626:INFO:Copying training dataset
2025-10-08 16:19:33,643:INFO:Defining folds
2025-10-08 16:19:33,643:INFO:Declaring metric variables
2025-10-08 16:19:33,646:INFO:Importing untrained model
2025-10-08 16:19:33,649:INFO:Passive Aggressive Regressor Imported successfully
2025-10-08 16:19:33,658:INFO:Starting cross validation
2025-10-08 16:19:33,659:INFO:Cross validating with KFold(n_splits=3, random_state=None, shuffle=False), n_jobs=-1
2025-10-08 16:19:33,881:INFO:Calculating mean and std
2025-10-08 16:19:33,882:INFO:Creating metrics dataframe
2025-10-08 16:19:33,883:INFO:Uploading results into container
2025-10-08 16:19:33,883:INFO:Uploading model into container now
2025-10-08 16:19:33,884:INFO:_master_model_container: 9
2025-10-08 16:19:33,884:INFO:_display_container: 2
2025-10-08 16:19:33,884:INFO:PassiveAggressiveRegressor(C=1.0, average=False, early_stopping=False,
                           epsilon=0.1, fit_intercept=True,
                           loss='epsilon_insensitive', max_iter=1000,
                           n_iter_no_change=5, random_state=123, shuffle=True,
                           tol=0.001, validation_fraction=0.1, verbose=0,
                           warm_start=False)
2025-10-08 16:19:33,884:INFO:create_model() successfully completed......................................
2025-10-08 16:19:34,112:INFO:SubProcess create_model() end ==================================
2025-10-08 16:19:34,112:INFO:Creating metrics dataframe
2025-10-08 16:19:34,118:INFO:Initializing Huber Regressor
2025-10-08 16:19:34,118:INFO:Total runtime is 0.14667065143585206 minutes
2025-10-08 16:19:34,120:INFO:SubProcess create_model() called ==================================
2025-10-08 16:19:34,120:INFO:Initializing create_model()
2025-10-08 16:19:34,120:INFO:create_model(self=<pycaret.regression.oop.RegressionExperiment object at 0x7f4aa8a16ad0>, estimator=huber, fold=KFold(n_splits=3, random_state=None, shuffle=False), round=4, cross_validation=True, predict=True, fit_kwargs={}, groups=None, refit=False, probability_threshold=None, experiment_custom_tags=None, verbose=False, system=False, add_to_model_list=True, metrics=None, display=<pycaret.internal.display.display.CommonDisplay object at 0x7f4aa85af520>, model_only=True, return_train_score=False, error_score=0.0, kwargs={})
2025-10-08 16:19:34,120:INFO:Checking exceptions
2025-10-08 16:19:34,120:INFO:Importing libraries
2025-10-08 16:19:34,120:INFO:Copying training dataset
2025-10-08 16:19:34,137:INFO:Defining folds
2025-10-08 16:19:34,137:INFO:Declaring metric variables
2025-10-08 16:19:34,139:INFO:Importing untrained model
2025-10-08 16:19:34,142:INFO:Huber Regressor Imported successfully
2025-10-08 16:19:34,147:INFO:Starting cross validation
2025-10-08 16:19:34,148:INFO:Cross validating with KFold(n_splits=3, random_state=None, shuffle=False), n_jobs=-1
2025-10-08 16:19:34,725:WARNING:/home/leon/.conda/envs/ml_general/lib/python3.10/site-packages/sklearn/linear_model/_huber.py:342: ConvergenceWarning: lbfgs failed to converge (status=1):
STOP: TOTAL NO. of ITERATIONS REACHED LIMIT.

Increase the number of iterations (max_iter) or scale the data as shown in:
    https://scikit-learn.org/stable/modules/preprocessing.html
  self.n_iter_ = _check_optimize_result("lbfgs", opt_res, self.max_iter)

2025-10-08 16:19:34,766:WARNING:/home/leon/.conda/envs/ml_general/lib/python3.10/site-packages/sklearn/linear_model/_huber.py:342: ConvergenceWarning: lbfgs failed to converge (status=1):
STOP: TOTAL NO. of ITERATIONS REACHED LIMIT.

Increase the number of iterations (max_iter) or scale the data as shown in:
    https://scikit-learn.org/stable/modules/preprocessing.html
  self.n_iter_ = _check_optimize_result("lbfgs", opt_res, self.max_iter)

2025-10-08 16:19:34,786:WARNING:/home/leon/.conda/envs/ml_general/lib/python3.10/site-packages/sklearn/linear_model/_huber.py:342: ConvergenceWarning: lbfgs failed to converge (status=1):
STOP: TOTAL NO. of ITERATIONS REACHED LIMIT.

Increase the number of iterations (max_iter) or scale the data as shown in:
    https://scikit-learn.org/stable/modules/preprocessing.html
  self.n_iter_ = _check_optimize_result("lbfgs", opt_res, self.max_iter)

2025-10-08 16:19:34,806:INFO:Calculating mean and std
2025-10-08 16:19:34,807:INFO:Creating metrics dataframe
2025-10-08 16:19:34,808:INFO:Uploading results into container
2025-10-08 16:19:34,809:INFO:Uploading model into container now
2025-10-08 16:19:34,809:INFO:_master_model_container: 10
2025-10-08 16:19:34,809:INFO:_display_container: 2
2025-10-08 16:19:34,809:INFO:HuberRegressor(alpha=0.0001, epsilon=1.35, fit_intercept=True, max_iter=100,
               tol=1e-05, warm_start=False)
2025-10-08 16:19:34,809:INFO:create_model() successfully completed......................................
2025-10-08 16:19:35,044:INFO:SubProcess create_model() end ==================================
2025-10-08 16:19:35,044:INFO:Creating metrics dataframe
2025-10-08 16:19:35,050:INFO:Initializing K Neighbors Regressor
2025-10-08 16:19:35,050:INFO:Total runtime is 0.1622078577677409 minutes
2025-10-08 16:19:35,052:INFO:SubProcess create_model() called ==================================
2025-10-08 16:19:35,053:INFO:Initializing create_model()
2025-10-08 16:19:35,053:INFO:create_model(self=<pycaret.regression.oop.RegressionExperiment object at 0x7f4aa8a16ad0>, estimator=knn, fold=KFold(n_splits=3, random_state=None, shuffle=False), round=4, cross_validation=True, predict=True, fit_kwargs={}, groups=None, refit=False, probability_threshold=None, experiment_custom_tags=None, verbose=False, system=False, add_to_model_list=True, metrics=None, display=<pycaret.internal.display.display.CommonDisplay object at 0x7f4aa85af520>, model_only=True, return_train_score=False, error_score=0.0, kwargs={})
2025-10-08 16:19:35,053:INFO:Checking exceptions
2025-10-08 16:19:35,053:INFO:Importing libraries
2025-10-08 16:19:35,053:INFO:Copying training dataset
2025-10-08 16:19:35,070:INFO:Defining folds
2025-10-08 16:19:35,070:INFO:Declaring metric variables
2025-10-08 16:19:35,072:INFO:Importing untrained model
2025-10-08 16:19:35,075:INFO:K Neighbors Regressor Imported successfully
2025-10-08 16:19:35,080:INFO:Starting cross validation
2025-10-08 16:19:35,082:INFO:Cross validating with KFold(n_splits=3, random_state=None, shuffle=False), n_jobs=-1
2025-10-08 16:19:35,417:INFO:Calculating mean and std
2025-10-08 16:19:35,418:INFO:Creating metrics dataframe
2025-10-08 16:19:35,419:INFO:Uploading results into container
2025-10-08 16:19:35,420:INFO:Uploading model into container now
2025-10-08 16:19:35,420:INFO:_master_model_container: 11
2025-10-08 16:19:35,420:INFO:_display_container: 2
2025-10-08 16:19:35,420:INFO:KNeighborsRegressor(algorithm='auto', leaf_size=30, metric='minkowski',
                    metric_params=None, n_jobs=-1, n_neighbors=5, p=2,
                    weights='uniform')
2025-10-08 16:19:35,420:INFO:create_model() successfully completed......................................
2025-10-08 16:19:35,653:INFO:SubProcess create_model() end ==================================
2025-10-08 16:19:35,653:INFO:Creating metrics dataframe
2025-10-08 16:19:35,659:INFO:Initializing Decision Tree Regressor
2025-10-08 16:19:35,659:INFO:Total runtime is 0.17236208518346152 minutes
2025-10-08 16:19:35,662:INFO:SubProcess create_model() called ==================================
2025-10-08 16:19:35,662:INFO:Initializing create_model()
2025-10-08 16:19:35,662:INFO:create_model(self=<pycaret.regression.oop.RegressionExperiment object at 0x7f4aa8a16ad0>, estimator=dt, fold=KFold(n_splits=3, random_state=None, shuffle=False), round=4, cross_validation=True, predict=True, fit_kwargs={}, groups=None, refit=False, probability_threshold=None, experiment_custom_tags=None, verbose=False, system=False, add_to_model_list=True, metrics=None, display=<pycaret.internal.display.display.CommonDisplay object at 0x7f4aa85af520>, model_only=True, return_train_score=False, error_score=0.0, kwargs={})
2025-10-08 16:19:35,662:INFO:Checking exceptions
2025-10-08 16:19:35,662:INFO:Importing libraries
2025-10-08 16:19:35,663:INFO:Copying training dataset
2025-10-08 16:19:35,679:INFO:Defining folds
2025-10-08 16:19:35,679:INFO:Declaring metric variables
2025-10-08 16:19:35,682:INFO:Importing untrained model
2025-10-08 16:19:35,686:INFO:Decision Tree Regressor Imported successfully
2025-10-08 16:19:35,692:INFO:Starting cross validation
2025-10-08 16:19:35,693:INFO:Cross validating with KFold(n_splits=3, random_state=None, shuffle=False), n_jobs=-1
2025-10-08 16:19:35,999:INFO:Calculating mean and std
2025-10-08 16:19:36,000:INFO:Creating metrics dataframe
2025-10-08 16:19:36,001:INFO:Uploading results into container
2025-10-08 16:19:36,002:INFO:Uploading model into container now
2025-10-08 16:19:36,002:INFO:_master_model_container: 12
2025-10-08 16:19:36,002:INFO:_display_container: 2
2025-10-08 16:19:36,003:INFO:DecisionTreeRegressor(ccp_alpha=0.0, criterion='squared_error', max_depth=None,
                      max_features=None, max_leaf_nodes=None,
                      min_impurity_decrease=0.0, min_samples_leaf=1,
                      min_samples_split=2, min_weight_fraction_leaf=0.0,
                      monotonic_cst=None, random_state=123, splitter='best')
2025-10-08 16:19:36,003:INFO:create_model() successfully completed......................................
2025-10-08 16:19:36,228:INFO:SubProcess create_model() end ==================================
2025-10-08 16:19:36,228:INFO:Creating metrics dataframe
2025-10-08 16:19:36,234:INFO:Initializing Random Forest Regressor
2025-10-08 16:19:36,234:INFO:Total runtime is 0.1819451411565145 minutes
2025-10-08 16:19:36,236:INFO:SubProcess create_model() called ==================================
2025-10-08 16:19:36,237:INFO:Initializing create_model()
2025-10-08 16:19:36,237:INFO:create_model(self=<pycaret.regression.oop.RegressionExperiment object at 0x7f4aa8a16ad0>, estimator=rf, fold=KFold(n_splits=3, random_state=None, shuffle=False), round=4, cross_validation=True, predict=True, fit_kwargs={}, groups=None, refit=False, probability_threshold=None, experiment_custom_tags=None, verbose=False, system=False, add_to_model_list=True, metrics=None, display=<pycaret.internal.display.display.CommonDisplay object at 0x7f4aa85af520>, model_only=True, return_train_score=False, error_score=0.0, kwargs={})
2025-10-08 16:19:36,237:INFO:Checking exceptions
2025-10-08 16:19:36,237:INFO:Importing libraries
2025-10-08 16:19:36,237:INFO:Copying training dataset
2025-10-08 16:19:36,253:INFO:Defining folds
2025-10-08 16:19:36,253:INFO:Declaring metric variables
2025-10-08 16:19:36,257:INFO:Importing untrained model
2025-10-08 16:19:36,264:INFO:Random Forest Regressor Imported successfully
2025-10-08 16:19:36,269:INFO:Starting cross validation
2025-10-08 16:19:36,271:INFO:Cross validating with KFold(n_splits=3, random_state=None, shuffle=False), n_jobs=-1
2025-10-08 16:19:41,759:INFO:Calculating mean and std
2025-10-08 16:19:41,760:INFO:Creating metrics dataframe
2025-10-08 16:19:41,762:INFO:Uploading results into container
2025-10-08 16:19:41,762:INFO:Uploading model into container now
2025-10-08 16:19:41,763:INFO:_master_model_container: 13
2025-10-08 16:19:41,763:INFO:_display_container: 2
2025-10-08 16:19:41,763:INFO:RandomForestRegressor(bootstrap=True, ccp_alpha=0.0, criterion='squared_error',
                      max_depth=None, max_features=1.0, max_leaf_nodes=None,
                      max_samples=None, min_impurity_decrease=0.0,
                      min_samples_leaf=1, min_samples_split=2,
                      min_weight_fraction_leaf=0.0, monotonic_cst=None,
                      n_estimators=100, n_jobs=-1, oob_score=False,
                      random_state=123, verbose=0, warm_start=False)
2025-10-08 16:19:41,763:INFO:create_model() successfully completed......................................
2025-10-08 16:19:41,977:INFO:SubProcess create_model() end ==================================
2025-10-08 16:19:41,977:INFO:Creating metrics dataframe
2025-10-08 16:19:41,983:INFO:Initializing Extra Trees Regressor
2025-10-08 16:19:41,983:INFO:Total runtime is 0.27776151498158774 minutes
2025-10-08 16:19:41,985:INFO:SubProcess create_model() called ==================================
2025-10-08 16:19:41,986:INFO:Initializing create_model()
2025-10-08 16:19:41,986:INFO:create_model(self=<pycaret.regression.oop.RegressionExperiment object at 0x7f4aa8a16ad0>, estimator=et, fold=KFold(n_splits=3, random_state=None, shuffle=False), round=4, cross_validation=True, predict=True, fit_kwargs={}, groups=None, refit=False, probability_threshold=None, experiment_custom_tags=None, verbose=False, system=False, add_to_model_list=True, metrics=None, display=<pycaret.internal.display.display.CommonDisplay object at 0x7f4aa85af520>, model_only=True, return_train_score=False, error_score=0.0, kwargs={})
2025-10-08 16:19:41,986:INFO:Checking exceptions
2025-10-08 16:19:41,986:INFO:Importing libraries
2025-10-08 16:19:41,986:INFO:Copying training dataset
2025-10-08 16:19:42,002:INFO:Defining folds
2025-10-08 16:19:42,003:INFO:Declaring metric variables
2025-10-08 16:19:42,005:INFO:Importing untrained model
2025-10-08 16:19:42,009:INFO:Extra Trees Regressor Imported successfully
2025-10-08 16:19:42,016:INFO:Starting cross validation
2025-10-08 16:19:42,017:INFO:Cross validating with KFold(n_splits=3, random_state=None, shuffle=False), n_jobs=-1
2025-10-08 16:19:44,850:INFO:Calculating mean and std
2025-10-08 16:19:44,850:INFO:Creating metrics dataframe
2025-10-08 16:19:44,851:INFO:Uploading results into container
2025-10-08 16:19:44,852:INFO:Uploading model into container now
2025-10-08 16:19:44,852:INFO:_master_model_container: 14
2025-10-08 16:19:44,852:INFO:_display_container: 2
2025-10-08 16:19:44,852:INFO:ExtraTreesRegressor(bootstrap=False, ccp_alpha=0.0, criterion='squared_error',
                    max_depth=None, max_features=1.0, max_leaf_nodes=None,
                    max_samples=None, min_impurity_decrease=0.0,
                    min_samples_leaf=1, min_samples_split=2,
                    min_weight_fraction_leaf=0.0, monotonic_cst=None,
                    n_estimators=100, n_jobs=-1, oob_score=False,
                    random_state=123, verbose=0, warm_start=False)
2025-10-08 16:19:44,852:INFO:create_model() successfully completed......................................
2025-10-08 16:19:45,084:INFO:SubProcess create_model() end ==================================
2025-10-08 16:19:45,084:INFO:Creating metrics dataframe
2025-10-08 16:19:45,090:INFO:Initializing AdaBoost Regressor
2025-10-08 16:19:45,091:INFO:Total runtime is 0.3295508583386739 minutes
2025-10-08 16:19:45,093:INFO:SubProcess create_model() called ==================================
2025-10-08 16:19:45,093:INFO:Initializing create_model()
2025-10-08 16:19:45,093:INFO:create_model(self=<pycaret.regression.oop.RegressionExperiment object at 0x7f4aa8a16ad0>, estimator=ada, fold=KFold(n_splits=3, random_state=None, shuffle=False), round=4, cross_validation=True, predict=True, fit_kwargs={}, groups=None, refit=False, probability_threshold=None, experiment_custom_tags=None, verbose=False, system=False, add_to_model_list=True, metrics=None, display=<pycaret.internal.display.display.CommonDisplay object at 0x7f4aa85af520>, model_only=True, return_train_score=False, error_score=0.0, kwargs={})
2025-10-08 16:19:45,093:INFO:Checking exceptions
2025-10-08 16:19:45,093:INFO:Importing libraries
2025-10-08 16:19:45,093:INFO:Copying training dataset
2025-10-08 16:19:45,109:INFO:Defining folds
2025-10-08 16:19:45,109:INFO:Declaring metric variables
2025-10-08 16:19:45,111:INFO:Importing untrained model
2025-10-08 16:19:45,113:INFO:AdaBoost Regressor Imported successfully
2025-10-08 16:19:45,118:INFO:Starting cross validation
2025-10-08 16:19:45,120:INFO:Cross validating with KFold(n_splits=3, random_state=None, shuffle=False), n_jobs=-1
2025-10-08 16:19:46,995:INFO:Calculating mean and std
2025-10-08 16:19:46,995:INFO:Creating metrics dataframe
2025-10-08 16:19:46,996:INFO:Uploading results into container
2025-10-08 16:19:46,997:INFO:Uploading model into container now
2025-10-08 16:19:46,997:INFO:_master_model_container: 15
2025-10-08 16:19:46,997:INFO:_display_container: 2
2025-10-08 16:19:46,997:INFO:AdaBoostRegressor(estimator=None, learning_rate=1.0, loss='linear',
                  n_estimators=50, random_state=123)
2025-10-08 16:19:46,997:INFO:create_model() successfully completed......................................
2025-10-08 16:19:47,224:INFO:SubProcess create_model() end ==================================
2025-10-08 16:19:47,224:INFO:Creating metrics dataframe
2025-10-08 16:19:47,231:INFO:Initializing Gradient Boosting Regressor
2025-10-08 16:19:47,231:INFO:Total runtime is 0.36522278388341267 minutes
2025-10-08 16:19:47,233:INFO:SubProcess create_model() called ==================================
2025-10-08 16:19:47,233:INFO:Initializing create_model()
2025-10-08 16:19:47,233:INFO:create_model(self=<pycaret.regression.oop.RegressionExperiment object at 0x7f4aa8a16ad0>, estimator=gbr, fold=KFold(n_splits=3, random_state=None, shuffle=False), round=4, cross_validation=True, predict=True, fit_kwargs={}, groups=None, refit=False, probability_threshold=None, experiment_custom_tags=None, verbose=False, system=False, add_to_model_list=True, metrics=None, display=<pycaret.internal.display.display.CommonDisplay object at 0x7f4aa85af520>, model_only=True, return_train_score=False, error_score=0.0, kwargs={})
2025-10-08 16:19:47,233:INFO:Checking exceptions
2025-10-08 16:19:47,233:INFO:Importing libraries
2025-10-08 16:19:47,234:INFO:Copying training dataset
2025-10-08 16:19:47,248:INFO:Defining folds
2025-10-08 16:19:47,249:INFO:Declaring metric variables
2025-10-08 16:19:47,251:INFO:Importing untrained model
2025-10-08 16:19:47,253:INFO:Gradient Boosting Regressor Imported successfully
2025-10-08 16:19:47,258:INFO:Starting cross validation
2025-10-08 16:19:47,259:INFO:Cross validating with KFold(n_splits=3, random_state=None, shuffle=False), n_jobs=-1
2025-10-08 16:19:50,995:INFO:Calculating mean and std
2025-10-08 16:19:50,995:INFO:Creating metrics dataframe
2025-10-08 16:19:50,996:INFO:Uploading results into container
2025-10-08 16:19:50,997:INFO:Uploading model into container now
2025-10-08 16:19:50,997:INFO:_master_model_container: 16
2025-10-08 16:19:50,997:INFO:_display_container: 2
2025-10-08 16:19:50,997:INFO:GradientBoostingRegressor(alpha=0.9, ccp_alpha=0.0, criterion='friedman_mse',
                          init=None, learning_rate=0.1, loss='squared_error',
                          max_depth=3, max_features=None, max_leaf_nodes=None,
                          min_impurity_decrease=0.0, min_samples_leaf=1,
                          min_samples_split=2, min_weight_fraction_leaf=0.0,
                          n_estimators=100, n_iter_no_change=None,
                          random_state=123, subsample=1.0, tol=0.0001,
                          validation_fraction=0.1, verbose=0, warm_start=False)
2025-10-08 16:19:50,997:INFO:create_model() successfully completed......................................
2025-10-08 16:19:51,222:INFO:SubProcess create_model() end ==================================
2025-10-08 16:19:51,222:INFO:Creating metrics dataframe
2025-10-08 16:19:51,229:INFO:Initializing Extreme Gradient Boosting
2025-10-08 16:19:51,229:INFO:Total runtime is 0.4318594773610433 minutes
2025-10-08 16:19:51,231:INFO:SubProcess create_model() called ==================================
2025-10-08 16:19:51,232:INFO:Initializing create_model()
2025-10-08 16:19:51,232:INFO:create_model(self=<pycaret.regression.oop.RegressionExperiment object at 0x7f4aa8a16ad0>, estimator=xgboost, fold=KFold(n_splits=3, random_state=None, shuffle=False), round=4, cross_validation=True, predict=True, fit_kwargs={}, groups=None, refit=False, probability_threshold=None, experiment_custom_tags=None, verbose=False, system=False, add_to_model_list=True, metrics=None, display=<pycaret.internal.display.display.CommonDisplay object at 0x7f4aa85af520>, model_only=True, return_train_score=False, error_score=0.0, kwargs={})
2025-10-08 16:19:51,232:INFO:Checking exceptions
2025-10-08 16:19:51,232:INFO:Importing libraries
2025-10-08 16:19:51,232:INFO:Copying training dataset
2025-10-08 16:19:51,250:INFO:Defining folds
2025-10-08 16:19:51,250:INFO:Declaring metric variables
2025-10-08 16:19:51,254:INFO:Importing untrained model
2025-10-08 16:19:51,257:INFO:Extreme Gradient Boosting Imported successfully
2025-10-08 16:19:51,264:INFO:Starting cross validation
2025-10-08 16:19:51,266:INFO:Cross validating with KFold(n_splits=3, random_state=None, shuffle=False), n_jobs=-1
2025-10-08 16:19:51,804:INFO:Calculating mean and std
2025-10-08 16:19:51,804:INFO:Creating metrics dataframe
2025-10-08 16:19:51,805:INFO:Uploading results into container
2025-10-08 16:19:51,806:INFO:Uploading model into container now
2025-10-08 16:19:51,806:INFO:_master_model_container: 17
2025-10-08 16:19:51,806:INFO:_display_container: 2
2025-10-08 16:19:51,806:INFO:XGBRegressor(base_score=None, booster='gbtree', callbacks=None,
             colsample_bylevel=None, colsample_bynode=None,
             colsample_bytree=None, device='cpu', early_stopping_rounds=None,
             enable_categorical=False, eval_metric=None, feature_types=None,
             gamma=None, grow_policy=None, importance_type=None,
             interaction_constraints=None, learning_rate=None, max_bin=None,
             max_cat_threshold=None, max_cat_to_onehot=None,
             max_delta_step=None, max_depth=None, max_leaves=None,
             min_child_weight=None, missing=nan, monotone_constraints=None,
             multi_strategy=None, n_estimators=None, n_jobs=-1,
             num_parallel_tree=None, objective='reg:squarederror', ...)
2025-10-08 16:19:51,806:INFO:create_model() successfully completed......................................
2025-10-08 16:19:52,036:INFO:SubProcess create_model() end ==================================
2025-10-08 16:19:52,036:INFO:Creating metrics dataframe
2025-10-08 16:19:52,043:INFO:Initializing CatBoost Regressor
2025-10-08 16:19:52,043:INFO:Total runtime is 0.44541937510172525 minutes
2025-10-08 16:19:52,045:INFO:SubProcess create_model() called ==================================
2025-10-08 16:19:52,045:INFO:Initializing create_model()
2025-10-08 16:19:52,045:INFO:create_model(self=<pycaret.regression.oop.RegressionExperiment object at 0x7f4aa8a16ad0>, estimator=catboost, fold=KFold(n_splits=3, random_state=None, shuffle=False), round=4, cross_validation=True, predict=True, fit_kwargs={}, groups=None, refit=False, probability_threshold=None, experiment_custom_tags=None, verbose=False, system=False, add_to_model_list=True, metrics=None, display=<pycaret.internal.display.display.CommonDisplay object at 0x7f4aa85af520>, model_only=True, return_train_score=False, error_score=0.0, kwargs={})
2025-10-08 16:19:52,045:INFO:Checking exceptions
2025-10-08 16:19:52,045:INFO:Importing libraries
2025-10-08 16:19:52,045:INFO:Copying training dataset
2025-10-08 16:19:52,061:INFO:Defining folds
2025-10-08 16:19:52,061:INFO:Declaring metric variables
2025-10-08 16:19:52,063:INFO:Importing untrained model
2025-10-08 16:19:52,066:INFO:CatBoost Regressor Imported successfully
2025-10-08 16:19:52,071:INFO:Starting cross validation
2025-10-08 16:19:52,072:INFO:Cross validating with KFold(n_splits=3, random_state=None, shuffle=False), n_jobs=-1
2025-10-08 16:19:56,226:INFO:Calculating mean and std
2025-10-08 16:19:56,227:INFO:Creating metrics dataframe
2025-10-08 16:19:56,228:INFO:Uploading results into container
2025-10-08 16:19:56,228:INFO:Uploading model into container now
2025-10-08 16:19:56,229:INFO:_master_model_container: 18
2025-10-08 16:19:56,229:INFO:_display_container: 2
2025-10-08 16:19:56,229:INFO:<catboost.core.CatBoostRegressor object at 0x7f4aa8894d60>
2025-10-08 16:19:56,229:INFO:create_model() successfully completed......................................
2025-10-08 16:19:56,447:INFO:SubProcess create_model() end ==================================
2025-10-08 16:19:56,448:INFO:Creating metrics dataframe
2025-10-08 16:19:56,454:INFO:Initializing Dummy Regressor
2025-10-08 16:19:56,454:INFO:Total runtime is 0.5189434329668681 minutes
2025-10-08 16:19:56,456:INFO:SubProcess create_model() called ==================================
2025-10-08 16:19:56,457:INFO:Initializing create_model()
2025-10-08 16:19:56,457:INFO:create_model(self=<pycaret.regression.oop.RegressionExperiment object at 0x7f4aa8a16ad0>, estimator=dummy, fold=KFold(n_splits=3, random_state=None, shuffle=False), round=4, cross_validation=True, predict=True, fit_kwargs={}, groups=None, refit=False, probability_threshold=None, experiment_custom_tags=None, verbose=False, system=False, add_to_model_list=True, metrics=None, display=<pycaret.internal.display.display.CommonDisplay object at 0x7f4aa85af520>, model_only=True, return_train_score=False, error_score=0.0, kwargs={})
2025-10-08 16:19:56,457:INFO:Checking exceptions
2025-10-08 16:19:56,457:INFO:Importing libraries
2025-10-08 16:19:56,457:INFO:Copying training dataset
2025-10-08 16:19:56,471:INFO:Defining folds
2025-10-08 16:19:56,471:INFO:Declaring metric variables
2025-10-08 16:19:56,474:INFO:Importing untrained model
2025-10-08 16:19:56,476:INFO:Dummy Regressor Imported successfully
2025-10-08 16:19:56,480:INFO:Starting cross validation
2025-10-08 16:19:56,481:INFO:Cross validating with KFold(n_splits=3, random_state=None, shuffle=False), n_jobs=-1
2025-10-08 16:19:56,573:INFO:Calculating mean and std
2025-10-08 16:19:56,574:INFO:Creating metrics dataframe
2025-10-08 16:19:56,575:INFO:Uploading results into container
2025-10-08 16:19:56,575:INFO:Uploading model into container now
2025-10-08 16:19:56,576:INFO:_master_model_container: 19
2025-10-08 16:19:56,576:INFO:_display_container: 2
2025-10-08 16:19:56,576:INFO:DummyRegressor(constant=None, quantile=None, strategy='mean')
2025-10-08 16:19:56,576:INFO:create_model() successfully completed......................................
2025-10-08 16:19:56,791:INFO:SubProcess create_model() end ==================================
2025-10-08 16:19:56,791:INFO:Creating metrics dataframe
2025-10-08 16:19:56,798:WARNING:/home/leon/.conda/envs/ml_general/lib/python3.10/site-packages/pycaret/internal/pycaret_experiment/supervised_experiment.py:323: FutureWarning: Styler.applymap has been deprecated. Use Styler.map instead.
  master_display_.apply(

2025-10-08 16:19:56,803:INFO:Initializing create_model()
2025-10-08 16:19:56,803:INFO:create_model(self=<pycaret.regression.oop.RegressionExperiment object at 0x7f4aa8a16ad0>, estimator=<catboost.core.CatBoostRegressor object at 0x7f4aa8894d60>, fold=KFold(n_splits=3, random_state=None, shuffle=False), round=4, cross_validation=False, predict=False, fit_kwargs={}, groups=None, refit=True, probability_threshold=None, experiment_custom_tags=None, verbose=False, system=False, add_to_model_list=True, metrics=None, display=None, model_only=True, return_train_score=False, error_score=0.0, kwargs={})
2025-10-08 16:19:56,803:INFO:Checking exceptions
2025-10-08 16:19:56,805:INFO:Importing libraries
2025-10-08 16:19:56,805:INFO:Copying training dataset
2025-10-08 16:19:56,819:INFO:Defining folds
2025-10-08 16:19:56,820:INFO:Declaring metric variables
2025-10-08 16:19:56,820:INFO:Importing untrained model
2025-10-08 16:19:56,820:INFO:Declaring custom model
2025-10-08 16:19:56,820:INFO:CatBoost Regressor Imported successfully
2025-10-08 16:19:56,821:INFO:Cross validation set to False
2025-10-08 16:19:56,821:INFO:Fitting Model
2025-10-08 16:19:58,431:INFO:<catboost.core.CatBoostRegressor object at 0x7f4aa8894520>
2025-10-08 16:19:58,431:INFO:create_model() successfully completed......................................
2025-10-08 16:19:58,646:INFO:Initializing create_model()
2025-10-08 16:19:58,646:INFO:create_model(self=<pycaret.regression.oop.RegressionExperiment object at 0x7f4aa8a16ad0>, estimator=ExtraTreesRegressor(bootstrap=False, ccp_alpha=0.0, criterion='squared_error',
                    max_depth=None, max_features=1.0, max_leaf_nodes=None,
                    max_samples=None, min_impurity_decrease=0.0,
                    min_samples_leaf=1, min_samples_split=2,
                    min_weight_fraction_leaf=0.0, monotonic_cst=None,
                    n_estimators=100, n_jobs=-1, oob_score=False,
                    random_state=123, verbose=0, warm_start=False), fold=KFold(n_splits=3, random_state=None, shuffle=False), round=4, cross_validation=False, predict=False, fit_kwargs={}, groups=None, refit=True, probability_threshold=None, experiment_custom_tags=None, verbose=False, system=False, add_to_model_list=True, metrics=None, display=None, model_only=True, return_train_score=False, error_score=0.0, kwargs={})
2025-10-08 16:19:58,646:INFO:Checking exceptions
2025-10-08 16:19:58,647:INFO:Importing libraries
2025-10-08 16:19:58,648:INFO:Copying training dataset
2025-10-08 16:19:58,662:INFO:Defining folds
2025-10-08 16:19:58,663:INFO:Declaring metric variables
2025-10-08 16:19:58,663:INFO:Importing untrained model
2025-10-08 16:19:58,663:INFO:Declaring custom model
2025-10-08 16:19:58,663:INFO:Extra Trees Regressor Imported successfully
2025-10-08 16:19:58,664:INFO:Cross validation set to False
2025-10-08 16:19:58,664:INFO:Fitting Model
2025-10-08 16:20:00,151:INFO:ExtraTreesRegressor(bootstrap=False, ccp_alpha=0.0, criterion='squared_error',
                    max_depth=None, max_features=1.0, max_leaf_nodes=None,
                    max_samples=None, min_impurity_decrease=0.0,
                    min_samples_leaf=1, min_samples_split=2,
                    min_weight_fraction_leaf=0.0, monotonic_cst=None,
                    n_estimators=100, n_jobs=-1, oob_score=False,
                    random_state=123, verbose=0, warm_start=False)
2025-10-08 16:20:00,151:INFO:create_model() successfully completed......................................
2025-10-08 16:20:00,372:INFO:Initializing create_model()
2025-10-08 16:20:00,372:INFO:create_model(self=<pycaret.regression.oop.RegressionExperiment object at 0x7f4aa8a16ad0>, estimator=XGBRegressor(base_score=None, booster='gbtree', callbacks=None,
             colsample_bylevel=None, colsample_bynode=None,
             colsample_bytree=None, device='cpu', early_stopping_rounds=None,
             enable_categorical=False, eval_metric=None, feature_types=None,
             gamma=None, grow_policy=None, importance_type=None,
             interaction_constraints=None, learning_rate=None, max_bin=None,
             max_cat_threshold=None, max_cat_to_onehot=None,
             max_delta_step=None, max_depth=None, max_leaves=None,
             min_child_weight=None, missing=nan, monotone_constraints=None,
             multi_strategy=None, n_estimators=None, n_jobs=-1,
             num_parallel_tree=None, objective='reg:squarederror', ...), fold=KFold(n_splits=3, random_state=None, shuffle=False), round=4, cross_validation=False, predict=False, fit_kwargs={}, groups=None, refit=True, probability_threshold=None, experiment_custom_tags=None, verbose=False, system=False, add_to_model_list=True, metrics=None, display=None, model_only=True, return_train_score=False, error_score=0.0, kwargs={})
2025-10-08 16:20:00,372:INFO:Checking exceptions
2025-10-08 16:20:00,374:INFO:Importing libraries
2025-10-08 16:20:00,374:INFO:Copying training dataset
2025-10-08 16:20:00,391:INFO:Defining folds
2025-10-08 16:20:00,391:INFO:Declaring metric variables
2025-10-08 16:20:00,391:INFO:Importing untrained model
2025-10-08 16:20:00,391:INFO:Declaring custom model
2025-10-08 16:20:00,393:INFO:Extreme Gradient Boosting Imported successfully
2025-10-08 16:20:00,394:INFO:Cross validation set to False
2025-10-08 16:20:00,394:INFO:Fitting Model
2025-10-08 16:20:00,608:INFO:XGBRegressor(base_score=None, booster='gbtree', callbacks=None,
             colsample_bylevel=None, colsample_bynode=None,
             colsample_bytree=None, device='cpu', early_stopping_rounds=None,
             enable_categorical=False, eval_metric=None, feature_types=None,
             gamma=None, grow_policy=None, importance_type=None,
             interaction_constraints=None, learning_rate=None, max_bin=None,
             max_cat_threshold=None, max_cat_to_onehot=None,
             max_delta_step=None, max_depth=None, max_leaves=None,
             min_child_weight=None, missing=nan, monotone_constraints=None,
             multi_strategy=None, n_estimators=None, n_jobs=-1,
             num_parallel_tree=None, objective='reg:squarederror', ...)
2025-10-08 16:20:00,608:INFO:create_model() successfully completed......................................
2025-10-08 16:20:00,841:INFO:_master_model_container: 19
2025-10-08 16:20:00,841:INFO:_display_container: 2
2025-10-08 16:20:00,842:INFO:[<catboost.core.CatBoostRegressor object at 0x7f4aa8894520>, ExtraTreesRegressor(bootstrap=False, ccp_alpha=0.0, criterion='squared_error',
                    max_depth=None, max_features=1.0, max_leaf_nodes=None,
                    max_samples=None, min_impurity_decrease=0.0,
                    min_samples_leaf=1, min_samples_split=2,
                    min_weight_fraction_leaf=0.0, monotonic_cst=None,
                    n_estimators=100, n_jobs=-1, oob_score=False,
                    random_state=123, verbose=0, warm_start=False), XGBRegressor(base_score=None, booster='gbtree', callbacks=None,
             colsample_bylevel=None, colsample_bynode=None,
             colsample_bytree=None, device='cpu', early_stopping_rounds=None,
             enable_categorical=False, eval_metric=None, feature_types=None,
             gamma=None, grow_policy=None, importance_type=None,
             interaction_constraints=None, learning_rate=None, max_bin=None,
             max_cat_threshold=None, max_cat_to_onehot=None,
             max_delta_step=None, max_depth=None, max_leaves=None,
             min_child_weight=None, missing=nan, monotone_constraints=None,
             multi_strategy=None, n_estimators=None, n_jobs=-1,
             num_parallel_tree=None, objective='reg:squarederror', ...)]
2025-10-08 16:20:00,842:INFO:compare_models() successfully completed......................................
2025-10-08 16:21:10,890:INFO:Initializing plot_model()
2025-10-08 16:21:10,890:INFO:plot_model(plot=feature, fold=None, verbose=True, display=None, display_format=None, estimator=DecisionTreeClassifier(ccp_alpha=0.0, class_weight=None, criterion='gini',
                       max_depth=None, max_features=None, max_leaf_nodes=None,
                       min_impurity_decrease=0.0, min_samples_leaf=1,
                       min_samples_split=2, min_weight_fraction_leaf=0.0,
                       monotonic_cst=None, random_state=123, splitter='best'), feature_name=None, fit_kwargs=None, groups=None, label=False, plot_kwargs=None, save=False, scale=1, self=<pycaret.regression.oop.RegressionExperiment object at 0x7f4aa8a16ad0>, system=True)
2025-10-08 16:21:10,890:INFO:Checking exceptions
2025-10-08 16:21:10,899:INFO:Preloading libraries
2025-10-08 16:21:10,899:INFO:Copying training dataset
2025-10-08 16:21:10,900:INFO:Plot type: feature
2025-10-08 16:21:10,900:WARNING:No coef_ found. Trying feature_importances_
2025-10-08 16:21:22,682:INFO:Initializing plot_model()
2025-10-08 16:21:22,682:INFO:plot_model(plot=feature, fold=None, verbose=True, display=None, display_format=None, estimator=<catboost.core.CatBoostRegressor object at 0x7f4aa8894520>, feature_name=None, fit_kwargs=None, groups=None, label=False, plot_kwargs=None, save=False, scale=1, self=<pycaret.regression.oop.RegressionExperiment object at 0x7f4aa8a16ad0>, system=True)
2025-10-08 16:21:22,682:INFO:Checking exceptions
2025-10-08 16:21:22,694:INFO:Preloading libraries
2025-10-08 16:21:22,696:INFO:Copying training dataset
2025-10-08 16:21:22,696:INFO:Plot type: feature
2025-10-08 16:21:22,697:WARNING:No coef_ found. Trying feature_importances_
2025-10-08 16:21:22,885:INFO:Visual Rendered Successfully
2025-10-08 16:21:23,126:INFO:plot_model() successfully completed......................................
2025-10-08 16:21:23,126:INFO:Initializing plot_model()
2025-10-08 16:21:23,126:INFO:plot_model(plot=feature, fold=None, verbose=True, display=None, display_format=None, estimator=ExtraTreesRegressor(bootstrap=False, ccp_alpha=0.0, criterion='squared_error',
                    max_depth=None, max_features=1.0, max_leaf_nodes=None,
                    max_samples=None, min_impurity_decrease=0.0,
                    min_samples_leaf=1, min_samples_split=2,
                    min_weight_fraction_leaf=0.0, monotonic_cst=None,
                    n_estimators=100, n_jobs=-1, oob_score=False,
                    random_state=123, verbose=0, warm_start=False), feature_name=None, fit_kwargs=None, groups=None, label=False, plot_kwargs=None, save=False, scale=1, self=<pycaret.regression.oop.RegressionExperiment object at 0x7f4aa8a16ad0>, system=True)
2025-10-08 16:21:23,126:INFO:Checking exceptions
2025-10-08 16:21:23,148:INFO:Preloading libraries
2025-10-08 16:21:23,320:INFO:Copying training dataset
2025-10-08 16:21:23,321:INFO:Plot type: feature
2025-10-08 16:21:23,322:WARNING:No coef_ found. Trying feature_importances_
2025-10-08 16:21:23,500:INFO:Visual Rendered Successfully
2025-10-08 16:21:23,723:INFO:plot_model() successfully completed......................................
2025-10-08 16:21:23,736:INFO:Initializing plot_model()
2025-10-08 16:21:23,736:INFO:plot_model(plot=feature, fold=None, verbose=True, display=None, display_format=None, estimator=XGBRegressor(base_score=None, booster='gbtree', callbacks=None,
             colsample_bylevel=None, colsample_bynode=None,
             colsample_bytree=None, device='cpu', early_stopping_rounds=None,
             enable_categorical=False, eval_metric=None, feature_types=None,
             gamma=None, grow_policy=None, importance_type=None,
             interaction_constraints=None, learning_rate=None, max_bin=None,
             max_cat_threshold=None, max_cat_to_onehot=None,
             max_delta_step=None, max_depth=None, max_leaves=None,
             min_child_weight=None, missing=nan, monotone_constraints=None,
             multi_strategy=None, n_estimators=None, n_jobs=-1,
             num_parallel_tree=None, objective='reg:squarederror', ...), feature_name=None, fit_kwargs=None, groups=None, label=False, plot_kwargs=None, save=False, scale=1, self=<pycaret.regression.oop.RegressionExperiment object at 0x7f4aa8a16ad0>, system=True)
2025-10-08 16:21:23,736:INFO:Checking exceptions
2025-10-08 16:21:23,743:INFO:Preloading libraries
2025-10-08 16:21:23,746:INFO:Copying training dataset
2025-10-08 16:21:23,746:INFO:Plot type: feature
2025-10-08 16:21:23,752:WARNING:No coef_ found. Trying feature_importances_
2025-10-08 16:21:23,902:INFO:Visual Rendered Successfully
2025-10-08 16:21:24,136:INFO:plot_model() successfully completed......................................
2025-10-08 16:26:39,607:WARNING:/tmp/ipykernel_19706/97937738.py:6: SettingWithCopyWarning: 
A value is trying to be set on a copy of a slice from a DataFrame.
Try using .loc[row_indexer,col_indexer] = value instead

See the caveats in the documentation: https://pandas.pydata.org/pandas-docs/stable/user_guide/indexing.html#returning-a-view-versus-a-copy
  df['day_of_week'] = df['Date'].dt.dayofweek

2025-10-08 16:26:39,608:WARNING:/tmp/ipykernel_19706/97937738.py:7: SettingWithCopyWarning: 
A value is trying to be set on a copy of a slice from a DataFrame.
Try using .loc[row_indexer,col_indexer] = value instead

See the caveats in the documentation: https://pandas.pydata.org/pandas-docs/stable/user_guide/indexing.html#returning-a-view-versus-a-copy
  df['month'] = df['Date'].dt.month

2025-10-08 16:26:39,609:WARNING:/tmp/ipykernel_19706/97937738.py:8: SettingWithCopyWarning: 
A value is trying to be set on a copy of a slice from a DataFrame.
Try using .loc[row_indexer,col_indexer] = value instead

See the caveats in the documentation: https://pandas.pydata.org/pandas-docs/stable/user_guide/indexing.html#returning-a-view-versus-a-copy
  df['day_of_month'] = df['Date'].dt.day

2025-10-08 16:26:39,610:WARNING:/tmp/ipykernel_19706/97937738.py:9: SettingWithCopyWarning: 
A value is trying to be set on a copy of a slice from a DataFrame.
Try using .loc[row_indexer,col_indexer] = value instead

See the caveats in the documentation: https://pandas.pydata.org/pandas-docs/stable/user_guide/indexing.html#returning-a-view-versus-a-copy
  df['is_weekend'] = df['day_of_week'].isin([5, 6]).astype(int)

2025-10-08 16:26:39,611:WARNING:/tmp/ipykernel_19706/97937738.py:12: SettingWithCopyWarning: 
A value is trying to be set on a copy of a slice from a DataFrame.
Try using .loc[row_indexer,col_indexer] = value instead

See the caveats in the documentation: https://pandas.pydata.org/pandas-docs/stable/user_guide/indexing.html#returning-a-view-versus-a-copy
  df['day_of_week_sin'] = np.sin(2 * np.pi * df['day_of_week'] / 7)

2025-10-08 16:26:39,612:WARNING:/tmp/ipykernel_19706/97937738.py:13: SettingWithCopyWarning: 
A value is trying to be set on a copy of a slice from a DataFrame.
Try using .loc[row_indexer,col_indexer] = value instead

See the caveats in the documentation: https://pandas.pydata.org/pandas-docs/stable/user_guide/indexing.html#returning-a-view-versus-a-copy
  df['day_of_week_cos'] = np.cos(2 * np.pi * df['day_of_week'] / 7)

2025-10-08 16:26:39,613:WARNING:/tmp/ipykernel_19706/97937738.py:14: SettingWithCopyWarning: 
A value is trying to be set on a copy of a slice from a DataFrame.
Try using .loc[row_indexer,col_indexer] = value instead

See the caveats in the documentation: https://pandas.pydata.org/pandas-docs/stable/user_guide/indexing.html#returning-a-view-versus-a-copy
  df['month_sin'] = np.sin(2 * np.pi * df['month'] / 12)

2025-10-08 16:26:39,613:WARNING:/tmp/ipykernel_19706/97937738.py:15: SettingWithCopyWarning: 
A value is trying to be set on a copy of a slice from a DataFrame.
Try using .loc[row_indexer,col_indexer] = value instead

See the caveats in the documentation: https://pandas.pydata.org/pandas-docs/stable/user_guide/indexing.html#returning-a-view-versus-a-copy
  df['month_cos'] = np.cos(2 * np.pi * df['month'] / 12)

2025-10-08 16:26:39,614:WARNING:/tmp/ipykernel_19706/97937738.py:16: SettingWithCopyWarning: 
A value is trying to be set on a copy of a slice from a DataFrame.
Try using .loc[row_indexer,col_indexer] = value instead

See the caveats in the documentation: https://pandas.pydata.org/pandas-docs/stable/user_guide/indexing.html#returning-a-view-versus-a-copy
  df['hour_sin'] = np.sin(2 * np.pi * df['Hour'] / 24)

2025-10-08 16:26:39,614:WARNING:/tmp/ipykernel_19706/97937738.py:17: SettingWithCopyWarning: 
A value is trying to be set on a copy of a slice from a DataFrame.
Try using .loc[row_indexer,col_indexer] = value instead

See the caveats in the documentation: https://pandas.pydata.org/pandas-docs/stable/user_guide/indexing.html#returning-a-view-versus-a-copy
  df['hour_cos'] = np.cos(2 * np.pi * df['Hour'] / 24)

2025-10-08 16:26:39,615:WARNING:/tmp/ipykernel_19706/97937738.py:20: SettingWithCopyWarning: 
A value is trying to be set on a copy of a slice from a DataFrame.
Try using .loc[row_indexer,col_indexer] = value instead

See the caveats in the documentation: https://pandas.pydata.org/pandas-docs/stable/user_guide/indexing.html#returning-a-view-versus-a-copy
  df['season'] = ((df['month'] % 12 + 3) // 3).astype(int)  # 1: Winter, 2: Spring, 3: Summer, 4: Fall

2025-10-08 16:26:39,617:WARNING:/tmp/ipykernel_19706/97937738.py:61: SettingWithCopyWarning: 
A value is trying to be set on a copy of a slice from a DataFrame.
Try using .loc[row_indexer,col_indexer] = value instead

See the caveats in the documentation: https://pandas.pydata.org/pandas-docs/stable/user_guide/indexing.html#returning-a-view-versus-a-copy
  df['is_holiday'] = df['Date'].isin(us_holidays).astype(int)

2025-10-08 16:26:39,639:WARNING:/tmp/ipykernel_19706/97937738.py:64: SettingWithCopyWarning: 
A value is trying to be set on a copy of a slice from a DataFrame.
Try using .loc[row_indexer,col_indexer] = value instead

See the caveats in the documentation: https://pandas.pydata.org/pandas-docs/stable/user_guide/indexing.html#returning-a-view-versus-a-copy
  df['holiday_name'] = df['Date'].apply(lambda x: get_holiday_name(x.date(), us_holidays))

2025-10-08 16:26:39,640:WARNING:/tmp/ipykernel_19706/97937738.py:67: SettingWithCopyWarning: 
A value is trying to be set on a copy of a slice from a DataFrame.
Try using .loc[row_indexer,col_indexer] = value instead

See the caveats in the documentation: https://pandas.pydata.org/pandas-docs/stable/user_guide/indexing.html#returning-a-view-versus-a-copy
  df['holiday_type'] = df['holiday_name'].map(HOLIDAY_CATEGORY_MAP)

2025-10-08 16:26:39,641:WARNING:/tmp/ipykernel_19706/97937738.py:68: SettingWithCopyWarning: 
A value is trying to be set on a copy of a slice from a DataFrame.
Try using .loc[row_indexer,col_indexer] = value instead

See the caveats in the documentation: https://pandas.pydata.org/pandas-docs/stable/user_guide/indexing.html#returning-a-view-versus-a-copy
  df['holiday_type_int'] = df['holiday_type'].astype('category').cat.codes

2025-10-08 16:26:39,644:WARNING:/tmp/ipykernel_19706/97937738.py:74: SettingWithCopyWarning: 
A value is trying to be set on a copy of a slice from a DataFrame.
Try using .loc[row_indexer,col_indexer] = value instead

See the caveats in the documentation: https://pandas.pydata.org/pandas-docs/stable/user_guide/indexing.html#returning-a-view-versus-a-copy
  df['max_station_temp'] = stations_temp_df.max(axis=1)

2025-10-08 16:26:39,646:WARNING:/tmp/ipykernel_19706/97937738.py:75: SettingWithCopyWarning: 
A value is trying to be set on a copy of a slice from a DataFrame.
Try using .loc[row_indexer,col_indexer] = value instead

See the caveats in the documentation: https://pandas.pydata.org/pandas-docs/stable/user_guide/indexing.html#returning-a-view-versus-a-copy
  df['min_station_temp'] = stations_temp_df.min(axis=1)

2025-10-08 16:26:39,647:WARNING:/tmp/ipykernel_19706/97937738.py:76: SettingWithCopyWarning: 
A value is trying to be set on a copy of a slice from a DataFrame.
Try using .loc[row_indexer,col_indexer] = value instead

See the caveats in the documentation: https://pandas.pydata.org/pandas-docs/stable/user_guide/indexing.html#returning-a-view-versus-a-copy
  df['mean_station_temp'] = stations_temp_df.mean(axis=1)

2025-10-08 16:26:39,649:WARNING:/tmp/ipykernel_19706/97937738.py:77: SettingWithCopyWarning: 
A value is trying to be set on a copy of a slice from a DataFrame.
Try using .loc[row_indexer,col_indexer] = value instead

See the caveats in the documentation: https://pandas.pydata.org/pandas-docs/stable/user_guide/indexing.html#returning-a-view-versus-a-copy
  df['std_station_temp'] = stations_temp_df.std(axis=1)

2025-10-08 16:26:39,650:WARNING:/tmp/ipykernel_19706/97937738.py:78: SettingWithCopyWarning: 
A value is trying to be set on a copy of a slice from a DataFrame.
Try using .loc[row_indexer,col_indexer] = value instead

See the caveats in the documentation: https://pandas.pydata.org/pandas-docs/stable/user_guide/indexing.html#returning-a-view-versus-a-copy
  df['temp_diff_stations'] = df['max_station_temp'] - df['min_station_temp']

2025-10-08 16:27:54,106:WARNING:/tmp/ipykernel_19706/2784804644.py:6: SettingWithCopyWarning: 
A value is trying to be set on a copy of a slice from a DataFrame.
Try using .loc[row_indexer,col_indexer] = value instead

See the caveats in the documentation: https://pandas.pydata.org/pandas-docs/stable/user_guide/indexing.html#returning-a-view-versus-a-copy
  df['day_of_week'] = df['Date'].dt.dayofweek

2025-10-08 16:27:54,107:WARNING:/tmp/ipykernel_19706/2784804644.py:7: SettingWithCopyWarning: 
A value is trying to be set on a copy of a slice from a DataFrame.
Try using .loc[row_indexer,col_indexer] = value instead

See the caveats in the documentation: https://pandas.pydata.org/pandas-docs/stable/user_guide/indexing.html#returning-a-view-versus-a-copy
  df['month'] = df['Date'].dt.month

2025-10-08 16:27:54,108:WARNING:/tmp/ipykernel_19706/2784804644.py:8: SettingWithCopyWarning: 
A value is trying to be set on a copy of a slice from a DataFrame.
Try using .loc[row_indexer,col_indexer] = value instead

See the caveats in the documentation: https://pandas.pydata.org/pandas-docs/stable/user_guide/indexing.html#returning-a-view-versus-a-copy
  df['day_of_month'] = df['Date'].dt.day

2025-10-08 16:27:54,108:WARNING:/tmp/ipykernel_19706/2784804644.py:9: SettingWithCopyWarning: 
A value is trying to be set on a copy of a slice from a DataFrame.
Try using .loc[row_indexer,col_indexer] = value instead

See the caveats in the documentation: https://pandas.pydata.org/pandas-docs/stable/user_guide/indexing.html#returning-a-view-versus-a-copy
  df['is_weekend'] = df['day_of_week'].isin([5, 6]).astype(int)

2025-10-08 16:27:54,109:WARNING:/tmp/ipykernel_19706/2784804644.py:12: SettingWithCopyWarning: 
A value is trying to be set on a copy of a slice from a DataFrame.
Try using .loc[row_indexer,col_indexer] = value instead

See the caveats in the documentation: https://pandas.pydata.org/pandas-docs/stable/user_guide/indexing.html#returning-a-view-versus-a-copy
  df['day_of_week_sin'] = np.sin(2 * np.pi * df['day_of_week'] / 7)

2025-10-08 16:27:54,109:WARNING:/tmp/ipykernel_19706/2784804644.py:13: SettingWithCopyWarning: 
A value is trying to be set on a copy of a slice from a DataFrame.
Try using .loc[row_indexer,col_indexer] = value instead

See the caveats in the documentation: https://pandas.pydata.org/pandas-docs/stable/user_guide/indexing.html#returning-a-view-versus-a-copy
  df['day_of_week_cos'] = np.cos(2 * np.pi * df['day_of_week'] / 7)

2025-10-08 16:27:54,109:WARNING:/tmp/ipykernel_19706/2784804644.py:14: SettingWithCopyWarning: 
A value is trying to be set on a copy of a slice from a DataFrame.
Try using .loc[row_indexer,col_indexer] = value instead

See the caveats in the documentation: https://pandas.pydata.org/pandas-docs/stable/user_guide/indexing.html#returning-a-view-versus-a-copy
  df['month_sin'] = np.sin(2 * np.pi * df['month'] / 12)

2025-10-08 16:27:54,110:WARNING:/tmp/ipykernel_19706/2784804644.py:15: SettingWithCopyWarning: 
A value is trying to be set on a copy of a slice from a DataFrame.
Try using .loc[row_indexer,col_indexer] = value instead

See the caveats in the documentation: https://pandas.pydata.org/pandas-docs/stable/user_guide/indexing.html#returning-a-view-versus-a-copy
  df['month_cos'] = np.cos(2 * np.pi * df['month'] / 12)

2025-10-08 16:27:54,110:WARNING:/tmp/ipykernel_19706/2784804644.py:16: SettingWithCopyWarning: 
A value is trying to be set on a copy of a slice from a DataFrame.
Try using .loc[row_indexer,col_indexer] = value instead

See the caveats in the documentation: https://pandas.pydata.org/pandas-docs/stable/user_guide/indexing.html#returning-a-view-versus-a-copy
  df['hour_sin'] = np.sin(2 * np.pi * df['Hour'] / 24)

2025-10-08 16:27:54,111:WARNING:/tmp/ipykernel_19706/2784804644.py:17: SettingWithCopyWarning: 
A value is trying to be set on a copy of a slice from a DataFrame.
Try using .loc[row_indexer,col_indexer] = value instead

See the caveats in the documentation: https://pandas.pydata.org/pandas-docs/stable/user_guide/indexing.html#returning-a-view-versus-a-copy
  df['hour_cos'] = np.cos(2 * np.pi * df['Hour'] / 24)

2025-10-08 16:27:54,111:WARNING:/tmp/ipykernel_19706/2784804644.py:20: SettingWithCopyWarning: 
A value is trying to be set on a copy of a slice from a DataFrame.
Try using .loc[row_indexer,col_indexer] = value instead

See the caveats in the documentation: https://pandas.pydata.org/pandas-docs/stable/user_guide/indexing.html#returning-a-view-versus-a-copy
  df['season'] = ((df['month'] % 12 + 3) // 3).astype(int)  # 1: Winter, 2: Spring, 3: Summer, 4: Fall

2025-10-08 16:27:54,113:WARNING:/tmp/ipykernel_19706/2784804644.py:61: SettingWithCopyWarning: 
A value is trying to be set on a copy of a slice from a DataFrame.
Try using .loc[row_indexer,col_indexer] = value instead

See the caveats in the documentation: https://pandas.pydata.org/pandas-docs/stable/user_guide/indexing.html#returning-a-view-versus-a-copy
  df['is_holiday'] = df['Date'].isin(us_holidays).astype(int)

2025-10-08 16:27:54,134:WARNING:/tmp/ipykernel_19706/2784804644.py:64: SettingWithCopyWarning: 
A value is trying to be set on a copy of a slice from a DataFrame.
Try using .loc[row_indexer,col_indexer] = value instead

See the caveats in the documentation: https://pandas.pydata.org/pandas-docs/stable/user_guide/indexing.html#returning-a-view-versus-a-copy
  df['holiday_name'] = df['Date'].apply(lambda x: get_holiday_name(x.date(), us_holidays))

2025-10-08 16:27:54,135:WARNING:/tmp/ipykernel_19706/2784804644.py:67: SettingWithCopyWarning: 
A value is trying to be set on a copy of a slice from a DataFrame.
Try using .loc[row_indexer,col_indexer] = value instead

See the caveats in the documentation: https://pandas.pydata.org/pandas-docs/stable/user_guide/indexing.html#returning-a-view-versus-a-copy
  df['holiday_type'] = df['holiday_name'].map(HOLIDAY_CATEGORY_MAP)

2025-10-08 16:27:54,136:WARNING:/tmp/ipykernel_19706/2784804644.py:68: SettingWithCopyWarning: 
A value is trying to be set on a copy of a slice from a DataFrame.
Try using .loc[row_indexer,col_indexer] = value instead

See the caveats in the documentation: https://pandas.pydata.org/pandas-docs/stable/user_guide/indexing.html#returning-a-view-versus-a-copy
  df['holiday_type_int'] = df['holiday_type'].astype('category').cat.codes

2025-10-08 16:27:54,139:WARNING:/tmp/ipykernel_19706/2784804644.py:74: SettingWithCopyWarning: 
A value is trying to be set on a copy of a slice from a DataFrame.
Try using .loc[row_indexer,col_indexer] = value instead

See the caveats in the documentation: https://pandas.pydata.org/pandas-docs/stable/user_guide/indexing.html#returning-a-view-versus-a-copy
  df['max_station_temp'] = stations_temp_df.max(axis=1)

2025-10-08 16:27:54,141:WARNING:/tmp/ipykernel_19706/2784804644.py:75: SettingWithCopyWarning: 
A value is trying to be set on a copy of a slice from a DataFrame.
Try using .loc[row_indexer,col_indexer] = value instead

See the caveats in the documentation: https://pandas.pydata.org/pandas-docs/stable/user_guide/indexing.html#returning-a-view-versus-a-copy
  df['min_station_temp'] = stations_temp_df.min(axis=1)

2025-10-08 16:27:54,143:WARNING:/tmp/ipykernel_19706/2784804644.py:76: SettingWithCopyWarning: 
A value is trying to be set on a copy of a slice from a DataFrame.
Try using .loc[row_indexer,col_indexer] = value instead

See the caveats in the documentation: https://pandas.pydata.org/pandas-docs/stable/user_guide/indexing.html#returning-a-view-versus-a-copy
  df['mean_station_temp'] = stations_temp_df.mean(axis=1)

2025-10-08 16:27:54,145:WARNING:/tmp/ipykernel_19706/2784804644.py:77: SettingWithCopyWarning: 
A value is trying to be set on a copy of a slice from a DataFrame.
Try using .loc[row_indexer,col_indexer] = value instead

See the caveats in the documentation: https://pandas.pydata.org/pandas-docs/stable/user_guide/indexing.html#returning-a-view-versus-a-copy
  df['std_station_temp'] = stations_temp_df.std(axis=1)

2025-10-08 16:27:54,145:WARNING:/tmp/ipykernel_19706/2784804644.py:78: SettingWithCopyWarning: 
A value is trying to be set on a copy of a slice from a DataFrame.
Try using .loc[row_indexer,col_indexer] = value instead

See the caveats in the documentation: https://pandas.pydata.org/pandas-docs/stable/user_guide/indexing.html#returning-a-view-versus-a-copy
  df['temp_diff_stations'] = df['max_station_temp'] - df['min_station_temp']

2025-10-08 16:29:13,468:WARNING:/tmp/ipykernel_19706/3441085641.py:23: SettingWithCopyWarning: 
A value is trying to be set on a copy of a slice from a DataFrame.
Try using .loc[row_indexer,col_indexer] = value instead

See the caveats in the documentation: https://pandas.pydata.org/pandas-docs/stable/user_guide/indexing.html#returning-a-view-versus-a-copy
  x_train['datetime'] = pd.to_datetime(x_train['Date']) + pd.to_timedelta(x_train['Hour'], unit='h')

2025-10-08 16:29:35,318:INFO:PyCaret RegressionExperiment
2025-10-08 16:29:35,318:INFO:Logging name: reg-default-name
2025-10-08 16:29:35,318:INFO:ML Usecase: MLUsecase.REGRESSION
2025-10-08 16:29:35,318:INFO:version 3.3.2
2025-10-08 16:29:35,318:INFO:Initializing setup()
2025-10-08 16:29:35,318:INFO:self.USI: f33b
2025-10-08 16:29:35,318:INFO:self._variable_keys: {'_ml_usecase', 'gpu_n_jobs_param', 'exp_name_log', 'log_plots_param', 'data', 'target_param', 'transform_target_param', 'pipeline', 'fold_shuffle_param', 'X', 'exp_id', '_available_plots', 'X_train', 'logging_param', 'y_train', 'gpu_param', 'seed', 'fold_generator', 'memory', 'USI', 'n_jobs_param', 'fold_groups_param', 'X_test', 'y_test', 'y', 'idx', 'html_param'}
2025-10-08 16:29:35,318:INFO:Checking environment
2025-10-08 16:29:35,318:INFO:python_version: 3.10.16
2025-10-08 16:29:35,318:INFO:python_build: ('main', 'Dec 11 2024 16:24:50')
2025-10-08 16:29:35,318:INFO:machine: x86_64
2025-10-08 16:29:35,318:INFO:platform: Linux-6.12.34-1-MANJARO-x86_64-with-glibc2.41
2025-10-08 16:29:35,318:INFO:Memory: svmem(total=24909266944, available=14754447360, percent=40.8, used=8301015040, free=10177671168, active=9253920768, inactive=3045130240, buffers=359178240, cached=6071402496, shared=1449013248, slab=556748800)
2025-10-08 16:29:35,318:INFO:Physical Core: 6
2025-10-08 16:29:35,318:INFO:Logical Core: 12
2025-10-08 16:29:35,318:INFO:Checking libraries
2025-10-08 16:29:35,318:INFO:System:
2025-10-08 16:29:35,318:INFO:    python: 3.10.16 (main, Dec 11 2024, 16:24:50) [GCC 11.2.0]
2025-10-08 16:29:35,318:INFO:executable: /home/leon/.conda/envs/ml_general/bin/python
2025-10-08 16:29:35,319:INFO:   machine: Linux-6.12.34-1-MANJARO-x86_64-with-glibc2.41
2025-10-08 16:29:35,319:INFO:PyCaret required dependencies:
2025-10-08 16:29:35,319:INFO:                 pip: 24.2
2025-10-08 16:29:35,319:INFO:          setuptools: 75.1.0
2025-10-08 16:29:35,319:INFO:             pycaret: 3.3.2
2025-10-08 16:29:35,319:INFO:             IPython: 8.12.3
2025-10-08 16:29:35,319:INFO:          ipywidgets: 8.1.5
2025-10-08 16:29:35,319:INFO:                tqdm: 4.66.5
2025-10-08 16:29:35,319:INFO:               numpy: 1.26.4
2025-10-08 16:29:35,319:INFO:              pandas: 2.1.4
2025-10-08 16:29:35,319:INFO:              jinja2: 3.1.5
2025-10-08 16:29:35,319:INFO:               scipy: 1.11.4
2025-10-08 16:29:35,319:INFO:              joblib: 1.3.2
2025-10-08 16:29:35,319:INFO:             sklearn: 1.4.2
2025-10-08 16:29:35,319:INFO:                pyod: 2.0.2
2025-10-08 16:29:35,319:INFO:            imblearn: 0.12.3
2025-10-08 16:29:35,319:INFO:   category_encoders: 2.6.3
2025-10-08 16:29:35,319:INFO:            lightgbm: 4.5.0
2025-10-08 16:29:35,319:INFO:               numba: 0.60.0
2025-10-08 16:29:35,319:INFO:            requests: 2.32.3
2025-10-08 16:29:35,319:INFO:          matplotlib: 3.7.0
2025-10-08 16:29:35,319:INFO:          scikitplot: 0.3.7
2025-10-08 16:29:35,319:INFO:         yellowbrick: 1.5
2025-10-08 16:29:35,319:INFO:              plotly: 5.24.1
2025-10-08 16:29:35,319:INFO:    plotly-resampler: Not installed
2025-10-08 16:29:35,319:INFO:             kaleido: 0.2.1
2025-10-08 16:29:35,319:INFO:           schemdraw: 0.15
2025-10-08 16:29:35,319:INFO:         statsmodels: 0.14.4
2025-10-08 16:29:35,319:INFO:              sktime: 0.26.0
2025-10-08 16:29:35,319:INFO:               tbats: 1.1.3
2025-10-08 16:29:35,319:INFO:            pmdarima: 2.0.4
2025-10-08 16:29:35,319:INFO:              psutil: 6.1.1
2025-10-08 16:29:35,319:INFO:          markupsafe: 2.1.5
2025-10-08 16:29:35,319:INFO:             pickle5: Not installed
2025-10-08 16:29:35,319:INFO:         cloudpickle: 3.0.0
2025-10-08 16:29:35,319:INFO:         deprecation: 2.1.0
2025-10-08 16:29:35,319:INFO:              xxhash: 3.5.0
2025-10-08 16:29:35,319:INFO:           wurlitzer: 3.1.1
2025-10-08 16:29:35,319:INFO:PyCaret optional dependencies:
2025-10-08 16:29:35,319:INFO:                shap: 0.44.1
2025-10-08 16:29:35,319:INFO:           interpret: 0.6.9
2025-10-08 16:29:35,319:INFO:                umap: 0.5.7
2025-10-08 16:29:35,319:INFO:     ydata_profiling: 4.12.2
2025-10-08 16:29:35,319:INFO:  explainerdashboard: 0.4.8
2025-10-08 16:29:35,319:INFO:             autoviz: Not installed
2025-10-08 16:29:35,319:INFO:           fairlearn: 0.7.0
2025-10-08 16:29:35,319:INFO:          deepchecks: Not installed
2025-10-08 16:29:35,319:INFO:             xgboost: 2.1.3
2025-10-08 16:29:35,319:INFO:            catboost: 1.2.7
2025-10-08 16:29:35,319:INFO:              kmodes: 0.12.2
2025-10-08 16:29:35,319:INFO:             mlxtend: 0.23.3
2025-10-08 16:29:35,319:INFO:       statsforecast: 1.5.0
2025-10-08 16:29:35,319:INFO:        tune_sklearn: 0.5.0
2025-10-08 16:29:35,319:INFO:                 ray: 2.41.0
2025-10-08 16:29:35,319:INFO:            hyperopt: 0.2.7
2025-10-08 16:29:35,319:INFO:              optuna: 4.2.0
2025-10-08 16:29:35,319:INFO:               skopt: 0.10.2
2025-10-08 16:29:35,319:INFO:              mlflow: 2.20.0
2025-10-08 16:29:35,319:INFO:              gradio: 5.13.1
2025-10-08 16:29:35,319:INFO:             fastapi: 0.115.7
2025-10-08 16:29:35,319:INFO:             uvicorn: 0.34.0
2025-10-08 16:29:35,319:INFO:              m2cgen: 0.10.0
2025-10-08 16:29:35,319:INFO:           evidently: 0.4.40
2025-10-08 16:29:35,319:INFO:               fugue: 0.8.7
2025-10-08 16:29:35,319:INFO:           streamlit: 1.41.1
2025-10-08 16:29:35,320:INFO:             prophet: Not installed
2025-10-08 16:29:35,320:INFO:None
2025-10-08 16:29:35,320:INFO:Set up data.
2025-10-08 16:29:35,334:INFO:Set up folding strategy.
2025-10-08 16:29:35,334:INFO:Set up train/test split.
2025-10-08 16:29:35,345:INFO:Set up index.
2025-10-08 16:29:35,346:INFO:Assigning column types.
2025-10-08 16:29:35,358:INFO:Engine successfully changes for model 'lr' to 'sklearn'.
2025-10-08 16:29:35,358:INFO:Engine for model 'lasso' has not been set explicitly, hence returning None.
2025-10-08 16:29:35,361:INFO:Engine for model 'ridge' has not been set explicitly, hence returning None.
2025-10-08 16:29:35,364:INFO:Engine for model 'en' has not been set explicitly, hence returning None.
2025-10-08 16:29:35,406:INFO:Engine for model 'svm' has not been set explicitly, hence returning None.
2025-10-08 16:29:35,431:INFO:Engine for model 'knn' has not been set explicitly, hence returning None.
2025-10-08 16:29:35,432:INFO:Soft dependency imported: xgboost: 2.1.3
2025-10-08 16:29:35,433:INFO:Soft dependency imported: catboost: 1.2.7
2025-10-08 16:29:35,434:INFO:Engine for model 'lasso' has not been set explicitly, hence returning None.
2025-10-08 16:29:35,436:INFO:Engine for model 'ridge' has not been set explicitly, hence returning None.
2025-10-08 16:29:35,439:INFO:Engine for model 'en' has not been set explicitly, hence returning None.
2025-10-08 16:29:35,480:INFO:Engine for model 'svm' has not been set explicitly, hence returning None.
2025-10-08 16:29:35,506:INFO:Engine for model 'knn' has not been set explicitly, hence returning None.
2025-10-08 16:29:35,506:INFO:Soft dependency imported: xgboost: 2.1.3
2025-10-08 16:29:35,508:INFO:Soft dependency imported: catboost: 1.2.7
2025-10-08 16:29:35,508:INFO:Engine successfully changes for model 'lasso' to 'sklearn'.
2025-10-08 16:29:35,511:INFO:Engine for model 'ridge' has not been set explicitly, hence returning None.
2025-10-08 16:29:35,513:INFO:Engine for model 'en' has not been set explicitly, hence returning None.
2025-10-08 16:29:35,556:INFO:Engine for model 'svm' has not been set explicitly, hence returning None.
2025-10-08 16:29:35,580:INFO:Engine for model 'knn' has not been set explicitly, hence returning None.
2025-10-08 16:29:35,581:INFO:Soft dependency imported: xgboost: 2.1.3
2025-10-08 16:29:35,582:INFO:Soft dependency imported: catboost: 1.2.7
2025-10-08 16:29:35,585:INFO:Engine for model 'ridge' has not been set explicitly, hence returning None.
2025-10-08 16:29:35,588:INFO:Engine for model 'en' has not been set explicitly, hence returning None.
2025-10-08 16:29:35,630:INFO:Engine for model 'svm' has not been set explicitly, hence returning None.
2025-10-08 16:29:35,655:INFO:Engine for model 'knn' has not been set explicitly, hence returning None.
2025-10-08 16:29:35,655:INFO:Soft dependency imported: xgboost: 2.1.3
2025-10-08 16:29:35,657:INFO:Soft dependency imported: catboost: 1.2.7
2025-10-08 16:29:35,657:INFO:Engine successfully changes for model 'ridge' to 'sklearn'.
2025-10-08 16:29:35,662:INFO:Engine for model 'en' has not been set explicitly, hence returning None.
2025-10-08 16:29:35,703:INFO:Engine for model 'svm' has not been set explicitly, hence returning None.
2025-10-08 16:29:35,728:INFO:Engine for model 'knn' has not been set explicitly, hence returning None.
2025-10-08 16:29:35,729:INFO:Soft dependency imported: xgboost: 2.1.3
2025-10-08 16:29:35,730:INFO:Soft dependency imported: catboost: 1.2.7
2025-10-08 16:29:35,736:INFO:Engine for model 'en' has not been set explicitly, hence returning None.
2025-10-08 16:29:35,776:INFO:Engine for model 'svm' has not been set explicitly, hence returning None.
2025-10-08 16:29:35,802:INFO:Engine for model 'knn' has not been set explicitly, hence returning None.
2025-10-08 16:29:35,802:INFO:Soft dependency imported: xgboost: 2.1.3
2025-10-08 16:29:35,803:INFO:Soft dependency imported: catboost: 1.2.7
2025-10-08 16:29:35,804:INFO:Engine successfully changes for model 'en' to 'sklearn'.
2025-10-08 16:29:35,851:INFO:Engine for model 'svm' has not been set explicitly, hence returning None.
2025-10-08 16:29:35,877:INFO:Engine for model 'knn' has not been set explicitly, hence returning None.
2025-10-08 16:29:35,877:INFO:Soft dependency imported: xgboost: 2.1.3
2025-10-08 16:29:35,879:INFO:Soft dependency imported: catboost: 1.2.7
2025-10-08 16:29:35,927:INFO:Engine for model 'svm' has not been set explicitly, hence returning None.
2025-10-08 16:29:35,953:INFO:Engine for model 'knn' has not been set explicitly, hence returning None.
2025-10-08 16:29:35,954:INFO:Soft dependency imported: xgboost: 2.1.3
2025-10-08 16:29:35,955:INFO:Soft dependency imported: catboost: 1.2.7
2025-10-08 16:29:35,956:INFO:Engine successfully changes for model 'knn' to 'sklearn'.
2025-10-08 16:29:36,003:INFO:Engine for model 'svm' has not been set explicitly, hence returning None.
2025-10-08 16:29:36,028:INFO:Soft dependency imported: xgboost: 2.1.3
2025-10-08 16:29:36,029:INFO:Soft dependency imported: catboost: 1.2.7
2025-10-08 16:29:36,075:INFO:Engine for model 'svm' has not been set explicitly, hence returning None.
2025-10-08 16:29:36,101:INFO:Soft dependency imported: xgboost: 2.1.3
2025-10-08 16:29:36,102:INFO:Soft dependency imported: catboost: 1.2.7
2025-10-08 16:29:36,103:INFO:Engine successfully changes for model 'svm' to 'sklearn'.
2025-10-08 16:29:36,177:INFO:Soft dependency imported: xgboost: 2.1.3
2025-10-08 16:29:36,178:INFO:Soft dependency imported: catboost: 1.2.7
2025-10-08 16:29:36,250:INFO:Soft dependency imported: xgboost: 2.1.3
2025-10-08 16:29:36,251:INFO:Soft dependency imported: catboost: 1.2.7
2025-10-08 16:29:36,252:INFO:Preparing preprocessing pipeline...
2025-10-08 16:29:36,252:INFO:Set up simple imputation.
2025-10-08 16:29:36,258:INFO:Set up encoding of categorical features.
2025-10-08 16:29:36,316:INFO:Finished creating preprocessing pipeline.
2025-10-08 16:29:36,319:INFO:Pipeline: Pipeline(memory=FastMemory(location=/tmp/joblib),
         steps=[('numerical_imputer',
                 TransformerWrapper(exclude=None,
                                    include=['temp_station_1', 'temp_station_2',
                                             'temp_station_3', 'temp_station_4',
                                             'temp_station_5', 'temp_station_6',
                                             'temp_station_7', 'temp_station_8',
                                             'temp_station_9',
                                             'temp_station_10',
                                             'temp_station_11',
                                             'temp_station_12',
                                             'temp_station_13',
                                             'temp_s...
                                                              copy=True,
                                                              fill_value=None,
                                                              keep_empty_features=False,
                                                              missing_values=nan,
                                                              strategy='most_frequent'))),
                ('onehot_encoding',
                 TransformerWrapper(exclude=None, include=['holiday_name'],
                                    transformer=OneHotEncoder(cols=['holiday_name'],
                                                              drop_invariant=False,
                                                              handle_missing='return_nan',
                                                              handle_unknown='value',
                                                              return_df=True,
                                                              use_cat_names=True,
                                                              verbose=0)))],
         verbose=False)
2025-10-08 16:29:36,319:INFO:Creating final display dataframe.
2025-10-08 16:29:36,564:INFO:Setup _display_container:                     Description             Value
0                    Session id               123
1                        Target              Load
2                   Target type        Regression
3           Original data shape       (17524, 48)
4        Transformed data shape       (17524, 60)
5   Transformed train set shape       (14019, 60)
6    Transformed test set shape        (3505, 60)
7              Numeric features                46
8          Categorical features                 1
9      Rows with missing values             96.9%
10                   Preprocess              True
11              Imputation type            simple
12           Numeric imputation              mean
13       Categorical imputation              mode
14     Maximum one-hot encoding                25
15              Encoding method              None
16               Fold Generator             KFold
17                  Fold Number                 3
18                     CPU Jobs                -1
19                      Use GPU             False
20               Log Experiment             False
21              Experiment Name  reg-default-name
22                          USI              f33b
2025-10-08 16:29:36,646:INFO:Soft dependency imported: xgboost: 2.1.3
2025-10-08 16:29:36,648:INFO:Soft dependency imported: catboost: 1.2.7
2025-10-08 16:29:36,724:INFO:Soft dependency imported: xgboost: 2.1.3
2025-10-08 16:29:36,726:INFO:Soft dependency imported: catboost: 1.2.7
2025-10-08 16:29:36,727:INFO:setup() successfully completed in 1.41s...............
2025-10-08 16:29:38,485:INFO:Initializing compare_models()
2025-10-08 16:29:38,486:INFO:compare_models(self=<pycaret.regression.oop.RegressionExperiment object at 0x7f4b098c17b0>, include=None, fold=None, round=4, cross_validation=True, sort=RMSE, n_select=3, budget_time=None, turbo=True, errors=ignore, fit_kwargs=None, groups=None, experiment_custom_tags=None, probability_threshold=None, verbose=True, parallel=None, caller_params={'self': <pycaret.regression.oop.RegressionExperiment object at 0x7f4b098c17b0>, 'include': None, 'exclude': 'lightgbm', 'fold': None, 'round': 4, 'cross_validation': True, 'sort': 'RMSE', 'n_select': 3, 'budget_time': None, 'turbo': True, 'errors': 'ignore', 'fit_kwargs': None, 'groups': None, 'experiment_custom_tags': None, 'engine': None, 'verbose': True, 'parallel': None, '__class__': <class 'pycaret.regression.oop.RegressionExperiment'>}, exclude=lightgbm)
2025-10-08 16:29:38,486:INFO:Checking exceptions
2025-10-08 16:29:38,493:INFO:Preparing display monitor
2025-10-08 16:29:38,507:INFO:Initializing Linear Regression
2025-10-08 16:29:38,507:INFO:Total runtime is 3.1153361002604166e-06 minutes
2025-10-08 16:29:38,509:INFO:SubProcess create_model() called ==================================
2025-10-08 16:29:38,509:INFO:Initializing create_model()
2025-10-08 16:29:38,509:INFO:create_model(self=<pycaret.regression.oop.RegressionExperiment object at 0x7f4b098c17b0>, estimator=lr, fold=KFold(n_splits=3, random_state=None, shuffle=False), round=4, cross_validation=True, predict=True, fit_kwargs={}, groups=None, refit=False, probability_threshold=None, experiment_custom_tags=None, verbose=False, system=False, add_to_model_list=True, metrics=None, display=<pycaret.internal.display.display.CommonDisplay object at 0x7f4b023ae8f0>, model_only=True, return_train_score=False, error_score=0.0, kwargs={})
2025-10-08 16:29:38,509:INFO:Checking exceptions
2025-10-08 16:29:38,509:INFO:Importing libraries
2025-10-08 16:29:38,509:INFO:Copying training dataset
2025-10-08 16:29:38,527:INFO:Defining folds
2025-10-08 16:29:38,528:INFO:Declaring metric variables
2025-10-08 16:29:38,530:INFO:Importing untrained model
2025-10-08 16:29:38,532:INFO:Linear Regression Imported successfully
2025-10-08 16:29:38,541:INFO:Starting cross validation
2025-10-08 16:29:38,542:INFO:Cross validating with KFold(n_splits=3, random_state=None, shuffle=False), n_jobs=-1
2025-10-08 16:29:39,997:INFO:Calculating mean and std
2025-10-08 16:29:39,999:INFO:Creating metrics dataframe
2025-10-08 16:29:40,002:INFO:Uploading results into container
2025-10-08 16:29:40,003:INFO:Uploading model into container now
2025-10-08 16:29:40,003:INFO:_master_model_container: 1
2025-10-08 16:29:40,004:INFO:_display_container: 2
2025-10-08 16:29:40,004:INFO:LinearRegression(copy_X=True, fit_intercept=True, n_jobs=-1, positive=False)
2025-10-08 16:29:40,004:INFO:create_model() successfully completed......................................
2025-10-08 16:29:40,280:INFO:SubProcess create_model() end ==================================
2025-10-08 16:29:40,280:INFO:Creating metrics dataframe
2025-10-08 16:29:40,284:INFO:Initializing Lasso Regression
2025-10-08 16:29:40,284:INFO:Total runtime is 0.029630303382873535 minutes
2025-10-08 16:29:40,287:INFO:SubProcess create_model() called ==================================
2025-10-08 16:29:40,287:INFO:Initializing create_model()
2025-10-08 16:29:40,287:INFO:create_model(self=<pycaret.regression.oop.RegressionExperiment object at 0x7f4b098c17b0>, estimator=lasso, fold=KFold(n_splits=3, random_state=None, shuffle=False), round=4, cross_validation=True, predict=True, fit_kwargs={}, groups=None, refit=False, probability_threshold=None, experiment_custom_tags=None, verbose=False, system=False, add_to_model_list=True, metrics=None, display=<pycaret.internal.display.display.CommonDisplay object at 0x7f4b023ae8f0>, model_only=True, return_train_score=False, error_score=0.0, kwargs={})
2025-10-08 16:29:40,287:INFO:Checking exceptions
2025-10-08 16:29:40,287:INFO:Importing libraries
2025-10-08 16:29:40,287:INFO:Copying training dataset
2025-10-08 16:29:40,304:INFO:Defining folds
2025-10-08 16:29:40,304:INFO:Declaring metric variables
2025-10-08 16:29:40,307:INFO:Importing untrained model
2025-10-08 16:29:40,309:INFO:Lasso Regression Imported successfully
2025-10-08 16:29:40,314:INFO:Starting cross validation
2025-10-08 16:29:40,315:INFO:Cross validating with KFold(n_splits=3, random_state=None, shuffle=False), n_jobs=-1
2025-10-08 16:29:41,664:WARNING:/home/leon/.conda/envs/ml_general/lib/python3.10/site-packages/sklearn/linear_model/_coordinate_descent.py:678: ConvergenceWarning: Objective did not converge. You might want to increase the number of iterations, check the scale of the features or consider increasing regularisation. Duality gap: 1.698e+08, tolerance: 8.571e+04
  model = cd_fast.enet_coordinate_descent(

2025-10-08 16:29:41,685:WARNING:/home/leon/.conda/envs/ml_general/lib/python3.10/site-packages/sklearn/linear_model/_coordinate_descent.py:678: ConvergenceWarning: Objective did not converge. You might want to increase the number of iterations, check the scale of the features or consider increasing regularisation. Duality gap: 1.696e+08, tolerance: 8.624e+04
  model = cd_fast.enet_coordinate_descent(

2025-10-08 16:29:41,690:WARNING:/home/leon/.conda/envs/ml_general/lib/python3.10/site-packages/sklearn/linear_model/_coordinate_descent.py:678: ConvergenceWarning: Objective did not converge. You might want to increase the number of iterations, check the scale of the features or consider increasing regularisation. Duality gap: 1.590e+08, tolerance: 8.519e+04
  model = cd_fast.enet_coordinate_descent(

2025-10-08 16:29:41,715:INFO:Calculating mean and std
2025-10-08 16:29:41,716:INFO:Creating metrics dataframe
2025-10-08 16:29:41,719:INFO:Uploading results into container
2025-10-08 16:29:41,720:INFO:Uploading model into container now
2025-10-08 16:29:41,720:INFO:_master_model_container: 2
2025-10-08 16:29:41,720:INFO:_display_container: 2
2025-10-08 16:29:41,721:INFO:Lasso(alpha=1.0, copy_X=True, fit_intercept=True, max_iter=1000, positive=False,
      precompute=False, random_state=123, selection='cyclic', tol=0.0001,
      warm_start=False)
2025-10-08 16:29:41,721:INFO:create_model() successfully completed......................................
2025-10-08 16:29:41,979:INFO:SubProcess create_model() end ==================================
2025-10-08 16:29:41,979:INFO:Creating metrics dataframe
2025-10-08 16:29:41,984:INFO:Initializing Ridge Regression
2025-10-08 16:29:41,984:INFO:Total runtime is 0.057952511310577395 minutes
2025-10-08 16:29:41,986:INFO:SubProcess create_model() called ==================================
2025-10-08 16:29:41,986:INFO:Initializing create_model()
2025-10-08 16:29:41,986:INFO:create_model(self=<pycaret.regression.oop.RegressionExperiment object at 0x7f4b098c17b0>, estimator=ridge, fold=KFold(n_splits=3, random_state=None, shuffle=False), round=4, cross_validation=True, predict=True, fit_kwargs={}, groups=None, refit=False, probability_threshold=None, experiment_custom_tags=None, verbose=False, system=False, add_to_model_list=True, metrics=None, display=<pycaret.internal.display.display.CommonDisplay object at 0x7f4b023ae8f0>, model_only=True, return_train_score=False, error_score=0.0, kwargs={})
2025-10-08 16:29:41,986:INFO:Checking exceptions
2025-10-08 16:29:41,986:INFO:Importing libraries
2025-10-08 16:29:41,986:INFO:Copying training dataset
2025-10-08 16:29:42,003:INFO:Defining folds
2025-10-08 16:29:42,003:INFO:Declaring metric variables
2025-10-08 16:29:42,006:INFO:Importing untrained model
2025-10-08 16:29:42,008:INFO:Ridge Regression Imported successfully
2025-10-08 16:29:42,013:INFO:Starting cross validation
2025-10-08 16:29:42,014:INFO:Cross validating with KFold(n_splits=3, random_state=None, shuffle=False), n_jobs=-1
2025-10-08 16:29:43,073:INFO:Calculating mean and std
2025-10-08 16:29:43,075:INFO:Creating metrics dataframe
2025-10-08 16:29:43,076:INFO:Uploading results into container
2025-10-08 16:29:43,077:INFO:Uploading model into container now
2025-10-08 16:29:43,077:INFO:_master_model_container: 3
2025-10-08 16:29:43,077:INFO:_display_container: 2
2025-10-08 16:29:43,078:INFO:Ridge(alpha=1.0, copy_X=True, fit_intercept=True, max_iter=None, positive=False,
      random_state=123, solver='auto', tol=0.0001)
2025-10-08 16:29:43,078:INFO:create_model() successfully completed......................................
2025-10-08 16:29:43,334:INFO:SubProcess create_model() end ==================================
2025-10-08 16:29:43,334:INFO:Creating metrics dataframe
2025-10-08 16:29:43,339:INFO:Initializing Elastic Net
2025-10-08 16:29:43,339:INFO:Total runtime is 0.0805452307065328 minutes
2025-10-08 16:29:43,342:INFO:SubProcess create_model() called ==================================
2025-10-08 16:29:43,342:INFO:Initializing create_model()
2025-10-08 16:29:43,342:INFO:create_model(self=<pycaret.regression.oop.RegressionExperiment object at 0x7f4b098c17b0>, estimator=en, fold=KFold(n_splits=3, random_state=None, shuffle=False), round=4, cross_validation=True, predict=True, fit_kwargs={}, groups=None, refit=False, probability_threshold=None, experiment_custom_tags=None, verbose=False, system=False, add_to_model_list=True, metrics=None, display=<pycaret.internal.display.display.CommonDisplay object at 0x7f4b023ae8f0>, model_only=True, return_train_score=False, error_score=0.0, kwargs={})
2025-10-08 16:29:43,342:INFO:Checking exceptions
2025-10-08 16:29:43,342:INFO:Importing libraries
2025-10-08 16:29:43,342:INFO:Copying training dataset
2025-10-08 16:29:43,360:INFO:Defining folds
2025-10-08 16:29:43,360:INFO:Declaring metric variables
2025-10-08 16:29:43,363:INFO:Importing untrained model
2025-10-08 16:29:43,366:INFO:Elastic Net Imported successfully
2025-10-08 16:29:43,371:INFO:Starting cross validation
2025-10-08 16:29:43,372:INFO:Cross validating with KFold(n_splits=3, random_state=None, shuffle=False), n_jobs=-1
2025-10-08 16:29:44,776:WARNING:/home/leon/.conda/envs/ml_general/lib/python3.10/site-packages/sklearn/linear_model/_coordinate_descent.py:678: ConvergenceWarning: Objective did not converge. You might want to increase the number of iterations, check the scale of the features or consider increasing regularisation. Duality gap: 2.529e+08, tolerance: 8.571e+04
  model = cd_fast.enet_coordinate_descent(

2025-10-08 16:29:44,787:WARNING:/home/leon/.conda/envs/ml_general/lib/python3.10/site-packages/sklearn/linear_model/_coordinate_descent.py:678: ConvergenceWarning: Objective did not converge. You might want to increase the number of iterations, check the scale of the features or consider increasing regularisation. Duality gap: 2.643e+08, tolerance: 8.519e+04
  model = cd_fast.enet_coordinate_descent(

2025-10-08 16:29:44,853:WARNING:/home/leon/.conda/envs/ml_general/lib/python3.10/site-packages/sklearn/linear_model/_coordinate_descent.py:678: ConvergenceWarning: Objective did not converge. You might want to increase the number of iterations, check the scale of the features or consider increasing regularisation. Duality gap: 2.673e+08, tolerance: 8.624e+04
  model = cd_fast.enet_coordinate_descent(

2025-10-08 16:29:44,877:INFO:Calculating mean and std
2025-10-08 16:29:44,877:INFO:Creating metrics dataframe
2025-10-08 16:29:44,879:INFO:Uploading results into container
2025-10-08 16:29:44,880:INFO:Uploading model into container now
2025-10-08 16:29:44,880:INFO:_master_model_container: 4
2025-10-08 16:29:44,880:INFO:_display_container: 2
2025-10-08 16:29:44,880:INFO:ElasticNet(alpha=1.0, copy_X=True, fit_intercept=True, l1_ratio=0.5,
           max_iter=1000, positive=False, precompute=False, random_state=123,
           selection='cyclic', tol=0.0001, warm_start=False)
2025-10-08 16:29:44,880:INFO:create_model() successfully completed......................................
2025-10-08 16:29:45,136:INFO:SubProcess create_model() end ==================================
2025-10-08 16:29:45,136:INFO:Creating metrics dataframe
2025-10-08 16:29:45,142:INFO:Initializing Least Angle Regression
2025-10-08 16:29:45,142:INFO:Total runtime is 0.11058620214462281 minutes
2025-10-08 16:29:45,144:INFO:SubProcess create_model() called ==================================
2025-10-08 16:29:45,144:INFO:Initializing create_model()
2025-10-08 16:29:45,144:INFO:create_model(self=<pycaret.regression.oop.RegressionExperiment object at 0x7f4b098c17b0>, estimator=lar, fold=KFold(n_splits=3, random_state=None, shuffle=False), round=4, cross_validation=True, predict=True, fit_kwargs={}, groups=None, refit=False, probability_threshold=None, experiment_custom_tags=None, verbose=False, system=False, add_to_model_list=True, metrics=None, display=<pycaret.internal.display.display.CommonDisplay object at 0x7f4b023ae8f0>, model_only=True, return_train_score=False, error_score=0.0, kwargs={})
2025-10-08 16:29:45,144:INFO:Checking exceptions
2025-10-08 16:29:45,144:INFO:Importing libraries
2025-10-08 16:29:45,144:INFO:Copying training dataset
2025-10-08 16:29:45,160:INFO:Defining folds
2025-10-08 16:29:45,160:INFO:Declaring metric variables
2025-10-08 16:29:45,163:INFO:Importing untrained model
2025-10-08 16:29:45,165:INFO:Least Angle Regression Imported successfully
2025-10-08 16:29:45,170:INFO:Starting cross validation
2025-10-08 16:29:45,171:INFO:Cross validating with KFold(n_splits=3, random_state=None, shuffle=False), n_jobs=-1
2025-10-08 16:29:45,274:WARNING:/home/leon/.conda/envs/ml_general/lib/python3.10/site-packages/sklearn/linear_model/_least_angle.py:688: ConvergenceWarning: Regressors in active set degenerate. Dropping a regressor, after 74 iterations, i.e. alpha=1.412e+05, with an active set of 55 regressors, and the smallest cholesky pivot element being 2.220e-16. Reduce max_iter or increase eps parameters.
  warnings.warn(

2025-10-08 16:29:45,275:WARNING:/home/leon/.conda/envs/ml_general/lib/python3.10/site-packages/sklearn/linear_model/_least_angle.py:688: ConvergenceWarning: Regressors in active set degenerate. Dropping a regressor, after 74 iterations, i.e. alpha=1.316e+05, with an active set of 55 regressors, and the smallest cholesky pivot element being 2.220e-16. Reduce max_iter or increase eps parameters.
  warnings.warn(

2025-10-08 16:29:45,275:WARNING:/home/leon/.conda/envs/ml_general/lib/python3.10/site-packages/sklearn/linear_model/_least_angle.py:688: ConvergenceWarning: Regressors in active set degenerate. Dropping a regressor, after 76 iterations, i.e. alpha=6.649e+03, with an active set of 56 regressors, and the smallest cholesky pivot element being 2.220e-16. Reduce max_iter or increase eps parameters.
  warnings.warn(

2025-10-08 16:29:45,275:WARNING:/home/leon/.conda/envs/ml_general/lib/python3.10/site-packages/sklearn/linear_model/_least_angle.py:688: ConvergenceWarning: Regressors in active set degenerate. Dropping a regressor, after 76 iterations, i.e. alpha=6.562e+03, with an active set of 56 regressors, and the smallest cholesky pivot element being 2.220e-16. Reduce max_iter or increase eps parameters.
  warnings.warn(

2025-10-08 16:29:45,275:WARNING:/home/leon/.conda/envs/ml_general/lib/python3.10/site-packages/sklearn/linear_model/_least_angle.py:688: ConvergenceWarning: Regressors in active set degenerate. Dropping a regressor, after 76 iterations, i.e. alpha=3.483e+03, with an active set of 56 regressors, and the smallest cholesky pivot element being 2.220e-16. Reduce max_iter or increase eps parameters.
  warnings.warn(

2025-10-08 16:29:45,277:WARNING:/home/leon/.conda/envs/ml_general/lib/python3.10/site-packages/sklearn/linear_model/_least_angle.py:688: ConvergenceWarning: Regressors in active set degenerate. Dropping a regressor, after 27 iterations, i.e. alpha=1.952e+01, with an active set of 24 regressors, and the smallest cholesky pivot element being 2.220e-16. Reduce max_iter or increase eps parameters.
  warnings.warn(

2025-10-08 16:29:45,278:WARNING:/home/leon/.conda/envs/ml_general/lib/python3.10/site-packages/sklearn/linear_model/_least_angle.py:688: ConvergenceWarning: Regressors in active set degenerate. Dropping a regressor, after 36 iterations, i.e. alpha=1.293e+01, with an active set of 32 regressors, and the smallest cholesky pivot element being 2.220e-16. Reduce max_iter or increase eps parameters.
  warnings.warn(

2025-10-08 16:29:45,280:WARNING:/home/leon/.conda/envs/ml_general/lib/python3.10/site-packages/sklearn/linear_model/_least_angle.py:688: ConvergenceWarning: Regressors in active set degenerate. Dropping a regressor, after 70 iterations, i.e. alpha=1.001e+06, with an active set of 55 regressors, and the smallest cholesky pivot element being 2.220e-16. Reduce max_iter or increase eps parameters.
  warnings.warn(

2025-10-08 16:29:45,281:WARNING:/home/leon/.conda/envs/ml_general/lib/python3.10/site-packages/sklearn/linear_model/_least_angle.py:688: ConvergenceWarning: Regressors in active set degenerate. Dropping a regressor, after 70 iterations, i.e. alpha=9.760e+05, with an active set of 55 regressors, and the smallest cholesky pivot element being 2.220e-16. Reduce max_iter or increase eps parameters.
  warnings.warn(

2025-10-08 16:29:45,281:WARNING:/home/leon/.conda/envs/ml_general/lib/python3.10/site-packages/sklearn/linear_model/_least_angle.py:688: ConvergenceWarning: Regressors in active set degenerate. Dropping a regressor, after 73 iterations, i.e. alpha=2.359e+05, with an active set of 57 regressors, and the smallest cholesky pivot element being 2.220e-16. Reduce max_iter or increase eps parameters.
  warnings.warn(

2025-10-08 16:29:45,281:WARNING:/home/leon/.conda/envs/ml_general/lib/python3.10/site-packages/sklearn/linear_model/_least_angle.py:688: ConvergenceWarning: Regressors in active set degenerate. Dropping a regressor, after 73 iterations, i.e. alpha=2.271e+05, with an active set of 57 regressors, and the smallest cholesky pivot element being 2.220e-16. Reduce max_iter or increase eps parameters.
  warnings.warn(

2025-10-08 16:29:45,281:WARNING:/home/leon/.conda/envs/ml_general/lib/python3.10/site-packages/sklearn/linear_model/_least_angle.py:688: ConvergenceWarning: Regressors in active set degenerate. Dropping a regressor, after 31 iterations, i.e. alpha=1.277e+01, with an active set of 29 regressors, and the smallest cholesky pivot element being 2.220e-16. Reduce max_iter or increase eps parameters.
  warnings.warn(

2025-10-08 16:29:45,286:WARNING:/home/leon/.conda/envs/ml_general/lib/python3.10/site-packages/sklearn/linear_model/_least_angle.py:688: ConvergenceWarning: Regressors in active set degenerate. Dropping a regressor, after 67 iterations, i.e. alpha=6.165e+03, with an active set of 56 regressors, and the smallest cholesky pivot element being 2.220e-16. Reduce max_iter or increase eps parameters.
  warnings.warn(

2025-10-08 16:29:45,287:WARNING:/home/leon/.conda/envs/ml_general/lib/python3.10/site-packages/sklearn/linear_model/_least_angle.py:688: ConvergenceWarning: Regressors in active set degenerate. Dropping a regressor, after 71 iterations, i.e. alpha=2.778e+03, with an active set of 58 regressors, and the smallest cholesky pivot element being 2.220e-16. Reduce max_iter or increase eps parameters.
  warnings.warn(

2025-10-08 16:29:45,320:INFO:Calculating mean and std
2025-10-08 16:29:45,321:INFO:Creating metrics dataframe
2025-10-08 16:29:45,323:INFO:Uploading results into container
2025-10-08 16:29:45,323:INFO:Uploading model into container now
2025-10-08 16:29:45,324:INFO:_master_model_container: 5
2025-10-08 16:29:45,324:INFO:_display_container: 2
2025-10-08 16:29:45,324:INFO:Lars(copy_X=True, eps=2.220446049250313e-16, fit_intercept=True, fit_path=True,
     jitter=None, n_nonzero_coefs=500, precompute='auto', random_state=123,
     verbose=False)
2025-10-08 16:29:45,324:INFO:create_model() successfully completed......................................
2025-10-08 16:29:45,572:INFO:SubProcess create_model() end ==================================
2025-10-08 16:29:45,572:INFO:Creating metrics dataframe
2025-10-08 16:29:45,577:INFO:Initializing Lasso Least Angle Regression
2025-10-08 16:29:45,577:INFO:Total runtime is 0.11784477631251018 minutes
2025-10-08 16:29:45,580:INFO:SubProcess create_model() called ==================================
2025-10-08 16:29:45,580:INFO:Initializing create_model()
2025-10-08 16:29:45,580:INFO:create_model(self=<pycaret.regression.oop.RegressionExperiment object at 0x7f4b098c17b0>, estimator=llar, fold=KFold(n_splits=3, random_state=None, shuffle=False), round=4, cross_validation=True, predict=True, fit_kwargs={}, groups=None, refit=False, probability_threshold=None, experiment_custom_tags=None, verbose=False, system=False, add_to_model_list=True, metrics=None, display=<pycaret.internal.display.display.CommonDisplay object at 0x7f4b023ae8f0>, model_only=True, return_train_score=False, error_score=0.0, kwargs={})
2025-10-08 16:29:45,580:INFO:Checking exceptions
2025-10-08 16:29:45,580:INFO:Importing libraries
2025-10-08 16:29:45,580:INFO:Copying training dataset
2025-10-08 16:29:45,597:INFO:Defining folds
2025-10-08 16:29:45,597:INFO:Declaring metric variables
2025-10-08 16:29:45,600:INFO:Importing untrained model
2025-10-08 16:29:45,603:INFO:Lasso Least Angle Regression Imported successfully
2025-10-08 16:29:45,607:INFO:Starting cross validation
2025-10-08 16:29:45,608:INFO:Cross validating with KFold(n_splits=3, random_state=None, shuffle=False), n_jobs=-1
2025-10-08 16:29:45,682:WARNING:/home/leon/.conda/envs/ml_general/lib/python3.10/site-packages/sklearn/linear_model/_least_angle.py:688: ConvergenceWarning: Regressors in active set degenerate. Dropping a regressor, after 35 iterations, i.e. alpha=1.199e+01, with an active set of 29 regressors, and the smallest cholesky pivot element being 2.220e-16. Reduce max_iter or increase eps parameters.
  warnings.warn(

2025-10-08 16:29:45,683:WARNING:/home/leon/.conda/envs/ml_general/lib/python3.10/site-packages/sklearn/linear_model/_least_angle.py:688: ConvergenceWarning: Regressors in active set degenerate. Dropping a regressor, after 43 iterations, i.e. alpha=6.691e+00, with an active set of 37 regressors, and the smallest cholesky pivot element being 2.220e-16. Reduce max_iter or increase eps parameters.
  warnings.warn(

2025-10-08 16:29:45,683:WARNING:/home/leon/.conda/envs/ml_general/lib/python3.10/site-packages/sklearn/linear_model/_least_angle.py:688: ConvergenceWarning: Regressors in active set degenerate. Dropping a regressor, after 45 iterations, i.e. alpha=2.738e+00, with an active set of 39 regressors, and the smallest cholesky pivot element being 2.220e-16. Reduce max_iter or increase eps parameters.
  warnings.warn(

2025-10-08 16:29:45,684:WARNING:/home/leon/.conda/envs/ml_general/lib/python3.10/site-packages/sklearn/linear_model/_least_angle.py:688: ConvergenceWarning: Regressors in active set degenerate. Dropping a regressor, after 46 iterations, i.e. alpha=1.343e+00, with an active set of 40 regressors, and the smallest cholesky pivot element being 2.220e-16. Reduce max_iter or increase eps parameters.
  warnings.warn(

2025-10-08 16:29:45,686:WARNING:/home/leon/.conda/envs/ml_general/lib/python3.10/site-packages/sklearn/linear_model/_least_angle.py:688: ConvergenceWarning: Regressors in active set degenerate. Dropping a regressor, after 41 iterations, i.e. alpha=8.133e+00, with an active set of 33 regressors, and the smallest cholesky pivot element being 2.220e-16. Reduce max_iter or increase eps parameters.
  warnings.warn(

2025-10-08 16:29:45,687:WARNING:/home/leon/.conda/envs/ml_general/lib/python3.10/site-packages/sklearn/linear_model/_least_angle.py:688: ConvergenceWarning: Regressors in active set degenerate. Dropping a regressor, after 47 iterations, i.e. alpha=3.831e+00, with an active set of 37 regressors, and the smallest cholesky pivot element being 2.220e-16. Reduce max_iter or increase eps parameters.
  warnings.warn(

2025-10-08 16:29:45,687:WARNING:/home/leon/.conda/envs/ml_general/lib/python3.10/site-packages/sklearn/linear_model/_least_angle.py:718: ConvergenceWarning: Early stopping the lars path, as the residues are small and the current value of alpha is no longer well controlled. 53 iterations, alpha=1.836e+01, previous alpha=2.013e+00, with an active set of 40 regressors.
  warnings.warn(

2025-10-08 16:29:45,691:WARNING:/home/leon/.conda/envs/ml_general/lib/python3.10/site-packages/sklearn/linear_model/_least_angle.py:688: ConvergenceWarning: Regressors in active set degenerate. Dropping a regressor, after 33 iterations, i.e. alpha=1.200e+01, with an active set of 27 regressors, and the smallest cholesky pivot element being 2.220e-16. Reduce max_iter or increase eps parameters.
  warnings.warn(

2025-10-08 16:29:45,692:WARNING:/home/leon/.conda/envs/ml_general/lib/python3.10/site-packages/sklearn/linear_model/_least_angle.py:688: ConvergenceWarning: Regressors in active set degenerate. Dropping a regressor, after 37 iterations, i.e. alpha=1.046e+01, with an active set of 31 regressors, and the smallest cholesky pivot element being 2.220e-16. Reduce max_iter or increase eps parameters.
  warnings.warn(

2025-10-08 16:29:45,693:WARNING:/home/leon/.conda/envs/ml_general/lib/python3.10/site-packages/sklearn/linear_model/_least_angle.py:718: ConvergenceWarning: Early stopping the lars path, as the residues are small and the current value of alpha is no longer well controlled. 47 iterations, alpha=4.040e+00, previous alpha=3.961e+00, with an active set of 38 regressors.
  warnings.warn(

2025-10-08 16:29:45,715:INFO:Calculating mean and std
2025-10-08 16:29:45,716:INFO:Creating metrics dataframe
2025-10-08 16:29:45,717:INFO:Uploading results into container
2025-10-08 16:29:45,718:INFO:Uploading model into container now
2025-10-08 16:29:45,719:INFO:_master_model_container: 6
2025-10-08 16:29:45,719:INFO:_display_container: 2
2025-10-08 16:29:45,719:INFO:LassoLars(alpha=1.0, copy_X=True, eps=2.220446049250313e-16, fit_intercept=True,
          fit_path=True, jitter=None, max_iter=500, positive=False,
          precompute='auto', random_state=123, verbose=False)
2025-10-08 16:29:45,719:INFO:create_model() successfully completed......................................
2025-10-08 16:29:45,975:INFO:SubProcess create_model() end ==================================
2025-10-08 16:29:45,975:INFO:Creating metrics dataframe
2025-10-08 16:29:45,981:INFO:Initializing Orthogonal Matching Pursuit
2025-10-08 16:29:45,981:INFO:Total runtime is 0.12457292477289837 minutes
2025-10-08 16:29:45,983:INFO:SubProcess create_model() called ==================================
2025-10-08 16:29:45,984:INFO:Initializing create_model()
2025-10-08 16:29:45,984:INFO:create_model(self=<pycaret.regression.oop.RegressionExperiment object at 0x7f4b098c17b0>, estimator=omp, fold=KFold(n_splits=3, random_state=None, shuffle=False), round=4, cross_validation=True, predict=True, fit_kwargs={}, groups=None, refit=False, probability_threshold=None, experiment_custom_tags=None, verbose=False, system=False, add_to_model_list=True, metrics=None, display=<pycaret.internal.display.display.CommonDisplay object at 0x7f4b023ae8f0>, model_only=True, return_train_score=False, error_score=0.0, kwargs={})
2025-10-08 16:29:45,984:INFO:Checking exceptions
2025-10-08 16:29:45,984:INFO:Importing libraries
2025-10-08 16:29:45,984:INFO:Copying training dataset
2025-10-08 16:29:46,001:INFO:Defining folds
2025-10-08 16:29:46,001:INFO:Declaring metric variables
2025-10-08 16:29:46,004:INFO:Importing untrained model
2025-10-08 16:29:46,007:INFO:Orthogonal Matching Pursuit Imported successfully
2025-10-08 16:29:46,013:INFO:Starting cross validation
2025-10-08 16:29:46,014:INFO:Cross validating with KFold(n_splits=3, random_state=None, shuffle=False), n_jobs=-1
2025-10-08 16:29:46,116:INFO:Calculating mean and std
2025-10-08 16:29:46,117:INFO:Creating metrics dataframe
2025-10-08 16:29:46,118:INFO:Uploading results into container
2025-10-08 16:29:46,119:INFO:Uploading model into container now
2025-10-08 16:29:46,119:INFO:_master_model_container: 7
2025-10-08 16:29:46,119:INFO:_display_container: 2
2025-10-08 16:29:46,119:INFO:OrthogonalMatchingPursuit(fit_intercept=True, n_nonzero_coefs=None,
                          precompute='auto', tol=None)
2025-10-08 16:29:46,119:INFO:create_model() successfully completed......................................
2025-10-08 16:29:46,368:INFO:SubProcess create_model() end ==================================
2025-10-08 16:29:46,368:INFO:Creating metrics dataframe
2025-10-08 16:29:46,374:INFO:Initializing Bayesian Ridge
2025-10-08 16:29:46,374:INFO:Total runtime is 0.13112046718597414 minutes
2025-10-08 16:29:46,376:INFO:SubProcess create_model() called ==================================
2025-10-08 16:29:46,376:INFO:Initializing create_model()
2025-10-08 16:29:46,376:INFO:create_model(self=<pycaret.regression.oop.RegressionExperiment object at 0x7f4b098c17b0>, estimator=br, fold=KFold(n_splits=3, random_state=None, shuffle=False), round=4, cross_validation=True, predict=True, fit_kwargs={}, groups=None, refit=False, probability_threshold=None, experiment_custom_tags=None, verbose=False, system=False, add_to_model_list=True, metrics=None, display=<pycaret.internal.display.display.CommonDisplay object at 0x7f4b023ae8f0>, model_only=True, return_train_score=False, error_score=0.0, kwargs={})
2025-10-08 16:29:46,376:INFO:Checking exceptions
2025-10-08 16:29:46,377:INFO:Importing libraries
2025-10-08 16:29:46,377:INFO:Copying training dataset
2025-10-08 16:29:46,392:INFO:Defining folds
2025-10-08 16:29:46,393:INFO:Declaring metric variables
2025-10-08 16:29:46,395:INFO:Importing untrained model
2025-10-08 16:29:46,398:INFO:Bayesian Ridge Imported successfully
2025-10-08 16:29:46,403:INFO:Starting cross validation
2025-10-08 16:29:46,404:INFO:Cross validating with KFold(n_splits=3, random_state=None, shuffle=False), n_jobs=-1
2025-10-08 16:29:46,530:INFO:Calculating mean and std
2025-10-08 16:29:46,531:INFO:Creating metrics dataframe
2025-10-08 16:29:46,533:INFO:Uploading results into container
2025-10-08 16:29:46,533:INFO:Uploading model into container now
2025-10-08 16:29:46,533:INFO:_master_model_container: 8
2025-10-08 16:29:46,533:INFO:_display_container: 2
2025-10-08 16:29:46,534:INFO:BayesianRidge(alpha_1=1e-06, alpha_2=1e-06, alpha_init=None,
              compute_score=False, copy_X=True, fit_intercept=True,
              lambda_1=1e-06, lambda_2=1e-06, lambda_init=None, max_iter=None,
              n_iter='deprecated', tol=0.001, verbose=False)
2025-10-08 16:29:46,534:INFO:create_model() successfully completed......................................
2025-10-08 16:29:46,785:INFO:SubProcess create_model() end ==================================
2025-10-08 16:29:46,786:INFO:Creating metrics dataframe
2025-10-08 16:29:46,791:INFO:Initializing Passive Aggressive Regressor
2025-10-08 16:29:46,791:INFO:Total runtime is 0.13808193206787112 minutes
2025-10-08 16:29:46,794:INFO:SubProcess create_model() called ==================================
2025-10-08 16:29:46,794:INFO:Initializing create_model()
2025-10-08 16:29:46,794:INFO:create_model(self=<pycaret.regression.oop.RegressionExperiment object at 0x7f4b098c17b0>, estimator=par, fold=KFold(n_splits=3, random_state=None, shuffle=False), round=4, cross_validation=True, predict=True, fit_kwargs={}, groups=None, refit=False, probability_threshold=None, experiment_custom_tags=None, verbose=False, system=False, add_to_model_list=True, metrics=None, display=<pycaret.internal.display.display.CommonDisplay object at 0x7f4b023ae8f0>, model_only=True, return_train_score=False, error_score=0.0, kwargs={})
2025-10-08 16:29:46,794:INFO:Checking exceptions
2025-10-08 16:29:46,794:INFO:Importing libraries
2025-10-08 16:29:46,794:INFO:Copying training dataset
2025-10-08 16:29:46,811:INFO:Defining folds
2025-10-08 16:29:46,811:INFO:Declaring metric variables
2025-10-08 16:29:46,815:INFO:Importing untrained model
2025-10-08 16:29:46,821:INFO:Passive Aggressive Regressor Imported successfully
2025-10-08 16:29:46,828:INFO:Starting cross validation
2025-10-08 16:29:46,830:INFO:Cross validating with KFold(n_splits=3, random_state=None, shuffle=False), n_jobs=-1
2025-10-08 16:29:47,049:INFO:Calculating mean and std
2025-10-08 16:29:47,050:INFO:Creating metrics dataframe
2025-10-08 16:29:47,052:INFO:Uploading results into container
2025-10-08 16:29:47,052:INFO:Uploading model into container now
2025-10-08 16:29:47,052:INFO:_master_model_container: 9
2025-10-08 16:29:47,053:INFO:_display_container: 2
2025-10-08 16:29:47,053:INFO:PassiveAggressiveRegressor(C=1.0, average=False, early_stopping=False,
                           epsilon=0.1, fit_intercept=True,
                           loss='epsilon_insensitive', max_iter=1000,
                           n_iter_no_change=5, random_state=123, shuffle=True,
                           tol=0.001, validation_fraction=0.1, verbose=0,
                           warm_start=False)
2025-10-08 16:29:47,053:INFO:create_model() successfully completed......................................
2025-10-08 16:29:47,300:INFO:SubProcess create_model() end ==================================
2025-10-08 16:29:47,300:INFO:Creating metrics dataframe
2025-10-08 16:29:47,306:INFO:Initializing Huber Regressor
2025-10-08 16:29:47,306:INFO:Total runtime is 0.14665333032608036 minutes
2025-10-08 16:29:47,308:INFO:SubProcess create_model() called ==================================
2025-10-08 16:29:47,309:INFO:Initializing create_model()
2025-10-08 16:29:47,309:INFO:create_model(self=<pycaret.regression.oop.RegressionExperiment object at 0x7f4b098c17b0>, estimator=huber, fold=KFold(n_splits=3, random_state=None, shuffle=False), round=4, cross_validation=True, predict=True, fit_kwargs={}, groups=None, refit=False, probability_threshold=None, experiment_custom_tags=None, verbose=False, system=False, add_to_model_list=True, metrics=None, display=<pycaret.internal.display.display.CommonDisplay object at 0x7f4b023ae8f0>, model_only=True, return_train_score=False, error_score=0.0, kwargs={})
2025-10-08 16:29:47,309:INFO:Checking exceptions
2025-10-08 16:29:47,309:INFO:Importing libraries
2025-10-08 16:29:47,309:INFO:Copying training dataset
2025-10-08 16:29:47,326:INFO:Defining folds
2025-10-08 16:29:47,326:INFO:Declaring metric variables
2025-10-08 16:29:47,329:INFO:Importing untrained model
2025-10-08 16:29:47,332:INFO:Huber Regressor Imported successfully
2025-10-08 16:29:47,338:INFO:Starting cross validation
2025-10-08 16:29:47,339:INFO:Cross validating with KFold(n_splits=3, random_state=None, shuffle=False), n_jobs=-1
2025-10-08 16:29:47,958:WARNING:/home/leon/.conda/envs/ml_general/lib/python3.10/site-packages/sklearn/linear_model/_huber.py:342: ConvergenceWarning: lbfgs failed to converge (status=1):
STOP: TOTAL NO. of ITERATIONS REACHED LIMIT.

Increase the number of iterations (max_iter) or scale the data as shown in:
    https://scikit-learn.org/stable/modules/preprocessing.html
  self.n_iter_ = _check_optimize_result("lbfgs", opt_res, self.max_iter)

2025-10-08 16:29:47,988:WARNING:/home/leon/.conda/envs/ml_general/lib/python3.10/site-packages/sklearn/linear_model/_huber.py:342: ConvergenceWarning: lbfgs failed to converge (status=1):
STOP: TOTAL NO. of ITERATIONS REACHED LIMIT.

Increase the number of iterations (max_iter) or scale the data as shown in:
    https://scikit-learn.org/stable/modules/preprocessing.html
  self.n_iter_ = _check_optimize_result("lbfgs", opt_res, self.max_iter)

2025-10-08 16:29:48,041:WARNING:/home/leon/.conda/envs/ml_general/lib/python3.10/site-packages/sklearn/linear_model/_huber.py:342: ConvergenceWarning: lbfgs failed to converge (status=1):
STOP: TOTAL NO. of ITERATIONS REACHED LIMIT.

Increase the number of iterations (max_iter) or scale the data as shown in:
    https://scikit-learn.org/stable/modules/preprocessing.html
  self.n_iter_ = _check_optimize_result("lbfgs", opt_res, self.max_iter)

2025-10-08 16:29:48,061:INFO:Calculating mean and std
2025-10-08 16:29:48,061:INFO:Creating metrics dataframe
2025-10-08 16:29:48,063:INFO:Uploading results into container
2025-10-08 16:29:48,063:INFO:Uploading model into container now
2025-10-08 16:29:48,064:INFO:_master_model_container: 10
2025-10-08 16:29:48,064:INFO:_display_container: 2
2025-10-08 16:29:48,064:INFO:HuberRegressor(alpha=0.0001, epsilon=1.35, fit_intercept=True, max_iter=100,
               tol=1e-05, warm_start=False)
2025-10-08 16:29:48,064:INFO:create_model() successfully completed......................................
2025-10-08 16:29:48,305:INFO:SubProcess create_model() end ==================================
2025-10-08 16:29:48,305:INFO:Creating metrics dataframe
2025-10-08 16:29:48,311:INFO:Initializing K Neighbors Regressor
2025-10-08 16:29:48,311:INFO:Total runtime is 0.16341016292572025 minutes
2025-10-08 16:29:48,313:INFO:SubProcess create_model() called ==================================
2025-10-08 16:29:48,314:INFO:Initializing create_model()
2025-10-08 16:29:48,314:INFO:create_model(self=<pycaret.regression.oop.RegressionExperiment object at 0x7f4b098c17b0>, estimator=knn, fold=KFold(n_splits=3, random_state=None, shuffle=False), round=4, cross_validation=True, predict=True, fit_kwargs={}, groups=None, refit=False, probability_threshold=None, experiment_custom_tags=None, verbose=False, system=False, add_to_model_list=True, metrics=None, display=<pycaret.internal.display.display.CommonDisplay object at 0x7f4b023ae8f0>, model_only=True, return_train_score=False, error_score=0.0, kwargs={})
2025-10-08 16:29:48,314:INFO:Checking exceptions
2025-10-08 16:29:48,314:INFO:Importing libraries
2025-10-08 16:29:48,314:INFO:Copying training dataset
2025-10-08 16:29:48,330:INFO:Defining folds
2025-10-08 16:29:48,330:INFO:Declaring metric variables
2025-10-08 16:29:48,333:INFO:Importing untrained model
2025-10-08 16:29:48,336:INFO:K Neighbors Regressor Imported successfully
2025-10-08 16:29:48,342:INFO:Starting cross validation
2025-10-08 16:29:48,343:INFO:Cross validating with KFold(n_splits=3, random_state=None, shuffle=False), n_jobs=-1
2025-10-08 16:29:48,627:INFO:Calculating mean and std
2025-10-08 16:29:48,627:INFO:Creating metrics dataframe
2025-10-08 16:29:48,629:INFO:Uploading results into container
2025-10-08 16:29:48,629:INFO:Uploading model into container now
2025-10-08 16:29:48,630:INFO:_master_model_container: 11
2025-10-08 16:29:48,630:INFO:_display_container: 2
2025-10-08 16:29:48,630:INFO:KNeighborsRegressor(algorithm='auto', leaf_size=30, metric='minkowski',
                    metric_params=None, n_jobs=-1, n_neighbors=5, p=2,
                    weights='uniform')
2025-10-08 16:29:48,630:INFO:create_model() successfully completed......................................
2025-10-08 16:29:48,874:INFO:SubProcess create_model() end ==================================
2025-10-08 16:29:48,874:INFO:Creating metrics dataframe
2025-10-08 16:29:48,880:INFO:Initializing Decision Tree Regressor
2025-10-08 16:29:48,880:INFO:Total runtime is 0.17289333343505864 minutes
2025-10-08 16:29:48,882:INFO:SubProcess create_model() called ==================================
2025-10-08 16:29:48,883:INFO:Initializing create_model()
2025-10-08 16:29:48,883:INFO:create_model(self=<pycaret.regression.oop.RegressionExperiment object at 0x7f4b098c17b0>, estimator=dt, fold=KFold(n_splits=3, random_state=None, shuffle=False), round=4, cross_validation=True, predict=True, fit_kwargs={}, groups=None, refit=False, probability_threshold=None, experiment_custom_tags=None, verbose=False, system=False, add_to_model_list=True, metrics=None, display=<pycaret.internal.display.display.CommonDisplay object at 0x7f4b023ae8f0>, model_only=True, return_train_score=False, error_score=0.0, kwargs={})
2025-10-08 16:29:48,883:INFO:Checking exceptions
2025-10-08 16:29:48,883:INFO:Importing libraries
2025-10-08 16:29:48,883:INFO:Copying training dataset
2025-10-08 16:29:48,904:INFO:Defining folds
2025-10-08 16:29:48,905:INFO:Declaring metric variables
2025-10-08 16:29:48,909:INFO:Importing untrained model
2025-10-08 16:29:48,913:INFO:Decision Tree Regressor Imported successfully
2025-10-08 16:29:48,922:INFO:Starting cross validation
2025-10-08 16:29:48,923:INFO:Cross validating with KFold(n_splits=3, random_state=None, shuffle=False), n_jobs=-1
2025-10-08 16:29:49,264:INFO:Calculating mean and std
2025-10-08 16:29:49,265:INFO:Creating metrics dataframe
2025-10-08 16:29:49,266:INFO:Uploading results into container
2025-10-08 16:29:49,267:INFO:Uploading model into container now
2025-10-08 16:29:49,267:INFO:_master_model_container: 12
2025-10-08 16:29:49,267:INFO:_display_container: 2
2025-10-08 16:29:49,268:INFO:DecisionTreeRegressor(ccp_alpha=0.0, criterion='squared_error', max_depth=None,
                      max_features=None, max_leaf_nodes=None,
                      min_impurity_decrease=0.0, min_samples_leaf=1,
                      min_samples_split=2, min_weight_fraction_leaf=0.0,
                      monotonic_cst=None, random_state=123, splitter='best')
2025-10-08 16:29:49,268:INFO:create_model() successfully completed......................................
2025-10-08 16:29:49,512:INFO:SubProcess create_model() end ==================================
2025-10-08 16:29:49,513:INFO:Creating metrics dataframe
2025-10-08 16:29:49,519:INFO:Initializing Random Forest Regressor
2025-10-08 16:29:49,519:INFO:Total runtime is 0.18353640238444016 minutes
2025-10-08 16:29:49,521:INFO:SubProcess create_model() called ==================================
2025-10-08 16:29:49,521:INFO:Initializing create_model()
2025-10-08 16:29:49,521:INFO:create_model(self=<pycaret.regression.oop.RegressionExperiment object at 0x7f4b098c17b0>, estimator=rf, fold=KFold(n_splits=3, random_state=None, shuffle=False), round=4, cross_validation=True, predict=True, fit_kwargs={}, groups=None, refit=False, probability_threshold=None, experiment_custom_tags=None, verbose=False, system=False, add_to_model_list=True, metrics=None, display=<pycaret.internal.display.display.CommonDisplay object at 0x7f4b023ae8f0>, model_only=True, return_train_score=False, error_score=0.0, kwargs={})
2025-10-08 16:29:49,521:INFO:Checking exceptions
2025-10-08 16:29:49,521:INFO:Importing libraries
2025-10-08 16:29:49,521:INFO:Copying training dataset
2025-10-08 16:29:49,538:INFO:Defining folds
2025-10-08 16:29:49,538:INFO:Declaring metric variables
2025-10-08 16:29:49,540:INFO:Importing untrained model
2025-10-08 16:29:49,543:INFO:Random Forest Regressor Imported successfully
2025-10-08 16:29:49,548:INFO:Starting cross validation
2025-10-08 16:29:49,550:INFO:Cross validating with KFold(n_splits=3, random_state=None, shuffle=False), n_jobs=-1
2025-10-08 16:29:55,172:INFO:Calculating mean and std
2025-10-08 16:29:55,173:INFO:Creating metrics dataframe
2025-10-08 16:29:55,174:INFO:Uploading results into container
2025-10-08 16:29:55,174:INFO:Uploading model into container now
2025-10-08 16:29:55,175:INFO:_master_model_container: 13
2025-10-08 16:29:55,175:INFO:_display_container: 2
2025-10-08 16:29:55,175:INFO:RandomForestRegressor(bootstrap=True, ccp_alpha=0.0, criterion='squared_error',
                      max_depth=None, max_features=1.0, max_leaf_nodes=None,
                      max_samples=None, min_impurity_decrease=0.0,
                      min_samples_leaf=1, min_samples_split=2,
                      min_weight_fraction_leaf=0.0, monotonic_cst=None,
                      n_estimators=100, n_jobs=-1, oob_score=False,
                      random_state=123, verbose=0, warm_start=False)
2025-10-08 16:29:55,175:INFO:create_model() successfully completed......................................
2025-10-08 16:29:55,405:INFO:SubProcess create_model() end ==================================
2025-10-08 16:29:55,405:INFO:Creating metrics dataframe
2025-10-08 16:29:55,411:INFO:Initializing Extra Trees Regressor
2025-10-08 16:29:55,411:INFO:Total runtime is 0.28174315690994267 minutes
2025-10-08 16:29:55,413:INFO:SubProcess create_model() called ==================================
2025-10-08 16:29:55,414:INFO:Initializing create_model()
2025-10-08 16:29:55,414:INFO:create_model(self=<pycaret.regression.oop.RegressionExperiment object at 0x7f4b098c17b0>, estimator=et, fold=KFold(n_splits=3, random_state=None, shuffle=False), round=4, cross_validation=True, predict=True, fit_kwargs={}, groups=None, refit=False, probability_threshold=None, experiment_custom_tags=None, verbose=False, system=False, add_to_model_list=True, metrics=None, display=<pycaret.internal.display.display.CommonDisplay object at 0x7f4b023ae8f0>, model_only=True, return_train_score=False, error_score=0.0, kwargs={})
2025-10-08 16:29:55,414:INFO:Checking exceptions
2025-10-08 16:29:55,414:INFO:Importing libraries
2025-10-08 16:29:55,414:INFO:Copying training dataset
2025-10-08 16:29:55,431:INFO:Defining folds
2025-10-08 16:29:55,431:INFO:Declaring metric variables
2025-10-08 16:29:55,433:INFO:Importing untrained model
2025-10-08 16:29:55,437:INFO:Extra Trees Regressor Imported successfully
2025-10-08 16:29:55,442:INFO:Starting cross validation
2025-10-08 16:29:55,444:INFO:Cross validating with KFold(n_splits=3, random_state=None, shuffle=False), n_jobs=-1
2025-10-08 16:29:58,275:INFO:Calculating mean and std
2025-10-08 16:29:58,275:INFO:Creating metrics dataframe
2025-10-08 16:29:58,276:INFO:Uploading results into container
2025-10-08 16:29:58,277:INFO:Uploading model into container now
2025-10-08 16:29:58,277:INFO:_master_model_container: 14
2025-10-08 16:29:58,277:INFO:_display_container: 2
2025-10-08 16:29:58,277:INFO:ExtraTreesRegressor(bootstrap=False, ccp_alpha=0.0, criterion='squared_error',
                    max_depth=None, max_features=1.0, max_leaf_nodes=None,
                    max_samples=None, min_impurity_decrease=0.0,
                    min_samples_leaf=1, min_samples_split=2,
                    min_weight_fraction_leaf=0.0, monotonic_cst=None,
                    n_estimators=100, n_jobs=-1, oob_score=False,
                    random_state=123, verbose=0, warm_start=False)
2025-10-08 16:29:58,277:INFO:create_model() successfully completed......................................
2025-10-08 16:29:58,522:INFO:SubProcess create_model() end ==================================
2025-10-08 16:29:58,522:INFO:Creating metrics dataframe
2025-10-08 16:29:58,529:INFO:Initializing AdaBoost Regressor
2025-10-08 16:29:58,529:INFO:Total runtime is 0.3337043603261312 minutes
2025-10-08 16:29:58,531:INFO:SubProcess create_model() called ==================================
2025-10-08 16:29:58,532:INFO:Initializing create_model()
2025-10-08 16:29:58,532:INFO:create_model(self=<pycaret.regression.oop.RegressionExperiment object at 0x7f4b098c17b0>, estimator=ada, fold=KFold(n_splits=3, random_state=None, shuffle=False), round=4, cross_validation=True, predict=True, fit_kwargs={}, groups=None, refit=False, probability_threshold=None, experiment_custom_tags=None, verbose=False, system=False, add_to_model_list=True, metrics=None, display=<pycaret.internal.display.display.CommonDisplay object at 0x7f4b023ae8f0>, model_only=True, return_train_score=False, error_score=0.0, kwargs={})
2025-10-08 16:29:58,532:INFO:Checking exceptions
2025-10-08 16:29:58,532:INFO:Importing libraries
2025-10-08 16:29:58,532:INFO:Copying training dataset
2025-10-08 16:29:58,550:INFO:Defining folds
2025-10-08 16:29:58,550:INFO:Declaring metric variables
2025-10-08 16:29:58,554:INFO:Importing untrained model
2025-10-08 16:29:58,556:INFO:AdaBoost Regressor Imported successfully
2025-10-08 16:29:58,563:INFO:Starting cross validation
2025-10-08 16:29:58,565:INFO:Cross validating with KFold(n_splits=3, random_state=None, shuffle=False), n_jobs=-1
2025-10-08 16:30:00,407:INFO:Calculating mean and std
2025-10-08 16:30:00,407:INFO:Creating metrics dataframe
2025-10-08 16:30:00,408:INFO:Uploading results into container
2025-10-08 16:30:00,409:INFO:Uploading model into container now
2025-10-08 16:30:00,409:INFO:_master_model_container: 15
2025-10-08 16:30:00,409:INFO:_display_container: 2
2025-10-08 16:30:00,409:INFO:AdaBoostRegressor(estimator=None, learning_rate=1.0, loss='linear',
                  n_estimators=50, random_state=123)
2025-10-08 16:30:00,409:INFO:create_model() successfully completed......................................
2025-10-08 16:30:00,650:INFO:SubProcess create_model() end ==================================
2025-10-08 16:30:00,650:INFO:Creating metrics dataframe
2025-10-08 16:30:00,657:INFO:Initializing Gradient Boosting Regressor
2025-10-08 16:30:00,657:INFO:Total runtime is 0.36917136510213217 minutes
2025-10-08 16:30:00,659:INFO:SubProcess create_model() called ==================================
2025-10-08 16:30:00,660:INFO:Initializing create_model()
2025-10-08 16:30:00,660:INFO:create_model(self=<pycaret.regression.oop.RegressionExperiment object at 0x7f4b098c17b0>, estimator=gbr, fold=KFold(n_splits=3, random_state=None, shuffle=False), round=4, cross_validation=True, predict=True, fit_kwargs={}, groups=None, refit=False, probability_threshold=None, experiment_custom_tags=None, verbose=False, system=False, add_to_model_list=True, metrics=None, display=<pycaret.internal.display.display.CommonDisplay object at 0x7f4b023ae8f0>, model_only=True, return_train_score=False, error_score=0.0, kwargs={})
2025-10-08 16:30:00,660:INFO:Checking exceptions
2025-10-08 16:30:00,660:INFO:Importing libraries
2025-10-08 16:30:00,660:INFO:Copying training dataset
2025-10-08 16:30:00,679:INFO:Defining folds
2025-10-08 16:30:00,679:INFO:Declaring metric variables
2025-10-08 16:30:00,682:INFO:Importing untrained model
2025-10-08 16:30:00,685:INFO:Gradient Boosting Regressor Imported successfully
2025-10-08 16:30:00,689:INFO:Starting cross validation
2025-10-08 16:30:00,690:INFO:Cross validating with KFold(n_splits=3, random_state=None, shuffle=False), n_jobs=-1
2025-10-08 16:30:04,525:INFO:Calculating mean and std
2025-10-08 16:30:04,525:INFO:Creating metrics dataframe
2025-10-08 16:30:04,527:INFO:Uploading results into container
2025-10-08 16:30:04,527:INFO:Uploading model into container now
2025-10-08 16:30:04,527:INFO:_master_model_container: 16
2025-10-08 16:30:04,527:INFO:_display_container: 2
2025-10-08 16:30:04,528:INFO:GradientBoostingRegressor(alpha=0.9, ccp_alpha=0.0, criterion='friedman_mse',
                          init=None, learning_rate=0.1, loss='squared_error',
                          max_depth=3, max_features=None, max_leaf_nodes=None,
                          min_impurity_decrease=0.0, min_samples_leaf=1,
                          min_samples_split=2, min_weight_fraction_leaf=0.0,
                          n_estimators=100, n_iter_no_change=None,
                          random_state=123, subsample=1.0, tol=0.0001,
                          validation_fraction=0.1, verbose=0, warm_start=False)
2025-10-08 16:30:04,528:INFO:create_model() successfully completed......................................
2025-10-08 16:30:04,771:INFO:SubProcess create_model() end ==================================
2025-10-08 16:30:04,771:INFO:Creating metrics dataframe
2025-10-08 16:30:04,777:INFO:Initializing Extreme Gradient Boosting
2025-10-08 16:30:04,777:INFO:Total runtime is 0.4378496448198954 minutes
2025-10-08 16:30:04,780:INFO:SubProcess create_model() called ==================================
2025-10-08 16:30:04,780:INFO:Initializing create_model()
2025-10-08 16:30:04,780:INFO:create_model(self=<pycaret.regression.oop.RegressionExperiment object at 0x7f4b098c17b0>, estimator=xgboost, fold=KFold(n_splits=3, random_state=None, shuffle=False), round=4, cross_validation=True, predict=True, fit_kwargs={}, groups=None, refit=False, probability_threshold=None, experiment_custom_tags=None, verbose=False, system=False, add_to_model_list=True, metrics=None, display=<pycaret.internal.display.display.CommonDisplay object at 0x7f4b023ae8f0>, model_only=True, return_train_score=False, error_score=0.0, kwargs={})
2025-10-08 16:30:04,780:INFO:Checking exceptions
2025-10-08 16:30:04,780:INFO:Importing libraries
2025-10-08 16:30:04,780:INFO:Copying training dataset
2025-10-08 16:30:04,796:INFO:Defining folds
2025-10-08 16:30:04,796:INFO:Declaring metric variables
2025-10-08 16:30:04,798:INFO:Importing untrained model
2025-10-08 16:30:04,802:INFO:Extreme Gradient Boosting Imported successfully
2025-10-08 16:30:04,810:INFO:Starting cross validation
2025-10-08 16:30:04,813:INFO:Cross validating with KFold(n_splits=3, random_state=None, shuffle=False), n_jobs=-1
2025-10-08 16:30:05,367:INFO:Calculating mean and std
2025-10-08 16:30:05,367:INFO:Creating metrics dataframe
2025-10-08 16:30:05,369:INFO:Uploading results into container
2025-10-08 16:30:05,369:INFO:Uploading model into container now
2025-10-08 16:30:05,370:INFO:_master_model_container: 17
2025-10-08 16:30:05,370:INFO:_display_container: 2
2025-10-08 16:30:05,370:INFO:XGBRegressor(base_score=None, booster='gbtree', callbacks=None,
             colsample_bylevel=None, colsample_bynode=None,
             colsample_bytree=None, device='cpu', early_stopping_rounds=None,
             enable_categorical=False, eval_metric=None, feature_types=None,
             gamma=None, grow_policy=None, importance_type=None,
             interaction_constraints=None, learning_rate=None, max_bin=None,
             max_cat_threshold=None, max_cat_to_onehot=None,
             max_delta_step=None, max_depth=None, max_leaves=None,
             min_child_weight=None, missing=nan, monotone_constraints=None,
             multi_strategy=None, n_estimators=None, n_jobs=-1,
             num_parallel_tree=None, objective='reg:squarederror', ...)
2025-10-08 16:30:05,370:INFO:create_model() successfully completed......................................
2025-10-08 16:30:05,625:INFO:SubProcess create_model() end ==================================
2025-10-08 16:30:05,625:INFO:Creating metrics dataframe
2025-10-08 16:30:05,632:INFO:Initializing CatBoost Regressor
2025-10-08 16:30:05,632:INFO:Total runtime is 0.45209492047627764 minutes
2025-10-08 16:30:05,635:INFO:SubProcess create_model() called ==================================
2025-10-08 16:30:05,635:INFO:Initializing create_model()
2025-10-08 16:30:05,635:INFO:create_model(self=<pycaret.regression.oop.RegressionExperiment object at 0x7f4b098c17b0>, estimator=catboost, fold=KFold(n_splits=3, random_state=None, shuffle=False), round=4, cross_validation=True, predict=True, fit_kwargs={}, groups=None, refit=False, probability_threshold=None, experiment_custom_tags=None, verbose=False, system=False, add_to_model_list=True, metrics=None, display=<pycaret.internal.display.display.CommonDisplay object at 0x7f4b023ae8f0>, model_only=True, return_train_score=False, error_score=0.0, kwargs={})
2025-10-08 16:30:05,635:INFO:Checking exceptions
2025-10-08 16:30:05,635:INFO:Importing libraries
2025-10-08 16:30:05,635:INFO:Copying training dataset
2025-10-08 16:30:05,654:INFO:Defining folds
2025-10-08 16:30:05,654:INFO:Declaring metric variables
2025-10-08 16:30:05,658:INFO:Importing untrained model
2025-10-08 16:30:05,661:INFO:CatBoost Regressor Imported successfully
2025-10-08 16:30:05,666:INFO:Starting cross validation
2025-10-08 16:30:05,668:INFO:Cross validating with KFold(n_splits=3, random_state=None, shuffle=False), n_jobs=-1
2025-10-08 16:30:10,098:INFO:Calculating mean and std
2025-10-08 16:30:10,098:INFO:Creating metrics dataframe
2025-10-08 16:30:10,100:INFO:Uploading results into container
2025-10-08 16:30:10,100:INFO:Uploading model into container now
2025-10-08 16:30:10,100:INFO:_master_model_container: 18
2025-10-08 16:30:10,100:INFO:_display_container: 2
2025-10-08 16:30:10,100:INFO:<catboost.core.CatBoostRegressor object at 0x7f4aa839c040>
2025-10-08 16:30:10,100:INFO:create_model() successfully completed......................................
2025-10-08 16:30:10,332:INFO:SubProcess create_model() end ==================================
2025-10-08 16:30:10,332:INFO:Creating metrics dataframe
2025-10-08 16:30:10,339:INFO:Initializing Dummy Regressor
2025-10-08 16:30:10,339:INFO:Total runtime is 0.5305397669474283 minutes
2025-10-08 16:30:10,341:INFO:SubProcess create_model() called ==================================
2025-10-08 16:30:10,341:INFO:Initializing create_model()
2025-10-08 16:30:10,341:INFO:create_model(self=<pycaret.regression.oop.RegressionExperiment object at 0x7f4b098c17b0>, estimator=dummy, fold=KFold(n_splits=3, random_state=None, shuffle=False), round=4, cross_validation=True, predict=True, fit_kwargs={}, groups=None, refit=False, probability_threshold=None, experiment_custom_tags=None, verbose=False, system=False, add_to_model_list=True, metrics=None, display=<pycaret.internal.display.display.CommonDisplay object at 0x7f4b023ae8f0>, model_only=True, return_train_score=False, error_score=0.0, kwargs={})
2025-10-08 16:30:10,341:INFO:Checking exceptions
2025-10-08 16:30:10,341:INFO:Importing libraries
2025-10-08 16:30:10,341:INFO:Copying training dataset
2025-10-08 16:30:10,357:INFO:Defining folds
2025-10-08 16:30:10,357:INFO:Declaring metric variables
2025-10-08 16:30:10,360:INFO:Importing untrained model
2025-10-08 16:30:10,362:INFO:Dummy Regressor Imported successfully
2025-10-08 16:30:10,367:INFO:Starting cross validation
2025-10-08 16:30:10,368:INFO:Cross validating with KFold(n_splits=3, random_state=None, shuffle=False), n_jobs=-1
2025-10-08 16:30:10,458:INFO:Calculating mean and std
2025-10-08 16:30:10,459:INFO:Creating metrics dataframe
2025-10-08 16:30:10,460:INFO:Uploading results into container
2025-10-08 16:30:10,461:INFO:Uploading model into container now
2025-10-08 16:30:10,461:INFO:_master_model_container: 19
2025-10-08 16:30:10,461:INFO:_display_container: 2
2025-10-08 16:30:10,461:INFO:DummyRegressor(constant=None, quantile=None, strategy='mean')
2025-10-08 16:30:10,461:INFO:create_model() successfully completed......................................
2025-10-08 16:30:10,704:INFO:SubProcess create_model() end ==================================
2025-10-08 16:30:10,704:INFO:Creating metrics dataframe
2025-10-08 16:30:10,711:WARNING:/home/leon/.conda/envs/ml_general/lib/python3.10/site-packages/pycaret/internal/pycaret_experiment/supervised_experiment.py:323: FutureWarning: Styler.applymap has been deprecated. Use Styler.map instead.
  master_display_.apply(

2025-10-08 16:30:10,716:INFO:Initializing create_model()
2025-10-08 16:30:10,717:INFO:create_model(self=<pycaret.regression.oop.RegressionExperiment object at 0x7f4b098c17b0>, estimator=<catboost.core.CatBoostRegressor object at 0x7f4aa839c040>, fold=KFold(n_splits=3, random_state=None, shuffle=False), round=4, cross_validation=False, predict=False, fit_kwargs={}, groups=None, refit=True, probability_threshold=None, experiment_custom_tags=None, verbose=False, system=False, add_to_model_list=True, metrics=None, display=None, model_only=True, return_train_score=False, error_score=0.0, kwargs={})
2025-10-08 16:30:10,717:INFO:Checking exceptions
2025-10-08 16:30:10,718:INFO:Importing libraries
2025-10-08 16:30:10,718:INFO:Copying training dataset
2025-10-08 16:30:10,734:INFO:Defining folds
2025-10-08 16:30:10,734:INFO:Declaring metric variables
2025-10-08 16:30:10,734:INFO:Importing untrained model
2025-10-08 16:30:10,734:INFO:Declaring custom model
2025-10-08 16:30:10,734:INFO:CatBoost Regressor Imported successfully
2025-10-08 16:30:10,735:INFO:Cross validation set to False
2025-10-08 16:30:10,735:INFO:Fitting Model
2025-10-08 16:30:12,490:INFO:<catboost.core.CatBoostRegressor object at 0x7f4aa85e95a0>
2025-10-08 16:30:12,491:INFO:create_model() successfully completed......................................
2025-10-08 16:30:12,722:INFO:Initializing create_model()
2025-10-08 16:30:12,722:INFO:create_model(self=<pycaret.regression.oop.RegressionExperiment object at 0x7f4b098c17b0>, estimator=ExtraTreesRegressor(bootstrap=False, ccp_alpha=0.0, criterion='squared_error',
                    max_depth=None, max_features=1.0, max_leaf_nodes=None,
                    max_samples=None, min_impurity_decrease=0.0,
                    min_samples_leaf=1, min_samples_split=2,
                    min_weight_fraction_leaf=0.0, monotonic_cst=None,
                    n_estimators=100, n_jobs=-1, oob_score=False,
                    random_state=123, verbose=0, warm_start=False), fold=KFold(n_splits=3, random_state=None, shuffle=False), round=4, cross_validation=False, predict=False, fit_kwargs={}, groups=None, refit=True, probability_threshold=None, experiment_custom_tags=None, verbose=False, system=False, add_to_model_list=True, metrics=None, display=None, model_only=True, return_train_score=False, error_score=0.0, kwargs={})
2025-10-08 16:30:12,722:INFO:Checking exceptions
2025-10-08 16:30:12,723:INFO:Importing libraries
2025-10-08 16:30:12,723:INFO:Copying training dataset
2025-10-08 16:30:12,738:INFO:Defining folds
2025-10-08 16:30:12,738:INFO:Declaring metric variables
2025-10-08 16:30:12,738:INFO:Importing untrained model
2025-10-08 16:30:12,738:INFO:Declaring custom model
2025-10-08 16:30:12,738:INFO:Extra Trees Regressor Imported successfully
2025-10-08 16:30:12,739:INFO:Cross validation set to False
2025-10-08 16:30:12,739:INFO:Fitting Model
2025-10-08 16:30:14,176:INFO:ExtraTreesRegressor(bootstrap=False, ccp_alpha=0.0, criterion='squared_error',
                    max_depth=None, max_features=1.0, max_leaf_nodes=None,
                    max_samples=None, min_impurity_decrease=0.0,
                    min_samples_leaf=1, min_samples_split=2,
                    min_weight_fraction_leaf=0.0, monotonic_cst=None,
                    n_estimators=100, n_jobs=-1, oob_score=False,
                    random_state=123, verbose=0, warm_start=False)
2025-10-08 16:30:14,176:INFO:create_model() successfully completed......................................
2025-10-08 16:30:14,412:INFO:Initializing create_model()
2025-10-08 16:30:14,412:INFO:create_model(self=<pycaret.regression.oop.RegressionExperiment object at 0x7f4b098c17b0>, estimator=XGBRegressor(base_score=None, booster='gbtree', callbacks=None,
             colsample_bylevel=None, colsample_bynode=None,
             colsample_bytree=None, device='cpu', early_stopping_rounds=None,
             enable_categorical=False, eval_metric=None, feature_types=None,
             gamma=None, grow_policy=None, importance_type=None,
             interaction_constraints=None, learning_rate=None, max_bin=None,
             max_cat_threshold=None, max_cat_to_onehot=None,
             max_delta_step=None, max_depth=None, max_leaves=None,
             min_child_weight=None, missing=nan, monotone_constraints=None,
             multi_strategy=None, n_estimators=None, n_jobs=-1,
             num_parallel_tree=None, objective='reg:squarederror', ...), fold=KFold(n_splits=3, random_state=None, shuffle=False), round=4, cross_validation=False, predict=False, fit_kwargs={}, groups=None, refit=True, probability_threshold=None, experiment_custom_tags=None, verbose=False, system=False, add_to_model_list=True, metrics=None, display=None, model_only=True, return_train_score=False, error_score=0.0, kwargs={})
2025-10-08 16:30:14,412:INFO:Checking exceptions
2025-10-08 16:30:14,413:INFO:Importing libraries
2025-10-08 16:30:14,413:INFO:Copying training dataset
2025-10-08 16:30:14,428:INFO:Defining folds
2025-10-08 16:30:14,428:INFO:Declaring metric variables
2025-10-08 16:30:14,428:INFO:Importing untrained model
2025-10-08 16:30:14,428:INFO:Declaring custom model
2025-10-08 16:30:14,429:INFO:Extreme Gradient Boosting Imported successfully
2025-10-08 16:30:14,430:INFO:Cross validation set to False
2025-10-08 16:30:14,430:INFO:Fitting Model
2025-10-08 16:30:14,654:INFO:XGBRegressor(base_score=None, booster='gbtree', callbacks=None,
             colsample_bylevel=None, colsample_bynode=None,
             colsample_bytree=None, device='cpu', early_stopping_rounds=None,
             enable_categorical=False, eval_metric=None, feature_types=None,
             gamma=None, grow_policy=None, importance_type=None,
             interaction_constraints=None, learning_rate=None, max_bin=None,
             max_cat_threshold=None, max_cat_to_onehot=None,
             max_delta_step=None, max_depth=None, max_leaves=None,
             min_child_weight=None, missing=nan, monotone_constraints=None,
             multi_strategy=None, n_estimators=None, n_jobs=-1,
             num_parallel_tree=None, objective='reg:squarederror', ...)
2025-10-08 16:30:14,654:INFO:create_model() successfully completed......................................
2025-10-08 16:30:14,896:INFO:_master_model_container: 19
2025-10-08 16:30:14,896:INFO:_display_container: 2
2025-10-08 16:30:14,896:INFO:[<catboost.core.CatBoostRegressor object at 0x7f4aa85e95a0>, ExtraTreesRegressor(bootstrap=False, ccp_alpha=0.0, criterion='squared_error',
                    max_depth=None, max_features=1.0, max_leaf_nodes=None,
                    max_samples=None, min_impurity_decrease=0.0,
                    min_samples_leaf=1, min_samples_split=2,
                    min_weight_fraction_leaf=0.0, monotonic_cst=None,
                    n_estimators=100, n_jobs=-1, oob_score=False,
                    random_state=123, verbose=0, warm_start=False), XGBRegressor(base_score=None, booster='gbtree', callbacks=None,
             colsample_bylevel=None, colsample_bynode=None,
             colsample_bytree=None, device='cpu', early_stopping_rounds=None,
             enable_categorical=False, eval_metric=None, feature_types=None,
             gamma=None, grow_policy=None, importance_type=None,
             interaction_constraints=None, learning_rate=None, max_bin=None,
             max_cat_threshold=None, max_cat_to_onehot=None,
             max_delta_step=None, max_depth=None, max_leaves=None,
             min_child_weight=None, missing=nan, monotone_constraints=None,
             multi_strategy=None, n_estimators=None, n_jobs=-1,
             num_parallel_tree=None, objective='reg:squarederror', ...)]
2025-10-08 16:30:14,896:INFO:compare_models() successfully completed......................................
2025-10-08 16:30:14,935:INFO:Initializing plot_model()
2025-10-08 16:30:14,935:INFO:plot_model(plot=feature, fold=None, verbose=True, display=None, display_format=None, estimator=<catboost.core.CatBoostRegressor object at 0x7f4aa85e95a0>, feature_name=None, fit_kwargs=None, groups=None, label=False, plot_kwargs=None, save=False, scale=1, self=<pycaret.regression.oop.RegressionExperiment object at 0x7f4b098c17b0>, system=True)
2025-10-08 16:30:14,935:INFO:Checking exceptions
2025-10-08 16:30:14,944:INFO:Preloading libraries
2025-10-08 16:30:14,945:INFO:Copying training dataset
2025-10-08 16:30:14,945:INFO:Plot type: feature
2025-10-08 16:30:14,946:WARNING:No coef_ found. Trying feature_importances_
2025-10-08 16:30:15,132:INFO:Visual Rendered Successfully
2025-10-08 16:30:15,378:INFO:plot_model() successfully completed......................................
2025-10-08 16:30:15,379:INFO:Initializing plot_model()
2025-10-08 16:30:15,379:INFO:plot_model(plot=feature, fold=None, verbose=True, display=None, display_format=None, estimator=ExtraTreesRegressor(bootstrap=False, ccp_alpha=0.0, criterion='squared_error',
                    max_depth=None, max_features=1.0, max_leaf_nodes=None,
                    max_samples=None, min_impurity_decrease=0.0,
                    min_samples_leaf=1, min_samples_split=2,
                    min_weight_fraction_leaf=0.0, monotonic_cst=None,
                    n_estimators=100, n_jobs=-1, oob_score=False,
                    random_state=123, verbose=0, warm_start=False), feature_name=None, fit_kwargs=None, groups=None, label=False, plot_kwargs=None, save=False, scale=1, self=<pycaret.regression.oop.RegressionExperiment object at 0x7f4b098c17b0>, system=True)
2025-10-08 16:30:15,379:INFO:Checking exceptions
2025-10-08 16:30:15,400:INFO:Preloading libraries
2025-10-08 16:30:15,557:INFO:Copying training dataset
2025-10-08 16:30:15,557:INFO:Plot type: feature
2025-10-08 16:30:15,558:WARNING:No coef_ found. Trying feature_importances_
2025-10-08 16:30:15,732:INFO:Visual Rendered Successfully
2025-10-08 16:30:15,981:INFO:plot_model() successfully completed......................................
2025-10-08 16:30:15,989:INFO:Initializing plot_model()
2025-10-08 16:30:15,989:INFO:plot_model(plot=feature, fold=None, verbose=True, display=None, display_format=None, estimator=XGBRegressor(base_score=None, booster='gbtree', callbacks=None,
             colsample_bylevel=None, colsample_bynode=None,
             colsample_bytree=None, device='cpu', early_stopping_rounds=None,
             enable_categorical=False, eval_metric=None, feature_types=None,
             gamma=None, grow_policy=None, importance_type=None,
             interaction_constraints=None, learning_rate=None, max_bin=None,
             max_cat_threshold=None, max_cat_to_onehot=None,
             max_delta_step=None, max_depth=None, max_leaves=None,
             min_child_weight=None, missing=nan, monotone_constraints=None,
             multi_strategy=None, n_estimators=None, n_jobs=-1,
             num_parallel_tree=None, objective='reg:squarederror', ...), feature_name=None, fit_kwargs=None, groups=None, label=False, plot_kwargs=None, save=False, scale=1, self=<pycaret.regression.oop.RegressionExperiment object at 0x7f4b098c17b0>, system=True)
2025-10-08 16:30:15,989:INFO:Checking exceptions
2025-10-08 16:30:15,997:INFO:Preloading libraries
2025-10-08 16:30:16,000:INFO:Copying training dataset
2025-10-08 16:30:16,000:INFO:Plot type: feature
2025-10-08 16:30:16,001:WARNING:No coef_ found. Trying feature_importances_
2025-10-08 16:30:16,151:INFO:Visual Rendered Successfully
2025-10-08 16:30:16,396:INFO:plot_model() successfully completed......................................
2025-10-08 16:31:58,152:WARNING:/tmp/ipykernel_19706/1886782638.py:32: SettingWithCopyWarning: 
A value is trying to be set on a copy of a slice from a DataFrame.
Try using .loc[row_indexer,col_indexer] = value instead

See the caveats in the documentation: https://pandas.pydata.org/pandas-docs/stable/user_guide/indexing.html#returning-a-view-versus-a-copy
  x_train['datetime'] = pd.to_datetime(x_train['Date']) + pd.to_timedelta(x_train['Hour'], unit='h')

2025-10-08 16:33:45,281:INFO:PyCaret RegressionExperiment
2025-10-08 16:33:45,281:INFO:Logging name: reg-default-name
2025-10-08 16:33:45,282:INFO:ML Usecase: MLUsecase.REGRESSION
2025-10-08 16:33:45,282:INFO:version 3.3.2
2025-10-08 16:33:45,282:INFO:Initializing setup()
2025-10-08 16:33:45,282:INFO:self.USI: 47ac
2025-10-08 16:33:45,282:INFO:self._variable_keys: {'_ml_usecase', 'gpu_n_jobs_param', 'exp_name_log', 'log_plots_param', 'data', 'target_param', 'transform_target_param', 'pipeline', 'fold_shuffle_param', 'X', 'exp_id', '_available_plots', 'X_train', 'logging_param', 'y_train', 'gpu_param', 'seed', 'fold_generator', 'memory', 'USI', 'n_jobs_param', 'fold_groups_param', 'X_test', 'y_test', 'y', 'idx', 'html_param'}
2025-10-08 16:33:45,282:INFO:Checking environment
2025-10-08 16:33:45,282:INFO:python_version: 3.10.16
2025-10-08 16:33:45,282:INFO:python_build: ('main', 'Dec 11 2024 16:24:50')
2025-10-08 16:33:45,282:INFO:machine: x86_64
2025-10-08 16:33:45,282:INFO:platform: Linux-6.12.34-1-MANJARO-x86_64-with-glibc2.41
2025-10-08 16:33:45,282:INFO:Memory: svmem(total=24909266944, available=12071145472, percent=51.5, used=10995855360, free=7487991808, active=11948040192, inactive=3067408384, buffers=360562688, cached=6064857088, shared=1444261888, slab=561651712)
2025-10-08 16:33:45,282:INFO:Physical Core: 6
2025-10-08 16:33:45,282:INFO:Logical Core: 12
2025-10-08 16:33:45,283:INFO:Checking libraries
2025-10-08 16:33:45,283:INFO:System:
2025-10-08 16:33:45,283:INFO:    python: 3.10.16 (main, Dec 11 2024, 16:24:50) [GCC 11.2.0]
2025-10-08 16:33:45,283:INFO:executable: /home/leon/.conda/envs/ml_general/bin/python
2025-10-08 16:33:45,283:INFO:   machine: Linux-6.12.34-1-MANJARO-x86_64-with-glibc2.41
2025-10-08 16:33:45,283:INFO:PyCaret required dependencies:
2025-10-08 16:33:45,283:INFO:                 pip: 24.2
2025-10-08 16:33:45,283:INFO:          setuptools: 75.1.0
2025-10-08 16:33:45,283:INFO:             pycaret: 3.3.2
2025-10-08 16:33:45,283:INFO:             IPython: 8.12.3
2025-10-08 16:33:45,283:INFO:          ipywidgets: 8.1.5
2025-10-08 16:33:45,283:INFO:                tqdm: 4.66.5
2025-10-08 16:33:45,283:INFO:               numpy: 1.26.4
2025-10-08 16:33:45,283:INFO:              pandas: 2.1.4
2025-10-08 16:33:45,283:INFO:              jinja2: 3.1.5
2025-10-08 16:33:45,283:INFO:               scipy: 1.11.4
2025-10-08 16:33:45,283:INFO:              joblib: 1.3.2
2025-10-08 16:33:45,283:INFO:             sklearn: 1.4.2
2025-10-08 16:33:45,283:INFO:                pyod: 2.0.2
2025-10-08 16:33:45,283:INFO:            imblearn: 0.12.3
2025-10-08 16:33:45,283:INFO:   category_encoders: 2.6.3
2025-10-08 16:33:45,283:INFO:            lightgbm: 4.5.0
2025-10-08 16:33:45,283:INFO:               numba: 0.60.0
2025-10-08 16:33:45,283:INFO:            requests: 2.32.3
2025-10-08 16:33:45,283:INFO:          matplotlib: 3.7.0
2025-10-08 16:33:45,283:INFO:          scikitplot: 0.3.7
2025-10-08 16:33:45,283:INFO:         yellowbrick: 1.5
2025-10-08 16:33:45,283:INFO:              plotly: 5.24.1
2025-10-08 16:33:45,283:INFO:    plotly-resampler: Not installed
2025-10-08 16:33:45,283:INFO:             kaleido: 0.2.1
2025-10-08 16:33:45,283:INFO:           schemdraw: 0.15
2025-10-08 16:33:45,283:INFO:         statsmodels: 0.14.4
2025-10-08 16:33:45,283:INFO:              sktime: 0.26.0
2025-10-08 16:33:45,283:INFO:               tbats: 1.1.3
2025-10-08 16:33:45,283:INFO:            pmdarima: 2.0.4
2025-10-08 16:33:45,283:INFO:              psutil: 6.1.1
2025-10-08 16:33:45,283:INFO:          markupsafe: 2.1.5
2025-10-08 16:33:45,283:INFO:             pickle5: Not installed
2025-10-08 16:33:45,283:INFO:         cloudpickle: 3.0.0
2025-10-08 16:33:45,283:INFO:         deprecation: 2.1.0
2025-10-08 16:33:45,283:INFO:              xxhash: 3.5.0
2025-10-08 16:33:45,283:INFO:           wurlitzer: 3.1.1
2025-10-08 16:33:45,283:INFO:PyCaret optional dependencies:
2025-10-08 16:33:45,283:INFO:                shap: 0.44.1
2025-10-08 16:33:45,284:INFO:           interpret: 0.6.9
2025-10-08 16:33:45,284:INFO:                umap: 0.5.7
2025-10-08 16:33:45,284:INFO:     ydata_profiling: 4.12.2
2025-10-08 16:33:45,284:INFO:  explainerdashboard: 0.4.8
2025-10-08 16:33:45,284:INFO:             autoviz: Not installed
2025-10-08 16:33:45,284:INFO:           fairlearn: 0.7.0
2025-10-08 16:33:45,284:INFO:          deepchecks: Not installed
2025-10-08 16:33:45,284:INFO:             xgboost: 2.1.3
2025-10-08 16:33:45,284:INFO:            catboost: 1.2.7
2025-10-08 16:33:45,284:INFO:              kmodes: 0.12.2
2025-10-08 16:33:45,284:INFO:             mlxtend: 0.23.3
2025-10-08 16:33:45,284:INFO:       statsforecast: 1.5.0
2025-10-08 16:33:45,284:INFO:        tune_sklearn: 0.5.0
2025-10-08 16:33:45,284:INFO:                 ray: 2.41.0
2025-10-08 16:33:45,284:INFO:            hyperopt: 0.2.7
2025-10-08 16:33:45,284:INFO:              optuna: 4.2.0
2025-10-08 16:33:45,284:INFO:               skopt: 0.10.2
2025-10-08 16:33:45,284:INFO:              mlflow: 2.20.0
2025-10-08 16:33:45,284:INFO:              gradio: 5.13.1
2025-10-08 16:33:45,284:INFO:             fastapi: 0.115.7
2025-10-08 16:33:45,284:INFO:             uvicorn: 0.34.0
2025-10-08 16:33:45,284:INFO:              m2cgen: 0.10.0
2025-10-08 16:33:45,284:INFO:           evidently: 0.4.40
2025-10-08 16:33:45,284:INFO:               fugue: 0.8.7
2025-10-08 16:33:45,284:INFO:           streamlit: 1.41.1
2025-10-08 16:33:45,284:INFO:             prophet: Not installed
2025-10-08 16:33:45,284:INFO:None
2025-10-08 16:33:45,284:INFO:Set up data.
2025-10-08 16:33:45,297:INFO:Set up folding strategy.
2025-10-08 16:33:45,297:INFO:Set up train/test split.
2025-10-08 16:33:45,307:INFO:Set up index.
2025-10-08 16:33:45,308:INFO:Assigning column types.
2025-10-08 16:33:45,320:INFO:Engine successfully changes for model 'lr' to 'sklearn'.
2025-10-08 16:33:45,320:INFO:Engine for model 'lasso' has not been set explicitly, hence returning None.
2025-10-08 16:33:45,323:INFO:Engine for model 'ridge' has not been set explicitly, hence returning None.
2025-10-08 16:33:45,326:INFO:Engine for model 'en' has not been set explicitly, hence returning None.
2025-10-08 16:33:45,369:INFO:Engine for model 'svm' has not been set explicitly, hence returning None.
2025-10-08 16:33:45,395:INFO:Engine for model 'knn' has not been set explicitly, hence returning None.
2025-10-08 16:33:45,395:INFO:Soft dependency imported: xgboost: 2.1.3
2025-10-08 16:33:45,397:INFO:Soft dependency imported: catboost: 1.2.7
2025-10-08 16:33:45,397:INFO:Engine for model 'lasso' has not been set explicitly, hence returning None.
2025-10-08 16:33:45,400:INFO:Engine for model 'ridge' has not been set explicitly, hence returning None.
2025-10-08 16:33:45,402:INFO:Engine for model 'en' has not been set explicitly, hence returning None.
2025-10-08 16:33:45,443:INFO:Engine for model 'svm' has not been set explicitly, hence returning None.
2025-10-08 16:33:45,469:INFO:Engine for model 'knn' has not been set explicitly, hence returning None.
2025-10-08 16:33:45,469:INFO:Soft dependency imported: xgboost: 2.1.3
2025-10-08 16:33:45,471:INFO:Soft dependency imported: catboost: 1.2.7
2025-10-08 16:33:45,471:INFO:Engine successfully changes for model 'lasso' to 'sklearn'.
2025-10-08 16:33:45,474:INFO:Engine for model 'ridge' has not been set explicitly, hence returning None.
2025-10-08 16:33:45,476:INFO:Engine for model 'en' has not been set explicitly, hence returning None.
2025-10-08 16:33:45,517:INFO:Engine for model 'svm' has not been set explicitly, hence returning None.
2025-10-08 16:33:45,543:INFO:Engine for model 'knn' has not been set explicitly, hence returning None.
2025-10-08 16:33:45,543:INFO:Soft dependency imported: xgboost: 2.1.3
2025-10-08 16:33:45,545:INFO:Soft dependency imported: catboost: 1.2.7
2025-10-08 16:33:45,548:INFO:Engine for model 'ridge' has not been set explicitly, hence returning None.
2025-10-08 16:33:45,550:INFO:Engine for model 'en' has not been set explicitly, hence returning None.
2025-10-08 16:33:45,591:INFO:Engine for model 'svm' has not been set explicitly, hence returning None.
2025-10-08 16:33:45,616:INFO:Engine for model 'knn' has not been set explicitly, hence returning None.
2025-10-08 16:33:45,616:INFO:Soft dependency imported: xgboost: 2.1.3
2025-10-08 16:33:45,618:INFO:Soft dependency imported: catboost: 1.2.7
2025-10-08 16:33:45,618:INFO:Engine successfully changes for model 'ridge' to 'sklearn'.
2025-10-08 16:33:45,624:INFO:Engine for model 'en' has not been set explicitly, hence returning None.
2025-10-08 16:33:45,664:INFO:Engine for model 'svm' has not been set explicitly, hence returning None.
2025-10-08 16:33:45,689:INFO:Engine for model 'knn' has not been set explicitly, hence returning None.
2025-10-08 16:33:45,690:INFO:Soft dependency imported: xgboost: 2.1.3
2025-10-08 16:33:45,691:INFO:Soft dependency imported: catboost: 1.2.7
2025-10-08 16:33:45,697:INFO:Engine for model 'en' has not been set explicitly, hence returning None.
2025-10-08 16:33:45,738:INFO:Engine for model 'svm' has not been set explicitly, hence returning None.
2025-10-08 16:33:45,763:INFO:Engine for model 'knn' has not been set explicitly, hence returning None.
2025-10-08 16:33:45,763:INFO:Soft dependency imported: xgboost: 2.1.3
2025-10-08 16:33:45,765:INFO:Soft dependency imported: catboost: 1.2.7
2025-10-08 16:33:45,765:INFO:Engine successfully changes for model 'en' to 'sklearn'.
2025-10-08 16:33:45,814:INFO:Engine for model 'svm' has not been set explicitly, hence returning None.
2025-10-08 16:33:45,839:INFO:Engine for model 'knn' has not been set explicitly, hence returning None.
2025-10-08 16:33:45,840:INFO:Soft dependency imported: xgboost: 2.1.3
2025-10-08 16:33:45,841:INFO:Soft dependency imported: catboost: 1.2.7
2025-10-08 16:33:45,889:INFO:Engine for model 'svm' has not been set explicitly, hence returning None.
2025-10-08 16:33:45,915:INFO:Engine for model 'knn' has not been set explicitly, hence returning None.
2025-10-08 16:33:45,915:INFO:Soft dependency imported: xgboost: 2.1.3
2025-10-08 16:33:45,917:INFO:Soft dependency imported: catboost: 1.2.7
2025-10-08 16:33:45,917:INFO:Engine successfully changes for model 'knn' to 'sklearn'.
2025-10-08 16:33:45,964:INFO:Engine for model 'svm' has not been set explicitly, hence returning None.
2025-10-08 16:33:45,989:INFO:Soft dependency imported: xgboost: 2.1.3
2025-10-08 16:33:45,991:INFO:Soft dependency imported: catboost: 1.2.7
2025-10-08 16:33:46,042:INFO:Engine for model 'svm' has not been set explicitly, hence returning None.
2025-10-08 16:33:46,069:INFO:Soft dependency imported: xgboost: 2.1.3
2025-10-08 16:33:46,071:INFO:Soft dependency imported: catboost: 1.2.7
2025-10-08 16:33:46,071:INFO:Engine successfully changes for model 'svm' to 'sklearn'.
2025-10-08 16:33:46,151:INFO:Soft dependency imported: xgboost: 2.1.3
2025-10-08 16:33:46,152:INFO:Soft dependency imported: catboost: 1.2.7
2025-10-08 16:33:46,228:INFO:Soft dependency imported: xgboost: 2.1.3
2025-10-08 16:33:46,229:INFO:Soft dependency imported: catboost: 1.2.7
2025-10-08 16:33:46,230:INFO:Preparing preprocessing pipeline...
2025-10-08 16:33:46,230:INFO:Set up simple imputation.
2025-10-08 16:33:46,235:INFO:Set up encoding of categorical features.
2025-10-08 16:33:46,289:INFO:Finished creating preprocessing pipeline.
2025-10-08 16:33:46,292:INFO:Pipeline: Pipeline(memory=FastMemory(location=/tmp/joblib),
         steps=[('numerical_imputer',
                 TransformerWrapper(exclude=None,
                                    include=['temp_station_1', 'temp_station_2',
                                             'temp_station_3', 'temp_station_4',
                                             'temp_station_5', 'temp_station_6',
                                             'temp_station_7', 'temp_station_8',
                                             'temp_station_9',
                                             'temp_station_10',
                                             'temp_station_11',
                                             'temp_station_12',
                                             'temp_station_13',
                                             'temp_s...
                                                              copy=True,
                                                              fill_value=None,
                                                              keep_empty_features=False,
                                                              missing_values=nan,
                                                              strategy='most_frequent'))),
                ('onehot_encoding',
                 TransformerWrapper(exclude=None, include=['holiday_name'],
                                    transformer=OneHotEncoder(cols=['holiday_name'],
                                                              drop_invariant=False,
                                                              handle_missing='return_nan',
                                                              handle_unknown='value',
                                                              return_df=True,
                                                              use_cat_names=True,
                                                              verbose=0)))],
         verbose=False)
2025-10-08 16:33:46,292:INFO:Creating final display dataframe.
2025-10-08 16:33:46,466:INFO:Setup _display_container:                     Description             Value
0                    Session id               123
1                        Target              Load
2                   Target type        Regression
3           Original data shape       (17524, 44)
4        Transformed data shape       (17524, 56)
5   Transformed train set shape       (14019, 56)
6    Transformed test set shape        (3505, 56)
7              Numeric features                42
8          Categorical features                 1
9      Rows with missing values             96.9%
10                   Preprocess              True
11              Imputation type            simple
12           Numeric imputation              mean
13       Categorical imputation              mode
14     Maximum one-hot encoding                25
15              Encoding method              None
16               Fold Generator             KFold
17                  Fold Number                 3
18                     CPU Jobs                -1
19                      Use GPU             False
20               Log Experiment             False
21              Experiment Name  reg-default-name
22                          USI              47ac
2025-10-08 16:33:46,553:INFO:Soft dependency imported: xgboost: 2.1.3
2025-10-08 16:33:46,555:INFO:Soft dependency imported: catboost: 1.2.7
2025-10-08 16:33:46,630:INFO:Soft dependency imported: xgboost: 2.1.3
2025-10-08 16:33:46,632:INFO:Soft dependency imported: catboost: 1.2.7
2025-10-08 16:33:46,633:INFO:setup() successfully completed in 1.35s...............
2025-10-08 16:33:49,186:INFO:Initializing compare_models()
2025-10-08 16:33:49,187:INFO:compare_models(self=<pycaret.regression.oop.RegressionExperiment object at 0x7f4afbeaa3b0>, include=None, fold=None, round=4, cross_validation=True, sort=RMSE, n_select=3, budget_time=None, turbo=True, errors=ignore, fit_kwargs=None, groups=None, experiment_custom_tags=None, probability_threshold=None, verbose=True, parallel=None, caller_params={'self': <pycaret.regression.oop.RegressionExperiment object at 0x7f4afbeaa3b0>, 'include': None, 'exclude': 'lightgbm', 'fold': None, 'round': 4, 'cross_validation': True, 'sort': 'RMSE', 'n_select': 3, 'budget_time': None, 'turbo': True, 'errors': 'ignore', 'fit_kwargs': None, 'groups': None, 'experiment_custom_tags': None, 'engine': None, 'verbose': True, 'parallel': None, '__class__': <class 'pycaret.regression.oop.RegressionExperiment'>}, exclude=lightgbm)
2025-10-08 16:33:49,187:INFO:Checking exceptions
2025-10-08 16:33:49,192:INFO:Preparing display monitor
2025-10-08 16:33:49,208:INFO:Initializing Linear Regression
2025-10-08 16:33:49,208:INFO:Total runtime is 2.8491020202636717e-06 minutes
2025-10-08 16:33:49,211:INFO:SubProcess create_model() called ==================================
2025-10-08 16:33:49,211:INFO:Initializing create_model()
2025-10-08 16:33:49,211:INFO:create_model(self=<pycaret.regression.oop.RegressionExperiment object at 0x7f4afbeaa3b0>, estimator=lr, fold=KFold(n_splits=3, random_state=None, shuffle=False), round=4, cross_validation=True, predict=True, fit_kwargs={}, groups=None, refit=False, probability_threshold=None, experiment_custom_tags=None, verbose=False, system=False, add_to_model_list=True, metrics=None, display=<pycaret.internal.display.display.CommonDisplay object at 0x7f4afbc4c490>, model_only=True, return_train_score=False, error_score=0.0, kwargs={})
2025-10-08 16:33:49,211:INFO:Checking exceptions
2025-10-08 16:33:49,211:INFO:Importing libraries
2025-10-08 16:33:49,211:INFO:Copying training dataset
2025-10-08 16:33:49,230:INFO:Defining folds
2025-10-08 16:33:49,231:INFO:Declaring metric variables
2025-10-08 16:33:49,233:INFO:Importing untrained model
2025-10-08 16:33:49,235:INFO:Linear Regression Imported successfully
2025-10-08 16:33:49,240:INFO:Starting cross validation
2025-10-08 16:33:49,241:INFO:Cross validating with KFold(n_splits=3, random_state=None, shuffle=False), n_jobs=-1
2025-10-08 16:33:49,349:INFO:Calculating mean and std
2025-10-08 16:33:49,349:INFO:Creating metrics dataframe
2025-10-08 16:33:49,350:INFO:Uploading results into container
2025-10-08 16:33:49,351:INFO:Uploading model into container now
2025-10-08 16:33:49,351:INFO:_master_model_container: 1
2025-10-08 16:33:49,351:INFO:_display_container: 2
2025-10-08 16:33:49,351:INFO:LinearRegression(copy_X=True, fit_intercept=True, n_jobs=-1, positive=False)
2025-10-08 16:33:49,351:INFO:create_model() successfully completed......................................
2025-10-08 16:33:49,600:INFO:SubProcess create_model() end ==================================
2025-10-08 16:33:49,600:INFO:Creating metrics dataframe
2025-10-08 16:33:49,604:INFO:Initializing Lasso Regression
2025-10-08 16:33:49,604:INFO:Total runtime is 0.006611565748850505 minutes
2025-10-08 16:33:49,606:INFO:SubProcess create_model() called ==================================
2025-10-08 16:33:49,607:INFO:Initializing create_model()
2025-10-08 16:33:49,607:INFO:create_model(self=<pycaret.regression.oop.RegressionExperiment object at 0x7f4afbeaa3b0>, estimator=lasso, fold=KFold(n_splits=3, random_state=None, shuffle=False), round=4, cross_validation=True, predict=True, fit_kwargs={}, groups=None, refit=False, probability_threshold=None, experiment_custom_tags=None, verbose=False, system=False, add_to_model_list=True, metrics=None, display=<pycaret.internal.display.display.CommonDisplay object at 0x7f4afbc4c490>, model_only=True, return_train_score=False, error_score=0.0, kwargs={})
2025-10-08 16:33:49,607:INFO:Checking exceptions
2025-10-08 16:33:49,607:INFO:Importing libraries
2025-10-08 16:33:49,607:INFO:Copying training dataset
2025-10-08 16:33:49,622:INFO:Defining folds
2025-10-08 16:33:49,622:INFO:Declaring metric variables
2025-10-08 16:33:49,624:INFO:Importing untrained model
2025-10-08 16:33:49,626:INFO:Lasso Regression Imported successfully
2025-10-08 16:33:49,630:INFO:Starting cross validation
2025-10-08 16:33:49,632:INFO:Cross validating with KFold(n_splits=3, random_state=None, shuffle=False), n_jobs=-1
2025-10-08 16:33:50,067:WARNING:/home/leon/.conda/envs/ml_general/lib/python3.10/site-packages/sklearn/linear_model/_coordinate_descent.py:678: ConvergenceWarning: Objective did not converge. You might want to increase the number of iterations, check the scale of the features or consider increasing regularisation. Duality gap: 1.240e+08, tolerance: 8.571e+04
  model = cd_fast.enet_coordinate_descent(

2025-10-08 16:33:50,102:WARNING:/home/leon/.conda/envs/ml_general/lib/python3.10/site-packages/sklearn/linear_model/_coordinate_descent.py:678: ConvergenceWarning: Objective did not converge. You might want to increase the number of iterations, check the scale of the features or consider increasing regularisation. Duality gap: 1.149e+08, tolerance: 8.519e+04
  model = cd_fast.enet_coordinate_descent(

2025-10-08 16:33:50,134:WARNING:/home/leon/.conda/envs/ml_general/lib/python3.10/site-packages/sklearn/linear_model/_coordinate_descent.py:678: ConvergenceWarning: Objective did not converge. You might want to increase the number of iterations, check the scale of the features or consider increasing regularisation. Duality gap: 1.290e+08, tolerance: 8.624e+04
  model = cd_fast.enet_coordinate_descent(

2025-10-08 16:33:50,155:INFO:Calculating mean and std
2025-10-08 16:33:50,155:INFO:Creating metrics dataframe
2025-10-08 16:33:50,157:INFO:Uploading results into container
2025-10-08 16:33:50,157:INFO:Uploading model into container now
2025-10-08 16:33:50,157:INFO:_master_model_container: 2
2025-10-08 16:33:50,157:INFO:_display_container: 2
2025-10-08 16:33:50,158:INFO:Lasso(alpha=1.0, copy_X=True, fit_intercept=True, max_iter=1000, positive=False,
      precompute=False, random_state=123, selection='cyclic', tol=0.0001,
      warm_start=False)
2025-10-08 16:33:50,158:INFO:create_model() successfully completed......................................
2025-10-08 16:33:50,406:INFO:SubProcess create_model() end ==================================
2025-10-08 16:33:50,406:INFO:Creating metrics dataframe
2025-10-08 16:33:50,411:INFO:Initializing Ridge Regression
2025-10-08 16:33:50,411:INFO:Total runtime is 0.020062235991160075 minutes
2025-10-08 16:33:50,413:INFO:SubProcess create_model() called ==================================
2025-10-08 16:33:50,414:INFO:Initializing create_model()
2025-10-08 16:33:50,414:INFO:create_model(self=<pycaret.regression.oop.RegressionExperiment object at 0x7f4afbeaa3b0>, estimator=ridge, fold=KFold(n_splits=3, random_state=None, shuffle=False), round=4, cross_validation=True, predict=True, fit_kwargs={}, groups=None, refit=False, probability_threshold=None, experiment_custom_tags=None, verbose=False, system=False, add_to_model_list=True, metrics=None, display=<pycaret.internal.display.display.CommonDisplay object at 0x7f4afbc4c490>, model_only=True, return_train_score=False, error_score=0.0, kwargs={})
2025-10-08 16:33:50,414:INFO:Checking exceptions
2025-10-08 16:33:50,414:INFO:Importing libraries
2025-10-08 16:33:50,414:INFO:Copying training dataset
2025-10-08 16:33:50,430:INFO:Defining folds
2025-10-08 16:33:50,430:INFO:Declaring metric variables
2025-10-08 16:33:50,433:INFO:Importing untrained model
2025-10-08 16:33:50,435:INFO:Ridge Regression Imported successfully
2025-10-08 16:33:50,439:INFO:Starting cross validation
2025-10-08 16:33:50,441:INFO:Cross validating with KFold(n_splits=3, random_state=None, shuffle=False), n_jobs=-1
2025-10-08 16:33:50,597:INFO:Calculating mean and std
2025-10-08 16:33:50,598:INFO:Creating metrics dataframe
2025-10-08 16:33:50,600:INFO:Uploading results into container
2025-10-08 16:33:50,600:INFO:Uploading model into container now
2025-10-08 16:33:50,600:INFO:_master_model_container: 3
2025-10-08 16:33:50,600:INFO:_display_container: 2
2025-10-08 16:33:50,601:INFO:Ridge(alpha=1.0, copy_X=True, fit_intercept=True, max_iter=None, positive=False,
      random_state=123, solver='auto', tol=0.0001)
2025-10-08 16:33:50,601:INFO:create_model() successfully completed......................................
2025-10-08 16:33:50,851:INFO:SubProcess create_model() end ==================================
2025-10-08 16:33:50,851:INFO:Creating metrics dataframe
2025-10-08 16:33:50,857:INFO:Initializing Elastic Net
2025-10-08 16:33:50,857:INFO:Total runtime is 0.02748976945877075 minutes
2025-10-08 16:33:50,860:INFO:SubProcess create_model() called ==================================
2025-10-08 16:33:50,860:INFO:Initializing create_model()
2025-10-08 16:33:50,860:INFO:create_model(self=<pycaret.regression.oop.RegressionExperiment object at 0x7f4afbeaa3b0>, estimator=en, fold=KFold(n_splits=3, random_state=None, shuffle=False), round=4, cross_validation=True, predict=True, fit_kwargs={}, groups=None, refit=False, probability_threshold=None, experiment_custom_tags=None, verbose=False, system=False, add_to_model_list=True, metrics=None, display=<pycaret.internal.display.display.CommonDisplay object at 0x7f4afbc4c490>, model_only=True, return_train_score=False, error_score=0.0, kwargs={})
2025-10-08 16:33:50,860:INFO:Checking exceptions
2025-10-08 16:33:50,860:INFO:Importing libraries
2025-10-08 16:33:50,860:INFO:Copying training dataset
2025-10-08 16:33:50,877:INFO:Defining folds
2025-10-08 16:33:50,877:INFO:Declaring metric variables
2025-10-08 16:33:50,879:INFO:Importing untrained model
2025-10-08 16:33:50,882:INFO:Elastic Net Imported successfully
2025-10-08 16:33:50,886:INFO:Starting cross validation
2025-10-08 16:33:50,887:INFO:Cross validating with KFold(n_splits=3, random_state=None, shuffle=False), n_jobs=-1
2025-10-08 16:33:51,324:WARNING:/home/leon/.conda/envs/ml_general/lib/python3.10/site-packages/sklearn/linear_model/_coordinate_descent.py:678: ConvergenceWarning: Objective did not converge. You might want to increase the number of iterations, check the scale of the features or consider increasing regularisation. Duality gap: 2.551e+08, tolerance: 8.571e+04
  model = cd_fast.enet_coordinate_descent(

2025-10-08 16:33:51,327:WARNING:/home/leon/.conda/envs/ml_general/lib/python3.10/site-packages/sklearn/linear_model/_coordinate_descent.py:678: ConvergenceWarning: Objective did not converge. You might want to increase the number of iterations, check the scale of the features or consider increasing regularisation. Duality gap: 2.567e+08, tolerance: 8.519e+04
  model = cd_fast.enet_coordinate_descent(

2025-10-08 16:33:51,354:WARNING:/home/leon/.conda/envs/ml_general/lib/python3.10/site-packages/sklearn/linear_model/_coordinate_descent.py:678: ConvergenceWarning: Objective did not converge. You might want to increase the number of iterations, check the scale of the features or consider increasing regularisation. Duality gap: 2.582e+08, tolerance: 8.624e+04
  model = cd_fast.enet_coordinate_descent(

2025-10-08 16:33:51,373:INFO:Calculating mean and std
2025-10-08 16:33:51,373:INFO:Creating metrics dataframe
2025-10-08 16:33:51,375:INFO:Uploading results into container
2025-10-08 16:33:51,376:INFO:Uploading model into container now
2025-10-08 16:33:51,376:INFO:_master_model_container: 4
2025-10-08 16:33:51,376:INFO:_display_container: 2
2025-10-08 16:33:51,376:INFO:ElasticNet(alpha=1.0, copy_X=True, fit_intercept=True, l1_ratio=0.5,
           max_iter=1000, positive=False, precompute=False, random_state=123,
           selection='cyclic', tol=0.0001, warm_start=False)
2025-10-08 16:33:51,376:INFO:create_model() successfully completed......................................
2025-10-08 16:33:51,634:INFO:SubProcess create_model() end ==================================
2025-10-08 16:33:51,634:INFO:Creating metrics dataframe
2025-10-08 16:33:51,640:INFO:Initializing Least Angle Regression
2025-10-08 16:33:51,640:INFO:Total runtime is 0.0405412236849467 minutes
2025-10-08 16:33:51,643:INFO:SubProcess create_model() called ==================================
2025-10-08 16:33:51,643:INFO:Initializing create_model()
2025-10-08 16:33:51,643:INFO:create_model(self=<pycaret.regression.oop.RegressionExperiment object at 0x7f4afbeaa3b0>, estimator=lar, fold=KFold(n_splits=3, random_state=None, shuffle=False), round=4, cross_validation=True, predict=True, fit_kwargs={}, groups=None, refit=False, probability_threshold=None, experiment_custom_tags=None, verbose=False, system=False, add_to_model_list=True, metrics=None, display=<pycaret.internal.display.display.CommonDisplay object at 0x7f4afbc4c490>, model_only=True, return_train_score=False, error_score=0.0, kwargs={})
2025-10-08 16:33:51,643:INFO:Checking exceptions
2025-10-08 16:33:51,643:INFO:Importing libraries
2025-10-08 16:33:51,643:INFO:Copying training dataset
2025-10-08 16:33:51,659:INFO:Defining folds
2025-10-08 16:33:51,659:INFO:Declaring metric variables
2025-10-08 16:33:51,662:INFO:Importing untrained model
2025-10-08 16:33:51,665:INFO:Least Angle Regression Imported successfully
2025-10-08 16:33:51,670:INFO:Starting cross validation
2025-10-08 16:33:51,671:INFO:Cross validating with KFold(n_splits=3, random_state=None, shuffle=False), n_jobs=-1
2025-10-08 16:33:51,777:INFO:Calculating mean and std
2025-10-08 16:33:51,778:INFO:Creating metrics dataframe
2025-10-08 16:33:51,779:INFO:Uploading results into container
2025-10-08 16:33:51,779:INFO:Uploading model into container now
2025-10-08 16:33:51,780:INFO:_master_model_container: 5
2025-10-08 16:33:51,780:INFO:_display_container: 2
2025-10-08 16:33:51,780:INFO:Lars(copy_X=True, eps=2.220446049250313e-16, fit_intercept=True, fit_path=True,
     jitter=None, n_nonzero_coefs=500, precompute='auto', random_state=123,
     verbose=False)
2025-10-08 16:33:51,780:INFO:create_model() successfully completed......................................
2025-10-08 16:33:52,048:INFO:SubProcess create_model() end ==================================
2025-10-08 16:33:52,048:INFO:Creating metrics dataframe
2025-10-08 16:33:52,054:INFO:Initializing Lasso Least Angle Regression
2025-10-08 16:33:52,054:INFO:Total runtime is 0.047436968485514326 minutes
2025-10-08 16:33:52,056:INFO:SubProcess create_model() called ==================================
2025-10-08 16:33:52,057:INFO:Initializing create_model()
2025-10-08 16:33:52,057:INFO:create_model(self=<pycaret.regression.oop.RegressionExperiment object at 0x7f4afbeaa3b0>, estimator=llar, fold=KFold(n_splits=3, random_state=None, shuffle=False), round=4, cross_validation=True, predict=True, fit_kwargs={}, groups=None, refit=False, probability_threshold=None, experiment_custom_tags=None, verbose=False, system=False, add_to_model_list=True, metrics=None, display=<pycaret.internal.display.display.CommonDisplay object at 0x7f4afbc4c490>, model_only=True, return_train_score=False, error_score=0.0, kwargs={})
2025-10-08 16:33:52,057:INFO:Checking exceptions
2025-10-08 16:33:52,057:INFO:Importing libraries
2025-10-08 16:33:52,057:INFO:Copying training dataset
2025-10-08 16:33:52,073:INFO:Defining folds
2025-10-08 16:33:52,073:INFO:Declaring metric variables
2025-10-08 16:33:52,076:INFO:Importing untrained model
2025-10-08 16:33:52,079:INFO:Lasso Least Angle Regression Imported successfully
2025-10-08 16:33:52,084:INFO:Starting cross validation
2025-10-08 16:33:52,085:INFO:Cross validating with KFold(n_splits=3, random_state=None, shuffle=False), n_jobs=-1
2025-10-08 16:33:52,184:INFO:Calculating mean and std
2025-10-08 16:33:52,185:INFO:Creating metrics dataframe
2025-10-08 16:33:52,187:INFO:Uploading results into container
2025-10-08 16:33:52,187:INFO:Uploading model into container now
2025-10-08 16:33:52,187:INFO:_master_model_container: 6
2025-10-08 16:33:52,187:INFO:_display_container: 2
2025-10-08 16:33:52,188:INFO:LassoLars(alpha=1.0, copy_X=True, eps=2.220446049250313e-16, fit_intercept=True,
          fit_path=True, jitter=None, max_iter=500, positive=False,
          precompute='auto', random_state=123, verbose=False)
2025-10-08 16:33:52,188:INFO:create_model() successfully completed......................................
2025-10-08 16:33:52,445:INFO:SubProcess create_model() end ==================================
2025-10-08 16:33:52,445:INFO:Creating metrics dataframe
2025-10-08 16:33:52,451:INFO:Initializing Orthogonal Matching Pursuit
2025-10-08 16:33:52,452:INFO:Total runtime is 0.05406663815180461 minutes
2025-10-08 16:33:52,454:INFO:SubProcess create_model() called ==================================
2025-10-08 16:33:52,455:INFO:Initializing create_model()
2025-10-08 16:33:52,455:INFO:create_model(self=<pycaret.regression.oop.RegressionExperiment object at 0x7f4afbeaa3b0>, estimator=omp, fold=KFold(n_splits=3, random_state=None, shuffle=False), round=4, cross_validation=True, predict=True, fit_kwargs={}, groups=None, refit=False, probability_threshold=None, experiment_custom_tags=None, verbose=False, system=False, add_to_model_list=True, metrics=None, display=<pycaret.internal.display.display.CommonDisplay object at 0x7f4afbc4c490>, model_only=True, return_train_score=False, error_score=0.0, kwargs={})
2025-10-08 16:33:52,455:INFO:Checking exceptions
2025-10-08 16:33:52,455:INFO:Importing libraries
2025-10-08 16:33:52,455:INFO:Copying training dataset
2025-10-08 16:33:52,471:INFO:Defining folds
2025-10-08 16:33:52,471:INFO:Declaring metric variables
2025-10-08 16:33:52,475:INFO:Importing untrained model
2025-10-08 16:33:52,479:INFO:Orthogonal Matching Pursuit Imported successfully
2025-10-08 16:33:52,485:INFO:Starting cross validation
2025-10-08 16:33:52,487:INFO:Cross validating with KFold(n_splits=3, random_state=None, shuffle=False), n_jobs=-1
2025-10-08 16:33:52,591:INFO:Calculating mean and std
2025-10-08 16:33:52,592:INFO:Creating metrics dataframe
2025-10-08 16:33:52,594:INFO:Uploading results into container
2025-10-08 16:33:52,595:INFO:Uploading model into container now
2025-10-08 16:33:52,595:INFO:_master_model_container: 7
2025-10-08 16:33:52,595:INFO:_display_container: 2
2025-10-08 16:33:52,596:INFO:OrthogonalMatchingPursuit(fit_intercept=True, n_nonzero_coefs=None,
                          precompute='auto', tol=None)
2025-10-08 16:33:52,596:INFO:create_model() successfully completed......................................
2025-10-08 16:33:52,844:INFO:SubProcess create_model() end ==================================
2025-10-08 16:33:52,844:INFO:Creating metrics dataframe
2025-10-08 16:33:52,850:INFO:Initializing Bayesian Ridge
2025-10-08 16:33:52,850:INFO:Total runtime is 0.06070417960484823 minutes
2025-10-08 16:33:52,852:INFO:SubProcess create_model() called ==================================
2025-10-08 16:33:52,852:INFO:Initializing create_model()
2025-10-08 16:33:52,853:INFO:create_model(self=<pycaret.regression.oop.RegressionExperiment object at 0x7f4afbeaa3b0>, estimator=br, fold=KFold(n_splits=3, random_state=None, shuffle=False), round=4, cross_validation=True, predict=True, fit_kwargs={}, groups=None, refit=False, probability_threshold=None, experiment_custom_tags=None, verbose=False, system=False, add_to_model_list=True, metrics=None, display=<pycaret.internal.display.display.CommonDisplay object at 0x7f4afbc4c490>, model_only=True, return_train_score=False, error_score=0.0, kwargs={})
2025-10-08 16:33:52,853:INFO:Checking exceptions
2025-10-08 16:33:52,853:INFO:Importing libraries
2025-10-08 16:33:52,853:INFO:Copying training dataset
2025-10-08 16:33:52,868:INFO:Defining folds
2025-10-08 16:33:52,869:INFO:Declaring metric variables
2025-10-08 16:33:52,873:INFO:Importing untrained model
2025-10-08 16:33:52,875:INFO:Bayesian Ridge Imported successfully
2025-10-08 16:33:52,881:INFO:Starting cross validation
2025-10-08 16:33:52,883:INFO:Cross validating with KFold(n_splits=3, random_state=None, shuffle=False), n_jobs=-1
2025-10-08 16:33:53,007:INFO:Calculating mean and std
2025-10-08 16:33:53,008:INFO:Creating metrics dataframe
2025-10-08 16:33:53,010:INFO:Uploading results into container
2025-10-08 16:33:53,011:INFO:Uploading model into container now
2025-10-08 16:33:53,011:INFO:_master_model_container: 8
2025-10-08 16:33:53,011:INFO:_display_container: 2
2025-10-08 16:33:53,012:INFO:BayesianRidge(alpha_1=1e-06, alpha_2=1e-06, alpha_init=None,
              compute_score=False, copy_X=True, fit_intercept=True,
              lambda_1=1e-06, lambda_2=1e-06, lambda_init=None, max_iter=None,
              n_iter='deprecated', tol=0.001, verbose=False)
2025-10-08 16:33:53,012:INFO:create_model() successfully completed......................................
2025-10-08 16:33:53,262:INFO:SubProcess create_model() end ==================================
2025-10-08 16:33:53,262:INFO:Creating metrics dataframe
2025-10-08 16:33:53,268:INFO:Initializing Passive Aggressive Regressor
2025-10-08 16:33:53,268:INFO:Total runtime is 0.06768080393473308 minutes
2025-10-08 16:33:53,271:INFO:SubProcess create_model() called ==================================
2025-10-08 16:33:53,271:INFO:Initializing create_model()
2025-10-08 16:33:53,271:INFO:create_model(self=<pycaret.regression.oop.RegressionExperiment object at 0x7f4afbeaa3b0>, estimator=par, fold=KFold(n_splits=3, random_state=None, shuffle=False), round=4, cross_validation=True, predict=True, fit_kwargs={}, groups=None, refit=False, probability_threshold=None, experiment_custom_tags=None, verbose=False, system=False, add_to_model_list=True, metrics=None, display=<pycaret.internal.display.display.CommonDisplay object at 0x7f4afbc4c490>, model_only=True, return_train_score=False, error_score=0.0, kwargs={})
2025-10-08 16:33:53,271:INFO:Checking exceptions
2025-10-08 16:33:53,271:INFO:Importing libraries
2025-10-08 16:33:53,271:INFO:Copying training dataset
2025-10-08 16:33:53,288:INFO:Defining folds
2025-10-08 16:33:53,289:INFO:Declaring metric variables
2025-10-08 16:33:53,291:INFO:Importing untrained model
2025-10-08 16:33:53,294:INFO:Passive Aggressive Regressor Imported successfully
2025-10-08 16:33:53,300:INFO:Starting cross validation
2025-10-08 16:33:53,301:INFO:Cross validating with KFold(n_splits=3, random_state=None, shuffle=False), n_jobs=-1
2025-10-08 16:33:53,473:INFO:Calculating mean and std
2025-10-08 16:33:53,474:INFO:Creating metrics dataframe
2025-10-08 16:33:53,475:INFO:Uploading results into container
2025-10-08 16:33:53,475:INFO:Uploading model into container now
2025-10-08 16:33:53,476:INFO:_master_model_container: 9
2025-10-08 16:33:53,476:INFO:_display_container: 2
2025-10-08 16:33:53,476:INFO:PassiveAggressiveRegressor(C=1.0, average=False, early_stopping=False,
                           epsilon=0.1, fit_intercept=True,
                           loss='epsilon_insensitive', max_iter=1000,
                           n_iter_no_change=5, random_state=123, shuffle=True,
                           tol=0.001, validation_fraction=0.1, verbose=0,
                           warm_start=False)
2025-10-08 16:33:53,476:INFO:create_model() successfully completed......................................
2025-10-08 16:33:53,736:INFO:SubProcess create_model() end ==================================
2025-10-08 16:33:53,736:INFO:Creating metrics dataframe
2025-10-08 16:33:53,741:INFO:Initializing Huber Regressor
2025-10-08 16:33:53,742:INFO:Total runtime is 0.07556659777959189 minutes
2025-10-08 16:33:53,744:INFO:SubProcess create_model() called ==================================
2025-10-08 16:33:53,745:INFO:Initializing create_model()
2025-10-08 16:33:53,745:INFO:create_model(self=<pycaret.regression.oop.RegressionExperiment object at 0x7f4afbeaa3b0>, estimator=huber, fold=KFold(n_splits=3, random_state=None, shuffle=False), round=4, cross_validation=True, predict=True, fit_kwargs={}, groups=None, refit=False, probability_threshold=None, experiment_custom_tags=None, verbose=False, system=False, add_to_model_list=True, metrics=None, display=<pycaret.internal.display.display.CommonDisplay object at 0x7f4afbc4c490>, model_only=True, return_train_score=False, error_score=0.0, kwargs={})
2025-10-08 16:33:53,745:INFO:Checking exceptions
2025-10-08 16:33:53,745:INFO:Importing libraries
2025-10-08 16:33:53,745:INFO:Copying training dataset
2025-10-08 16:33:53,760:INFO:Defining folds
2025-10-08 16:33:53,760:INFO:Declaring metric variables
2025-10-08 16:33:53,763:INFO:Importing untrained model
2025-10-08 16:33:53,768:INFO:Huber Regressor Imported successfully
2025-10-08 16:33:53,774:INFO:Starting cross validation
2025-10-08 16:33:53,776:INFO:Cross validating with KFold(n_splits=3, random_state=None, shuffle=False), n_jobs=-1
2025-10-08 16:33:54,368:WARNING:/home/leon/.conda/envs/ml_general/lib/python3.10/site-packages/sklearn/linear_model/_huber.py:342: ConvergenceWarning: lbfgs failed to converge (status=1):
STOP: TOTAL NO. of ITERATIONS REACHED LIMIT.

Increase the number of iterations (max_iter) or scale the data as shown in:
    https://scikit-learn.org/stable/modules/preprocessing.html
  self.n_iter_ = _check_optimize_result("lbfgs", opt_res, self.max_iter)

2025-10-08 16:33:54,380:WARNING:/home/leon/.conda/envs/ml_general/lib/python3.10/site-packages/sklearn/linear_model/_huber.py:342: ConvergenceWarning: lbfgs failed to converge (status=1):
STOP: TOTAL NO. of ITERATIONS REACHED LIMIT.

Increase the number of iterations (max_iter) or scale the data as shown in:
    https://scikit-learn.org/stable/modules/preprocessing.html
  self.n_iter_ = _check_optimize_result("lbfgs", opt_res, self.max_iter)

2025-10-08 16:33:54,388:WARNING:/home/leon/.conda/envs/ml_general/lib/python3.10/site-packages/sklearn/linear_model/_huber.py:342: ConvergenceWarning: lbfgs failed to converge (status=1):
STOP: TOTAL NO. of ITERATIONS REACHED LIMIT.

Increase the number of iterations (max_iter) or scale the data as shown in:
    https://scikit-learn.org/stable/modules/preprocessing.html
  self.n_iter_ = _check_optimize_result("lbfgs", opt_res, self.max_iter)

2025-10-08 16:33:54,409:INFO:Calculating mean and std
2025-10-08 16:33:54,410:INFO:Creating metrics dataframe
2025-10-08 16:33:54,412:INFO:Uploading results into container
2025-10-08 16:33:54,412:INFO:Uploading model into container now
2025-10-08 16:33:54,413:INFO:_master_model_container: 10
2025-10-08 16:33:54,413:INFO:_display_container: 2
2025-10-08 16:33:54,413:INFO:HuberRegressor(alpha=0.0001, epsilon=1.35, fit_intercept=True, max_iter=100,
               tol=1e-05, warm_start=False)
2025-10-08 16:33:54,413:INFO:create_model() successfully completed......................................
2025-10-08 16:33:54,668:INFO:SubProcess create_model() end ==================================
2025-10-08 16:33:54,668:INFO:Creating metrics dataframe
2025-10-08 16:33:54,674:INFO:Initializing K Neighbors Regressor
2025-10-08 16:33:54,675:INFO:Total runtime is 0.09111607472101849 minutes
2025-10-08 16:33:54,677:INFO:SubProcess create_model() called ==================================
2025-10-08 16:33:54,677:INFO:Initializing create_model()
2025-10-08 16:33:54,677:INFO:create_model(self=<pycaret.regression.oop.RegressionExperiment object at 0x7f4afbeaa3b0>, estimator=knn, fold=KFold(n_splits=3, random_state=None, shuffle=False), round=4, cross_validation=True, predict=True, fit_kwargs={}, groups=None, refit=False, probability_threshold=None, experiment_custom_tags=None, verbose=False, system=False, add_to_model_list=True, metrics=None, display=<pycaret.internal.display.display.CommonDisplay object at 0x7f4afbc4c490>, model_only=True, return_train_score=False, error_score=0.0, kwargs={})
2025-10-08 16:33:54,677:INFO:Checking exceptions
2025-10-08 16:33:54,677:INFO:Importing libraries
2025-10-08 16:33:54,677:INFO:Copying training dataset
2025-10-08 16:33:54,693:INFO:Defining folds
2025-10-08 16:33:54,693:INFO:Declaring metric variables
2025-10-08 16:33:54,696:INFO:Importing untrained model
2025-10-08 16:33:54,699:INFO:K Neighbors Regressor Imported successfully
2025-10-08 16:33:54,705:INFO:Starting cross validation
2025-10-08 16:33:54,706:INFO:Cross validating with KFold(n_splits=3, random_state=None, shuffle=False), n_jobs=-1
2025-10-08 16:33:54,979:INFO:Calculating mean and std
2025-10-08 16:33:54,980:INFO:Creating metrics dataframe
2025-10-08 16:33:54,981:INFO:Uploading results into container
2025-10-08 16:33:54,982:INFO:Uploading model into container now
2025-10-08 16:33:54,982:INFO:_master_model_container: 11
2025-10-08 16:33:54,982:INFO:_display_container: 2
2025-10-08 16:33:54,983:INFO:KNeighborsRegressor(algorithm='auto', leaf_size=30, metric='minkowski',
                    metric_params=None, n_jobs=-1, n_neighbors=5, p=2,
                    weights='uniform')
2025-10-08 16:33:54,983:INFO:create_model() successfully completed......................................
2025-10-08 16:33:55,234:INFO:SubProcess create_model() end ==================================
2025-10-08 16:33:55,234:INFO:Creating metrics dataframe
2025-10-08 16:33:55,240:INFO:Initializing Decision Tree Regressor
2025-10-08 16:33:55,240:INFO:Total runtime is 0.10054583946863811 minutes
2025-10-08 16:33:55,243:INFO:SubProcess create_model() called ==================================
2025-10-08 16:33:55,243:INFO:Initializing create_model()
2025-10-08 16:33:55,243:INFO:create_model(self=<pycaret.regression.oop.RegressionExperiment object at 0x7f4afbeaa3b0>, estimator=dt, fold=KFold(n_splits=3, random_state=None, shuffle=False), round=4, cross_validation=True, predict=True, fit_kwargs={}, groups=None, refit=False, probability_threshold=None, experiment_custom_tags=None, verbose=False, system=False, add_to_model_list=True, metrics=None, display=<pycaret.internal.display.display.CommonDisplay object at 0x7f4afbc4c490>, model_only=True, return_train_score=False, error_score=0.0, kwargs={})
2025-10-08 16:33:55,243:INFO:Checking exceptions
2025-10-08 16:33:55,243:INFO:Importing libraries
2025-10-08 16:33:55,243:INFO:Copying training dataset
2025-10-08 16:33:55,258:INFO:Defining folds
2025-10-08 16:33:55,258:INFO:Declaring metric variables
2025-10-08 16:33:55,261:INFO:Importing untrained model
2025-10-08 16:33:55,264:INFO:Decision Tree Regressor Imported successfully
2025-10-08 16:33:55,269:INFO:Starting cross validation
2025-10-08 16:33:55,270:INFO:Cross validating with KFold(n_splits=3, random_state=None, shuffle=False), n_jobs=-1
2025-10-08 16:33:55,541:INFO:Calculating mean and std
2025-10-08 16:33:55,542:INFO:Creating metrics dataframe
2025-10-08 16:33:55,544:INFO:Uploading results into container
2025-10-08 16:33:55,544:INFO:Uploading model into container now
2025-10-08 16:33:55,545:INFO:_master_model_container: 12
2025-10-08 16:33:55,545:INFO:_display_container: 2
2025-10-08 16:33:55,545:INFO:DecisionTreeRegressor(ccp_alpha=0.0, criterion='squared_error', max_depth=None,
                      max_features=None, max_leaf_nodes=None,
                      min_impurity_decrease=0.0, min_samples_leaf=1,
                      min_samples_split=2, min_weight_fraction_leaf=0.0,
                      monotonic_cst=None, random_state=123, splitter='best')
2025-10-08 16:33:55,545:INFO:create_model() successfully completed......................................
2025-10-08 16:33:55,826:INFO:SubProcess create_model() end ==================================
2025-10-08 16:33:55,826:INFO:Creating metrics dataframe
2025-10-08 16:33:55,832:INFO:Initializing Random Forest Regressor
2025-10-08 16:33:55,832:INFO:Total runtime is 0.11040434837341309 minutes
2025-10-08 16:33:55,835:INFO:SubProcess create_model() called ==================================
2025-10-08 16:33:55,835:INFO:Initializing create_model()
2025-10-08 16:33:55,835:INFO:create_model(self=<pycaret.regression.oop.RegressionExperiment object at 0x7f4afbeaa3b0>, estimator=rf, fold=KFold(n_splits=3, random_state=None, shuffle=False), round=4, cross_validation=True, predict=True, fit_kwargs={}, groups=None, refit=False, probability_threshold=None, experiment_custom_tags=None, verbose=False, system=False, add_to_model_list=True, metrics=None, display=<pycaret.internal.display.display.CommonDisplay object at 0x7f4afbc4c490>, model_only=True, return_train_score=False, error_score=0.0, kwargs={})
2025-10-08 16:33:55,835:INFO:Checking exceptions
2025-10-08 16:33:55,835:INFO:Importing libraries
2025-10-08 16:33:55,835:INFO:Copying training dataset
2025-10-08 16:33:55,855:INFO:Defining folds
2025-10-08 16:33:55,855:INFO:Declaring metric variables
2025-10-08 16:33:55,858:INFO:Importing untrained model
2025-10-08 16:33:55,860:INFO:Random Forest Regressor Imported successfully
2025-10-08 16:33:55,866:INFO:Starting cross validation
2025-10-08 16:33:55,867:INFO:Cross validating with KFold(n_splits=3, random_state=None, shuffle=False), n_jobs=-1
2025-10-08 16:34:00,799:INFO:Calculating mean and std
2025-10-08 16:34:00,800:INFO:Creating metrics dataframe
2025-10-08 16:34:00,801:INFO:Uploading results into container
2025-10-08 16:34:00,802:INFO:Uploading model into container now
2025-10-08 16:34:00,802:INFO:_master_model_container: 13
2025-10-08 16:34:00,802:INFO:_display_container: 2
2025-10-08 16:34:00,802:INFO:RandomForestRegressor(bootstrap=True, ccp_alpha=0.0, criterion='squared_error',
                      max_depth=None, max_features=1.0, max_leaf_nodes=None,
                      max_samples=None, min_impurity_decrease=0.0,
                      min_samples_leaf=1, min_samples_split=2,
                      min_weight_fraction_leaf=0.0, monotonic_cst=None,
                      n_estimators=100, n_jobs=-1, oob_score=False,
                      random_state=123, verbose=0, warm_start=False)
2025-10-08 16:34:00,803:INFO:create_model() successfully completed......................................
2025-10-08 16:34:01,040:INFO:SubProcess create_model() end ==================================
2025-10-08 16:34:01,040:INFO:Creating metrics dataframe
2025-10-08 16:34:01,046:INFO:Initializing Extra Trees Regressor
2025-10-08 16:34:01,046:INFO:Total runtime is 0.19731293121973675 minutes
2025-10-08 16:34:01,048:INFO:SubProcess create_model() called ==================================
2025-10-08 16:34:01,049:INFO:Initializing create_model()
2025-10-08 16:34:01,049:INFO:create_model(self=<pycaret.regression.oop.RegressionExperiment object at 0x7f4afbeaa3b0>, estimator=et, fold=KFold(n_splits=3, random_state=None, shuffle=False), round=4, cross_validation=True, predict=True, fit_kwargs={}, groups=None, refit=False, probability_threshold=None, experiment_custom_tags=None, verbose=False, system=False, add_to_model_list=True, metrics=None, display=<pycaret.internal.display.display.CommonDisplay object at 0x7f4afbc4c490>, model_only=True, return_train_score=False, error_score=0.0, kwargs={})
2025-10-08 16:34:01,049:INFO:Checking exceptions
2025-10-08 16:34:01,049:INFO:Importing libraries
2025-10-08 16:34:01,049:INFO:Copying training dataset
2025-10-08 16:34:01,065:INFO:Defining folds
2025-10-08 16:34:01,065:INFO:Declaring metric variables
2025-10-08 16:34:01,068:INFO:Importing untrained model
2025-10-08 16:34:01,073:INFO:Extra Trees Regressor Imported successfully
2025-10-08 16:34:01,080:INFO:Starting cross validation
2025-10-08 16:34:01,081:INFO:Cross validating with KFold(n_splits=3, random_state=None, shuffle=False), n_jobs=-1
2025-10-08 16:34:03,755:INFO:Calculating mean and std
2025-10-08 16:34:03,755:INFO:Creating metrics dataframe
2025-10-08 16:34:03,756:INFO:Uploading results into container
2025-10-08 16:34:03,757:INFO:Uploading model into container now
2025-10-08 16:34:03,757:INFO:_master_model_container: 14
2025-10-08 16:34:03,757:INFO:_display_container: 2
2025-10-08 16:34:03,757:INFO:ExtraTreesRegressor(bootstrap=False, ccp_alpha=0.0, criterion='squared_error',
                    max_depth=None, max_features=1.0, max_leaf_nodes=None,
                    max_samples=None, min_impurity_decrease=0.0,
                    min_samples_leaf=1, min_samples_split=2,
                    min_weight_fraction_leaf=0.0, monotonic_cst=None,
                    n_estimators=100, n_jobs=-1, oob_score=False,
                    random_state=123, verbose=0, warm_start=False)
2025-10-08 16:34:03,757:INFO:create_model() successfully completed......................................
2025-10-08 16:34:04,001:INFO:SubProcess create_model() end ==================================
2025-10-08 16:34:04,002:INFO:Creating metrics dataframe
2025-10-08 16:34:04,008:INFO:Initializing AdaBoost Regressor
2025-10-08 16:34:04,008:INFO:Total runtime is 0.2466748913129171 minutes
2025-10-08 16:34:04,011:INFO:SubProcess create_model() called ==================================
2025-10-08 16:34:04,011:INFO:Initializing create_model()
2025-10-08 16:34:04,011:INFO:create_model(self=<pycaret.regression.oop.RegressionExperiment object at 0x7f4afbeaa3b0>, estimator=ada, fold=KFold(n_splits=3, random_state=None, shuffle=False), round=4, cross_validation=True, predict=True, fit_kwargs={}, groups=None, refit=False, probability_threshold=None, experiment_custom_tags=None, verbose=False, system=False, add_to_model_list=True, metrics=None, display=<pycaret.internal.display.display.CommonDisplay object at 0x7f4afbc4c490>, model_only=True, return_train_score=False, error_score=0.0, kwargs={})
2025-10-08 16:34:04,011:INFO:Checking exceptions
2025-10-08 16:34:04,011:INFO:Importing libraries
2025-10-08 16:34:04,011:INFO:Copying training dataset
2025-10-08 16:34:04,026:INFO:Defining folds
2025-10-08 16:34:04,026:INFO:Declaring metric variables
2025-10-08 16:34:04,028:INFO:Importing untrained model
2025-10-08 16:34:04,031:INFO:AdaBoost Regressor Imported successfully
2025-10-08 16:34:04,036:INFO:Starting cross validation
2025-10-08 16:34:04,037:INFO:Cross validating with KFold(n_splits=3, random_state=None, shuffle=False), n_jobs=-1
2025-10-08 16:34:05,588:INFO:Calculating mean and std
2025-10-08 16:34:05,589:INFO:Creating metrics dataframe
2025-10-08 16:34:05,590:INFO:Uploading results into container
2025-10-08 16:34:05,591:INFO:Uploading model into container now
2025-10-08 16:34:05,591:INFO:_master_model_container: 15
2025-10-08 16:34:05,591:INFO:_display_container: 2
2025-10-08 16:34:05,591:INFO:AdaBoostRegressor(estimator=None, learning_rate=1.0, loss='linear',
                  n_estimators=50, random_state=123)
2025-10-08 16:34:05,591:INFO:create_model() successfully completed......................................
2025-10-08 16:34:05,833:INFO:SubProcess create_model() end ==================================
2025-10-08 16:34:05,833:INFO:Creating metrics dataframe
2025-10-08 16:34:05,840:INFO:Initializing Gradient Boosting Regressor
2025-10-08 16:34:05,840:INFO:Total runtime is 0.2772051334381104 minutes
2025-10-08 16:34:05,842:INFO:SubProcess create_model() called ==================================
2025-10-08 16:34:05,842:INFO:Initializing create_model()
2025-10-08 16:34:05,843:INFO:create_model(self=<pycaret.regression.oop.RegressionExperiment object at 0x7f4afbeaa3b0>, estimator=gbr, fold=KFold(n_splits=3, random_state=None, shuffle=False), round=4, cross_validation=True, predict=True, fit_kwargs={}, groups=None, refit=False, probability_threshold=None, experiment_custom_tags=None, verbose=False, system=False, add_to_model_list=True, metrics=None, display=<pycaret.internal.display.display.CommonDisplay object at 0x7f4afbc4c490>, model_only=True, return_train_score=False, error_score=0.0, kwargs={})
2025-10-08 16:34:05,843:INFO:Checking exceptions
2025-10-08 16:34:05,843:INFO:Importing libraries
2025-10-08 16:34:05,843:INFO:Copying training dataset
2025-10-08 16:34:05,857:INFO:Defining folds
2025-10-08 16:34:05,857:INFO:Declaring metric variables
2025-10-08 16:34:05,860:INFO:Importing untrained model
2025-10-08 16:34:05,862:INFO:Gradient Boosting Regressor Imported successfully
2025-10-08 16:34:05,867:INFO:Starting cross validation
2025-10-08 16:34:05,869:INFO:Cross validating with KFold(n_splits=3, random_state=None, shuffle=False), n_jobs=-1
2025-10-08 16:34:08,654:INFO:Calculating mean and std
2025-10-08 16:34:08,655:INFO:Creating metrics dataframe
2025-10-08 16:34:08,656:INFO:Uploading results into container
2025-10-08 16:34:08,656:INFO:Uploading model into container now
2025-10-08 16:34:08,657:INFO:_master_model_container: 16
2025-10-08 16:34:08,657:INFO:_display_container: 2
2025-10-08 16:34:08,657:INFO:GradientBoostingRegressor(alpha=0.9, ccp_alpha=0.0, criterion='friedman_mse',
                          init=None, learning_rate=0.1, loss='squared_error',
                          max_depth=3, max_features=None, max_leaf_nodes=None,
                          min_impurity_decrease=0.0, min_samples_leaf=1,
                          min_samples_split=2, min_weight_fraction_leaf=0.0,
                          n_estimators=100, n_iter_no_change=None,
                          random_state=123, subsample=1.0, tol=0.0001,
                          validation_fraction=0.1, verbose=0, warm_start=False)
2025-10-08 16:34:08,657:INFO:create_model() successfully completed......................................
2025-10-08 16:34:08,897:INFO:SubProcess create_model() end ==================================
2025-10-08 16:34:08,897:INFO:Creating metrics dataframe
2025-10-08 16:34:08,905:INFO:Initializing Extreme Gradient Boosting
2025-10-08 16:34:08,905:INFO:Total runtime is 0.3282861193021139 minutes
2025-10-08 16:34:08,907:INFO:SubProcess create_model() called ==================================
2025-10-08 16:34:08,908:INFO:Initializing create_model()
2025-10-08 16:34:08,908:INFO:create_model(self=<pycaret.regression.oop.RegressionExperiment object at 0x7f4afbeaa3b0>, estimator=xgboost, fold=KFold(n_splits=3, random_state=None, shuffle=False), round=4, cross_validation=True, predict=True, fit_kwargs={}, groups=None, refit=False, probability_threshold=None, experiment_custom_tags=None, verbose=False, system=False, add_to_model_list=True, metrics=None, display=<pycaret.internal.display.display.CommonDisplay object at 0x7f4afbc4c490>, model_only=True, return_train_score=False, error_score=0.0, kwargs={})
2025-10-08 16:34:08,908:INFO:Checking exceptions
2025-10-08 16:34:08,908:INFO:Importing libraries
2025-10-08 16:34:08,908:INFO:Copying training dataset
2025-10-08 16:34:08,923:INFO:Defining folds
2025-10-08 16:34:08,923:INFO:Declaring metric variables
2025-10-08 16:34:08,926:INFO:Importing untrained model
2025-10-08 16:34:08,929:INFO:Extreme Gradient Boosting Imported successfully
2025-10-08 16:34:08,934:INFO:Starting cross validation
2025-10-08 16:34:08,935:INFO:Cross validating with KFold(n_splits=3, random_state=None, shuffle=False), n_jobs=-1
2025-10-08 16:34:09,391:INFO:Calculating mean and std
2025-10-08 16:34:09,392:INFO:Creating metrics dataframe
2025-10-08 16:34:09,393:INFO:Uploading results into container
2025-10-08 16:34:09,393:INFO:Uploading model into container now
2025-10-08 16:34:09,394:INFO:_master_model_container: 17
2025-10-08 16:34:09,394:INFO:_display_container: 2
2025-10-08 16:34:09,394:INFO:XGBRegressor(base_score=None, booster='gbtree', callbacks=None,
             colsample_bylevel=None, colsample_bynode=None,
             colsample_bytree=None, device='cpu', early_stopping_rounds=None,
             enable_categorical=False, eval_metric=None, feature_types=None,
             gamma=None, grow_policy=None, importance_type=None,
             interaction_constraints=None, learning_rate=None, max_bin=None,
             max_cat_threshold=None, max_cat_to_onehot=None,
             max_delta_step=None, max_depth=None, max_leaves=None,
             min_child_weight=None, missing=nan, monotone_constraints=None,
             multi_strategy=None, n_estimators=None, n_jobs=-1,
             num_parallel_tree=None, objective='reg:squarederror', ...)
2025-10-08 16:34:09,394:INFO:create_model() successfully completed......................................
2025-10-08 16:34:09,642:INFO:SubProcess create_model() end ==================================
2025-10-08 16:34:09,642:INFO:Creating metrics dataframe
2025-10-08 16:34:09,649:INFO:Initializing CatBoost Regressor
2025-10-08 16:34:09,649:INFO:Total runtime is 0.3406879266103109 minutes
2025-10-08 16:34:09,651:INFO:SubProcess create_model() called ==================================
2025-10-08 16:34:09,651:INFO:Initializing create_model()
2025-10-08 16:34:09,652:INFO:create_model(self=<pycaret.regression.oop.RegressionExperiment object at 0x7f4afbeaa3b0>, estimator=catboost, fold=KFold(n_splits=3, random_state=None, shuffle=False), round=4, cross_validation=True, predict=True, fit_kwargs={}, groups=None, refit=False, probability_threshold=None, experiment_custom_tags=None, verbose=False, system=False, add_to_model_list=True, metrics=None, display=<pycaret.internal.display.display.CommonDisplay object at 0x7f4afbc4c490>, model_only=True, return_train_score=False, error_score=0.0, kwargs={})
2025-10-08 16:34:09,652:INFO:Checking exceptions
2025-10-08 16:34:09,652:INFO:Importing libraries
2025-10-08 16:34:09,652:INFO:Copying training dataset
2025-10-08 16:34:09,667:INFO:Defining folds
2025-10-08 16:34:09,667:INFO:Declaring metric variables
2025-10-08 16:34:09,670:INFO:Importing untrained model
2025-10-08 16:34:09,672:INFO:CatBoost Regressor Imported successfully
2025-10-08 16:34:09,681:INFO:Starting cross validation
2025-10-08 16:34:09,683:INFO:Cross validating with KFold(n_splits=3, random_state=None, shuffle=False), n_jobs=-1
2025-10-08 16:34:13,150:INFO:Calculating mean and std
2025-10-08 16:34:13,150:INFO:Creating metrics dataframe
2025-10-08 16:34:13,151:INFO:Uploading results into container
2025-10-08 16:34:13,152:INFO:Uploading model into container now
2025-10-08 16:34:13,152:INFO:_master_model_container: 18
2025-10-08 16:34:13,152:INFO:_display_container: 2
2025-10-08 16:34:13,152:INFO:<catboost.core.CatBoostRegressor object at 0x7f4aa85b87c0>
2025-10-08 16:34:13,152:INFO:create_model() successfully completed......................................
2025-10-08 16:34:13,381:INFO:SubProcess create_model() end ==================================
2025-10-08 16:34:13,381:INFO:Creating metrics dataframe
2025-10-08 16:34:13,388:INFO:Initializing Dummy Regressor
2025-10-08 16:34:13,388:INFO:Total runtime is 0.4030066251754761 minutes
2025-10-08 16:34:13,390:INFO:SubProcess create_model() called ==================================
2025-10-08 16:34:13,390:INFO:Initializing create_model()
2025-10-08 16:34:13,390:INFO:create_model(self=<pycaret.regression.oop.RegressionExperiment object at 0x7f4afbeaa3b0>, estimator=dummy, fold=KFold(n_splits=3, random_state=None, shuffle=False), round=4, cross_validation=True, predict=True, fit_kwargs={}, groups=None, refit=False, probability_threshold=None, experiment_custom_tags=None, verbose=False, system=False, add_to_model_list=True, metrics=None, display=<pycaret.internal.display.display.CommonDisplay object at 0x7f4afbc4c490>, model_only=True, return_train_score=False, error_score=0.0, kwargs={})
2025-10-08 16:34:13,391:INFO:Checking exceptions
2025-10-08 16:34:13,391:INFO:Importing libraries
2025-10-08 16:34:13,391:INFO:Copying training dataset
2025-10-08 16:34:13,405:INFO:Defining folds
2025-10-08 16:34:13,405:INFO:Declaring metric variables
2025-10-08 16:34:13,407:INFO:Importing untrained model
2025-10-08 16:34:13,409:INFO:Dummy Regressor Imported successfully
2025-10-08 16:34:13,415:INFO:Starting cross validation
2025-10-08 16:34:13,417:INFO:Cross validating with KFold(n_splits=3, random_state=None, shuffle=False), n_jobs=-1
2025-10-08 16:34:13,497:INFO:Calculating mean and std
2025-10-08 16:34:13,497:INFO:Creating metrics dataframe
2025-10-08 16:34:13,499:INFO:Uploading results into container
2025-10-08 16:34:13,499:INFO:Uploading model into container now
2025-10-08 16:34:13,500:INFO:_master_model_container: 19
2025-10-08 16:34:13,500:INFO:_display_container: 2
2025-10-08 16:34:13,500:INFO:DummyRegressor(constant=None, quantile=None, strategy='mean')
2025-10-08 16:34:13,500:INFO:create_model() successfully completed......................................
2025-10-08 16:34:13,730:INFO:SubProcess create_model() end ==================================
2025-10-08 16:34:13,730:INFO:Creating metrics dataframe
2025-10-08 16:34:13,738:WARNING:/home/leon/.conda/envs/ml_general/lib/python3.10/site-packages/pycaret/internal/pycaret_experiment/supervised_experiment.py:323: FutureWarning: Styler.applymap has been deprecated. Use Styler.map instead.
  master_display_.apply(

2025-10-08 16:34:13,743:INFO:Initializing create_model()
2025-10-08 16:34:13,743:INFO:create_model(self=<pycaret.regression.oop.RegressionExperiment object at 0x7f4afbeaa3b0>, estimator=<catboost.core.CatBoostRegressor object at 0x7f4aa85b87c0>, fold=KFold(n_splits=3, random_state=None, shuffle=False), round=4, cross_validation=False, predict=False, fit_kwargs={}, groups=None, refit=True, probability_threshold=None, experiment_custom_tags=None, verbose=False, system=False, add_to_model_list=True, metrics=None, display=None, model_only=True, return_train_score=False, error_score=0.0, kwargs={})
2025-10-08 16:34:13,743:INFO:Checking exceptions
2025-10-08 16:34:13,745:INFO:Importing libraries
2025-10-08 16:34:13,745:INFO:Copying training dataset
2025-10-08 16:34:13,759:INFO:Defining folds
2025-10-08 16:34:13,760:INFO:Declaring metric variables
2025-10-08 16:34:13,760:INFO:Importing untrained model
2025-10-08 16:34:13,760:INFO:Declaring custom model
2025-10-08 16:34:13,760:INFO:CatBoost Regressor Imported successfully
2025-10-08 16:34:13,761:INFO:Cross validation set to False
2025-10-08 16:34:13,761:INFO:Fitting Model
2025-10-08 16:34:15,167:INFO:<catboost.core.CatBoostRegressor object at 0x7f4aa89c2650>
2025-10-08 16:34:15,167:INFO:create_model() successfully completed......................................
2025-10-08 16:34:15,401:INFO:Initializing create_model()
2025-10-08 16:34:15,401:INFO:create_model(self=<pycaret.regression.oop.RegressionExperiment object at 0x7f4afbeaa3b0>, estimator=ExtraTreesRegressor(bootstrap=False, ccp_alpha=0.0, criterion='squared_error',
                    max_depth=None, max_features=1.0, max_leaf_nodes=None,
                    max_samples=None, min_impurity_decrease=0.0,
                    min_samples_leaf=1, min_samples_split=2,
                    min_weight_fraction_leaf=0.0, monotonic_cst=None,
                    n_estimators=100, n_jobs=-1, oob_score=False,
                    random_state=123, verbose=0, warm_start=False), fold=KFold(n_splits=3, random_state=None, shuffle=False), round=4, cross_validation=False, predict=False, fit_kwargs={}, groups=None, refit=True, probability_threshold=None, experiment_custom_tags=None, verbose=False, system=False, add_to_model_list=True, metrics=None, display=None, model_only=True, return_train_score=False, error_score=0.0, kwargs={})
2025-10-08 16:34:15,401:INFO:Checking exceptions
2025-10-08 16:34:15,403:INFO:Importing libraries
2025-10-08 16:34:15,403:INFO:Copying training dataset
2025-10-08 16:34:15,417:INFO:Defining folds
2025-10-08 16:34:15,417:INFO:Declaring metric variables
2025-10-08 16:34:15,417:INFO:Importing untrained model
2025-10-08 16:34:15,417:INFO:Declaring custom model
2025-10-08 16:34:15,417:INFO:Extra Trees Regressor Imported successfully
2025-10-08 16:34:15,418:INFO:Cross validation set to False
2025-10-08 16:34:15,418:INFO:Fitting Model
2025-10-08 16:34:16,774:INFO:ExtraTreesRegressor(bootstrap=False, ccp_alpha=0.0, criterion='squared_error',
                    max_depth=None, max_features=1.0, max_leaf_nodes=None,
                    max_samples=None, min_impurity_decrease=0.0,
                    min_samples_leaf=1, min_samples_split=2,
                    min_weight_fraction_leaf=0.0, monotonic_cst=None,
                    n_estimators=100, n_jobs=-1, oob_score=False,
                    random_state=123, verbose=0, warm_start=False)
2025-10-08 16:34:16,774:INFO:create_model() successfully completed......................................
2025-10-08 16:34:17,013:INFO:Initializing create_model()
2025-10-08 16:34:17,013:INFO:create_model(self=<pycaret.regression.oop.RegressionExperiment object at 0x7f4afbeaa3b0>, estimator=XGBRegressor(base_score=None, booster='gbtree', callbacks=None,
             colsample_bylevel=None, colsample_bynode=None,
             colsample_bytree=None, device='cpu', early_stopping_rounds=None,
             enable_categorical=False, eval_metric=None, feature_types=None,
             gamma=None, grow_policy=None, importance_type=None,
             interaction_constraints=None, learning_rate=None, max_bin=None,
             max_cat_threshold=None, max_cat_to_onehot=None,
             max_delta_step=None, max_depth=None, max_leaves=None,
             min_child_weight=None, missing=nan, monotone_constraints=None,
             multi_strategy=None, n_estimators=None, n_jobs=-1,
             num_parallel_tree=None, objective='reg:squarederror', ...), fold=KFold(n_splits=3, random_state=None, shuffle=False), round=4, cross_validation=False, predict=False, fit_kwargs={}, groups=None, refit=True, probability_threshold=None, experiment_custom_tags=None, verbose=False, system=False, add_to_model_list=True, metrics=None, display=None, model_only=True, return_train_score=False, error_score=0.0, kwargs={})
2025-10-08 16:34:17,013:INFO:Checking exceptions
2025-10-08 16:34:17,014:INFO:Importing libraries
2025-10-08 16:34:17,014:INFO:Copying training dataset
2025-10-08 16:34:17,030:INFO:Defining folds
2025-10-08 16:34:17,030:INFO:Declaring metric variables
2025-10-08 16:34:17,030:INFO:Importing untrained model
2025-10-08 16:34:17,030:INFO:Declaring custom model
2025-10-08 16:34:17,031:INFO:Extreme Gradient Boosting Imported successfully
2025-10-08 16:34:17,033:INFO:Cross validation set to False
2025-10-08 16:34:17,033:INFO:Fitting Model
2025-10-08 16:34:17,219:INFO:XGBRegressor(base_score=None, booster='gbtree', callbacks=None,
             colsample_bylevel=None, colsample_bynode=None,
             colsample_bytree=None, device='cpu', early_stopping_rounds=None,
             enable_categorical=False, eval_metric=None, feature_types=None,
             gamma=None, grow_policy=None, importance_type=None,
             interaction_constraints=None, learning_rate=None, max_bin=None,
             max_cat_threshold=None, max_cat_to_onehot=None,
             max_delta_step=None, max_depth=None, max_leaves=None,
             min_child_weight=None, missing=nan, monotone_constraints=None,
             multi_strategy=None, n_estimators=None, n_jobs=-1,
             num_parallel_tree=None, objective='reg:squarederror', ...)
2025-10-08 16:34:17,219:INFO:create_model() successfully completed......................................
2025-10-08 16:34:17,462:INFO:_master_model_container: 19
2025-10-08 16:34:17,462:INFO:_display_container: 2
2025-10-08 16:34:17,463:INFO:[<catboost.core.CatBoostRegressor object at 0x7f4aa89c2650>, ExtraTreesRegressor(bootstrap=False, ccp_alpha=0.0, criterion='squared_error',
                    max_depth=None, max_features=1.0, max_leaf_nodes=None,
                    max_samples=None, min_impurity_decrease=0.0,
                    min_samples_leaf=1, min_samples_split=2,
                    min_weight_fraction_leaf=0.0, monotonic_cst=None,
                    n_estimators=100, n_jobs=-1, oob_score=False,
                    random_state=123, verbose=0, warm_start=False), XGBRegressor(base_score=None, booster='gbtree', callbacks=None,
             colsample_bylevel=None, colsample_bynode=None,
             colsample_bytree=None, device='cpu', early_stopping_rounds=None,
             enable_categorical=False, eval_metric=None, feature_types=None,
             gamma=None, grow_policy=None, importance_type=None,
             interaction_constraints=None, learning_rate=None, max_bin=None,
             max_cat_threshold=None, max_cat_to_onehot=None,
             max_delta_step=None, max_depth=None, max_leaves=None,
             min_child_weight=None, missing=nan, monotone_constraints=None,
             multi_strategy=None, n_estimators=None, n_jobs=-1,
             num_parallel_tree=None, objective='reg:squarederror', ...)]
2025-10-08 16:34:17,463:INFO:compare_models() successfully completed......................................
2025-10-08 16:34:21,070:INFO:Initializing plot_model()
2025-10-08 16:34:21,070:INFO:plot_model(plot=feature, fold=None, verbose=True, display=None, display_format=None, estimator=<catboost.core.CatBoostRegressor object at 0x7f4aa89c2650>, feature_name=None, fit_kwargs=None, groups=None, label=False, plot_kwargs=None, save=False, scale=1, self=<pycaret.regression.oop.RegressionExperiment object at 0x7f4afbeaa3b0>, system=True)
2025-10-08 16:34:21,070:INFO:Checking exceptions
2025-10-08 16:34:21,078:INFO:Preloading libraries
2025-10-08 16:34:21,079:INFO:Copying training dataset
2025-10-08 16:34:21,080:INFO:Plot type: feature
2025-10-08 16:34:21,080:WARNING:No coef_ found. Trying feature_importances_
2025-10-08 16:34:21,220:INFO:Visual Rendered Successfully
2025-10-08 16:34:21,464:INFO:plot_model() successfully completed......................................
2025-10-08 16:34:21,465:INFO:Initializing plot_model()
2025-10-08 16:34:21,465:INFO:plot_model(plot=feature, fold=None, verbose=True, display=None, display_format=None, estimator=ExtraTreesRegressor(bootstrap=False, ccp_alpha=0.0, criterion='squared_error',
                    max_depth=None, max_features=1.0, max_leaf_nodes=None,
                    max_samples=None, min_impurity_decrease=0.0,
                    min_samples_leaf=1, min_samples_split=2,
                    min_weight_fraction_leaf=0.0, monotonic_cst=None,
                    n_estimators=100, n_jobs=-1, oob_score=False,
                    random_state=123, verbose=0, warm_start=False), feature_name=None, fit_kwargs=None, groups=None, label=False, plot_kwargs=None, save=False, scale=1, self=<pycaret.regression.oop.RegressionExperiment object at 0x7f4afbeaa3b0>, system=True)
2025-10-08 16:34:21,465:INFO:Checking exceptions
2025-10-08 16:34:21,485:INFO:Preloading libraries
2025-10-08 16:34:21,656:INFO:Copying training dataset
2025-10-08 16:34:21,656:INFO:Plot type: feature
2025-10-08 16:34:21,657:WARNING:No coef_ found. Trying feature_importances_
2025-10-08 16:34:21,821:INFO:Visual Rendered Successfully
2025-10-08 16:34:22,068:INFO:plot_model() successfully completed......................................
2025-10-08 16:34:22,077:INFO:Initializing plot_model()
2025-10-08 16:34:22,077:INFO:plot_model(plot=feature, fold=None, verbose=True, display=None, display_format=None, estimator=XGBRegressor(base_score=None, booster='gbtree', callbacks=None,
             colsample_bylevel=None, colsample_bynode=None,
             colsample_bytree=None, device='cpu', early_stopping_rounds=None,
             enable_categorical=False, eval_metric=None, feature_types=None,
             gamma=None, grow_policy=None, importance_type=None,
             interaction_constraints=None, learning_rate=None, max_bin=None,
             max_cat_threshold=None, max_cat_to_onehot=None,
             max_delta_step=None, max_depth=None, max_leaves=None,
             min_child_weight=None, missing=nan, monotone_constraints=None,
             multi_strategy=None, n_estimators=None, n_jobs=-1,
             num_parallel_tree=None, objective='reg:squarederror', ...), feature_name=None, fit_kwargs=None, groups=None, label=False, plot_kwargs=None, save=False, scale=1, self=<pycaret.regression.oop.RegressionExperiment object at 0x7f4afbeaa3b0>, system=True)
2025-10-08 16:34:22,077:INFO:Checking exceptions
2025-10-08 16:34:22,085:INFO:Preloading libraries
2025-10-08 16:34:22,094:INFO:Copying training dataset
2025-10-08 16:34:22,094:INFO:Plot type: feature
2025-10-08 16:34:22,095:WARNING:No coef_ found. Trying feature_importances_
2025-10-08 16:34:22,254:INFO:Visual Rendered Successfully
2025-10-08 16:34:22,568:INFO:plot_model() successfully completed......................................
2025-10-08 16:36:41,964:WARNING:/tmp/ipykernel_19706/2784804644.py:6: SettingWithCopyWarning: 
A value is trying to be set on a copy of a slice from a DataFrame.
Try using .loc[row_indexer,col_indexer] = value instead

See the caveats in the documentation: https://pandas.pydata.org/pandas-docs/stable/user_guide/indexing.html#returning-a-view-versus-a-copy
  df['day_of_week'] = df['Date'].dt.dayofweek

2025-10-08 16:36:41,965:WARNING:/tmp/ipykernel_19706/2784804644.py:7: SettingWithCopyWarning: 
A value is trying to be set on a copy of a slice from a DataFrame.
Try using .loc[row_indexer,col_indexer] = value instead

See the caveats in the documentation: https://pandas.pydata.org/pandas-docs/stable/user_guide/indexing.html#returning-a-view-versus-a-copy
  df['month'] = df['Date'].dt.month

2025-10-08 16:36:41,966:WARNING:/tmp/ipykernel_19706/2784804644.py:8: SettingWithCopyWarning: 
A value is trying to be set on a copy of a slice from a DataFrame.
Try using .loc[row_indexer,col_indexer] = value instead

See the caveats in the documentation: https://pandas.pydata.org/pandas-docs/stable/user_guide/indexing.html#returning-a-view-versus-a-copy
  df['day_of_month'] = df['Date'].dt.day

2025-10-08 16:36:41,967:WARNING:/tmp/ipykernel_19706/2784804644.py:9: SettingWithCopyWarning: 
A value is trying to be set on a copy of a slice from a DataFrame.
Try using .loc[row_indexer,col_indexer] = value instead

See the caveats in the documentation: https://pandas.pydata.org/pandas-docs/stable/user_guide/indexing.html#returning-a-view-versus-a-copy
  df['is_weekend'] = df['day_of_week'].isin([5, 6]).astype(int)

2025-10-08 16:36:41,968:WARNING:/tmp/ipykernel_19706/2784804644.py:12: SettingWithCopyWarning: 
A value is trying to be set on a copy of a slice from a DataFrame.
Try using .loc[row_indexer,col_indexer] = value instead

See the caveats in the documentation: https://pandas.pydata.org/pandas-docs/stable/user_guide/indexing.html#returning-a-view-versus-a-copy
  df['day_of_week_sin'] = np.sin(2 * np.pi * df['day_of_week'] / 7)

2025-10-08 16:36:41,968:WARNING:/tmp/ipykernel_19706/2784804644.py:13: SettingWithCopyWarning: 
A value is trying to be set on a copy of a slice from a DataFrame.
Try using .loc[row_indexer,col_indexer] = value instead

See the caveats in the documentation: https://pandas.pydata.org/pandas-docs/stable/user_guide/indexing.html#returning-a-view-versus-a-copy
  df['day_of_week_cos'] = np.cos(2 * np.pi * df['day_of_week'] / 7)

2025-10-08 16:36:41,969:WARNING:/tmp/ipykernel_19706/2784804644.py:14: SettingWithCopyWarning: 
A value is trying to be set on a copy of a slice from a DataFrame.
Try using .loc[row_indexer,col_indexer] = value instead

See the caveats in the documentation: https://pandas.pydata.org/pandas-docs/stable/user_guide/indexing.html#returning-a-view-versus-a-copy
  df['month_sin'] = np.sin(2 * np.pi * df['month'] / 12)

2025-10-08 16:36:41,969:WARNING:/tmp/ipykernel_19706/2784804644.py:15: SettingWithCopyWarning: 
A value is trying to be set on a copy of a slice from a DataFrame.
Try using .loc[row_indexer,col_indexer] = value instead

See the caveats in the documentation: https://pandas.pydata.org/pandas-docs/stable/user_guide/indexing.html#returning-a-view-versus-a-copy
  df['month_cos'] = np.cos(2 * np.pi * df['month'] / 12)

2025-10-08 16:36:41,970:WARNING:/tmp/ipykernel_19706/2784804644.py:16: SettingWithCopyWarning: 
A value is trying to be set on a copy of a slice from a DataFrame.
Try using .loc[row_indexer,col_indexer] = value instead

See the caveats in the documentation: https://pandas.pydata.org/pandas-docs/stable/user_guide/indexing.html#returning-a-view-versus-a-copy
  df['hour_sin'] = np.sin(2 * np.pi * df['Hour'] / 24)

2025-10-08 16:36:41,970:WARNING:/tmp/ipykernel_19706/2784804644.py:17: SettingWithCopyWarning: 
A value is trying to be set on a copy of a slice from a DataFrame.
Try using .loc[row_indexer,col_indexer] = value instead

See the caveats in the documentation: https://pandas.pydata.org/pandas-docs/stable/user_guide/indexing.html#returning-a-view-versus-a-copy
  df['hour_cos'] = np.cos(2 * np.pi * df['Hour'] / 24)

2025-10-08 16:36:41,971:WARNING:/tmp/ipykernel_19706/2784804644.py:20: SettingWithCopyWarning: 
A value is trying to be set on a copy of a slice from a DataFrame.
Try using .loc[row_indexer,col_indexer] = value instead

See the caveats in the documentation: https://pandas.pydata.org/pandas-docs/stable/user_guide/indexing.html#returning-a-view-versus-a-copy
  df['season'] = ((df['month'] % 12 + 3) // 3).astype(int)  # 1: Winter, 2: Spring, 3: Summer, 4: Fall

2025-10-08 16:36:41,973:WARNING:/tmp/ipykernel_19706/2784804644.py:61: SettingWithCopyWarning: 
A value is trying to be set on a copy of a slice from a DataFrame.
Try using .loc[row_indexer,col_indexer] = value instead

See the caveats in the documentation: https://pandas.pydata.org/pandas-docs/stable/user_guide/indexing.html#returning-a-view-versus-a-copy
  df['is_holiday'] = df['Date'].isin(us_holidays).astype(int)

2025-10-08 16:36:41,984:WARNING:/tmp/ipykernel_19706/2784804644.py:64: SettingWithCopyWarning: 
A value is trying to be set on a copy of a slice from a DataFrame.
Try using .loc[row_indexer,col_indexer] = value instead

See the caveats in the documentation: https://pandas.pydata.org/pandas-docs/stable/user_guide/indexing.html#returning-a-view-versus-a-copy
  df['holiday_name'] = df['Date'].apply(lambda x: get_holiday_name(x.date(), us_holidays))

2025-10-08 16:36:41,985:WARNING:/tmp/ipykernel_19706/2784804644.py:67: SettingWithCopyWarning: 
A value is trying to be set on a copy of a slice from a DataFrame.
Try using .loc[row_indexer,col_indexer] = value instead

See the caveats in the documentation: https://pandas.pydata.org/pandas-docs/stable/user_guide/indexing.html#returning-a-view-versus-a-copy
  df['holiday_type'] = df['holiday_name'].map(HOLIDAY_CATEGORY_MAP)

2025-10-08 16:36:41,986:WARNING:/tmp/ipykernel_19706/2784804644.py:68: SettingWithCopyWarning: 
A value is trying to be set on a copy of a slice from a DataFrame.
Try using .loc[row_indexer,col_indexer] = value instead

See the caveats in the documentation: https://pandas.pydata.org/pandas-docs/stable/user_guide/indexing.html#returning-a-view-versus-a-copy
  df['holiday_type_int'] = df['holiday_type'].astype('category').cat.codes

2025-10-08 16:36:41,987:WARNING:/tmp/ipykernel_19706/2784804644.py:74: SettingWithCopyWarning: 
A value is trying to be set on a copy of a slice from a DataFrame.
Try using .loc[row_indexer,col_indexer] = value instead

See the caveats in the documentation: https://pandas.pydata.org/pandas-docs/stable/user_guide/indexing.html#returning-a-view-versus-a-copy
  df['max_station_temp'] = stations_temp_df.max(axis=1)

2025-10-08 16:36:41,988:WARNING:/tmp/ipykernel_19706/2784804644.py:75: SettingWithCopyWarning: 
A value is trying to be set on a copy of a slice from a DataFrame.
Try using .loc[row_indexer,col_indexer] = value instead

See the caveats in the documentation: https://pandas.pydata.org/pandas-docs/stable/user_guide/indexing.html#returning-a-view-versus-a-copy
  df['min_station_temp'] = stations_temp_df.min(axis=1)

2025-10-08 16:36:41,990:WARNING:/tmp/ipykernel_19706/2784804644.py:76: SettingWithCopyWarning: 
A value is trying to be set on a copy of a slice from a DataFrame.
Try using .loc[row_indexer,col_indexer] = value instead

See the caveats in the documentation: https://pandas.pydata.org/pandas-docs/stable/user_guide/indexing.html#returning-a-view-versus-a-copy
  df['mean_station_temp'] = stations_temp_df.mean(axis=1)

2025-10-08 16:36:41,991:WARNING:/tmp/ipykernel_19706/2784804644.py:77: SettingWithCopyWarning: 
A value is trying to be set on a copy of a slice from a DataFrame.
Try using .loc[row_indexer,col_indexer] = value instead

See the caveats in the documentation: https://pandas.pydata.org/pandas-docs/stable/user_guide/indexing.html#returning-a-view-versus-a-copy
  df['std_station_temp'] = stations_temp_df.std(axis=1)

2025-10-08 16:36:41,991:WARNING:/tmp/ipykernel_19706/2784804644.py:78: SettingWithCopyWarning: 
A value is trying to be set on a copy of a slice from a DataFrame.
Try using .loc[row_indexer,col_indexer] = value instead

See the caveats in the documentation: https://pandas.pydata.org/pandas-docs/stable/user_guide/indexing.html#returning-a-view-versus-a-copy
  df['temp_diff_stations'] = df['max_station_temp'] - df['min_station_temp']

2025-10-08 16:36:41,997:WARNING:/tmp/ipykernel_19706/4215529883.py:4: SettingWithCopyWarning: 
A value is trying to be set on a copy of a slice from a DataFrame.
Try using .loc[row_indexer,col_indexer] = value instead

See the caveats in the documentation: https://pandas.pydata.org/pandas-docs/stable/user_guide/indexing.html#returning-a-view-versus-a-copy
  x_val['datetime'] = pd.to_datetime(x_val['Date']) + pd.to_timedelta(x_val['Hour'], unit='h')

2025-10-08 16:44:30,372:WARNING:/tmp/ipykernel_19706/1130401088.py:32: SettingWithCopyWarning: 
A value is trying to be set on a copy of a slice from a DataFrame.
Try using .loc[row_indexer,col_indexer] = value instead

See the caveats in the documentation: https://pandas.pydata.org/pandas-docs/stable/user_guide/indexing.html#returning-a-view-versus-a-copy
  x_train['datetime'] = pd.to_datetime(x_train['Date']) + pd.to_timedelta(x_train['Hour'], unit='h')

2025-10-08 16:47:25,741:WARNING:/tmp/ipykernel_19706/2784804644.py:6: SettingWithCopyWarning: 
A value is trying to be set on a copy of a slice from a DataFrame.
Try using .loc[row_indexer,col_indexer] = value instead

See the caveats in the documentation: https://pandas.pydata.org/pandas-docs/stable/user_guide/indexing.html#returning-a-view-versus-a-copy
  df['day_of_week'] = df['Date'].dt.dayofweek

2025-10-08 16:47:25,742:WARNING:/tmp/ipykernel_19706/2784804644.py:7: SettingWithCopyWarning: 
A value is trying to be set on a copy of a slice from a DataFrame.
Try using .loc[row_indexer,col_indexer] = value instead

See the caveats in the documentation: https://pandas.pydata.org/pandas-docs/stable/user_guide/indexing.html#returning-a-view-versus-a-copy
  df['month'] = df['Date'].dt.month

2025-10-08 16:47:25,743:WARNING:/tmp/ipykernel_19706/2784804644.py:8: SettingWithCopyWarning: 
A value is trying to be set on a copy of a slice from a DataFrame.
Try using .loc[row_indexer,col_indexer] = value instead

See the caveats in the documentation: https://pandas.pydata.org/pandas-docs/stable/user_guide/indexing.html#returning-a-view-versus-a-copy
  df['day_of_month'] = df['Date'].dt.day

2025-10-08 16:47:25,743:WARNING:/tmp/ipykernel_19706/2784804644.py:9: SettingWithCopyWarning: 
A value is trying to be set on a copy of a slice from a DataFrame.
Try using .loc[row_indexer,col_indexer] = value instead

See the caveats in the documentation: https://pandas.pydata.org/pandas-docs/stable/user_guide/indexing.html#returning-a-view-versus-a-copy
  df['is_weekend'] = df['day_of_week'].isin([5, 6]).astype(int)

2025-10-08 16:47:25,744:WARNING:/tmp/ipykernel_19706/2784804644.py:12: SettingWithCopyWarning: 
A value is trying to be set on a copy of a slice from a DataFrame.
Try using .loc[row_indexer,col_indexer] = value instead

See the caveats in the documentation: https://pandas.pydata.org/pandas-docs/stable/user_guide/indexing.html#returning-a-view-versus-a-copy
  df['day_of_week_sin'] = np.sin(2 * np.pi * df['day_of_week'] / 7)

2025-10-08 16:47:25,744:WARNING:/tmp/ipykernel_19706/2784804644.py:13: SettingWithCopyWarning: 
A value is trying to be set on a copy of a slice from a DataFrame.
Try using .loc[row_indexer,col_indexer] = value instead

See the caveats in the documentation: https://pandas.pydata.org/pandas-docs/stable/user_guide/indexing.html#returning-a-view-versus-a-copy
  df['day_of_week_cos'] = np.cos(2 * np.pi * df['day_of_week'] / 7)

2025-10-08 16:47:25,744:WARNING:/tmp/ipykernel_19706/2784804644.py:14: SettingWithCopyWarning: 
A value is trying to be set on a copy of a slice from a DataFrame.
Try using .loc[row_indexer,col_indexer] = value instead

See the caveats in the documentation: https://pandas.pydata.org/pandas-docs/stable/user_guide/indexing.html#returning-a-view-versus-a-copy
  df['month_sin'] = np.sin(2 * np.pi * df['month'] / 12)

2025-10-08 16:47:25,745:WARNING:/tmp/ipykernel_19706/2784804644.py:15: SettingWithCopyWarning: 
A value is trying to be set on a copy of a slice from a DataFrame.
Try using .loc[row_indexer,col_indexer] = value instead

See the caveats in the documentation: https://pandas.pydata.org/pandas-docs/stable/user_guide/indexing.html#returning-a-view-versus-a-copy
  df['month_cos'] = np.cos(2 * np.pi * df['month'] / 12)

2025-10-08 16:47:25,745:WARNING:/tmp/ipykernel_19706/2784804644.py:16: SettingWithCopyWarning: 
A value is trying to be set on a copy of a slice from a DataFrame.
Try using .loc[row_indexer,col_indexer] = value instead

See the caveats in the documentation: https://pandas.pydata.org/pandas-docs/stable/user_guide/indexing.html#returning-a-view-versus-a-copy
  df['hour_sin'] = np.sin(2 * np.pi * df['Hour'] / 24)

2025-10-08 16:47:25,746:WARNING:/tmp/ipykernel_19706/2784804644.py:17: SettingWithCopyWarning: 
A value is trying to be set on a copy of a slice from a DataFrame.
Try using .loc[row_indexer,col_indexer] = value instead

See the caveats in the documentation: https://pandas.pydata.org/pandas-docs/stable/user_guide/indexing.html#returning-a-view-versus-a-copy
  df['hour_cos'] = np.cos(2 * np.pi * df['Hour'] / 24)

2025-10-08 16:47:25,746:WARNING:/tmp/ipykernel_19706/2784804644.py:20: SettingWithCopyWarning: 
A value is trying to be set on a copy of a slice from a DataFrame.
Try using .loc[row_indexer,col_indexer] = value instead

See the caveats in the documentation: https://pandas.pydata.org/pandas-docs/stable/user_guide/indexing.html#returning-a-view-versus-a-copy
  df['season'] = ((df['month'] % 12 + 3) // 3).astype(int)  # 1: Winter, 2: Spring, 3: Summer, 4: Fall

2025-10-08 16:47:25,748:WARNING:/tmp/ipykernel_19706/2784804644.py:61: SettingWithCopyWarning: 
A value is trying to be set on a copy of a slice from a DataFrame.
Try using .loc[row_indexer,col_indexer] = value instead

See the caveats in the documentation: https://pandas.pydata.org/pandas-docs/stable/user_guide/indexing.html#returning-a-view-versus-a-copy
  df['is_holiday'] = df['Date'].isin(us_holidays).astype(int)

2025-10-08 16:47:25,758:WARNING:/tmp/ipykernel_19706/2784804644.py:64: SettingWithCopyWarning: 
A value is trying to be set on a copy of a slice from a DataFrame.
Try using .loc[row_indexer,col_indexer] = value instead

See the caveats in the documentation: https://pandas.pydata.org/pandas-docs/stable/user_guide/indexing.html#returning-a-view-versus-a-copy
  df['holiday_name'] = df['Date'].apply(lambda x: get_holiday_name(x.date(), us_holidays))

2025-10-08 16:47:25,758:WARNING:/tmp/ipykernel_19706/2784804644.py:67: SettingWithCopyWarning: 
A value is trying to be set on a copy of a slice from a DataFrame.
Try using .loc[row_indexer,col_indexer] = value instead

See the caveats in the documentation: https://pandas.pydata.org/pandas-docs/stable/user_guide/indexing.html#returning-a-view-versus-a-copy
  df['holiday_type'] = df['holiday_name'].map(HOLIDAY_CATEGORY_MAP)

2025-10-08 16:47:25,759:WARNING:/tmp/ipykernel_19706/2784804644.py:68: SettingWithCopyWarning: 
A value is trying to be set on a copy of a slice from a DataFrame.
Try using .loc[row_indexer,col_indexer] = value instead

See the caveats in the documentation: https://pandas.pydata.org/pandas-docs/stable/user_guide/indexing.html#returning-a-view-versus-a-copy
  df['holiday_type_int'] = df['holiday_type'].astype('category').cat.codes

2025-10-08 16:47:25,762:WARNING:/tmp/ipykernel_19706/2784804644.py:74: SettingWithCopyWarning: 
A value is trying to be set on a copy of a slice from a DataFrame.
Try using .loc[row_indexer,col_indexer] = value instead

See the caveats in the documentation: https://pandas.pydata.org/pandas-docs/stable/user_guide/indexing.html#returning-a-view-versus-a-copy
  df['max_station_temp'] = stations_temp_df.max(axis=1)

2025-10-08 16:47:25,763:WARNING:/tmp/ipykernel_19706/2784804644.py:75: SettingWithCopyWarning: 
A value is trying to be set on a copy of a slice from a DataFrame.
Try using .loc[row_indexer,col_indexer] = value instead

See the caveats in the documentation: https://pandas.pydata.org/pandas-docs/stable/user_guide/indexing.html#returning-a-view-versus-a-copy
  df['min_station_temp'] = stations_temp_df.min(axis=1)

2025-10-08 16:47:25,765:WARNING:/tmp/ipykernel_19706/2784804644.py:76: SettingWithCopyWarning: 
A value is trying to be set on a copy of a slice from a DataFrame.
Try using .loc[row_indexer,col_indexer] = value instead

See the caveats in the documentation: https://pandas.pydata.org/pandas-docs/stable/user_guide/indexing.html#returning-a-view-versus-a-copy
  df['mean_station_temp'] = stations_temp_df.mean(axis=1)

2025-10-08 16:47:25,767:WARNING:/tmp/ipykernel_19706/2784804644.py:77: SettingWithCopyWarning: 
A value is trying to be set on a copy of a slice from a DataFrame.
Try using .loc[row_indexer,col_indexer] = value instead

See the caveats in the documentation: https://pandas.pydata.org/pandas-docs/stable/user_guide/indexing.html#returning-a-view-versus-a-copy
  df['std_station_temp'] = stations_temp_df.std(axis=1)

2025-10-08 16:47:25,768:WARNING:/tmp/ipykernel_19706/2784804644.py:78: SettingWithCopyWarning: 
A value is trying to be set on a copy of a slice from a DataFrame.
Try using .loc[row_indexer,col_indexer] = value instead

See the caveats in the documentation: https://pandas.pydata.org/pandas-docs/stable/user_guide/indexing.html#returning-a-view-versus-a-copy
  df['temp_diff_stations'] = df['max_station_temp'] - df['min_station_temp']

2025-10-08 16:47:25,774:WARNING:/tmp/ipykernel_19706/1600589230.py:4: SettingWithCopyWarning: 
A value is trying to be set on a copy of a slice from a DataFrame.
Try using .loc[row_indexer,col_indexer] = value instead

See the caveats in the documentation: https://pandas.pydata.org/pandas-docs/stable/user_guide/indexing.html#returning-a-view-versus-a-copy
  x_val['datetime'] = pd.to_datetime(x_val['Date']) + pd.to_timedelta(x_val['Hour'], unit='h')

2025-10-08 16:47:25,785:WARNING:/tmp/ipykernel_19706/1600589230.py:11: SettingWithCopyWarning: 
A value is trying to be set on a copy of a slice from a DataFrame.
Try using .loc[row_indexer,col_indexer] = value instead

See the caveats in the documentation: https://pandas.pydata.org/pandas-docs/stable/user_guide/indexing.html#returning-a-view-versus-a-copy
  y_val['datetime'] = pd.to_datetime(y_val['Date']) + pd.to_timedelta(y_val['Hour'], unit='h')

2025-10-08 16:51:38,337:WARNING:/tmp/ipykernel_19706/3032725704.py:6: SettingWithCopyWarning: 
A value is trying to be set on a copy of a slice from a DataFrame.
Try using .loc[row_indexer,col_indexer] = value instead

See the caveats in the documentation: https://pandas.pydata.org/pandas-docs/stable/user_guide/indexing.html#returning-a-view-versus-a-copy
  df['day_of_week'] = df['Date'].dt.dayofweek

2025-10-08 16:51:38,337:WARNING:/tmp/ipykernel_19706/3032725704.py:7: SettingWithCopyWarning: 
A value is trying to be set on a copy of a slice from a DataFrame.
Try using .loc[row_indexer,col_indexer] = value instead

See the caveats in the documentation: https://pandas.pydata.org/pandas-docs/stable/user_guide/indexing.html#returning-a-view-versus-a-copy
  df['month'] = df['Date'].dt.month

2025-10-08 16:51:38,338:WARNING:/tmp/ipykernel_19706/3032725704.py:8: SettingWithCopyWarning: 
A value is trying to be set on a copy of a slice from a DataFrame.
Try using .loc[row_indexer,col_indexer] = value instead

See the caveats in the documentation: https://pandas.pydata.org/pandas-docs/stable/user_guide/indexing.html#returning-a-view-versus-a-copy
  df['day_of_month'] = df['Date'].dt.day

2025-10-08 16:51:38,339:WARNING:/tmp/ipykernel_19706/3032725704.py:9: SettingWithCopyWarning: 
A value is trying to be set on a copy of a slice from a DataFrame.
Try using .loc[row_indexer,col_indexer] = value instead

See the caveats in the documentation: https://pandas.pydata.org/pandas-docs/stable/user_guide/indexing.html#returning-a-view-versus-a-copy
  df['is_weekend'] = df['day_of_week'].isin([5, 6]).astype(int)

2025-10-08 16:51:38,339:WARNING:/tmp/ipykernel_19706/3032725704.py:12: SettingWithCopyWarning: 
A value is trying to be set on a copy of a slice from a DataFrame.
Try using .loc[row_indexer,col_indexer] = value instead

See the caveats in the documentation: https://pandas.pydata.org/pandas-docs/stable/user_guide/indexing.html#returning-a-view-versus-a-copy
  df['day_of_week_sin'] = np.sin(2 * np.pi * df['day_of_week'] / 7)

2025-10-08 16:51:38,340:WARNING:/tmp/ipykernel_19706/3032725704.py:13: SettingWithCopyWarning: 
A value is trying to be set on a copy of a slice from a DataFrame.
Try using .loc[row_indexer,col_indexer] = value instead

See the caveats in the documentation: https://pandas.pydata.org/pandas-docs/stable/user_guide/indexing.html#returning-a-view-versus-a-copy
  df['day_of_week_cos'] = np.cos(2 * np.pi * df['day_of_week'] / 7)

2025-10-08 16:51:38,340:WARNING:/tmp/ipykernel_19706/3032725704.py:14: SettingWithCopyWarning: 
A value is trying to be set on a copy of a slice from a DataFrame.
Try using .loc[row_indexer,col_indexer] = value instead

See the caveats in the documentation: https://pandas.pydata.org/pandas-docs/stable/user_guide/indexing.html#returning-a-view-versus-a-copy
  df['month_sin'] = np.sin(2 * np.pi * df['month'] / 12)

2025-10-08 16:51:38,340:WARNING:/tmp/ipykernel_19706/3032725704.py:15: SettingWithCopyWarning: 
A value is trying to be set on a copy of a slice from a DataFrame.
Try using .loc[row_indexer,col_indexer] = value instead

See the caveats in the documentation: https://pandas.pydata.org/pandas-docs/stable/user_guide/indexing.html#returning-a-view-versus-a-copy
  df['month_cos'] = np.cos(2 * np.pi * df['month'] / 12)

2025-10-08 16:51:38,341:WARNING:/tmp/ipykernel_19706/3032725704.py:16: SettingWithCopyWarning: 
A value is trying to be set on a copy of a slice from a DataFrame.
Try using .loc[row_indexer,col_indexer] = value instead

See the caveats in the documentation: https://pandas.pydata.org/pandas-docs/stable/user_guide/indexing.html#returning-a-view-versus-a-copy
  df['hour_sin'] = np.sin(2 * np.pi * df['Hour'] / 24)

2025-10-08 16:51:38,341:WARNING:/tmp/ipykernel_19706/3032725704.py:17: SettingWithCopyWarning: 
A value is trying to be set on a copy of a slice from a DataFrame.
Try using .loc[row_indexer,col_indexer] = value instead

See the caveats in the documentation: https://pandas.pydata.org/pandas-docs/stable/user_guide/indexing.html#returning-a-view-versus-a-copy
  df['hour_cos'] = np.cos(2 * np.pi * df['Hour'] / 24)

2025-10-08 16:51:38,342:WARNING:/tmp/ipykernel_19706/3032725704.py:20: SettingWithCopyWarning: 
A value is trying to be set on a copy of a slice from a DataFrame.
Try using .loc[row_indexer,col_indexer] = value instead

See the caveats in the documentation: https://pandas.pydata.org/pandas-docs/stable/user_guide/indexing.html#returning-a-view-versus-a-copy
  df['season'] = ((df['month'] % 12 + 3) // 3).astype(int)  # 1: Winter, 2: Spring, 3: Summer, 4: Fall

2025-10-08 16:51:38,352:WARNING:/tmp/ipykernel_19706/3032725704.py:74: SettingWithCopyWarning: 
A value is trying to be set on a copy of a slice from a DataFrame.
Try using .loc[row_indexer,col_indexer] = value instead

See the caveats in the documentation: https://pandas.pydata.org/pandas-docs/stable/user_guide/indexing.html#returning-a-view-versus-a-copy
  df['is_holiday'] = df['Date'].isin(us_holidays).astype(int)

2025-10-08 16:52:40,328:WARNING:/tmp/ipykernel_19706/2093695272.py:6: SettingWithCopyWarning: 
A value is trying to be set on a copy of a slice from a DataFrame.
Try using .loc[row_indexer,col_indexer] = value instead

See the caveats in the documentation: https://pandas.pydata.org/pandas-docs/stable/user_guide/indexing.html#returning-a-view-versus-a-copy
  df['day_of_week'] = df['Date'].dt.dayofweek

2025-10-08 16:52:40,329:WARNING:/tmp/ipykernel_19706/2093695272.py:7: SettingWithCopyWarning: 
A value is trying to be set on a copy of a slice from a DataFrame.
Try using .loc[row_indexer,col_indexer] = value instead

See the caveats in the documentation: https://pandas.pydata.org/pandas-docs/stable/user_guide/indexing.html#returning-a-view-versus-a-copy
  df['month'] = df['Date'].dt.month

2025-10-08 16:52:40,329:WARNING:/tmp/ipykernel_19706/2093695272.py:8: SettingWithCopyWarning: 
A value is trying to be set on a copy of a slice from a DataFrame.
Try using .loc[row_indexer,col_indexer] = value instead

See the caveats in the documentation: https://pandas.pydata.org/pandas-docs/stable/user_guide/indexing.html#returning-a-view-versus-a-copy
  df['day_of_month'] = df['Date'].dt.day

2025-10-08 16:52:40,330:WARNING:/tmp/ipykernel_19706/2093695272.py:9: SettingWithCopyWarning: 
A value is trying to be set on a copy of a slice from a DataFrame.
Try using .loc[row_indexer,col_indexer] = value instead

See the caveats in the documentation: https://pandas.pydata.org/pandas-docs/stable/user_guide/indexing.html#returning-a-view-versus-a-copy
  df['is_weekend'] = df['day_of_week'].isin([5, 6]).astype(int)

2025-10-08 16:52:40,331:WARNING:/tmp/ipykernel_19706/2093695272.py:12: SettingWithCopyWarning: 
A value is trying to be set on a copy of a slice from a DataFrame.
Try using .loc[row_indexer,col_indexer] = value instead

See the caveats in the documentation: https://pandas.pydata.org/pandas-docs/stable/user_guide/indexing.html#returning-a-view-versus-a-copy
  df['day_of_week_sin'] = np.sin(2 * np.pi * df['day_of_week'] / 7)

2025-10-08 16:52:40,332:WARNING:/tmp/ipykernel_19706/2093695272.py:13: SettingWithCopyWarning: 
A value is trying to be set on a copy of a slice from a DataFrame.
Try using .loc[row_indexer,col_indexer] = value instead

See the caveats in the documentation: https://pandas.pydata.org/pandas-docs/stable/user_guide/indexing.html#returning-a-view-versus-a-copy
  df['day_of_week_cos'] = np.cos(2 * np.pi * df['day_of_week'] / 7)

2025-10-08 16:52:40,332:WARNING:/tmp/ipykernel_19706/2093695272.py:14: SettingWithCopyWarning: 
A value is trying to be set on a copy of a slice from a DataFrame.
Try using .loc[row_indexer,col_indexer] = value instead

See the caveats in the documentation: https://pandas.pydata.org/pandas-docs/stable/user_guide/indexing.html#returning-a-view-versus-a-copy
  df['month_sin'] = np.sin(2 * np.pi * df['month'] / 12)

2025-10-08 16:52:40,333:WARNING:/tmp/ipykernel_19706/2093695272.py:15: SettingWithCopyWarning: 
A value is trying to be set on a copy of a slice from a DataFrame.
Try using .loc[row_indexer,col_indexer] = value instead

See the caveats in the documentation: https://pandas.pydata.org/pandas-docs/stable/user_guide/indexing.html#returning-a-view-versus-a-copy
  df['month_cos'] = np.cos(2 * np.pi * df['month'] / 12)

2025-10-08 16:52:40,334:WARNING:/tmp/ipykernel_19706/2093695272.py:16: SettingWithCopyWarning: 
A value is trying to be set on a copy of a slice from a DataFrame.
Try using .loc[row_indexer,col_indexer] = value instead

See the caveats in the documentation: https://pandas.pydata.org/pandas-docs/stable/user_guide/indexing.html#returning-a-view-versus-a-copy
  df['hour_sin'] = np.sin(2 * np.pi * df['Hour'] / 24)

2025-10-08 16:52:40,334:WARNING:/tmp/ipykernel_19706/2093695272.py:17: SettingWithCopyWarning: 
A value is trying to be set on a copy of a slice from a DataFrame.
Try using .loc[row_indexer,col_indexer] = value instead

See the caveats in the documentation: https://pandas.pydata.org/pandas-docs/stable/user_guide/indexing.html#returning-a-view-versus-a-copy
  df['hour_cos'] = np.cos(2 * np.pi * df['Hour'] / 24)

2025-10-08 16:52:40,335:WARNING:/tmp/ipykernel_19706/2093695272.py:20: SettingWithCopyWarning: 
A value is trying to be set on a copy of a slice from a DataFrame.
Try using .loc[row_indexer,col_indexer] = value instead

See the caveats in the documentation: https://pandas.pydata.org/pandas-docs/stable/user_guide/indexing.html#returning-a-view-versus-a-copy
  df['season'] = ((df['month'] % 12 + 3) // 3).astype(int)  # 1: Winter, 2: Spring, 3: Summer, 4: Fall

2025-10-08 16:52:40,338:WARNING:/tmp/ipykernel_19706/2093695272.py:77: SettingWithCopyWarning: 
A value is trying to be set on a copy of a slice from a DataFrame.
Try using .loc[row_indexer,col_indexer] = value instead

See the caveats in the documentation: https://pandas.pydata.org/pandas-docs/stable/user_guide/indexing.html#returning-a-view-versus-a-copy
  df['is_holiday'] = df['Date'].isin(us_holidays).astype(int)

2025-10-08 16:52:40,360:WARNING:/tmp/ipykernel_19706/2093695272.py:80: SettingWithCopyWarning: 
A value is trying to be set on a copy of a slice from a DataFrame.
Try using .loc[row_indexer,col_indexer] = value instead

See the caveats in the documentation: https://pandas.pydata.org/pandas-docs/stable/user_guide/indexing.html#returning-a-view-versus-a-copy
  df['holiday_name'] = df['Date'].apply(lambda x: get_holiday_name(x.date(), us_holidays))

2025-10-08 16:52:40,362:WARNING:/tmp/ipykernel_19706/2093695272.py:83: SettingWithCopyWarning: 
A value is trying to be set on a copy of a slice from a DataFrame.
Try using .loc[row_indexer,col_indexer] = value instead

See the caveats in the documentation: https://pandas.pydata.org/pandas-docs/stable/user_guide/indexing.html#returning-a-view-versus-a-copy
  df['holiday_type'] = df['holiday_name'].map(HOLIDAY_CATEGORY_MAP)

2025-10-08 16:52:40,363:WARNING:/tmp/ipykernel_19706/2093695272.py:86: SettingWithCopyWarning: 
A value is trying to be set on a copy of a slice from a DataFrame.
Try using .loc[row_indexer,col_indexer] = value instead

See the caveats in the documentation: https://pandas.pydata.org/pandas-docs/stable/user_guide/indexing.html#returning-a-view-versus-a-copy
  df['holiday_type_int'] = df['holiday_type'].astype('category').cat.codes

2025-10-08 16:52:40,366:WARNING:/tmp/ipykernel_19706/2093695272.py:92: SettingWithCopyWarning: 
A value is trying to be set on a copy of a slice from a DataFrame.
Try using .loc[row_indexer,col_indexer] = value instead

See the caveats in the documentation: https://pandas.pydata.org/pandas-docs/stable/user_guide/indexing.html#returning-a-view-versus-a-copy
  df['max_station_temp'] = stations_temp_df.max(axis=1)

2025-10-08 16:52:40,367:WARNING:/tmp/ipykernel_19706/2093695272.py:93: SettingWithCopyWarning: 
A value is trying to be set on a copy of a slice from a DataFrame.
Try using .loc[row_indexer,col_indexer] = value instead

See the caveats in the documentation: https://pandas.pydata.org/pandas-docs/stable/user_guide/indexing.html#returning-a-view-versus-a-copy
  df['min_station_temp'] = stations_temp_df.min(axis=1)

2025-10-08 16:52:40,369:WARNING:/tmp/ipykernel_19706/2093695272.py:94: SettingWithCopyWarning: 
A value is trying to be set on a copy of a slice from a DataFrame.
Try using .loc[row_indexer,col_indexer] = value instead

See the caveats in the documentation: https://pandas.pydata.org/pandas-docs/stable/user_guide/indexing.html#returning-a-view-versus-a-copy
  df['mean_station_temp'] = stations_temp_df.mean(axis=1)

2025-10-08 16:52:40,371:WARNING:/tmp/ipykernel_19706/2093695272.py:95: SettingWithCopyWarning: 
A value is trying to be set on a copy of a slice from a DataFrame.
Try using .loc[row_indexer,col_indexer] = value instead

See the caveats in the documentation: https://pandas.pydata.org/pandas-docs/stable/user_guide/indexing.html#returning-a-view-versus-a-copy
  df['std_station_temp'] = stations_temp_df.std(axis=1)

2025-10-08 16:52:40,371:WARNING:/tmp/ipykernel_19706/2093695272.py:96: SettingWithCopyWarning: 
A value is trying to be set on a copy of a slice from a DataFrame.
Try using .loc[row_indexer,col_indexer] = value instead

See the caveats in the documentation: https://pandas.pydata.org/pandas-docs/stable/user_guide/indexing.html#returning-a-view-versus-a-copy
  df['temp_diff_stations'] = df['max_station_temp'] - df['min_station_temp']

2025-10-08 16:52:51,006:WARNING:/tmp/ipykernel_19706/924126247.py:6: SettingWithCopyWarning: 
A value is trying to be set on a copy of a slice from a DataFrame.
Try using .loc[row_indexer,col_indexer] = value instead

See the caveats in the documentation: https://pandas.pydata.org/pandas-docs/stable/user_guide/indexing.html#returning-a-view-versus-a-copy
  df['day_of_week'] = df['Date'].dt.dayofweek

2025-10-08 16:52:51,007:WARNING:/tmp/ipykernel_19706/924126247.py:7: SettingWithCopyWarning: 
A value is trying to be set on a copy of a slice from a DataFrame.
Try using .loc[row_indexer,col_indexer] = value instead

See the caveats in the documentation: https://pandas.pydata.org/pandas-docs/stable/user_guide/indexing.html#returning-a-view-versus-a-copy
  df['month'] = df['Date'].dt.month

2025-10-08 16:52:51,007:WARNING:/tmp/ipykernel_19706/924126247.py:8: SettingWithCopyWarning: 
A value is trying to be set on a copy of a slice from a DataFrame.
Try using .loc[row_indexer,col_indexer] = value instead

See the caveats in the documentation: https://pandas.pydata.org/pandas-docs/stable/user_guide/indexing.html#returning-a-view-versus-a-copy
  df['day_of_month'] = df['Date'].dt.day

2025-10-08 16:52:51,008:WARNING:/tmp/ipykernel_19706/924126247.py:9: SettingWithCopyWarning: 
A value is trying to be set on a copy of a slice from a DataFrame.
Try using .loc[row_indexer,col_indexer] = value instead

See the caveats in the documentation: https://pandas.pydata.org/pandas-docs/stable/user_guide/indexing.html#returning-a-view-versus-a-copy
  df['is_weekend'] = df['day_of_week'].isin([5, 6]).astype(int)

2025-10-08 16:52:51,008:WARNING:/tmp/ipykernel_19706/924126247.py:12: SettingWithCopyWarning: 
A value is trying to be set on a copy of a slice from a DataFrame.
Try using .loc[row_indexer,col_indexer] = value instead

See the caveats in the documentation: https://pandas.pydata.org/pandas-docs/stable/user_guide/indexing.html#returning-a-view-versus-a-copy
  df['day_of_week_sin'] = np.sin(2 * np.pi * df['day_of_week'] / 7)

2025-10-08 16:52:51,009:WARNING:/tmp/ipykernel_19706/924126247.py:13: SettingWithCopyWarning: 
A value is trying to be set on a copy of a slice from a DataFrame.
Try using .loc[row_indexer,col_indexer] = value instead

See the caveats in the documentation: https://pandas.pydata.org/pandas-docs/stable/user_guide/indexing.html#returning-a-view-versus-a-copy
  df['day_of_week_cos'] = np.cos(2 * np.pi * df['day_of_week'] / 7)

2025-10-08 16:52:51,009:WARNING:/tmp/ipykernel_19706/924126247.py:14: SettingWithCopyWarning: 
A value is trying to be set on a copy of a slice from a DataFrame.
Try using .loc[row_indexer,col_indexer] = value instead

See the caveats in the documentation: https://pandas.pydata.org/pandas-docs/stable/user_guide/indexing.html#returning-a-view-versus-a-copy
  df['month_sin'] = np.sin(2 * np.pi * df['month'] / 12)

2025-10-08 16:52:51,010:WARNING:/tmp/ipykernel_19706/924126247.py:15: SettingWithCopyWarning: 
A value is trying to be set on a copy of a slice from a DataFrame.
Try using .loc[row_indexer,col_indexer] = value instead

See the caveats in the documentation: https://pandas.pydata.org/pandas-docs/stable/user_guide/indexing.html#returning-a-view-versus-a-copy
  df['month_cos'] = np.cos(2 * np.pi * df['month'] / 12)

2025-10-08 16:52:51,010:WARNING:/tmp/ipykernel_19706/924126247.py:16: SettingWithCopyWarning: 
A value is trying to be set on a copy of a slice from a DataFrame.
Try using .loc[row_indexer,col_indexer] = value instead

See the caveats in the documentation: https://pandas.pydata.org/pandas-docs/stable/user_guide/indexing.html#returning-a-view-versus-a-copy
  df['hour_sin'] = np.sin(2 * np.pi * df['Hour'] / 24)

2025-10-08 16:52:51,011:WARNING:/tmp/ipykernel_19706/924126247.py:17: SettingWithCopyWarning: 
A value is trying to be set on a copy of a slice from a DataFrame.
Try using .loc[row_indexer,col_indexer] = value instead

See the caveats in the documentation: https://pandas.pydata.org/pandas-docs/stable/user_guide/indexing.html#returning-a-view-versus-a-copy
  df['hour_cos'] = np.cos(2 * np.pi * df['Hour'] / 24)

2025-10-08 16:52:51,012:WARNING:/tmp/ipykernel_19706/924126247.py:20: SettingWithCopyWarning: 
A value is trying to be set on a copy of a slice from a DataFrame.
Try using .loc[row_indexer,col_indexer] = value instead

See the caveats in the documentation: https://pandas.pydata.org/pandas-docs/stable/user_guide/indexing.html#returning-a-view-versus-a-copy
  df['season'] = ((df['month'] % 12 + 3) // 3).astype(int)  # 1: Winter, 2: Spring, 3: Summer, 4: Fall

2025-10-08 16:52:51,015:WARNING:/tmp/ipykernel_19706/924126247.py:77: SettingWithCopyWarning: 
A value is trying to be set on a copy of a slice from a DataFrame.
Try using .loc[row_indexer,col_indexer] = value instead

See the caveats in the documentation: https://pandas.pydata.org/pandas-docs/stable/user_guide/indexing.html#returning-a-view-versus-a-copy
  df['is_holiday'] = df['Date'].isin(us_holidays).astype(int)

2025-10-08 16:52:51,052:WARNING:/tmp/ipykernel_19706/924126247.py:80: SettingWithCopyWarning: 
A value is trying to be set on a copy of a slice from a DataFrame.
Try using .loc[row_indexer,col_indexer] = value instead

See the caveats in the documentation: https://pandas.pydata.org/pandas-docs/stable/user_guide/indexing.html#returning-a-view-versus-a-copy
  df['holiday_name'] = df['Date'].apply(lambda x: get_holiday_name(x.date(), us_holidays))

2025-10-08 16:52:51,054:WARNING:/tmp/ipykernel_19706/924126247.py:83: SettingWithCopyWarning: 
A value is trying to be set on a copy of a slice from a DataFrame.
Try using .loc[row_indexer,col_indexer] = value instead

See the caveats in the documentation: https://pandas.pydata.org/pandas-docs/stable/user_guide/indexing.html#returning-a-view-versus-a-copy
  df['holiday_type'] = df['holiday_name'].map(HOLIDAY_CATEGORY_MAP)

2025-10-08 16:52:51,056:WARNING:/tmp/ipykernel_19706/924126247.py:86: SettingWithCopyWarning: 
A value is trying to be set on a copy of a slice from a DataFrame.
Try using .loc[row_indexer,col_indexer] = value instead

See the caveats in the documentation: https://pandas.pydata.org/pandas-docs/stable/user_guide/indexing.html#returning-a-view-versus-a-copy
  df['holiday_type_int'] = df['holiday_type'].astype('category').cat.codes

2025-10-08 16:52:51,061:WARNING:/tmp/ipykernel_19706/924126247.py:92: SettingWithCopyWarning: 
A value is trying to be set on a copy of a slice from a DataFrame.
Try using .loc[row_indexer,col_indexer] = value instead

See the caveats in the documentation: https://pandas.pydata.org/pandas-docs/stable/user_guide/indexing.html#returning-a-view-versus-a-copy
  df['max_station_temp'] = stations_temp_df.max(axis=1)

2025-10-08 16:52:51,065:WARNING:/tmp/ipykernel_19706/924126247.py:93: SettingWithCopyWarning: 
A value is trying to be set on a copy of a slice from a DataFrame.
Try using .loc[row_indexer,col_indexer] = value instead

See the caveats in the documentation: https://pandas.pydata.org/pandas-docs/stable/user_guide/indexing.html#returning-a-view-versus-a-copy
  df['min_station_temp'] = stations_temp_df.min(axis=1)

2025-10-08 16:52:51,069:WARNING:/tmp/ipykernel_19706/924126247.py:94: SettingWithCopyWarning: 
A value is trying to be set on a copy of a slice from a DataFrame.
Try using .loc[row_indexer,col_indexer] = value instead

See the caveats in the documentation: https://pandas.pydata.org/pandas-docs/stable/user_guide/indexing.html#returning-a-view-versus-a-copy
  df['mean_station_temp'] = stations_temp_df.mean(axis=1)

2025-10-08 16:52:51,074:WARNING:/tmp/ipykernel_19706/924126247.py:95: SettingWithCopyWarning: 
A value is trying to be set on a copy of a slice from a DataFrame.
Try using .loc[row_indexer,col_indexer] = value instead

See the caveats in the documentation: https://pandas.pydata.org/pandas-docs/stable/user_guide/indexing.html#returning-a-view-versus-a-copy
  df['std_station_temp'] = stations_temp_df.std(axis=1)

2025-10-08 16:52:51,075:WARNING:/tmp/ipykernel_19706/924126247.py:96: SettingWithCopyWarning: 
A value is trying to be set on a copy of a slice from a DataFrame.
Try using .loc[row_indexer,col_indexer] = value instead

See the caveats in the documentation: https://pandas.pydata.org/pandas-docs/stable/user_guide/indexing.html#returning-a-view-versus-a-copy
  df['temp_diff_stations'] = df['max_station_temp'] - df['min_station_temp']

2025-10-08 16:53:39,574:WARNING:/tmp/ipykernel_19706/924126247.py:6: SettingWithCopyWarning: 
A value is trying to be set on a copy of a slice from a DataFrame.
Try using .loc[row_indexer,col_indexer] = value instead

See the caveats in the documentation: https://pandas.pydata.org/pandas-docs/stable/user_guide/indexing.html#returning-a-view-versus-a-copy
  df['day_of_week'] = df['Date'].dt.dayofweek

2025-10-08 16:53:39,574:WARNING:/tmp/ipykernel_19706/924126247.py:7: SettingWithCopyWarning: 
A value is trying to be set on a copy of a slice from a DataFrame.
Try using .loc[row_indexer,col_indexer] = value instead

See the caveats in the documentation: https://pandas.pydata.org/pandas-docs/stable/user_guide/indexing.html#returning-a-view-versus-a-copy
  df['month'] = df['Date'].dt.month

2025-10-08 16:53:39,575:WARNING:/tmp/ipykernel_19706/924126247.py:8: SettingWithCopyWarning: 
A value is trying to be set on a copy of a slice from a DataFrame.
Try using .loc[row_indexer,col_indexer] = value instead

See the caveats in the documentation: https://pandas.pydata.org/pandas-docs/stable/user_guide/indexing.html#returning-a-view-versus-a-copy
  df['day_of_month'] = df['Date'].dt.day

2025-10-08 16:53:39,575:WARNING:/tmp/ipykernel_19706/924126247.py:9: SettingWithCopyWarning: 
A value is trying to be set on a copy of a slice from a DataFrame.
Try using .loc[row_indexer,col_indexer] = value instead

See the caveats in the documentation: https://pandas.pydata.org/pandas-docs/stable/user_guide/indexing.html#returning-a-view-versus-a-copy
  df['is_weekend'] = df['day_of_week'].isin([5, 6]).astype(int)

2025-10-08 16:53:39,576:WARNING:/tmp/ipykernel_19706/924126247.py:12: SettingWithCopyWarning: 
A value is trying to be set on a copy of a slice from a DataFrame.
Try using .loc[row_indexer,col_indexer] = value instead

See the caveats in the documentation: https://pandas.pydata.org/pandas-docs/stable/user_guide/indexing.html#returning-a-view-versus-a-copy
  df['day_of_week_sin'] = np.sin(2 * np.pi * df['day_of_week'] / 7)

2025-10-08 16:53:39,576:WARNING:/tmp/ipykernel_19706/924126247.py:13: SettingWithCopyWarning: 
A value is trying to be set on a copy of a slice from a DataFrame.
Try using .loc[row_indexer,col_indexer] = value instead

See the caveats in the documentation: https://pandas.pydata.org/pandas-docs/stable/user_guide/indexing.html#returning-a-view-versus-a-copy
  df['day_of_week_cos'] = np.cos(2 * np.pi * df['day_of_week'] / 7)

2025-10-08 16:53:39,576:WARNING:/tmp/ipykernel_19706/924126247.py:14: SettingWithCopyWarning: 
A value is trying to be set on a copy of a slice from a DataFrame.
Try using .loc[row_indexer,col_indexer] = value instead

See the caveats in the documentation: https://pandas.pydata.org/pandas-docs/stable/user_guide/indexing.html#returning-a-view-versus-a-copy
  df['month_sin'] = np.sin(2 * np.pi * df['month'] / 12)

2025-10-08 16:53:39,577:WARNING:/tmp/ipykernel_19706/924126247.py:15: SettingWithCopyWarning: 
A value is trying to be set on a copy of a slice from a DataFrame.
Try using .loc[row_indexer,col_indexer] = value instead

See the caveats in the documentation: https://pandas.pydata.org/pandas-docs/stable/user_guide/indexing.html#returning-a-view-versus-a-copy
  df['month_cos'] = np.cos(2 * np.pi * df['month'] / 12)

2025-10-08 16:53:39,577:WARNING:/tmp/ipykernel_19706/924126247.py:16: SettingWithCopyWarning: 
A value is trying to be set on a copy of a slice from a DataFrame.
Try using .loc[row_indexer,col_indexer] = value instead

See the caveats in the documentation: https://pandas.pydata.org/pandas-docs/stable/user_guide/indexing.html#returning-a-view-versus-a-copy
  df['hour_sin'] = np.sin(2 * np.pi * df['Hour'] / 24)

2025-10-08 16:53:39,578:WARNING:/tmp/ipykernel_19706/924126247.py:17: SettingWithCopyWarning: 
A value is trying to be set on a copy of a slice from a DataFrame.
Try using .loc[row_indexer,col_indexer] = value instead

See the caveats in the documentation: https://pandas.pydata.org/pandas-docs/stable/user_guide/indexing.html#returning-a-view-versus-a-copy
  df['hour_cos'] = np.cos(2 * np.pi * df['Hour'] / 24)

2025-10-08 16:53:39,578:WARNING:/tmp/ipykernel_19706/924126247.py:20: SettingWithCopyWarning: 
A value is trying to be set on a copy of a slice from a DataFrame.
Try using .loc[row_indexer,col_indexer] = value instead

See the caveats in the documentation: https://pandas.pydata.org/pandas-docs/stable/user_guide/indexing.html#returning-a-view-versus-a-copy
  df['season'] = ((df['month'] % 12 + 3) // 3).astype(int)  # 1: Winter, 2: Spring, 3: Summer, 4: Fall

2025-10-08 16:53:39,580:WARNING:/tmp/ipykernel_19706/924126247.py:77: SettingWithCopyWarning: 
A value is trying to be set on a copy of a slice from a DataFrame.
Try using .loc[row_indexer,col_indexer] = value instead

See the caveats in the documentation: https://pandas.pydata.org/pandas-docs/stable/user_guide/indexing.html#returning-a-view-versus-a-copy
  df['is_holiday'] = df['Date'].isin(us_holidays).astype(int)

2025-10-08 16:53:39,592:WARNING:/tmp/ipykernel_19706/924126247.py:80: SettingWithCopyWarning: 
A value is trying to be set on a copy of a slice from a DataFrame.
Try using .loc[row_indexer,col_indexer] = value instead

See the caveats in the documentation: https://pandas.pydata.org/pandas-docs/stable/user_guide/indexing.html#returning-a-view-versus-a-copy
  df['holiday_name'] = df['Date'].apply(lambda x: get_holiday_name(x.date(), us_holidays))

2025-10-08 16:53:39,592:WARNING:/tmp/ipykernel_19706/924126247.py:83: SettingWithCopyWarning: 
A value is trying to be set on a copy of a slice from a DataFrame.
Try using .loc[row_indexer,col_indexer] = value instead

See the caveats in the documentation: https://pandas.pydata.org/pandas-docs/stable/user_guide/indexing.html#returning-a-view-versus-a-copy
  df['holiday_type'] = df['holiday_name'].map(HOLIDAY_CATEGORY_MAP)

2025-10-08 16:53:39,593:WARNING:/tmp/ipykernel_19706/924126247.py:86: SettingWithCopyWarning: 
A value is trying to be set on a copy of a slice from a DataFrame.
Try using .loc[row_indexer,col_indexer] = value instead

See the caveats in the documentation: https://pandas.pydata.org/pandas-docs/stable/user_guide/indexing.html#returning-a-view-versus-a-copy
  df['holiday_type_int'] = df['holiday_type'].astype('category').cat.codes

2025-10-08 16:53:39,595:WARNING:/tmp/ipykernel_19706/924126247.py:92: SettingWithCopyWarning: 
A value is trying to be set on a copy of a slice from a DataFrame.
Try using .loc[row_indexer,col_indexer] = value instead

See the caveats in the documentation: https://pandas.pydata.org/pandas-docs/stable/user_guide/indexing.html#returning-a-view-versus-a-copy
  df['max_station_temp'] = stations_temp_df.max(axis=1)

2025-10-08 16:53:39,596:WARNING:/tmp/ipykernel_19706/924126247.py:93: SettingWithCopyWarning: 
A value is trying to be set on a copy of a slice from a DataFrame.
Try using .loc[row_indexer,col_indexer] = value instead

See the caveats in the documentation: https://pandas.pydata.org/pandas-docs/stable/user_guide/indexing.html#returning-a-view-versus-a-copy
  df['min_station_temp'] = stations_temp_df.min(axis=1)

2025-10-08 16:53:39,597:WARNING:/tmp/ipykernel_19706/924126247.py:94: SettingWithCopyWarning: 
A value is trying to be set on a copy of a slice from a DataFrame.
Try using .loc[row_indexer,col_indexer] = value instead

See the caveats in the documentation: https://pandas.pydata.org/pandas-docs/stable/user_guide/indexing.html#returning-a-view-versus-a-copy
  df['mean_station_temp'] = stations_temp_df.mean(axis=1)

2025-10-08 16:53:39,598:WARNING:/tmp/ipykernel_19706/924126247.py:95: SettingWithCopyWarning: 
A value is trying to be set on a copy of a slice from a DataFrame.
Try using .loc[row_indexer,col_indexer] = value instead

See the caveats in the documentation: https://pandas.pydata.org/pandas-docs/stable/user_guide/indexing.html#returning-a-view-versus-a-copy
  df['std_station_temp'] = stations_temp_df.std(axis=1)

2025-10-08 16:53:39,599:WARNING:/tmp/ipykernel_19706/924126247.py:96: SettingWithCopyWarning: 
A value is trying to be set on a copy of a slice from a DataFrame.
Try using .loc[row_indexer,col_indexer] = value instead

See the caveats in the documentation: https://pandas.pydata.org/pandas-docs/stable/user_guide/indexing.html#returning-a-view-versus-a-copy
  df['temp_diff_stations'] = df['max_station_temp'] - df['min_station_temp']

2025-10-08 16:53:39,604:WARNING:/tmp/ipykernel_19706/1600589230.py:4: SettingWithCopyWarning: 
A value is trying to be set on a copy of a slice from a DataFrame.
Try using .loc[row_indexer,col_indexer] = value instead

See the caveats in the documentation: https://pandas.pydata.org/pandas-docs/stable/user_guide/indexing.html#returning-a-view-versus-a-copy
  x_val['datetime'] = pd.to_datetime(x_val['Date']) + pd.to_timedelta(x_val['Hour'], unit='h')

2025-10-08 16:53:39,614:WARNING:/tmp/ipykernel_19706/1600589230.py:11: SettingWithCopyWarning: 
A value is trying to be set on a copy of a slice from a DataFrame.
Try using .loc[row_indexer,col_indexer] = value instead

See the caveats in the documentation: https://pandas.pydata.org/pandas-docs/stable/user_guide/indexing.html#returning-a-view-versus-a-copy
  y_val['datetime'] = pd.to_datetime(y_val['Date']) + pd.to_timedelta(y_val['Hour'], unit='h')

2025-10-09 14:14:04,558:WARNING:
'cuml' is a soft dependency and not included in the pycaret installation. Please run: `pip install cuml` to install.
2025-10-09 14:14:04,558:WARNING:
'cuml' is a soft dependency and not included in the pycaret installation. Please run: `pip install cuml` to install.
2025-10-09 14:14:04,558:WARNING:
'cuml' is a soft dependency and not included in the pycaret installation. Please run: `pip install cuml` to install.
2025-10-09 14:14:04,558:WARNING:
'cuml' is a soft dependency and not included in the pycaret installation. Please run: `pip install cuml` to install.
2025-10-09 14:14:09,972:INFO:PyCaret RegressionExperiment
2025-10-09 14:14:09,972:INFO:Logging name: reg-default-name
2025-10-09 14:14:09,972:INFO:ML Usecase: MLUsecase.REGRESSION
2025-10-09 14:14:09,972:INFO:version 3.3.2
2025-10-09 14:14:09,972:INFO:Initializing setup()
2025-10-09 14:14:09,972:INFO:self.USI: 30b6
2025-10-09 14:14:09,972:INFO:self._variable_keys: {'exp_name_log', 'X_train', 'html_param', 'gpu_n_jobs_param', 'gpu_param', 'n_jobs_param', 'X', 'seed', 'log_plots_param', 'memory', 'exp_id', 'idx', 'USI', 'fold_groups_param', 'logging_param', 'X_test', 'y', 'transform_target_param', '_available_plots', 'data', 'fold_shuffle_param', '_ml_usecase', 'pipeline', 'y_test', 'y_train', 'fold_generator', 'target_param'}
2025-10-09 14:14:09,972:INFO:Checking environment
2025-10-09 14:14:09,972:INFO:python_version: 3.10.16
2025-10-09 14:14:09,972:INFO:python_build: ('main', 'Dec 11 2024 16:24:50')
2025-10-09 14:14:09,972:INFO:machine: x86_64
2025-10-09 14:14:09,972:INFO:platform: Linux-6.12.34-1-MANJARO-x86_64-with-glibc2.41
2025-10-09 14:14:09,972:INFO:Memory: svmem(total=24909275136, available=17287340032, percent=30.6, used=6085640192, free=13646647296, active=6731694080, inactive=2188214272, buffers=319987712, cached=4856999936, shared=1122816000, slab=437895168)
2025-10-09 14:14:09,973:INFO:Physical Core: 6
2025-10-09 14:14:09,973:INFO:Logical Core: 12
2025-10-09 14:14:09,973:INFO:Checking libraries
2025-10-09 14:14:09,973:INFO:System:
2025-10-09 14:14:09,973:INFO:    python: 3.10.16 (main, Dec 11 2024, 16:24:50) [GCC 11.2.0]
2025-10-09 14:14:09,973:INFO:executable: /home/leon/.conda/envs/ml_general/bin/python
2025-10-09 14:14:09,973:INFO:   machine: Linux-6.12.34-1-MANJARO-x86_64-with-glibc2.41
2025-10-09 14:14:09,973:INFO:PyCaret required dependencies:
2025-10-09 14:14:10,031:INFO:                 pip: 24.2
2025-10-09 14:14:10,031:INFO:          setuptools: 75.1.0
2025-10-09 14:14:10,031:INFO:             pycaret: 3.3.2
2025-10-09 14:14:10,031:INFO:             IPython: 8.12.3
2025-10-09 14:14:10,031:INFO:          ipywidgets: 8.1.5
2025-10-09 14:14:10,031:INFO:                tqdm: 4.66.5
2025-10-09 14:14:10,031:INFO:               numpy: 1.26.4
2025-10-09 14:14:10,031:INFO:              pandas: 2.1.4
2025-10-09 14:14:10,031:INFO:              jinja2: 3.1.5
2025-10-09 14:14:10,031:INFO:               scipy: 1.11.4
2025-10-09 14:14:10,031:INFO:              joblib: 1.3.2
2025-10-09 14:14:10,031:INFO:             sklearn: 1.4.2
2025-10-09 14:14:10,031:INFO:                pyod: 2.0.2
2025-10-09 14:14:10,031:INFO:            imblearn: 0.12.3
2025-10-09 14:14:10,031:INFO:   category_encoders: 2.6.3
2025-10-09 14:14:10,031:INFO:            lightgbm: 4.5.0
2025-10-09 14:14:10,031:INFO:               numba: 0.60.0
2025-10-09 14:14:10,031:INFO:            requests: 2.32.3
2025-10-09 14:14:10,031:INFO:          matplotlib: 3.7.0
2025-10-09 14:14:10,032:INFO:          scikitplot: 0.3.7
2025-10-09 14:14:10,032:INFO:         yellowbrick: 1.5
2025-10-09 14:14:10,032:INFO:              plotly: 5.24.1
2025-10-09 14:14:10,032:INFO:    plotly-resampler: Not installed
2025-10-09 14:14:10,032:INFO:             kaleido: 0.2.1
2025-10-09 14:14:10,032:INFO:           schemdraw: 0.15
2025-10-09 14:14:10,032:INFO:         statsmodels: 0.14.4
2025-10-09 14:14:10,032:INFO:              sktime: 0.26.0
2025-10-09 14:14:10,032:INFO:               tbats: 1.1.3
2025-10-09 14:14:10,032:INFO:            pmdarima: 2.0.4
2025-10-09 14:14:10,032:INFO:              psutil: 6.1.1
2025-10-09 14:14:10,032:INFO:          markupsafe: 2.1.5
2025-10-09 14:14:10,032:INFO:             pickle5: Not installed
2025-10-09 14:14:10,032:INFO:         cloudpickle: 3.0.0
2025-10-09 14:14:10,032:INFO:         deprecation: 2.1.0
2025-10-09 14:14:10,032:INFO:              xxhash: 3.5.0
2025-10-09 14:14:10,032:INFO:           wurlitzer: 3.1.1
2025-10-09 14:14:10,032:INFO:PyCaret optional dependencies:
2025-10-09 14:14:11,412:INFO:                shap: 0.44.1
2025-10-09 14:14:11,412:INFO:           interpret: 0.6.9
2025-10-09 14:14:11,412:INFO:                umap: 0.5.7
2025-10-09 14:14:11,412:INFO:     ydata_profiling: 4.12.2
2025-10-09 14:14:11,412:INFO:  explainerdashboard: 0.4.8
2025-10-09 14:14:11,412:INFO:             autoviz: Not installed
2025-10-09 14:14:11,412:INFO:           fairlearn: 0.7.0
2025-10-09 14:14:11,412:INFO:          deepchecks: Not installed
2025-10-09 14:14:11,412:INFO:             xgboost: 2.1.3
2025-10-09 14:14:11,412:INFO:            catboost: 1.2.7
2025-10-09 14:14:11,412:INFO:              kmodes: 0.12.2
2025-10-09 14:14:11,412:INFO:             mlxtend: 0.23.3
2025-10-09 14:14:11,412:INFO:       statsforecast: 1.5.0
2025-10-09 14:14:11,412:INFO:        tune_sklearn: 0.5.0
2025-10-09 14:14:11,412:INFO:                 ray: 2.41.0
2025-10-09 14:14:11,412:INFO:            hyperopt: 0.2.7
2025-10-09 14:14:11,412:INFO:              optuna: 4.2.0
2025-10-09 14:14:11,412:INFO:               skopt: 0.10.2
2025-10-09 14:14:11,412:INFO:              mlflow: 2.20.0
2025-10-09 14:14:11,412:INFO:              gradio: 5.13.1
2025-10-09 14:14:11,412:INFO:             fastapi: 0.115.7
2025-10-09 14:14:11,412:INFO:             uvicorn: 0.34.0
2025-10-09 14:14:11,412:INFO:              m2cgen: 0.10.0
2025-10-09 14:14:11,412:INFO:           evidently: 0.4.40
2025-10-09 14:14:11,412:INFO:               fugue: 0.8.7
2025-10-09 14:14:11,412:INFO:           streamlit: 1.41.1
2025-10-09 14:14:11,412:INFO:             prophet: Not installed
2025-10-09 14:14:11,412:INFO:None
2025-10-09 14:14:11,412:INFO:Set up data.
2025-10-09 14:14:11,430:INFO:Set up folding strategy.
2025-10-09 14:14:11,430:INFO:Set up train/test split.
2025-10-09 14:14:11,447:INFO:Set up index.
2025-10-09 14:14:11,447:INFO:Assigning column types.
2025-10-09 14:14:11,463:INFO:Engine successfully changes for model 'lr' to 'sklearn'.
2025-10-09 14:14:11,463:INFO:Engine for model 'lasso' has not been set explicitly, hence returning None.
2025-10-09 14:14:11,466:INFO:Engine for model 'ridge' has not been set explicitly, hence returning None.
2025-10-09 14:14:11,468:INFO:Engine for model 'en' has not been set explicitly, hence returning None.
2025-10-09 14:14:11,514:INFO:Engine for model 'svm' has not been set explicitly, hence returning None.
2025-10-09 14:14:11,541:INFO:Engine for model 'knn' has not been set explicitly, hence returning None.
2025-10-09 14:14:11,542:INFO:Soft dependency imported: xgboost: 2.1.3
2025-10-09 14:14:11,543:INFO:Soft dependency imported: catboost: 1.2.7
2025-10-09 14:14:11,584:INFO:Engine for model 'lasso' has not been set explicitly, hence returning None.
2025-10-09 14:14:11,587:INFO:Engine for model 'ridge' has not been set explicitly, hence returning None.
2025-10-09 14:14:11,590:INFO:Engine for model 'en' has not been set explicitly, hence returning None.
2025-10-09 14:14:11,636:INFO:Engine for model 'svm' has not been set explicitly, hence returning None.
2025-10-09 14:14:11,663:INFO:Engine for model 'knn' has not been set explicitly, hence returning None.
2025-10-09 14:14:11,663:INFO:Soft dependency imported: xgboost: 2.1.3
2025-10-09 14:14:11,665:INFO:Soft dependency imported: catboost: 1.2.7
2025-10-09 14:14:11,665:INFO:Engine successfully changes for model 'lasso' to 'sklearn'.
2025-10-09 14:14:11,668:INFO:Engine for model 'ridge' has not been set explicitly, hence returning None.
2025-10-09 14:14:11,671:INFO:Engine for model 'en' has not been set explicitly, hence returning None.
2025-10-09 14:14:11,717:INFO:Engine for model 'svm' has not been set explicitly, hence returning None.
2025-10-09 14:14:11,743:INFO:Engine for model 'knn' has not been set explicitly, hence returning None.
2025-10-09 14:14:11,744:INFO:Soft dependency imported: xgboost: 2.1.3
2025-10-09 14:14:11,745:INFO:Soft dependency imported: catboost: 1.2.7
2025-10-09 14:14:11,748:INFO:Engine for model 'ridge' has not been set explicitly, hence returning None.
2025-10-09 14:14:11,751:INFO:Engine for model 'en' has not been set explicitly, hence returning None.
2025-10-09 14:14:11,796:INFO:Engine for model 'svm' has not been set explicitly, hence returning None.
2025-10-09 14:14:11,823:INFO:Engine for model 'knn' has not been set explicitly, hence returning None.
2025-10-09 14:14:11,824:INFO:Soft dependency imported: xgboost: 2.1.3
2025-10-09 14:14:11,825:INFO:Soft dependency imported: catboost: 1.2.7
2025-10-09 14:14:11,826:INFO:Engine successfully changes for model 'ridge' to 'sklearn'.
2025-10-09 14:14:11,831:INFO:Engine for model 'en' has not been set explicitly, hence returning None.
2025-10-09 14:14:11,877:INFO:Engine for model 'svm' has not been set explicitly, hence returning None.
2025-10-09 14:14:11,905:INFO:Engine for model 'knn' has not been set explicitly, hence returning None.
2025-10-09 14:14:11,905:INFO:Soft dependency imported: xgboost: 2.1.3
2025-10-09 14:14:11,907:INFO:Soft dependency imported: catboost: 1.2.7
2025-10-09 14:14:11,913:INFO:Engine for model 'en' has not been set explicitly, hence returning None.
2025-10-09 14:14:11,961:INFO:Engine for model 'svm' has not been set explicitly, hence returning None.
2025-10-09 14:14:11,987:INFO:Engine for model 'knn' has not been set explicitly, hence returning None.
2025-10-09 14:14:11,988:INFO:Soft dependency imported: xgboost: 2.1.3
2025-10-09 14:14:11,989:INFO:Soft dependency imported: catboost: 1.2.7
2025-10-09 14:14:11,990:INFO:Engine successfully changes for model 'en' to 'sklearn'.
2025-10-09 14:14:12,042:INFO:Engine for model 'svm' has not been set explicitly, hence returning None.
2025-10-09 14:14:12,068:INFO:Engine for model 'knn' has not been set explicitly, hence returning None.
2025-10-09 14:14:12,069:INFO:Soft dependency imported: xgboost: 2.1.3
2025-10-09 14:14:12,070:INFO:Soft dependency imported: catboost: 1.2.7
2025-10-09 14:14:12,122:INFO:Engine for model 'svm' has not been set explicitly, hence returning None.
2025-10-09 14:14:12,149:INFO:Engine for model 'knn' has not been set explicitly, hence returning None.
2025-10-09 14:14:12,149:INFO:Soft dependency imported: xgboost: 2.1.3
2025-10-09 14:14:12,151:INFO:Soft dependency imported: catboost: 1.2.7
2025-10-09 14:14:12,151:INFO:Engine successfully changes for model 'knn' to 'sklearn'.
2025-10-09 14:14:12,203:INFO:Engine for model 'svm' has not been set explicitly, hence returning None.
2025-10-09 14:14:12,230:INFO:Soft dependency imported: xgboost: 2.1.3
2025-10-09 14:14:12,232:INFO:Soft dependency imported: catboost: 1.2.7
2025-10-09 14:14:12,284:INFO:Engine for model 'svm' has not been set explicitly, hence returning None.
2025-10-09 14:14:12,311:INFO:Soft dependency imported: xgboost: 2.1.3
2025-10-09 14:14:12,313:INFO:Soft dependency imported: catboost: 1.2.7
2025-10-09 14:14:12,313:INFO:Engine successfully changes for model 'svm' to 'sklearn'.
2025-10-09 14:14:12,392:INFO:Soft dependency imported: xgboost: 2.1.3
2025-10-09 14:14:12,394:INFO:Soft dependency imported: catboost: 1.2.7
2025-10-09 14:14:12,472:INFO:Soft dependency imported: xgboost: 2.1.3
2025-10-09 14:14:12,474:INFO:Soft dependency imported: catboost: 1.2.7
2025-10-09 14:14:12,477:INFO:Preparing preprocessing pipeline...
2025-10-09 14:14:12,478:INFO:Set up simple imputation.
2025-10-09 14:14:12,485:INFO:Set up encoding of categorical features.
2025-10-09 14:14:12,487:INFO:Set up column name cleaning.
2025-10-09 14:14:12,605:INFO:Finished creating preprocessing pipeline.
2025-10-09 14:14:12,613:INFO:Pipeline: Pipeline(memory=FastMemory(location=/tmp/joblib),
         steps=[('numerical_imputer',
                 TransformerWrapper(include=['temp_station_1', 'temp_station_2',
                                             'temp_station_3', 'temp_station_4',
                                             'temp_station_5', 'temp_station_6',
                                             'temp_station_7', 'temp_station_8',
                                             'temp_station_9',
                                             'temp_station_10',
                                             'temp_station_11',
                                             'temp_station_12',
                                             'temp_station_13',
                                             'temp_station_14',
                                             't...
                                    transformer=SimpleImputer())),
                ('categorical_imputer',
                 TransformerWrapper(include=['datetime'],
                                    transformer=SimpleImputer(strategy='most_frequent'))),
                ('rest_encoding',
                 TransformerWrapper(include=['datetime'],
                                    transformer=TargetEncoder(cols=['datetime'],
                                                              handle_missing='return_nan'))),
                ('clean_column_names',
                 TransformerWrapper(transformer=CleanColumnNames()))])
2025-10-09 14:14:12,613:INFO:Creating final display dataframe.
2025-10-09 14:14:12,942:INFO:Setup _display_container:                     Description             Value
0                    Session id               123
1                        Target              Load
2                   Target type        Regression
3           Original data shape       (17519, 62)
4        Transformed data shape       (17519, 62)
5   Transformed train set shape       (14015, 62)
6    Transformed test set shape        (3504, 62)
7              Numeric features                42
8          Categorical features                 1
9                    Preprocess              True
10              Imputation type            simple
11           Numeric imputation              mean
12       Categorical imputation              mode
13     Maximum one-hot encoding                25
14              Encoding method              None
15               Fold Generator             KFold
16                  Fold Number                 3
17                     CPU Jobs                -1
18                      Use GPU             False
19               Log Experiment             False
20              Experiment Name  reg-default-name
21                          USI              30b6
2025-10-09 14:14:13,026:INFO:Soft dependency imported: xgboost: 2.1.3
2025-10-09 14:14:13,028:INFO:Soft dependency imported: catboost: 1.2.7
2025-10-09 14:14:13,105:INFO:Soft dependency imported: xgboost: 2.1.3
2025-10-09 14:14:13,107:INFO:Soft dependency imported: catboost: 1.2.7
2025-10-09 14:14:13,108:INFO:setup() successfully completed in 3.14s...............
2025-10-09 14:14:17,057:INFO:Initializing compare_models()
2025-10-09 14:14:17,057:INFO:compare_models(self=<pycaret.regression.oop.RegressionExperiment object at 0x7f7817c15c90>, include=None, fold=None, round=4, cross_validation=True, sort=RMSE, n_select=3, budget_time=None, turbo=True, errors=ignore, fit_kwargs=None, groups=None, experiment_custom_tags=None, probability_threshold=None, verbose=True, parallel=None, caller_params={'self': <pycaret.regression.oop.RegressionExperiment object at 0x7f7817c15c90>, 'include': None, 'exclude': 'lightgbm', 'fold': None, 'round': 4, 'cross_validation': True, 'sort': 'RMSE', 'n_select': 3, 'budget_time': None, 'turbo': True, 'errors': 'ignore', 'fit_kwargs': None, 'groups': None, 'experiment_custom_tags': None, 'engine': None, 'verbose': True, 'parallel': None, '__class__': <class 'pycaret.regression.oop.RegressionExperiment'>}, exclude=lightgbm)
2025-10-09 14:14:17,057:INFO:Checking exceptions
2025-10-09 14:14:17,065:INFO:Preparing display monitor
2025-10-09 14:14:17,079:INFO:Initializing Linear Regression
2025-10-09 14:14:17,079:INFO:Total runtime is 3.1034151713053387e-06 minutes
2025-10-09 14:14:17,082:INFO:SubProcess create_model() called ==================================
2025-10-09 14:14:17,082:INFO:Initializing create_model()
2025-10-09 14:14:17,082:INFO:create_model(self=<pycaret.regression.oop.RegressionExperiment object at 0x7f7817c15c90>, estimator=lr, fold=KFold(n_splits=3, random_state=None, shuffle=False), round=4, cross_validation=True, predict=True, fit_kwargs={}, groups=None, refit=False, probability_threshold=None, experiment_custom_tags=None, verbose=False, system=False, add_to_model_list=True, metrics=None, display=<pycaret.internal.display.display.CommonDisplay object at 0x7f7817c21240>, model_only=True, return_train_score=False, error_score=0.0, kwargs={})
2025-10-09 14:14:17,082:INFO:Checking exceptions
2025-10-09 14:14:17,082:INFO:Importing libraries
2025-10-09 14:14:17,082:INFO:Copying training dataset
2025-10-09 14:14:17,102:INFO:Defining folds
2025-10-09 14:14:17,102:INFO:Declaring metric variables
2025-10-09 14:14:17,104:INFO:Importing untrained model
2025-10-09 14:14:17,107:INFO:Linear Regression Imported successfully
2025-10-09 14:14:17,111:INFO:Starting cross validation
2025-10-09 14:14:17,116:INFO:Cross validating with KFold(n_splits=3, random_state=None, shuffle=False), n_jobs=-1
2025-10-09 14:14:18,533:INFO:Calculating mean and std
2025-10-09 14:14:18,536:INFO:Creating metrics dataframe
2025-10-09 14:14:18,540:INFO:Uploading results into container
2025-10-09 14:14:18,541:INFO:Uploading model into container now
2025-10-09 14:14:18,542:INFO:_master_model_container: 1
2025-10-09 14:14:18,543:INFO:_display_container: 2
2025-10-09 14:14:18,543:INFO:LinearRegression(n_jobs=-1)
2025-10-09 14:14:18,543:INFO:create_model() successfully completed......................................
2025-10-09 14:14:18,709:INFO:SubProcess create_model() end ==================================
2025-10-09 14:14:18,709:INFO:Creating metrics dataframe
2025-10-09 14:14:18,714:INFO:Initializing Lasso Regression
2025-10-09 14:14:18,714:INFO:Total runtime is 0.02724333604176839 minutes
2025-10-09 14:14:18,716:INFO:SubProcess create_model() called ==================================
2025-10-09 14:14:18,717:INFO:Initializing create_model()
2025-10-09 14:14:18,717:INFO:create_model(self=<pycaret.regression.oop.RegressionExperiment object at 0x7f7817c15c90>, estimator=lasso, fold=KFold(n_splits=3, random_state=None, shuffle=False), round=4, cross_validation=True, predict=True, fit_kwargs={}, groups=None, refit=False, probability_threshold=None, experiment_custom_tags=None, verbose=False, system=False, add_to_model_list=True, metrics=None, display=<pycaret.internal.display.display.CommonDisplay object at 0x7f7817c21240>, model_only=True, return_train_score=False, error_score=0.0, kwargs={})
2025-10-09 14:14:18,717:INFO:Checking exceptions
2025-10-09 14:14:18,717:INFO:Importing libraries
2025-10-09 14:14:18,717:INFO:Copying training dataset
2025-10-09 14:14:18,751:INFO:Defining folds
2025-10-09 14:14:18,751:INFO:Declaring metric variables
2025-10-09 14:14:18,755:INFO:Importing untrained model
2025-10-09 14:14:18,759:INFO:Lasso Regression Imported successfully
2025-10-09 14:14:18,766:INFO:Starting cross validation
2025-10-09 14:14:18,768:INFO:Cross validating with KFold(n_splits=3, random_state=None, shuffle=False), n_jobs=-1
2025-10-09 14:14:19,923:INFO:Calculating mean and std
2025-10-09 14:14:19,925:INFO:Creating metrics dataframe
2025-10-09 14:14:19,928:INFO:Uploading results into container
2025-10-09 14:14:19,928:INFO:Uploading model into container now
2025-10-09 14:14:19,929:INFO:_master_model_container: 2
2025-10-09 14:14:19,929:INFO:_display_container: 2
2025-10-09 14:14:19,930:INFO:Lasso(random_state=123)
2025-10-09 14:14:19,930:INFO:create_model() successfully completed......................................
2025-10-09 14:14:20,059:INFO:SubProcess create_model() end ==================================
2025-10-09 14:14:20,060:INFO:Creating metrics dataframe
2025-10-09 14:14:20,064:INFO:Initializing Ridge Regression
2025-10-09 14:14:20,064:INFO:Total runtime is 0.049745357036590575 minutes
2025-10-09 14:14:20,066:INFO:SubProcess create_model() called ==================================
2025-10-09 14:14:20,067:INFO:Initializing create_model()
2025-10-09 14:14:20,067:INFO:create_model(self=<pycaret.regression.oop.RegressionExperiment object at 0x7f7817c15c90>, estimator=ridge, fold=KFold(n_splits=3, random_state=None, shuffle=False), round=4, cross_validation=True, predict=True, fit_kwargs={}, groups=None, refit=False, probability_threshold=None, experiment_custom_tags=None, verbose=False, system=False, add_to_model_list=True, metrics=None, display=<pycaret.internal.display.display.CommonDisplay object at 0x7f7817c21240>, model_only=True, return_train_score=False, error_score=0.0, kwargs={})
2025-10-09 14:14:20,067:INFO:Checking exceptions
2025-10-09 14:14:20,067:INFO:Importing libraries
2025-10-09 14:14:20,067:INFO:Copying training dataset
2025-10-09 14:14:20,086:INFO:Defining folds
2025-10-09 14:14:20,086:INFO:Declaring metric variables
2025-10-09 14:14:20,088:INFO:Importing untrained model
2025-10-09 14:14:20,094:INFO:Ridge Regression Imported successfully
2025-10-09 14:14:20,100:INFO:Starting cross validation
2025-10-09 14:14:20,101:INFO:Cross validating with KFold(n_splits=3, random_state=None, shuffle=False), n_jobs=-1
2025-10-09 14:14:21,247:INFO:Calculating mean and std
2025-10-09 14:14:21,248:INFO:Creating metrics dataframe
2025-10-09 14:14:21,249:INFO:Uploading results into container
2025-10-09 14:14:21,250:INFO:Uploading model into container now
2025-10-09 14:14:21,250:INFO:_master_model_container: 3
2025-10-09 14:14:21,250:INFO:_display_container: 2
2025-10-09 14:14:21,251:INFO:Ridge(random_state=123)
2025-10-09 14:14:21,251:INFO:create_model() successfully completed......................................
2025-10-09 14:14:21,382:INFO:SubProcess create_model() end ==================================
2025-10-09 14:14:21,382:INFO:Creating metrics dataframe
2025-10-09 14:14:21,387:INFO:Initializing Elastic Net
2025-10-09 14:14:21,387:INFO:Total runtime is 0.07179565032323201 minutes
2025-10-09 14:14:21,389:INFO:SubProcess create_model() called ==================================
2025-10-09 14:14:21,389:INFO:Initializing create_model()
2025-10-09 14:14:21,389:INFO:create_model(self=<pycaret.regression.oop.RegressionExperiment object at 0x7f7817c15c90>, estimator=en, fold=KFold(n_splits=3, random_state=None, shuffle=False), round=4, cross_validation=True, predict=True, fit_kwargs={}, groups=None, refit=False, probability_threshold=None, experiment_custom_tags=None, verbose=False, system=False, add_to_model_list=True, metrics=None, display=<pycaret.internal.display.display.CommonDisplay object at 0x7f7817c21240>, model_only=True, return_train_score=False, error_score=0.0, kwargs={})
2025-10-09 14:14:21,389:INFO:Checking exceptions
2025-10-09 14:14:21,389:INFO:Importing libraries
2025-10-09 14:14:21,389:INFO:Copying training dataset
2025-10-09 14:14:21,408:INFO:Defining folds
2025-10-09 14:14:21,408:INFO:Declaring metric variables
2025-10-09 14:14:21,411:INFO:Importing untrained model
2025-10-09 14:14:21,414:INFO:Elastic Net Imported successfully
2025-10-09 14:14:21,422:INFO:Starting cross validation
2025-10-09 14:14:21,424:INFO:Cross validating with KFold(n_splits=3, random_state=None, shuffle=False), n_jobs=-1
2025-10-09 14:14:22,614:INFO:Calculating mean and std
2025-10-09 14:14:22,616:INFO:Creating metrics dataframe
2025-10-09 14:14:22,618:INFO:Uploading results into container
2025-10-09 14:14:22,619:INFO:Uploading model into container now
2025-10-09 14:14:22,620:INFO:_master_model_container: 4
2025-10-09 14:14:22,620:INFO:_display_container: 2
2025-10-09 14:14:22,621:INFO:ElasticNet(random_state=123)
2025-10-09 14:14:22,621:INFO:create_model() successfully completed......................................
2025-10-09 14:14:22,754:INFO:SubProcess create_model() end ==================================
2025-10-09 14:14:22,754:INFO:Creating metrics dataframe
2025-10-09 14:14:22,759:INFO:Initializing Least Angle Regression
2025-10-09 14:14:22,759:INFO:Total runtime is 0.09466159741083781 minutes
2025-10-09 14:14:22,761:INFO:SubProcess create_model() called ==================================
2025-10-09 14:14:22,761:INFO:Initializing create_model()
2025-10-09 14:14:22,761:INFO:create_model(self=<pycaret.regression.oop.RegressionExperiment object at 0x7f7817c15c90>, estimator=lar, fold=KFold(n_splits=3, random_state=None, shuffle=False), round=4, cross_validation=True, predict=True, fit_kwargs={}, groups=None, refit=False, probability_threshold=None, experiment_custom_tags=None, verbose=False, system=False, add_to_model_list=True, metrics=None, display=<pycaret.internal.display.display.CommonDisplay object at 0x7f7817c21240>, model_only=True, return_train_score=False, error_score=0.0, kwargs={})
2025-10-09 14:14:22,761:INFO:Checking exceptions
2025-10-09 14:14:22,761:INFO:Importing libraries
2025-10-09 14:14:22,761:INFO:Copying training dataset
2025-10-09 14:14:22,781:INFO:Defining folds
2025-10-09 14:14:22,781:INFO:Declaring metric variables
2025-10-09 14:14:22,784:INFO:Importing untrained model
2025-10-09 14:14:22,787:INFO:Least Angle Regression Imported successfully
2025-10-09 14:14:22,791:INFO:Starting cross validation
2025-10-09 14:14:22,793:INFO:Cross validating with KFold(n_splits=3, random_state=None, shuffle=False), n_jobs=-1
2025-10-09 14:14:22,912:INFO:Calculating mean and std
2025-10-09 14:14:22,913:INFO:Creating metrics dataframe
2025-10-09 14:14:22,915:INFO:Uploading results into container
2025-10-09 14:14:22,915:INFO:Uploading model into container now
2025-10-09 14:14:22,915:INFO:_master_model_container: 5
2025-10-09 14:14:22,916:INFO:_display_container: 2
2025-10-09 14:14:22,916:INFO:Lars(random_state=123)
2025-10-09 14:14:22,916:INFO:create_model() successfully completed......................................
2025-10-09 14:14:23,042:INFO:SubProcess create_model() end ==================================
2025-10-09 14:14:23,042:INFO:Creating metrics dataframe
2025-10-09 14:14:23,048:INFO:Initializing Lasso Least Angle Regression
2025-10-09 14:14:23,048:INFO:Total runtime is 0.09947529236475626 minutes
2025-10-09 14:14:23,050:INFO:SubProcess create_model() called ==================================
2025-10-09 14:14:23,050:INFO:Initializing create_model()
2025-10-09 14:14:23,050:INFO:create_model(self=<pycaret.regression.oop.RegressionExperiment object at 0x7f7817c15c90>, estimator=llar, fold=KFold(n_splits=3, random_state=None, shuffle=False), round=4, cross_validation=True, predict=True, fit_kwargs={}, groups=None, refit=False, probability_threshold=None, experiment_custom_tags=None, verbose=False, system=False, add_to_model_list=True, metrics=None, display=<pycaret.internal.display.display.CommonDisplay object at 0x7f7817c21240>, model_only=True, return_train_score=False, error_score=0.0, kwargs={})
2025-10-09 14:14:23,050:INFO:Checking exceptions
2025-10-09 14:14:23,050:INFO:Importing libraries
2025-10-09 14:14:23,050:INFO:Copying training dataset
2025-10-09 14:14:23,070:INFO:Defining folds
2025-10-09 14:14:23,070:INFO:Declaring metric variables
2025-10-09 14:14:23,073:INFO:Importing untrained model
2025-10-09 14:14:23,075:INFO:Lasso Least Angle Regression Imported successfully
2025-10-09 14:14:23,080:INFO:Starting cross validation
2025-10-09 14:14:23,081:INFO:Cross validating with KFold(n_splits=3, random_state=None, shuffle=False), n_jobs=-1
2025-10-09 14:14:23,200:INFO:Calculating mean and std
2025-10-09 14:14:23,201:INFO:Creating metrics dataframe
2025-10-09 14:14:23,203:INFO:Uploading results into container
2025-10-09 14:14:23,203:INFO:Uploading model into container now
2025-10-09 14:14:23,204:INFO:_master_model_container: 6
2025-10-09 14:14:23,204:INFO:_display_container: 2
2025-10-09 14:14:23,204:INFO:LassoLars(random_state=123)
2025-10-09 14:14:23,204:INFO:create_model() successfully completed......................................
2025-10-09 14:14:23,329:INFO:SubProcess create_model() end ==================================
2025-10-09 14:14:23,329:INFO:Creating metrics dataframe
2025-10-09 14:14:23,335:INFO:Initializing Orthogonal Matching Pursuit
2025-10-09 14:14:23,335:INFO:Total runtime is 0.10425719420115152 minutes
2025-10-09 14:14:23,337:INFO:SubProcess create_model() called ==================================
2025-10-09 14:14:23,337:INFO:Initializing create_model()
2025-10-09 14:14:23,337:INFO:create_model(self=<pycaret.regression.oop.RegressionExperiment object at 0x7f7817c15c90>, estimator=omp, fold=KFold(n_splits=3, random_state=None, shuffle=False), round=4, cross_validation=True, predict=True, fit_kwargs={}, groups=None, refit=False, probability_threshold=None, experiment_custom_tags=None, verbose=False, system=False, add_to_model_list=True, metrics=None, display=<pycaret.internal.display.display.CommonDisplay object at 0x7f7817c21240>, model_only=True, return_train_score=False, error_score=0.0, kwargs={})
2025-10-09 14:14:23,337:INFO:Checking exceptions
2025-10-09 14:14:23,337:INFO:Importing libraries
2025-10-09 14:14:23,337:INFO:Copying training dataset
2025-10-09 14:14:23,357:INFO:Defining folds
2025-10-09 14:14:23,357:INFO:Declaring metric variables
2025-10-09 14:14:23,359:INFO:Importing untrained model
2025-10-09 14:14:23,362:INFO:Orthogonal Matching Pursuit Imported successfully
2025-10-09 14:14:23,367:INFO:Starting cross validation
2025-10-09 14:14:23,368:INFO:Cross validating with KFold(n_splits=3, random_state=None, shuffle=False), n_jobs=-1
2025-10-09 14:14:23,464:WARNING:/home/leon/.conda/envs/ml_general/lib/python3.10/site-packages/sklearn/utils/_param_validation.py:186: RuntimeWarning: Orthogonal matching pursuit ended prematurely due to linear dependence in the dictionary. The requested precision might not have been met.
  return func(*args, **kwargs)

2025-10-09 14:14:23,489:INFO:Calculating mean and std
2025-10-09 14:14:23,490:INFO:Creating metrics dataframe
2025-10-09 14:14:23,492:INFO:Uploading results into container
2025-10-09 14:14:23,492:INFO:Uploading model into container now
2025-10-09 14:14:23,493:INFO:_master_model_container: 7
2025-10-09 14:14:23,493:INFO:_display_container: 2
2025-10-09 14:14:23,494:INFO:OrthogonalMatchingPursuit()
2025-10-09 14:14:23,494:INFO:create_model() successfully completed......................................
2025-10-09 14:14:23,653:INFO:SubProcess create_model() end ==================================
2025-10-09 14:14:23,653:INFO:Creating metrics dataframe
2025-10-09 14:14:23,658:INFO:Initializing Bayesian Ridge
2025-10-09 14:14:23,658:INFO:Total runtime is 0.10965143044789631 minutes
2025-10-09 14:14:23,660:INFO:SubProcess create_model() called ==================================
2025-10-09 14:14:23,661:INFO:Initializing create_model()
2025-10-09 14:14:23,661:INFO:create_model(self=<pycaret.regression.oop.RegressionExperiment object at 0x7f7817c15c90>, estimator=br, fold=KFold(n_splits=3, random_state=None, shuffle=False), round=4, cross_validation=True, predict=True, fit_kwargs={}, groups=None, refit=False, probability_threshold=None, experiment_custom_tags=None, verbose=False, system=False, add_to_model_list=True, metrics=None, display=<pycaret.internal.display.display.CommonDisplay object at 0x7f7817c21240>, model_only=True, return_train_score=False, error_score=0.0, kwargs={})
2025-10-09 14:14:23,661:INFO:Checking exceptions
2025-10-09 14:14:23,661:INFO:Importing libraries
2025-10-09 14:14:23,661:INFO:Copying training dataset
2025-10-09 14:14:23,682:INFO:Defining folds
2025-10-09 14:14:23,682:INFO:Declaring metric variables
2025-10-09 14:14:23,685:INFO:Importing untrained model
2025-10-09 14:14:23,689:INFO:Bayesian Ridge Imported successfully
2025-10-09 14:14:23,695:INFO:Starting cross validation
2025-10-09 14:14:23,696:INFO:Cross validating with KFold(n_splits=3, random_state=None, shuffle=False), n_jobs=-1
2025-10-09 14:14:23,888:INFO:Calculating mean and std
2025-10-09 14:14:23,889:INFO:Creating metrics dataframe
2025-10-09 14:14:23,891:INFO:Uploading results into container
2025-10-09 14:14:23,891:INFO:Uploading model into container now
2025-10-09 14:14:23,892:INFO:_master_model_container: 8
2025-10-09 14:14:23,892:INFO:_display_container: 2
2025-10-09 14:14:23,892:INFO:BayesianRidge()
2025-10-09 14:14:23,892:INFO:create_model() successfully completed......................................
2025-10-09 14:14:24,018:INFO:SubProcess create_model() end ==================================
2025-10-09 14:14:24,018:INFO:Creating metrics dataframe
2025-10-09 14:14:24,024:INFO:Initializing Passive Aggressive Regressor
2025-10-09 14:14:24,024:INFO:Total runtime is 0.11574594179789224 minutes
2025-10-09 14:14:24,026:INFO:SubProcess create_model() called ==================================
2025-10-09 14:14:24,027:INFO:Initializing create_model()
2025-10-09 14:14:24,027:INFO:create_model(self=<pycaret.regression.oop.RegressionExperiment object at 0x7f7817c15c90>, estimator=par, fold=KFold(n_splits=3, random_state=None, shuffle=False), round=4, cross_validation=True, predict=True, fit_kwargs={}, groups=None, refit=False, probability_threshold=None, experiment_custom_tags=None, verbose=False, system=False, add_to_model_list=True, metrics=None, display=<pycaret.internal.display.display.CommonDisplay object at 0x7f7817c21240>, model_only=True, return_train_score=False, error_score=0.0, kwargs={})
2025-10-09 14:14:24,027:INFO:Checking exceptions
2025-10-09 14:14:24,027:INFO:Importing libraries
2025-10-09 14:14:24,027:INFO:Copying training dataset
2025-10-09 14:14:24,047:INFO:Defining folds
2025-10-09 14:14:24,048:INFO:Declaring metric variables
2025-10-09 14:14:24,051:INFO:Importing untrained model
2025-10-09 14:14:24,055:INFO:Passive Aggressive Regressor Imported successfully
2025-10-09 14:14:24,060:INFO:Starting cross validation
2025-10-09 14:14:24,062:INFO:Cross validating with KFold(n_splits=3, random_state=None, shuffle=False), n_jobs=-1
2025-10-09 14:14:24,291:INFO:Calculating mean and std
2025-10-09 14:14:24,292:INFO:Creating metrics dataframe
2025-10-09 14:14:24,294:INFO:Uploading results into container
2025-10-09 14:14:24,294:INFO:Uploading model into container now
2025-10-09 14:14:24,295:INFO:_master_model_container: 9
2025-10-09 14:14:24,295:INFO:_display_container: 2
2025-10-09 14:14:24,295:INFO:PassiveAggressiveRegressor(random_state=123)
2025-10-09 14:14:24,295:INFO:create_model() successfully completed......................................
2025-10-09 14:14:24,427:INFO:SubProcess create_model() end ==================================
2025-10-09 14:14:24,427:INFO:Creating metrics dataframe
2025-10-09 14:14:24,433:INFO:Initializing Huber Regressor
2025-10-09 14:14:24,433:INFO:Total runtime is 0.12256839275360107 minutes
2025-10-09 14:14:24,436:INFO:SubProcess create_model() called ==================================
2025-10-09 14:14:24,436:INFO:Initializing create_model()
2025-10-09 14:14:24,436:INFO:create_model(self=<pycaret.regression.oop.RegressionExperiment object at 0x7f7817c15c90>, estimator=huber, fold=KFold(n_splits=3, random_state=None, shuffle=False), round=4, cross_validation=True, predict=True, fit_kwargs={}, groups=None, refit=False, probability_threshold=None, experiment_custom_tags=None, verbose=False, system=False, add_to_model_list=True, metrics=None, display=<pycaret.internal.display.display.CommonDisplay object at 0x7f7817c21240>, model_only=True, return_train_score=False, error_score=0.0, kwargs={})
2025-10-09 14:14:24,436:INFO:Checking exceptions
2025-10-09 14:14:24,437:INFO:Importing libraries
2025-10-09 14:14:24,437:INFO:Copying training dataset
2025-10-09 14:14:24,457:INFO:Defining folds
2025-10-09 14:14:24,457:INFO:Declaring metric variables
2025-10-09 14:14:24,459:INFO:Importing untrained model
2025-10-09 14:14:24,462:INFO:Huber Regressor Imported successfully
2025-10-09 14:14:24,466:INFO:Starting cross validation
2025-10-09 14:14:24,467:INFO:Cross validating with KFold(n_splits=3, random_state=None, shuffle=False), n_jobs=-1
2025-10-09 14:14:25,074:WARNING:/home/leon/.conda/envs/ml_general/lib/python3.10/site-packages/sklearn/linear_model/_huber.py:342: ConvergenceWarning: lbfgs failed to converge (status=1):
STOP: TOTAL NO. of ITERATIONS REACHED LIMIT.

Increase the number of iterations (max_iter) or scale the data as shown in:
    https://scikit-learn.org/stable/modules/preprocessing.html
  self.n_iter_ = _check_optimize_result("lbfgs", opt_res, self.max_iter)

2025-10-09 14:14:25,093:WARNING:/home/leon/.conda/envs/ml_general/lib/python3.10/site-packages/sklearn/linear_model/_huber.py:342: ConvergenceWarning: lbfgs failed to converge (status=1):
STOP: TOTAL NO. of ITERATIONS REACHED LIMIT.

Increase the number of iterations (max_iter) or scale the data as shown in:
    https://scikit-learn.org/stable/modules/preprocessing.html
  self.n_iter_ = _check_optimize_result("lbfgs", opt_res, self.max_iter)

2025-10-09 14:14:25,153:WARNING:/home/leon/.conda/envs/ml_general/lib/python3.10/site-packages/sklearn/linear_model/_huber.py:342: ConvergenceWarning: lbfgs failed to converge (status=1):
STOP: TOTAL NO. of ITERATIONS REACHED LIMIT.

Increase the number of iterations (max_iter) or scale the data as shown in:
    https://scikit-learn.org/stable/modules/preprocessing.html
  self.n_iter_ = _check_optimize_result("lbfgs", opt_res, self.max_iter)

2025-10-09 14:14:25,175:INFO:Calculating mean and std
2025-10-09 14:14:25,176:INFO:Creating metrics dataframe
2025-10-09 14:14:25,177:INFO:Uploading results into container
2025-10-09 14:14:25,178:INFO:Uploading model into container now
2025-10-09 14:14:25,178:INFO:_master_model_container: 10
2025-10-09 14:14:25,178:INFO:_display_container: 2
2025-10-09 14:14:25,179:INFO:HuberRegressor()
2025-10-09 14:14:25,179:INFO:create_model() successfully completed......................................
2025-10-09 14:14:25,303:INFO:SubProcess create_model() end ==================================
2025-10-09 14:14:25,303:INFO:Creating metrics dataframe
2025-10-09 14:14:25,309:INFO:Initializing K Neighbors Regressor
2025-10-09 14:14:25,309:INFO:Total runtime is 0.13716690142949423 minutes
2025-10-09 14:14:25,311:INFO:SubProcess create_model() called ==================================
2025-10-09 14:14:25,312:INFO:Initializing create_model()
2025-10-09 14:14:25,312:INFO:create_model(self=<pycaret.regression.oop.RegressionExperiment object at 0x7f7817c15c90>, estimator=knn, fold=KFold(n_splits=3, random_state=None, shuffle=False), round=4, cross_validation=True, predict=True, fit_kwargs={}, groups=None, refit=False, probability_threshold=None, experiment_custom_tags=None, verbose=False, system=False, add_to_model_list=True, metrics=None, display=<pycaret.internal.display.display.CommonDisplay object at 0x7f7817c21240>, model_only=True, return_train_score=False, error_score=0.0, kwargs={})
2025-10-09 14:14:25,312:INFO:Checking exceptions
2025-10-09 14:14:25,312:INFO:Importing libraries
2025-10-09 14:14:25,312:INFO:Copying training dataset
2025-10-09 14:14:25,332:INFO:Defining folds
2025-10-09 14:14:25,332:INFO:Declaring metric variables
2025-10-09 14:14:25,335:INFO:Importing untrained model
2025-10-09 14:14:25,338:INFO:K Neighbors Regressor Imported successfully
2025-10-09 14:14:25,343:INFO:Starting cross validation
2025-10-09 14:14:25,344:INFO:Cross validating with KFold(n_splits=3, random_state=None, shuffle=False), n_jobs=-1
2025-10-09 14:14:25,668:INFO:Calculating mean and std
2025-10-09 14:14:25,669:INFO:Creating metrics dataframe
2025-10-09 14:14:25,671:INFO:Uploading results into container
2025-10-09 14:14:25,672:INFO:Uploading model into container now
2025-10-09 14:14:25,672:INFO:_master_model_container: 11
2025-10-09 14:14:25,672:INFO:_display_container: 2
2025-10-09 14:14:25,672:INFO:KNeighborsRegressor(n_jobs=-1)
2025-10-09 14:14:25,672:INFO:create_model() successfully completed......................................
2025-10-09 14:14:25,796:INFO:SubProcess create_model() end ==================================
2025-10-09 14:14:25,796:INFO:Creating metrics dataframe
2025-10-09 14:14:25,802:INFO:Initializing Decision Tree Regressor
2025-10-09 14:14:25,802:INFO:Total runtime is 0.14537984530131023 minutes
2025-10-09 14:14:25,804:INFO:SubProcess create_model() called ==================================
2025-10-09 14:14:25,805:INFO:Initializing create_model()
2025-10-09 14:14:25,805:INFO:create_model(self=<pycaret.regression.oop.RegressionExperiment object at 0x7f7817c15c90>, estimator=dt, fold=KFold(n_splits=3, random_state=None, shuffle=False), round=4, cross_validation=True, predict=True, fit_kwargs={}, groups=None, refit=False, probability_threshold=None, experiment_custom_tags=None, verbose=False, system=False, add_to_model_list=True, metrics=None, display=<pycaret.internal.display.display.CommonDisplay object at 0x7f7817c21240>, model_only=True, return_train_score=False, error_score=0.0, kwargs={})
2025-10-09 14:14:25,805:INFO:Checking exceptions
2025-10-09 14:14:25,805:INFO:Importing libraries
2025-10-09 14:14:25,805:INFO:Copying training dataset
2025-10-09 14:14:25,825:INFO:Defining folds
2025-10-09 14:14:25,825:INFO:Declaring metric variables
2025-10-09 14:14:25,828:INFO:Importing untrained model
2025-10-09 14:14:25,831:INFO:Decision Tree Regressor Imported successfully
2025-10-09 14:14:25,835:INFO:Starting cross validation
2025-10-09 14:14:25,836:INFO:Cross validating with KFold(n_splits=3, random_state=None, shuffle=False), n_jobs=-1
2025-10-09 14:14:26,080:INFO:Calculating mean and std
2025-10-09 14:14:26,081:INFO:Creating metrics dataframe
2025-10-09 14:14:26,084:INFO:Uploading results into container
2025-10-09 14:14:26,084:INFO:Uploading model into container now
2025-10-09 14:14:26,084:INFO:_master_model_container: 12
2025-10-09 14:14:26,084:INFO:_display_container: 2
2025-10-09 14:14:26,084:INFO:DecisionTreeRegressor(random_state=123)
2025-10-09 14:14:26,084:INFO:create_model() successfully completed......................................
2025-10-09 14:14:26,211:INFO:SubProcess create_model() end ==================================
2025-10-09 14:14:26,211:INFO:Creating metrics dataframe
2025-10-09 14:14:26,218:INFO:Initializing Random Forest Regressor
2025-10-09 14:14:26,218:INFO:Total runtime is 0.15230807860692344 minutes
2025-10-09 14:14:26,220:INFO:SubProcess create_model() called ==================================
2025-10-09 14:14:26,220:INFO:Initializing create_model()
2025-10-09 14:14:26,220:INFO:create_model(self=<pycaret.regression.oop.RegressionExperiment object at 0x7f7817c15c90>, estimator=rf, fold=KFold(n_splits=3, random_state=None, shuffle=False), round=4, cross_validation=True, predict=True, fit_kwargs={}, groups=None, refit=False, probability_threshold=None, experiment_custom_tags=None, verbose=False, system=False, add_to_model_list=True, metrics=None, display=<pycaret.internal.display.display.CommonDisplay object at 0x7f7817c21240>, model_only=True, return_train_score=False, error_score=0.0, kwargs={})
2025-10-09 14:14:26,220:INFO:Checking exceptions
2025-10-09 14:14:26,220:INFO:Importing libraries
2025-10-09 14:14:26,220:INFO:Copying training dataset
2025-10-09 14:14:26,240:INFO:Defining folds
2025-10-09 14:14:26,240:INFO:Declaring metric variables
2025-10-09 14:14:26,243:INFO:Importing untrained model
2025-10-09 14:14:26,246:INFO:Random Forest Regressor Imported successfully
2025-10-09 14:14:26,251:INFO:Starting cross validation
2025-10-09 14:14:26,253:INFO:Cross validating with KFold(n_splits=3, random_state=None, shuffle=False), n_jobs=-1
2025-10-09 14:14:29,550:INFO:Calculating mean and std
2025-10-09 14:14:29,551:INFO:Creating metrics dataframe
2025-10-09 14:14:29,552:INFO:Uploading results into container
2025-10-09 14:14:29,553:INFO:Uploading model into container now
2025-10-09 14:14:29,553:INFO:_master_model_container: 13
2025-10-09 14:14:29,553:INFO:_display_container: 2
2025-10-09 14:14:29,553:INFO:RandomForestRegressor(n_jobs=-1, random_state=123)
2025-10-09 14:14:29,553:INFO:create_model() successfully completed......................................
2025-10-09 14:14:29,681:INFO:SubProcess create_model() end ==================================
2025-10-09 14:14:29,682:INFO:Creating metrics dataframe
2025-10-09 14:14:29,689:INFO:Initializing Extra Trees Regressor
2025-10-09 14:14:29,689:INFO:Total runtime is 0.21015636523564657 minutes
2025-10-09 14:14:29,691:INFO:SubProcess create_model() called ==================================
2025-10-09 14:14:29,691:INFO:Initializing create_model()
2025-10-09 14:14:29,692:INFO:create_model(self=<pycaret.regression.oop.RegressionExperiment object at 0x7f7817c15c90>, estimator=et, fold=KFold(n_splits=3, random_state=None, shuffle=False), round=4, cross_validation=True, predict=True, fit_kwargs={}, groups=None, refit=False, probability_threshold=None, experiment_custom_tags=None, verbose=False, system=False, add_to_model_list=True, metrics=None, display=<pycaret.internal.display.display.CommonDisplay object at 0x7f7817c21240>, model_only=True, return_train_score=False, error_score=0.0, kwargs={})
2025-10-09 14:14:29,692:INFO:Checking exceptions
2025-10-09 14:14:29,692:INFO:Importing libraries
2025-10-09 14:14:29,692:INFO:Copying training dataset
2025-10-09 14:14:29,716:INFO:Defining folds
2025-10-09 14:14:29,716:INFO:Declaring metric variables
2025-10-09 14:14:29,719:INFO:Importing untrained model
2025-10-09 14:14:29,724:INFO:Extra Trees Regressor Imported successfully
2025-10-09 14:14:29,729:INFO:Starting cross validation
2025-10-09 14:14:29,730:INFO:Cross validating with KFold(n_splits=3, random_state=None, shuffle=False), n_jobs=-1
2025-10-09 14:14:31,422:INFO:Calculating mean and std
2025-10-09 14:14:31,422:INFO:Creating metrics dataframe
2025-10-09 14:14:31,423:INFO:Uploading results into container
2025-10-09 14:14:31,424:INFO:Uploading model into container now
2025-10-09 14:14:31,424:INFO:_master_model_container: 14
2025-10-09 14:14:31,424:INFO:_display_container: 2
2025-10-09 14:14:31,424:INFO:ExtraTreesRegressor(n_jobs=-1, random_state=123)
2025-10-09 14:14:31,424:INFO:create_model() successfully completed......................................
2025-10-09 14:14:31,547:INFO:SubProcess create_model() end ==================================
2025-10-09 14:14:31,547:INFO:Creating metrics dataframe
2025-10-09 14:14:31,554:INFO:Initializing AdaBoost Regressor
2025-10-09 14:14:31,554:INFO:Total runtime is 0.24123887221018475 minutes
2025-10-09 14:14:31,556:INFO:SubProcess create_model() called ==================================
2025-10-09 14:14:31,556:INFO:Initializing create_model()
2025-10-09 14:14:31,556:INFO:create_model(self=<pycaret.regression.oop.RegressionExperiment object at 0x7f7817c15c90>, estimator=ada, fold=KFold(n_splits=3, random_state=None, shuffle=False), round=4, cross_validation=True, predict=True, fit_kwargs={}, groups=None, refit=False, probability_threshold=None, experiment_custom_tags=None, verbose=False, system=False, add_to_model_list=True, metrics=None, display=<pycaret.internal.display.display.CommonDisplay object at 0x7f7817c21240>, model_only=True, return_train_score=False, error_score=0.0, kwargs={})
2025-10-09 14:14:31,556:INFO:Checking exceptions
2025-10-09 14:14:31,556:INFO:Importing libraries
2025-10-09 14:14:31,556:INFO:Copying training dataset
2025-10-09 14:14:31,576:INFO:Defining folds
2025-10-09 14:14:31,576:INFO:Declaring metric variables
2025-10-09 14:14:31,578:INFO:Importing untrained model
2025-10-09 14:14:31,580:INFO:AdaBoost Regressor Imported successfully
2025-10-09 14:14:31,585:INFO:Starting cross validation
2025-10-09 14:14:31,586:INFO:Cross validating with KFold(n_splits=3, random_state=None, shuffle=False), n_jobs=-1
2025-10-09 14:14:33,360:INFO:Calculating mean and std
2025-10-09 14:14:33,360:INFO:Creating metrics dataframe
2025-10-09 14:14:33,361:INFO:Uploading results into container
2025-10-09 14:14:33,362:INFO:Uploading model into container now
2025-10-09 14:14:33,362:INFO:_master_model_container: 15
2025-10-09 14:14:33,362:INFO:_display_container: 2
2025-10-09 14:14:33,362:INFO:AdaBoostRegressor(random_state=123)
2025-10-09 14:14:33,362:INFO:create_model() successfully completed......................................
2025-10-09 14:14:33,491:INFO:SubProcess create_model() end ==================================
2025-10-09 14:14:33,491:INFO:Creating metrics dataframe
2025-10-09 14:14:33,499:INFO:Initializing Gradient Boosting Regressor
2025-10-09 14:14:33,499:INFO:Total runtime is 0.2736560821533203 minutes
2025-10-09 14:14:33,501:INFO:SubProcess create_model() called ==================================
2025-10-09 14:14:33,501:INFO:Initializing create_model()
2025-10-09 14:14:33,501:INFO:create_model(self=<pycaret.regression.oop.RegressionExperiment object at 0x7f7817c15c90>, estimator=gbr, fold=KFold(n_splits=3, random_state=None, shuffle=False), round=4, cross_validation=True, predict=True, fit_kwargs={}, groups=None, refit=False, probability_threshold=None, experiment_custom_tags=None, verbose=False, system=False, add_to_model_list=True, metrics=None, display=<pycaret.internal.display.display.CommonDisplay object at 0x7f7817c21240>, model_only=True, return_train_score=False, error_score=0.0, kwargs={})
2025-10-09 14:14:33,501:INFO:Checking exceptions
2025-10-09 14:14:33,501:INFO:Importing libraries
2025-10-09 14:14:33,501:INFO:Copying training dataset
2025-10-09 14:14:33,522:INFO:Defining folds
2025-10-09 14:14:33,522:INFO:Declaring metric variables
2025-10-09 14:14:33,525:INFO:Importing untrained model
2025-10-09 14:14:33,528:INFO:Gradient Boosting Regressor Imported successfully
2025-10-09 14:14:33,533:INFO:Starting cross validation
2025-10-09 14:14:33,534:INFO:Cross validating with KFold(n_splits=3, random_state=None, shuffle=False), n_jobs=-1
2025-10-09 14:14:36,600:INFO:Calculating mean and std
2025-10-09 14:14:36,600:INFO:Creating metrics dataframe
2025-10-09 14:14:36,602:INFO:Uploading results into container
2025-10-09 14:14:36,602:INFO:Uploading model into container now
2025-10-09 14:14:36,602:INFO:_master_model_container: 16
2025-10-09 14:14:36,602:INFO:_display_container: 2
2025-10-09 14:14:36,602:INFO:GradientBoostingRegressor(random_state=123)
2025-10-09 14:14:36,603:INFO:create_model() successfully completed......................................
2025-10-09 14:14:36,733:INFO:SubProcess create_model() end ==================================
2025-10-09 14:14:36,733:INFO:Creating metrics dataframe
2025-10-09 14:14:36,740:INFO:Initializing Extreme Gradient Boosting
2025-10-09 14:14:36,740:INFO:Total runtime is 0.32767555316289265 minutes
2025-10-09 14:14:36,742:INFO:SubProcess create_model() called ==================================
2025-10-09 14:14:36,742:INFO:Initializing create_model()
2025-10-09 14:14:36,742:INFO:create_model(self=<pycaret.regression.oop.RegressionExperiment object at 0x7f7817c15c90>, estimator=xgboost, fold=KFold(n_splits=3, random_state=None, shuffle=False), round=4, cross_validation=True, predict=True, fit_kwargs={}, groups=None, refit=False, probability_threshold=None, experiment_custom_tags=None, verbose=False, system=False, add_to_model_list=True, metrics=None, display=<pycaret.internal.display.display.CommonDisplay object at 0x7f7817c21240>, model_only=True, return_train_score=False, error_score=0.0, kwargs={})
2025-10-09 14:14:36,742:INFO:Checking exceptions
2025-10-09 14:14:36,742:INFO:Importing libraries
2025-10-09 14:14:36,742:INFO:Copying training dataset
2025-10-09 14:14:36,761:INFO:Defining folds
2025-10-09 14:14:36,762:INFO:Declaring metric variables
2025-10-09 14:14:36,764:INFO:Importing untrained model
2025-10-09 14:14:36,767:INFO:Extreme Gradient Boosting Imported successfully
2025-10-09 14:14:36,771:INFO:Starting cross validation
2025-10-09 14:14:36,772:INFO:Cross validating with KFold(n_splits=3, random_state=None, shuffle=False), n_jobs=-1
2025-10-09 14:14:39,174:INFO:Calculating mean and std
2025-10-09 14:14:39,175:INFO:Creating metrics dataframe
2025-10-09 14:14:39,176:INFO:Uploading results into container
2025-10-09 14:14:39,176:INFO:Uploading model into container now
2025-10-09 14:14:39,177:INFO:_master_model_container: 17
2025-10-09 14:14:39,177:INFO:_display_container: 2
2025-10-09 14:14:39,177:INFO:XGBRegressor(base_score=None, booster='gbtree', callbacks=None,
             colsample_bylevel=None, colsample_bynode=None,
             colsample_bytree=None, device='cpu', early_stopping_rounds=None,
             enable_categorical=False, eval_metric=None, feature_types=None,
             gamma=None, grow_policy=None, importance_type=None,
             interaction_constraints=None, learning_rate=None, max_bin=None,
             max_cat_threshold=None, max_cat_to_onehot=None,
             max_delta_step=None, max_depth=None, max_leaves=None,
             min_child_weight=None, missing=nan, monotone_constraints=None,
             multi_strategy=None, n_estimators=None, n_jobs=-1,
             num_parallel_tree=None, random_state=123, ...)
2025-10-09 14:14:39,177:INFO:create_model() successfully completed......................................
2025-10-09 14:14:39,300:INFO:SubProcess create_model() end ==================================
2025-10-09 14:14:39,300:INFO:Creating metrics dataframe
2025-10-09 14:14:39,307:INFO:Initializing CatBoost Regressor
2025-10-09 14:14:39,307:INFO:Total runtime is 0.3704560915629069 minutes
2025-10-09 14:14:39,309:INFO:SubProcess create_model() called ==================================
2025-10-09 14:14:39,309:INFO:Initializing create_model()
2025-10-09 14:14:39,309:INFO:create_model(self=<pycaret.regression.oop.RegressionExperiment object at 0x7f7817c15c90>, estimator=catboost, fold=KFold(n_splits=3, random_state=None, shuffle=False), round=4, cross_validation=True, predict=True, fit_kwargs={}, groups=None, refit=False, probability_threshold=None, experiment_custom_tags=None, verbose=False, system=False, add_to_model_list=True, metrics=None, display=<pycaret.internal.display.display.CommonDisplay object at 0x7f7817c21240>, model_only=True, return_train_score=False, error_score=0.0, kwargs={})
2025-10-09 14:14:39,309:INFO:Checking exceptions
2025-10-09 14:14:39,309:INFO:Importing libraries
2025-10-09 14:14:39,309:INFO:Copying training dataset
2025-10-09 14:14:39,328:INFO:Defining folds
2025-10-09 14:14:39,328:INFO:Declaring metric variables
2025-10-09 14:14:39,330:INFO:Importing untrained model
2025-10-09 14:14:39,338:INFO:CatBoost Regressor Imported successfully
2025-10-09 14:14:39,344:INFO:Starting cross validation
2025-10-09 14:14:39,346:INFO:Cross validating with KFold(n_splits=3, random_state=None, shuffle=False), n_jobs=-1
2025-10-09 14:14:43,014:INFO:Calculating mean and std
2025-10-09 14:14:43,015:INFO:Creating metrics dataframe
2025-10-09 14:14:43,016:INFO:Uploading results into container
2025-10-09 14:14:43,016:INFO:Uploading model into container now
2025-10-09 14:14:43,016:INFO:_master_model_container: 18
2025-10-09 14:14:43,017:INFO:_display_container: 2
2025-10-09 14:14:43,017:INFO:<catboost.core.CatBoostRegressor object at 0x7f77fa170430>
2025-10-09 14:14:43,017:INFO:create_model() successfully completed......................................
2025-10-09 14:14:43,136:INFO:SubProcess create_model() end ==================================
2025-10-09 14:14:43,136:INFO:Creating metrics dataframe
2025-10-09 14:14:43,143:INFO:Initializing Dummy Regressor
2025-10-09 14:14:43,143:INFO:Total runtime is 0.4343900640805562 minutes
2025-10-09 14:14:43,145:INFO:SubProcess create_model() called ==================================
2025-10-09 14:14:43,146:INFO:Initializing create_model()
2025-10-09 14:14:43,146:INFO:create_model(self=<pycaret.regression.oop.RegressionExperiment object at 0x7f7817c15c90>, estimator=dummy, fold=KFold(n_splits=3, random_state=None, shuffle=False), round=4, cross_validation=True, predict=True, fit_kwargs={}, groups=None, refit=False, probability_threshold=None, experiment_custom_tags=None, verbose=False, system=False, add_to_model_list=True, metrics=None, display=<pycaret.internal.display.display.CommonDisplay object at 0x7f7817c21240>, model_only=True, return_train_score=False, error_score=0.0, kwargs={})
2025-10-09 14:14:43,146:INFO:Checking exceptions
2025-10-09 14:14:43,146:INFO:Importing libraries
2025-10-09 14:14:43,146:INFO:Copying training dataset
2025-10-09 14:14:43,164:INFO:Defining folds
2025-10-09 14:14:43,164:INFO:Declaring metric variables
2025-10-09 14:14:43,166:INFO:Importing untrained model
2025-10-09 14:14:43,169:INFO:Dummy Regressor Imported successfully
2025-10-09 14:14:43,174:INFO:Starting cross validation
2025-10-09 14:14:43,175:INFO:Cross validating with KFold(n_splits=3, random_state=None, shuffle=False), n_jobs=-1
2025-10-09 14:14:43,280:INFO:Calculating mean and std
2025-10-09 14:14:43,280:INFO:Creating metrics dataframe
2025-10-09 14:14:43,282:INFO:Uploading results into container
2025-10-09 14:14:43,282:INFO:Uploading model into container now
2025-10-09 14:14:43,282:INFO:_master_model_container: 19
2025-10-09 14:14:43,282:INFO:_display_container: 2
2025-10-09 14:14:43,282:INFO:DummyRegressor()
2025-10-09 14:14:43,282:INFO:create_model() successfully completed......................................
2025-10-09 14:14:43,401:INFO:SubProcess create_model() end ==================================
2025-10-09 14:14:43,401:INFO:Creating metrics dataframe
2025-10-09 14:14:43,412:WARNING:/home/leon/.conda/envs/ml_general/lib/python3.10/site-packages/pycaret/internal/pycaret_experiment/supervised_experiment.py:323: FutureWarning: Styler.applymap has been deprecated. Use Styler.map instead.
  master_display_.apply(

2025-10-09 14:14:43,417:INFO:Initializing create_model()
2025-10-09 14:14:43,417:INFO:create_model(self=<pycaret.regression.oop.RegressionExperiment object at 0x7f7817c15c90>, estimator=HuberRegressor(), fold=KFold(n_splits=3, random_state=None, shuffle=False), round=4, cross_validation=False, predict=False, fit_kwargs={}, groups=None, refit=True, probability_threshold=None, experiment_custom_tags=None, verbose=False, system=False, add_to_model_list=True, metrics=None, display=None, model_only=True, return_train_score=False, error_score=0.0, kwargs={})
2025-10-09 14:14:43,417:INFO:Checking exceptions
2025-10-09 14:14:43,419:INFO:Importing libraries
2025-10-09 14:14:43,419:INFO:Copying training dataset
2025-10-09 14:14:43,438:INFO:Defining folds
2025-10-09 14:14:43,438:INFO:Declaring metric variables
2025-10-09 14:14:43,438:INFO:Importing untrained model
2025-10-09 14:14:43,439:INFO:Declaring custom model
2025-10-09 14:14:43,439:INFO:Huber Regressor Imported successfully
2025-10-09 14:14:43,440:INFO:Cross validation set to False
2025-10-09 14:14:43,440:INFO:Fitting Model
2025-10-09 14:14:43,815:WARNING:/home/leon/.conda/envs/ml_general/lib/python3.10/site-packages/sklearn/linear_model/_huber.py:342: ConvergenceWarning: lbfgs failed to converge (status=1):
STOP: TOTAL NO. of ITERATIONS REACHED LIMIT.

Increase the number of iterations (max_iter) or scale the data as shown in:
    https://scikit-learn.org/stable/modules/preprocessing.html
  self.n_iter_ = _check_optimize_result("lbfgs", opt_res, self.max_iter)

2025-10-09 14:14:43,816:INFO:HuberRegressor()
2025-10-09 14:14:43,816:INFO:create_model() successfully completed......................................
2025-10-09 14:14:43,950:INFO:Initializing create_model()
2025-10-09 14:14:43,950:INFO:create_model(self=<pycaret.regression.oop.RegressionExperiment object at 0x7f7817c15c90>, estimator=ExtraTreesRegressor(n_jobs=-1, random_state=123), fold=KFold(n_splits=3, random_state=None, shuffle=False), round=4, cross_validation=False, predict=False, fit_kwargs={}, groups=None, refit=True, probability_threshold=None, experiment_custom_tags=None, verbose=False, system=False, add_to_model_list=True, metrics=None, display=None, model_only=True, return_train_score=False, error_score=0.0, kwargs={})
2025-10-09 14:14:43,950:INFO:Checking exceptions
2025-10-09 14:14:43,952:INFO:Importing libraries
2025-10-09 14:14:43,952:INFO:Copying training dataset
2025-10-09 14:14:43,970:INFO:Defining folds
2025-10-09 14:14:43,970:INFO:Declaring metric variables
2025-10-09 14:14:43,971:INFO:Importing untrained model
2025-10-09 14:14:43,971:INFO:Declaring custom model
2025-10-09 14:14:43,971:INFO:Extra Trees Regressor Imported successfully
2025-10-09 14:14:43,972:INFO:Cross validation set to False
2025-10-09 14:14:43,972:INFO:Fitting Model
2025-10-09 14:14:44,749:INFO:ExtraTreesRegressor(n_jobs=-1, random_state=123)
2025-10-09 14:14:44,749:INFO:create_model() successfully completed......................................
2025-10-09 14:14:44,873:INFO:Initializing create_model()
2025-10-09 14:14:44,873:INFO:create_model(self=<pycaret.regression.oop.RegressionExperiment object at 0x7f7817c15c90>, estimator=XGBRegressor(base_score=None, booster='gbtree', callbacks=None,
             colsample_bylevel=None, colsample_bynode=None,
             colsample_bytree=None, device='cpu', early_stopping_rounds=None,
             enable_categorical=False, eval_metric=None, feature_types=None,
             gamma=None, grow_policy=None, importance_type=None,
             interaction_constraints=None, learning_rate=None, max_bin=None,
             max_cat_threshold=None, max_cat_to_onehot=None,
             max_delta_step=None, max_depth=None, max_leaves=None,
             min_child_weight=None, missing=nan, monotone_constraints=None,
             multi_strategy=None, n_estimators=None, n_jobs=-1,
             num_parallel_tree=None, random_state=123, ...), fold=KFold(n_splits=3, random_state=None, shuffle=False), round=4, cross_validation=False, predict=False, fit_kwargs={}, groups=None, refit=True, probability_threshold=None, experiment_custom_tags=None, verbose=False, system=False, add_to_model_list=True, metrics=None, display=None, model_only=True, return_train_score=False, error_score=0.0, kwargs={})
2025-10-09 14:14:44,873:INFO:Checking exceptions
2025-10-09 14:14:44,874:INFO:Importing libraries
2025-10-09 14:14:44,875:INFO:Copying training dataset
2025-10-09 14:14:44,893:INFO:Defining folds
2025-10-09 14:14:44,893:INFO:Declaring metric variables
2025-10-09 14:14:44,893:INFO:Importing untrained model
2025-10-09 14:14:44,893:INFO:Declaring custom model
2025-10-09 14:14:44,894:INFO:Extreme Gradient Boosting Imported successfully
2025-10-09 14:14:44,895:INFO:Cross validation set to False
2025-10-09 14:14:44,895:INFO:Fitting Model
2025-10-09 14:14:45,158:INFO:XGBRegressor(base_score=None, booster='gbtree', callbacks=None,
             colsample_bylevel=None, colsample_bynode=None,
             colsample_bytree=None, device='cpu', early_stopping_rounds=None,
             enable_categorical=False, eval_metric=None, feature_types=None,
             gamma=None, grow_policy=None, importance_type=None,
             interaction_constraints=None, learning_rate=None, max_bin=None,
             max_cat_threshold=None, max_cat_to_onehot=None,
             max_delta_step=None, max_depth=None, max_leaves=None,
             min_child_weight=None, missing=nan, monotone_constraints=None,
             multi_strategy=None, n_estimators=None, n_jobs=-1,
             num_parallel_tree=None, random_state=123, ...)
2025-10-09 14:14:45,159:INFO:create_model() successfully completed......................................
2025-10-09 14:14:45,292:INFO:_master_model_container: 19
2025-10-09 14:14:45,292:INFO:_display_container: 2
2025-10-09 14:14:45,293:INFO:[HuberRegressor(), ExtraTreesRegressor(n_jobs=-1, random_state=123), XGBRegressor(base_score=None, booster='gbtree', callbacks=None,
             colsample_bylevel=None, colsample_bynode=None,
             colsample_bytree=None, device='cpu', early_stopping_rounds=None,
             enable_categorical=False, eval_metric=None, feature_types=None,
             gamma=None, grow_policy=None, importance_type=None,
             interaction_constraints=None, learning_rate=None, max_bin=None,
             max_cat_threshold=None, max_cat_to_onehot=None,
             max_delta_step=None, max_depth=None, max_leaves=None,
             min_child_weight=None, missing=nan, monotone_constraints=None,
             multi_strategy=None, n_estimators=None, n_jobs=-1,
             num_parallel_tree=None, random_state=123, ...)]
2025-10-09 14:14:45,293:INFO:compare_models() successfully completed......................................
2025-10-09 14:17:32,560:INFO:PyCaret RegressionExperiment
2025-10-09 14:17:32,560:INFO:Logging name: reg-default-name
2025-10-09 14:17:32,560:INFO:ML Usecase: MLUsecase.REGRESSION
2025-10-09 14:17:32,560:INFO:version 3.3.2
2025-10-09 14:17:32,560:INFO:Initializing setup()
2025-10-09 14:17:32,560:INFO:self.USI: 08d5
2025-10-09 14:17:32,560:INFO:self._variable_keys: {'exp_name_log', 'X_train', 'html_param', 'gpu_n_jobs_param', 'gpu_param', 'n_jobs_param', 'X', 'seed', 'log_plots_param', 'memory', 'exp_id', 'idx', 'USI', 'fold_groups_param', 'logging_param', 'X_test', 'y', 'transform_target_param', '_available_plots', 'data', 'fold_shuffle_param', '_ml_usecase', 'pipeline', 'y_test', 'y_train', 'fold_generator', 'target_param'}
2025-10-09 14:17:32,560:INFO:Checking environment
2025-10-09 14:17:32,560:INFO:python_version: 3.10.16
2025-10-09 14:17:32,560:INFO:python_build: ('main', 'Dec 11 2024 16:24:50')
2025-10-09 14:17:32,560:INFO:machine: x86_64
2025-10-09 14:17:32,560:INFO:platform: Linux-6.12.34-1-MANJARO-x86_64-with-glibc2.41
2025-10-09 14:17:32,561:INFO:Memory: svmem(total=24909275136, available=14844231680, percent=40.4, used=8554131456, free=11145785344, active=9407553536, inactive=2205315072, buffers=322248704, cached=4887109632, shared=1102467072, slab=452972544)
2025-10-09 14:17:32,561:INFO:Physical Core: 6
2025-10-09 14:17:32,561:INFO:Logical Core: 12
2025-10-09 14:17:32,561:INFO:Checking libraries
2025-10-09 14:17:32,561:INFO:System:
2025-10-09 14:17:32,561:INFO:    python: 3.10.16 (main, Dec 11 2024, 16:24:50) [GCC 11.2.0]
2025-10-09 14:17:32,561:INFO:executable: /home/leon/.conda/envs/ml_general/bin/python
2025-10-09 14:17:32,561:INFO:   machine: Linux-6.12.34-1-MANJARO-x86_64-with-glibc2.41
2025-10-09 14:17:32,561:INFO:PyCaret required dependencies:
2025-10-09 14:17:32,561:INFO:                 pip: 24.2
2025-10-09 14:17:32,561:INFO:          setuptools: 75.1.0
2025-10-09 14:17:32,561:INFO:             pycaret: 3.3.2
2025-10-09 14:17:32,562:INFO:             IPython: 8.12.3
2025-10-09 14:17:32,562:INFO:          ipywidgets: 8.1.5
2025-10-09 14:17:32,562:INFO:                tqdm: 4.66.5
2025-10-09 14:17:32,562:INFO:               numpy: 1.26.4
2025-10-09 14:17:32,562:INFO:              pandas: 2.1.4
2025-10-09 14:17:32,562:INFO:              jinja2: 3.1.5
2025-10-09 14:17:32,562:INFO:               scipy: 1.11.4
2025-10-09 14:17:32,562:INFO:              joblib: 1.3.2
2025-10-09 14:17:32,562:INFO:             sklearn: 1.4.2
2025-10-09 14:17:32,562:INFO:                pyod: 2.0.2
2025-10-09 14:17:32,562:INFO:            imblearn: 0.12.3
2025-10-09 14:17:32,562:INFO:   category_encoders: 2.6.3
2025-10-09 14:17:32,562:INFO:            lightgbm: 4.5.0
2025-10-09 14:17:32,562:INFO:               numba: 0.60.0
2025-10-09 14:17:32,562:INFO:            requests: 2.32.3
2025-10-09 14:17:32,562:INFO:          matplotlib: 3.7.0
2025-10-09 14:17:32,562:INFO:          scikitplot: 0.3.7
2025-10-09 14:17:32,562:INFO:         yellowbrick: 1.5
2025-10-09 14:17:32,562:INFO:              plotly: 5.24.1
2025-10-09 14:17:32,562:INFO:    plotly-resampler: Not installed
2025-10-09 14:17:32,562:INFO:             kaleido: 0.2.1
2025-10-09 14:17:32,562:INFO:           schemdraw: 0.15
2025-10-09 14:17:32,562:INFO:         statsmodels: 0.14.4
2025-10-09 14:17:32,562:INFO:              sktime: 0.26.0
2025-10-09 14:17:32,562:INFO:               tbats: 1.1.3
2025-10-09 14:17:32,562:INFO:            pmdarima: 2.0.4
2025-10-09 14:17:32,562:INFO:              psutil: 6.1.1
2025-10-09 14:17:32,562:INFO:          markupsafe: 2.1.5
2025-10-09 14:17:32,562:INFO:             pickle5: Not installed
2025-10-09 14:17:32,562:INFO:         cloudpickle: 3.0.0
2025-10-09 14:17:32,562:INFO:         deprecation: 2.1.0
2025-10-09 14:17:32,562:INFO:              xxhash: 3.5.0
2025-10-09 14:17:32,562:INFO:           wurlitzer: 3.1.1
2025-10-09 14:17:32,562:INFO:PyCaret optional dependencies:
2025-10-09 14:17:32,562:INFO:                shap: 0.44.1
2025-10-09 14:17:32,562:INFO:           interpret: 0.6.9
2025-10-09 14:17:32,562:INFO:                umap: 0.5.7
2025-10-09 14:17:32,562:INFO:     ydata_profiling: 4.12.2
2025-10-09 14:17:32,562:INFO:  explainerdashboard: 0.4.8
2025-10-09 14:17:32,562:INFO:             autoviz: Not installed
2025-10-09 14:17:32,562:INFO:           fairlearn: 0.7.0
2025-10-09 14:17:32,562:INFO:          deepchecks: Not installed
2025-10-09 14:17:32,562:INFO:             xgboost: 2.1.3
2025-10-09 14:17:32,563:INFO:            catboost: 1.2.7
2025-10-09 14:17:32,563:INFO:              kmodes: 0.12.2
2025-10-09 14:17:32,563:INFO:             mlxtend: 0.23.3
2025-10-09 14:17:32,563:INFO:       statsforecast: 1.5.0
2025-10-09 14:17:32,563:INFO:        tune_sklearn: 0.5.0
2025-10-09 14:17:32,563:INFO:                 ray: 2.41.0
2025-10-09 14:17:32,563:INFO:            hyperopt: 0.2.7
2025-10-09 14:17:32,563:INFO:              optuna: 4.2.0
2025-10-09 14:17:32,563:INFO:               skopt: 0.10.2
2025-10-09 14:17:32,563:INFO:              mlflow: 2.20.0
2025-10-09 14:17:32,563:INFO:              gradio: 5.13.1
2025-10-09 14:17:32,563:INFO:             fastapi: 0.115.7
2025-10-09 14:17:32,563:INFO:             uvicorn: 0.34.0
2025-10-09 14:17:32,563:INFO:              m2cgen: 0.10.0
2025-10-09 14:17:32,563:INFO:           evidently: 0.4.40
2025-10-09 14:17:32,563:INFO:               fugue: 0.8.7
2025-10-09 14:17:32,563:INFO:           streamlit: 1.41.1
2025-10-09 14:17:32,563:INFO:             prophet: Not installed
2025-10-09 14:17:32,563:INFO:None
2025-10-09 14:17:32,563:INFO:Set up data.
2025-10-09 14:17:32,582:INFO:Set up folding strategy.
2025-10-09 14:17:32,582:INFO:Set up train/test split.
2025-10-09 14:17:32,599:INFO:Set up index.
2025-10-09 14:17:32,600:INFO:Assigning column types.
2025-10-09 14:17:32,615:INFO:Engine successfully changes for model 'lr' to 'sklearn'.
2025-10-09 14:17:32,615:INFO:Engine for model 'lasso' has not been set explicitly, hence returning None.
2025-10-09 14:17:32,618:INFO:Engine for model 'ridge' has not been set explicitly, hence returning None.
2025-10-09 14:17:32,621:INFO:Engine for model 'en' has not been set explicitly, hence returning None.
2025-10-09 14:17:32,668:INFO:Engine for model 'svm' has not been set explicitly, hence returning None.
2025-10-09 14:17:32,695:INFO:Engine for model 'knn' has not been set explicitly, hence returning None.
2025-10-09 14:17:32,695:INFO:Soft dependency imported: xgboost: 2.1.3
2025-10-09 14:17:32,697:INFO:Soft dependency imported: catboost: 1.2.7
2025-10-09 14:17:32,698:INFO:Engine for model 'lasso' has not been set explicitly, hence returning None.
2025-10-09 14:17:32,700:INFO:Engine for model 'ridge' has not been set explicitly, hence returning None.
2025-10-09 14:17:32,703:INFO:Engine for model 'en' has not been set explicitly, hence returning None.
2025-10-09 14:17:32,750:INFO:Engine for model 'svm' has not been set explicitly, hence returning None.
2025-10-09 14:17:32,776:INFO:Engine for model 'knn' has not been set explicitly, hence returning None.
2025-10-09 14:17:32,776:INFO:Soft dependency imported: xgboost: 2.1.3
2025-10-09 14:17:32,778:INFO:Soft dependency imported: catboost: 1.2.7
2025-10-09 14:17:32,778:INFO:Engine successfully changes for model 'lasso' to 'sklearn'.
2025-10-09 14:17:32,781:INFO:Engine for model 'ridge' has not been set explicitly, hence returning None.
2025-10-09 14:17:32,784:INFO:Engine for model 'en' has not been set explicitly, hence returning None.
2025-10-09 14:17:32,831:INFO:Engine for model 'svm' has not been set explicitly, hence returning None.
2025-10-09 14:17:32,857:INFO:Engine for model 'knn' has not been set explicitly, hence returning None.
2025-10-09 14:17:32,858:INFO:Soft dependency imported: xgboost: 2.1.3
2025-10-09 14:17:32,859:INFO:Soft dependency imported: catboost: 1.2.7
2025-10-09 14:17:32,863:INFO:Engine for model 'ridge' has not been set explicitly, hence returning None.
2025-10-09 14:17:32,865:INFO:Engine for model 'en' has not been set explicitly, hence returning None.
2025-10-09 14:17:32,912:INFO:Engine for model 'svm' has not been set explicitly, hence returning None.
2025-10-09 14:17:32,938:INFO:Engine for model 'knn' has not been set explicitly, hence returning None.
2025-10-09 14:17:32,939:INFO:Soft dependency imported: xgboost: 2.1.3
2025-10-09 14:17:32,940:INFO:Soft dependency imported: catboost: 1.2.7
2025-10-09 14:17:32,941:INFO:Engine successfully changes for model 'ridge' to 'sklearn'.
2025-10-09 14:17:32,946:INFO:Engine for model 'en' has not been set explicitly, hence returning None.
2025-10-09 14:17:32,994:INFO:Engine for model 'svm' has not been set explicitly, hence returning None.
2025-10-09 14:17:33,022:INFO:Engine for model 'knn' has not been set explicitly, hence returning None.
2025-10-09 14:17:33,023:INFO:Soft dependency imported: xgboost: 2.1.3
2025-10-09 14:17:33,024:INFO:Soft dependency imported: catboost: 1.2.7
2025-10-09 14:17:33,031:INFO:Engine for model 'en' has not been set explicitly, hence returning None.
2025-10-09 14:17:33,078:INFO:Engine for model 'svm' has not been set explicitly, hence returning None.
2025-10-09 14:17:33,106:INFO:Engine for model 'knn' has not been set explicitly, hence returning None.
2025-10-09 14:17:33,107:INFO:Soft dependency imported: xgboost: 2.1.3
2025-10-09 14:17:33,108:INFO:Soft dependency imported: catboost: 1.2.7
2025-10-09 14:17:33,109:INFO:Engine successfully changes for model 'en' to 'sklearn'.
2025-10-09 14:17:33,164:INFO:Engine for model 'svm' has not been set explicitly, hence returning None.
2025-10-09 14:17:33,190:INFO:Engine for model 'knn' has not been set explicitly, hence returning None.
2025-10-09 14:17:33,191:INFO:Soft dependency imported: xgboost: 2.1.3
2025-10-09 14:17:33,193:INFO:Soft dependency imported: catboost: 1.2.7
2025-10-09 14:17:33,247:INFO:Engine for model 'svm' has not been set explicitly, hence returning None.
2025-10-09 14:17:33,275:INFO:Engine for model 'knn' has not been set explicitly, hence returning None.
2025-10-09 14:17:33,275:INFO:Soft dependency imported: xgboost: 2.1.3
2025-10-09 14:17:33,277:INFO:Soft dependency imported: catboost: 1.2.7
2025-10-09 14:17:33,277:INFO:Engine successfully changes for model 'knn' to 'sklearn'.
2025-10-09 14:17:33,335:INFO:Engine for model 'svm' has not been set explicitly, hence returning None.
2025-10-09 14:17:33,368:INFO:Soft dependency imported: xgboost: 2.1.3
2025-10-09 14:17:33,370:INFO:Soft dependency imported: catboost: 1.2.7
2025-10-09 14:17:33,430:INFO:Engine for model 'svm' has not been set explicitly, hence returning None.
2025-10-09 14:17:33,459:INFO:Soft dependency imported: xgboost: 2.1.3
2025-10-09 14:17:33,461:INFO:Soft dependency imported: catboost: 1.2.7
2025-10-09 14:17:33,461:INFO:Engine successfully changes for model 'svm' to 'sklearn'.
2025-10-09 14:17:33,546:INFO:Soft dependency imported: xgboost: 2.1.3
2025-10-09 14:17:33,547:INFO:Soft dependency imported: catboost: 1.2.7
2025-10-09 14:17:33,628:INFO:Soft dependency imported: xgboost: 2.1.3
2025-10-09 14:17:33,629:INFO:Soft dependency imported: catboost: 1.2.7
2025-10-09 14:17:33,630:INFO:Preparing preprocessing pipeline...
2025-10-09 14:17:33,630:INFO:Set up simple imputation.
2025-10-09 14:17:33,637:INFO:Set up encoding of categorical features.
2025-10-09 14:17:33,639:INFO:Set up column name cleaning.
2025-10-09 14:17:33,752:INFO:Finished creating preprocessing pipeline.
2025-10-09 14:17:33,756:INFO:Pipeline: Pipeline(memory=FastMemory(location=/tmp/joblib),
         steps=[('numerical_imputer',
                 TransformerWrapper(include=['temp_station_1', 'temp_station_2',
                                             'temp_station_3', 'temp_station_4',
                                             'temp_station_5', 'temp_station_6',
                                             'temp_station_7', 'temp_station_8',
                                             'temp_station_9',
                                             'temp_station_10',
                                             'temp_station_11',
                                             'temp_station_12',
                                             'temp_station_13',
                                             'temp_station_14',
                                             't...
                                    transformer=SimpleImputer())),
                ('categorical_imputer',
                 TransformerWrapper(include=['datetime'],
                                    transformer=SimpleImputer(strategy='most_frequent'))),
                ('rest_encoding',
                 TransformerWrapper(include=['datetime'],
                                    transformer=TargetEncoder(cols=['datetime'],
                                                              handle_missing='return_nan'))),
                ('clean_column_names',
                 TransformerWrapper(transformer=CleanColumnNames()))])
2025-10-09 14:17:33,756:INFO:Creating final display dataframe.
2025-10-09 14:17:34,132:INFO:Setup _display_container:                     Description             Value
0                    Session id               123
1                        Target              Load
2                   Target type        Regression
3           Original data shape       (17519, 62)
4        Transformed data shape       (17519, 62)
5   Transformed train set shape       (14015, 62)
6    Transformed test set shape        (3504, 62)
7              Numeric features                42
8          Categorical features                 1
9                    Preprocess              True
10              Imputation type            simple
11           Numeric imputation              mean
12       Categorical imputation              mode
13     Maximum one-hot encoding                25
14              Encoding method              None
15               Fold Generator             KFold
16                  Fold Number                 3
17                     CPU Jobs                -1
18                      Use GPU             False
19               Log Experiment             False
20              Experiment Name  reg-default-name
21                          USI              08d5
2025-10-09 14:17:34,227:INFO:Soft dependency imported: xgboost: 2.1.3
2025-10-09 14:17:34,229:INFO:Soft dependency imported: catboost: 1.2.7
2025-10-09 14:17:34,307:INFO:Soft dependency imported: xgboost: 2.1.3
2025-10-09 14:17:34,309:INFO:Soft dependency imported: catboost: 1.2.7
2025-10-09 14:17:34,310:INFO:setup() successfully completed in 1.75s...............
2025-10-09 14:17:42,869:INFO:Initializing compare_models()
2025-10-09 14:17:42,869:INFO:compare_models(self=<pycaret.regression.oop.RegressionExperiment object at 0x7f780d5f19f0>, include=None, fold=None, round=4, cross_validation=True, sort=RMSE, n_select=3, budget_time=None, turbo=True, errors=ignore, fit_kwargs=None, groups=None, experiment_custom_tags=None, probability_threshold=None, verbose=True, parallel=None, caller_params={'self': <pycaret.regression.oop.RegressionExperiment object at 0x7f780d5f19f0>, 'include': None, 'exclude': 'lightgbm', 'fold': None, 'round': 4, 'cross_validation': True, 'sort': 'RMSE', 'n_select': 3, 'budget_time': None, 'turbo': True, 'errors': 'ignore', 'fit_kwargs': None, 'groups': None, 'experiment_custom_tags': None, 'engine': None, 'verbose': True, 'parallel': None, '__class__': <class 'pycaret.regression.oop.RegressionExperiment'>}, exclude=lightgbm)
2025-10-09 14:17:42,869:INFO:Checking exceptions
2025-10-09 14:17:42,878:INFO:Preparing display monitor
2025-10-09 14:17:42,892:INFO:Initializing Linear Regression
2025-10-09 14:17:42,892:INFO:Total runtime is 2.6186307271321613e-06 minutes
2025-10-09 14:17:42,895:INFO:SubProcess create_model() called ==================================
2025-10-09 14:17:42,895:INFO:Initializing create_model()
2025-10-09 14:17:42,895:INFO:create_model(self=<pycaret.regression.oop.RegressionExperiment object at 0x7f780d5f19f0>, estimator=lr, fold=KFold(n_splits=3, random_state=None, shuffle=False), round=4, cross_validation=True, predict=True, fit_kwargs={}, groups=None, refit=False, probability_threshold=None, experiment_custom_tags=None, verbose=False, system=False, add_to_model_list=True, metrics=None, display=<pycaret.internal.display.display.CommonDisplay object at 0x7f78b57196f0>, model_only=True, return_train_score=False, error_score=0.0, kwargs={})
2025-10-09 14:17:42,895:INFO:Checking exceptions
2025-10-09 14:17:42,895:INFO:Importing libraries
2025-10-09 14:17:42,895:INFO:Copying training dataset
2025-10-09 14:17:42,916:INFO:Defining folds
2025-10-09 14:17:42,916:INFO:Declaring metric variables
2025-10-09 14:17:42,918:INFO:Importing untrained model
2025-10-09 14:17:42,920:INFO:Linear Regression Imported successfully
2025-10-09 14:17:42,924:INFO:Starting cross validation
2025-10-09 14:17:42,925:INFO:Cross validating with KFold(n_splits=3, random_state=None, shuffle=False), n_jobs=-1
2025-10-09 14:17:43,062:INFO:Calculating mean and std
2025-10-09 14:17:43,063:INFO:Creating metrics dataframe
2025-10-09 14:17:43,064:INFO:Uploading results into container
2025-10-09 14:17:43,064:INFO:Uploading model into container now
2025-10-09 14:17:43,065:INFO:_master_model_container: 1
2025-10-09 14:17:43,065:INFO:_display_container: 2
2025-10-09 14:17:43,065:INFO:LinearRegression(n_jobs=-1)
2025-10-09 14:17:43,065:INFO:create_model() successfully completed......................................
2025-10-09 14:17:43,192:INFO:SubProcess create_model() end ==================================
2025-10-09 14:17:43,192:INFO:Creating metrics dataframe
2025-10-09 14:17:43,196:INFO:Initializing Lasso Regression
2025-10-09 14:17:43,196:INFO:Total runtime is 0.005066072940826416 minutes
2025-10-09 14:17:43,199:INFO:SubProcess create_model() called ==================================
2025-10-09 14:17:43,199:INFO:Initializing create_model()
2025-10-09 14:17:43,199:INFO:create_model(self=<pycaret.regression.oop.RegressionExperiment object at 0x7f780d5f19f0>, estimator=lasso, fold=KFold(n_splits=3, random_state=None, shuffle=False), round=4, cross_validation=True, predict=True, fit_kwargs={}, groups=None, refit=False, probability_threshold=None, experiment_custom_tags=None, verbose=False, system=False, add_to_model_list=True, metrics=None, display=<pycaret.internal.display.display.CommonDisplay object at 0x7f78b57196f0>, model_only=True, return_train_score=False, error_score=0.0, kwargs={})
2025-10-09 14:17:43,199:INFO:Checking exceptions
2025-10-09 14:17:43,199:INFO:Importing libraries
2025-10-09 14:17:43,199:INFO:Copying training dataset
2025-10-09 14:17:43,223:INFO:Defining folds
2025-10-09 14:17:43,223:INFO:Declaring metric variables
2025-10-09 14:17:43,226:INFO:Importing untrained model
2025-10-09 14:17:43,229:INFO:Lasso Regression Imported successfully
2025-10-09 14:17:43,233:INFO:Starting cross validation
2025-10-09 14:17:43,234:INFO:Cross validating with KFold(n_splits=3, random_state=None, shuffle=False), n_jobs=-1
2025-10-09 14:17:43,383:INFO:Calculating mean and std
2025-10-09 14:17:43,384:INFO:Creating metrics dataframe
2025-10-09 14:17:43,385:INFO:Uploading results into container
2025-10-09 14:17:43,386:INFO:Uploading model into container now
2025-10-09 14:17:43,386:INFO:_master_model_container: 2
2025-10-09 14:17:43,386:INFO:_display_container: 2
2025-10-09 14:17:43,386:INFO:Lasso(random_state=123)
2025-10-09 14:17:43,386:INFO:create_model() successfully completed......................................
2025-10-09 14:17:43,508:INFO:SubProcess create_model() end ==================================
2025-10-09 14:17:43,508:INFO:Creating metrics dataframe
2025-10-09 14:17:43,513:INFO:Initializing Ridge Regression
2025-10-09 14:17:43,513:INFO:Total runtime is 0.010351375738779704 minutes
2025-10-09 14:17:43,516:INFO:SubProcess create_model() called ==================================
2025-10-09 14:17:43,516:INFO:Initializing create_model()
2025-10-09 14:17:43,516:INFO:create_model(self=<pycaret.regression.oop.RegressionExperiment object at 0x7f780d5f19f0>, estimator=ridge, fold=KFold(n_splits=3, random_state=None, shuffle=False), round=4, cross_validation=True, predict=True, fit_kwargs={}, groups=None, refit=False, probability_threshold=None, experiment_custom_tags=None, verbose=False, system=False, add_to_model_list=True, metrics=None, display=<pycaret.internal.display.display.CommonDisplay object at 0x7f78b57196f0>, model_only=True, return_train_score=False, error_score=0.0, kwargs={})
2025-10-09 14:17:43,516:INFO:Checking exceptions
2025-10-09 14:17:43,516:INFO:Importing libraries
2025-10-09 14:17:43,516:INFO:Copying training dataset
2025-10-09 14:17:43,536:INFO:Defining folds
2025-10-09 14:17:43,536:INFO:Declaring metric variables
2025-10-09 14:17:43,538:INFO:Importing untrained model
2025-10-09 14:17:43,541:INFO:Ridge Regression Imported successfully
2025-10-09 14:17:43,545:INFO:Starting cross validation
2025-10-09 14:17:43,547:INFO:Cross validating with KFold(n_splits=3, random_state=None, shuffle=False), n_jobs=-1
2025-10-09 14:17:43,690:INFO:Calculating mean and std
2025-10-09 14:17:43,690:INFO:Creating metrics dataframe
2025-10-09 14:17:43,692:INFO:Uploading results into container
2025-10-09 14:17:43,692:INFO:Uploading model into container now
2025-10-09 14:17:43,692:INFO:_master_model_container: 3
2025-10-09 14:17:43,692:INFO:_display_container: 2
2025-10-09 14:17:43,693:INFO:Ridge(random_state=123)
2025-10-09 14:17:43,693:INFO:create_model() successfully completed......................................
2025-10-09 14:17:43,821:INFO:SubProcess create_model() end ==================================
2025-10-09 14:17:43,821:INFO:Creating metrics dataframe
2025-10-09 14:17:43,826:INFO:Initializing Elastic Net
2025-10-09 14:17:43,826:INFO:Total runtime is 0.015561060110727946 minutes
2025-10-09 14:17:43,828:INFO:SubProcess create_model() called ==================================
2025-10-09 14:17:43,828:INFO:Initializing create_model()
2025-10-09 14:17:43,828:INFO:create_model(self=<pycaret.regression.oop.RegressionExperiment object at 0x7f780d5f19f0>, estimator=en, fold=KFold(n_splits=3, random_state=None, shuffle=False), round=4, cross_validation=True, predict=True, fit_kwargs={}, groups=None, refit=False, probability_threshold=None, experiment_custom_tags=None, verbose=False, system=False, add_to_model_list=True, metrics=None, display=<pycaret.internal.display.display.CommonDisplay object at 0x7f78b57196f0>, model_only=True, return_train_score=False, error_score=0.0, kwargs={})
2025-10-09 14:17:43,828:INFO:Checking exceptions
2025-10-09 14:17:43,828:INFO:Importing libraries
2025-10-09 14:17:43,828:INFO:Copying training dataset
2025-10-09 14:17:43,848:INFO:Defining folds
2025-10-09 14:17:43,848:INFO:Declaring metric variables
2025-10-09 14:17:43,850:INFO:Importing untrained model
2025-10-09 14:17:43,853:INFO:Elastic Net Imported successfully
2025-10-09 14:17:43,857:INFO:Starting cross validation
2025-10-09 14:17:43,858:INFO:Cross validating with KFold(n_splits=3, random_state=None, shuffle=False), n_jobs=-1
2025-10-09 14:17:44,021:INFO:Calculating mean and std
2025-10-09 14:17:44,022:INFO:Creating metrics dataframe
2025-10-09 14:17:44,023:INFO:Uploading results into container
2025-10-09 14:17:44,024:INFO:Uploading model into container now
2025-10-09 14:17:44,024:INFO:_master_model_container: 4
2025-10-09 14:17:44,024:INFO:_display_container: 2
2025-10-09 14:17:44,024:INFO:ElasticNet(random_state=123)
2025-10-09 14:17:44,024:INFO:create_model() successfully completed......................................
2025-10-09 14:17:44,152:INFO:SubProcess create_model() end ==================================
2025-10-09 14:17:44,152:INFO:Creating metrics dataframe
2025-10-09 14:17:44,157:INFO:Initializing Least Angle Regression
2025-10-09 14:17:44,157:INFO:Total runtime is 0.021077577273050943 minutes
2025-10-09 14:17:44,159:INFO:SubProcess create_model() called ==================================
2025-10-09 14:17:44,159:INFO:Initializing create_model()
2025-10-09 14:17:44,159:INFO:create_model(self=<pycaret.regression.oop.RegressionExperiment object at 0x7f780d5f19f0>, estimator=lar, fold=KFold(n_splits=3, random_state=None, shuffle=False), round=4, cross_validation=True, predict=True, fit_kwargs={}, groups=None, refit=False, probability_threshold=None, experiment_custom_tags=None, verbose=False, system=False, add_to_model_list=True, metrics=None, display=<pycaret.internal.display.display.CommonDisplay object at 0x7f78b57196f0>, model_only=True, return_train_score=False, error_score=0.0, kwargs={})
2025-10-09 14:17:44,159:INFO:Checking exceptions
2025-10-09 14:17:44,159:INFO:Importing libraries
2025-10-09 14:17:44,159:INFO:Copying training dataset
2025-10-09 14:17:44,179:INFO:Defining folds
2025-10-09 14:17:44,180:INFO:Declaring metric variables
2025-10-09 14:17:44,182:INFO:Importing untrained model
2025-10-09 14:17:44,185:INFO:Least Angle Regression Imported successfully
2025-10-09 14:17:44,190:INFO:Starting cross validation
2025-10-09 14:17:44,191:INFO:Cross validating with KFold(n_splits=3, random_state=None, shuffle=False), n_jobs=-1
2025-10-09 14:17:44,316:INFO:Calculating mean and std
2025-10-09 14:17:44,317:INFO:Creating metrics dataframe
2025-10-09 14:17:44,319:INFO:Uploading results into container
2025-10-09 14:17:44,319:INFO:Uploading model into container now
2025-10-09 14:17:44,320:INFO:_master_model_container: 5
2025-10-09 14:17:44,320:INFO:_display_container: 2
2025-10-09 14:17:44,320:INFO:Lars(random_state=123)
2025-10-09 14:17:44,320:INFO:create_model() successfully completed......................................
2025-10-09 14:17:44,447:INFO:SubProcess create_model() end ==================================
2025-10-09 14:17:44,447:INFO:Creating metrics dataframe
2025-10-09 14:17:44,452:INFO:Initializing Lasso Least Angle Regression
2025-10-09 14:17:44,453:INFO:Total runtime is 0.026004910469055176 minutes
2025-10-09 14:17:44,455:INFO:SubProcess create_model() called ==================================
2025-10-09 14:17:44,455:INFO:Initializing create_model()
2025-10-09 14:17:44,455:INFO:create_model(self=<pycaret.regression.oop.RegressionExperiment object at 0x7f780d5f19f0>, estimator=llar, fold=KFold(n_splits=3, random_state=None, shuffle=False), round=4, cross_validation=True, predict=True, fit_kwargs={}, groups=None, refit=False, probability_threshold=None, experiment_custom_tags=None, verbose=False, system=False, add_to_model_list=True, metrics=None, display=<pycaret.internal.display.display.CommonDisplay object at 0x7f78b57196f0>, model_only=True, return_train_score=False, error_score=0.0, kwargs={})
2025-10-09 14:17:44,455:INFO:Checking exceptions
2025-10-09 14:17:44,455:INFO:Importing libraries
2025-10-09 14:17:44,455:INFO:Copying training dataset
2025-10-09 14:17:44,481:INFO:Defining folds
2025-10-09 14:17:44,481:INFO:Declaring metric variables
2025-10-09 14:17:44,485:INFO:Importing untrained model
2025-10-09 14:17:44,490:INFO:Lasso Least Angle Regression Imported successfully
2025-10-09 14:17:44,498:INFO:Starting cross validation
2025-10-09 14:17:44,500:INFO:Cross validating with KFold(n_splits=3, random_state=None, shuffle=False), n_jobs=-1
2025-10-09 14:17:44,628:INFO:Calculating mean and std
2025-10-09 14:17:44,629:INFO:Creating metrics dataframe
2025-10-09 14:17:44,630:INFO:Uploading results into container
2025-10-09 14:17:44,630:INFO:Uploading model into container now
2025-10-09 14:17:44,631:INFO:_master_model_container: 6
2025-10-09 14:17:44,631:INFO:_display_container: 2
2025-10-09 14:17:44,631:INFO:LassoLars(random_state=123)
2025-10-09 14:17:44,631:INFO:create_model() successfully completed......................................
2025-10-09 14:17:44,757:INFO:SubProcess create_model() end ==================================
2025-10-09 14:17:44,757:INFO:Creating metrics dataframe
2025-10-09 14:17:44,763:INFO:Initializing Orthogonal Matching Pursuit
2025-10-09 14:17:44,763:INFO:Total runtime is 0.03117992083231608 minutes
2025-10-09 14:17:44,765:INFO:SubProcess create_model() called ==================================
2025-10-09 14:17:44,765:INFO:Initializing create_model()
2025-10-09 14:17:44,765:INFO:create_model(self=<pycaret.regression.oop.RegressionExperiment object at 0x7f780d5f19f0>, estimator=omp, fold=KFold(n_splits=3, random_state=None, shuffle=False), round=4, cross_validation=True, predict=True, fit_kwargs={}, groups=None, refit=False, probability_threshold=None, experiment_custom_tags=None, verbose=False, system=False, add_to_model_list=True, metrics=None, display=<pycaret.internal.display.display.CommonDisplay object at 0x7f78b57196f0>, model_only=True, return_train_score=False, error_score=0.0, kwargs={})
2025-10-09 14:17:44,765:INFO:Checking exceptions
2025-10-09 14:17:44,765:INFO:Importing libraries
2025-10-09 14:17:44,765:INFO:Copying training dataset
2025-10-09 14:17:44,785:INFO:Defining folds
2025-10-09 14:17:44,785:INFO:Declaring metric variables
2025-10-09 14:17:44,788:INFO:Importing untrained model
2025-10-09 14:17:44,791:INFO:Orthogonal Matching Pursuit Imported successfully
2025-10-09 14:17:44,795:INFO:Starting cross validation
2025-10-09 14:17:44,796:INFO:Cross validating with KFold(n_splits=3, random_state=None, shuffle=False), n_jobs=-1
2025-10-09 14:17:44,889:WARNING:/home/leon/.conda/envs/ml_general/lib/python3.10/site-packages/sklearn/utils/_param_validation.py:186: RuntimeWarning: Orthogonal matching pursuit ended prematurely due to linear dependence in the dictionary. The requested precision might not have been met.
  return func(*args, **kwargs)

2025-10-09 14:17:44,914:INFO:Calculating mean and std
2025-10-09 14:17:44,915:INFO:Creating metrics dataframe
2025-10-09 14:17:44,917:INFO:Uploading results into container
2025-10-09 14:17:44,917:INFO:Uploading model into container now
2025-10-09 14:17:44,917:INFO:_master_model_container: 7
2025-10-09 14:17:44,917:INFO:_display_container: 2
2025-10-09 14:17:44,918:INFO:OrthogonalMatchingPursuit()
2025-10-09 14:17:44,918:INFO:create_model() successfully completed......................................
2025-10-09 14:17:45,046:INFO:SubProcess create_model() end ==================================
2025-10-09 14:17:45,046:INFO:Creating metrics dataframe
2025-10-09 14:17:45,051:INFO:Initializing Bayesian Ridge
2025-10-09 14:17:45,051:INFO:Total runtime is 0.035986204942067467 minutes
2025-10-09 14:17:45,054:INFO:SubProcess create_model() called ==================================
2025-10-09 14:17:45,054:INFO:Initializing create_model()
2025-10-09 14:17:45,054:INFO:create_model(self=<pycaret.regression.oop.RegressionExperiment object at 0x7f780d5f19f0>, estimator=br, fold=KFold(n_splits=3, random_state=None, shuffle=False), round=4, cross_validation=True, predict=True, fit_kwargs={}, groups=None, refit=False, probability_threshold=None, experiment_custom_tags=None, verbose=False, system=False, add_to_model_list=True, metrics=None, display=<pycaret.internal.display.display.CommonDisplay object at 0x7f78b57196f0>, model_only=True, return_train_score=False, error_score=0.0, kwargs={})
2025-10-09 14:17:45,054:INFO:Checking exceptions
2025-10-09 14:17:45,054:INFO:Importing libraries
2025-10-09 14:17:45,054:INFO:Copying training dataset
2025-10-09 14:17:45,077:INFO:Defining folds
2025-10-09 14:17:45,077:INFO:Declaring metric variables
2025-10-09 14:17:45,079:INFO:Importing untrained model
2025-10-09 14:17:45,082:INFO:Bayesian Ridge Imported successfully
2025-10-09 14:17:45,087:INFO:Starting cross validation
2025-10-09 14:17:45,088:INFO:Cross validating with KFold(n_splits=3, random_state=None, shuffle=False), n_jobs=-1
2025-10-09 14:17:45,272:INFO:Calculating mean and std
2025-10-09 14:17:45,273:INFO:Creating metrics dataframe
2025-10-09 14:17:45,274:INFO:Uploading results into container
2025-10-09 14:17:45,275:INFO:Uploading model into container now
2025-10-09 14:17:45,275:INFO:_master_model_container: 8
2025-10-09 14:17:45,275:INFO:_display_container: 2
2025-10-09 14:17:45,275:INFO:BayesianRidge()
2025-10-09 14:17:45,275:INFO:create_model() successfully completed......................................
2025-10-09 14:17:45,401:INFO:SubProcess create_model() end ==================================
2025-10-09 14:17:45,401:INFO:Creating metrics dataframe
2025-10-09 14:17:45,406:INFO:Initializing Passive Aggressive Regressor
2025-10-09 14:17:45,406:INFO:Total runtime is 0.04190152088801066 minutes
2025-10-09 14:17:45,408:INFO:SubProcess create_model() called ==================================
2025-10-09 14:17:45,409:INFO:Initializing create_model()
2025-10-09 14:17:45,409:INFO:create_model(self=<pycaret.regression.oop.RegressionExperiment object at 0x7f780d5f19f0>, estimator=par, fold=KFold(n_splits=3, random_state=None, shuffle=False), round=4, cross_validation=True, predict=True, fit_kwargs={}, groups=None, refit=False, probability_threshold=None, experiment_custom_tags=None, verbose=False, system=False, add_to_model_list=True, metrics=None, display=<pycaret.internal.display.display.CommonDisplay object at 0x7f78b57196f0>, model_only=True, return_train_score=False, error_score=0.0, kwargs={})
2025-10-09 14:17:45,409:INFO:Checking exceptions
2025-10-09 14:17:45,409:INFO:Importing libraries
2025-10-09 14:17:45,409:INFO:Copying training dataset
2025-10-09 14:17:45,428:INFO:Defining folds
2025-10-09 14:17:45,428:INFO:Declaring metric variables
2025-10-09 14:17:45,430:INFO:Importing untrained model
2025-10-09 14:17:45,433:INFO:Passive Aggressive Regressor Imported successfully
2025-10-09 14:17:45,437:INFO:Starting cross validation
2025-10-09 14:17:45,438:INFO:Cross validating with KFold(n_splits=3, random_state=None, shuffle=False), n_jobs=-1
2025-10-09 14:17:45,587:INFO:Calculating mean and std
2025-10-09 14:17:45,588:INFO:Creating metrics dataframe
2025-10-09 14:17:45,590:INFO:Uploading results into container
2025-10-09 14:17:45,590:INFO:Uploading model into container now
2025-10-09 14:17:45,590:INFO:_master_model_container: 9
2025-10-09 14:17:45,591:INFO:_display_container: 2
2025-10-09 14:17:45,591:INFO:PassiveAggressiveRegressor(random_state=123)
2025-10-09 14:17:45,591:INFO:create_model() successfully completed......................................
2025-10-09 14:17:45,720:INFO:SubProcess create_model() end ==================================
2025-10-09 14:17:45,720:INFO:Creating metrics dataframe
2025-10-09 14:17:45,726:INFO:Initializing Huber Regressor
2025-10-09 14:17:45,726:INFO:Total runtime is 0.047229425112406416 minutes
2025-10-09 14:17:45,728:INFO:SubProcess create_model() called ==================================
2025-10-09 14:17:45,728:INFO:Initializing create_model()
2025-10-09 14:17:45,728:INFO:create_model(self=<pycaret.regression.oop.RegressionExperiment object at 0x7f780d5f19f0>, estimator=huber, fold=KFold(n_splits=3, random_state=None, shuffle=False), round=4, cross_validation=True, predict=True, fit_kwargs={}, groups=None, refit=False, probability_threshold=None, experiment_custom_tags=None, verbose=False, system=False, add_to_model_list=True, metrics=None, display=<pycaret.internal.display.display.CommonDisplay object at 0x7f78b57196f0>, model_only=True, return_train_score=False, error_score=0.0, kwargs={})
2025-10-09 14:17:45,729:INFO:Checking exceptions
2025-10-09 14:17:45,729:INFO:Importing libraries
2025-10-09 14:17:45,729:INFO:Copying training dataset
2025-10-09 14:17:45,749:INFO:Defining folds
2025-10-09 14:17:45,749:INFO:Declaring metric variables
2025-10-09 14:17:45,751:INFO:Importing untrained model
2025-10-09 14:17:45,754:INFO:Huber Regressor Imported successfully
2025-10-09 14:17:45,759:INFO:Starting cross validation
2025-10-09 14:17:45,760:INFO:Cross validating with KFold(n_splits=3, random_state=None, shuffle=False), n_jobs=-1
2025-10-09 14:17:46,436:WARNING:/home/leon/.conda/envs/ml_general/lib/python3.10/site-packages/sklearn/linear_model/_huber.py:342: ConvergenceWarning: lbfgs failed to converge (status=1):
STOP: TOTAL NO. of ITERATIONS REACHED LIMIT.

Increase the number of iterations (max_iter) or scale the data as shown in:
    https://scikit-learn.org/stable/modules/preprocessing.html
  self.n_iter_ = _check_optimize_result("lbfgs", opt_res, self.max_iter)

2025-10-09 14:17:46,448:WARNING:/home/leon/.conda/envs/ml_general/lib/python3.10/site-packages/sklearn/linear_model/_huber.py:342: ConvergenceWarning: lbfgs failed to converge (status=1):
STOP: TOTAL NO. of ITERATIONS REACHED LIMIT.

Increase the number of iterations (max_iter) or scale the data as shown in:
    https://scikit-learn.org/stable/modules/preprocessing.html
  self.n_iter_ = _check_optimize_result("lbfgs", opt_res, self.max_iter)

2025-10-09 14:17:46,480:WARNING:/home/leon/.conda/envs/ml_general/lib/python3.10/site-packages/sklearn/linear_model/_huber.py:342: ConvergenceWarning: lbfgs failed to converge (status=1):
STOP: TOTAL NO. of ITERATIONS REACHED LIMIT.

Increase the number of iterations (max_iter) or scale the data as shown in:
    https://scikit-learn.org/stable/modules/preprocessing.html
  self.n_iter_ = _check_optimize_result("lbfgs", opt_res, self.max_iter)

2025-10-09 14:17:46,502:INFO:Calculating mean and std
2025-10-09 14:17:46,502:INFO:Creating metrics dataframe
2025-10-09 14:17:46,504:INFO:Uploading results into container
2025-10-09 14:17:46,504:INFO:Uploading model into container now
2025-10-09 14:17:46,505:INFO:_master_model_container: 10
2025-10-09 14:17:46,505:INFO:_display_container: 2
2025-10-09 14:17:46,505:INFO:HuberRegressor()
2025-10-09 14:17:46,505:INFO:create_model() successfully completed......................................
2025-10-09 14:17:46,630:INFO:SubProcess create_model() end ==================================
2025-10-09 14:17:46,630:INFO:Creating metrics dataframe
2025-10-09 14:17:46,636:INFO:Initializing K Neighbors Regressor
2025-10-09 14:17:46,636:INFO:Total runtime is 0.06240119536717733 minutes
2025-10-09 14:17:46,638:INFO:SubProcess create_model() called ==================================
2025-10-09 14:17:46,639:INFO:Initializing create_model()
2025-10-09 14:17:46,639:INFO:create_model(self=<pycaret.regression.oop.RegressionExperiment object at 0x7f780d5f19f0>, estimator=knn, fold=KFold(n_splits=3, random_state=None, shuffle=False), round=4, cross_validation=True, predict=True, fit_kwargs={}, groups=None, refit=False, probability_threshold=None, experiment_custom_tags=None, verbose=False, system=False, add_to_model_list=True, metrics=None, display=<pycaret.internal.display.display.CommonDisplay object at 0x7f78b57196f0>, model_only=True, return_train_score=False, error_score=0.0, kwargs={})
2025-10-09 14:17:46,639:INFO:Checking exceptions
2025-10-09 14:17:46,639:INFO:Importing libraries
2025-10-09 14:17:46,639:INFO:Copying training dataset
2025-10-09 14:17:46,658:INFO:Defining folds
2025-10-09 14:17:46,658:INFO:Declaring metric variables
2025-10-09 14:17:46,662:INFO:Importing untrained model
2025-10-09 14:17:46,666:INFO:K Neighbors Regressor Imported successfully
2025-10-09 14:17:46,671:INFO:Starting cross validation
2025-10-09 14:17:46,672:INFO:Cross validating with KFold(n_splits=3, random_state=None, shuffle=False), n_jobs=-1
2025-10-09 14:17:46,976:INFO:Calculating mean and std
2025-10-09 14:17:46,977:INFO:Creating metrics dataframe
2025-10-09 14:17:46,979:INFO:Uploading results into container
2025-10-09 14:17:46,979:INFO:Uploading model into container now
2025-10-09 14:17:46,980:INFO:_master_model_container: 11
2025-10-09 14:17:46,980:INFO:_display_container: 2
2025-10-09 14:17:46,980:INFO:KNeighborsRegressor(n_jobs=-1)
2025-10-09 14:17:46,980:INFO:create_model() successfully completed......................................
2025-10-09 14:17:47,104:INFO:SubProcess create_model() end ==================================
2025-10-09 14:17:47,104:INFO:Creating metrics dataframe
2025-10-09 14:17:47,110:INFO:Initializing Decision Tree Regressor
2025-10-09 14:17:47,111:INFO:Total runtime is 0.07030577262242635 minutes
2025-10-09 14:17:47,113:INFO:SubProcess create_model() called ==================================
2025-10-09 14:17:47,113:INFO:Initializing create_model()
2025-10-09 14:17:47,113:INFO:create_model(self=<pycaret.regression.oop.RegressionExperiment object at 0x7f780d5f19f0>, estimator=dt, fold=KFold(n_splits=3, random_state=None, shuffle=False), round=4, cross_validation=True, predict=True, fit_kwargs={}, groups=None, refit=False, probability_threshold=None, experiment_custom_tags=None, verbose=False, system=False, add_to_model_list=True, metrics=None, display=<pycaret.internal.display.display.CommonDisplay object at 0x7f78b57196f0>, model_only=True, return_train_score=False, error_score=0.0, kwargs={})
2025-10-09 14:17:47,113:INFO:Checking exceptions
2025-10-09 14:17:47,113:INFO:Importing libraries
2025-10-09 14:17:47,113:INFO:Copying training dataset
2025-10-09 14:17:47,132:INFO:Defining folds
2025-10-09 14:17:47,132:INFO:Declaring metric variables
2025-10-09 14:17:47,135:INFO:Importing untrained model
2025-10-09 14:17:47,138:INFO:Decision Tree Regressor Imported successfully
2025-10-09 14:17:47,142:INFO:Starting cross validation
2025-10-09 14:17:47,143:INFO:Cross validating with KFold(n_splits=3, random_state=None, shuffle=False), n_jobs=-1
2025-10-09 14:17:47,377:INFO:Calculating mean and std
2025-10-09 14:17:47,378:INFO:Creating metrics dataframe
2025-10-09 14:17:47,380:INFO:Uploading results into container
2025-10-09 14:17:47,380:INFO:Uploading model into container now
2025-10-09 14:17:47,381:INFO:_master_model_container: 12
2025-10-09 14:17:47,381:INFO:_display_container: 2
2025-10-09 14:17:47,381:INFO:DecisionTreeRegressor(random_state=123)
2025-10-09 14:17:47,381:INFO:create_model() successfully completed......................................
2025-10-09 14:17:47,506:INFO:SubProcess create_model() end ==================================
2025-10-09 14:17:47,506:INFO:Creating metrics dataframe
2025-10-09 14:17:47,513:INFO:Initializing Random Forest Regressor
2025-10-09 14:17:47,513:INFO:Total runtime is 0.07701167265574137 minutes
2025-10-09 14:17:47,515:INFO:SubProcess create_model() called ==================================
2025-10-09 14:17:47,516:INFO:Initializing create_model()
2025-10-09 14:17:47,516:INFO:create_model(self=<pycaret.regression.oop.RegressionExperiment object at 0x7f780d5f19f0>, estimator=rf, fold=KFold(n_splits=3, random_state=None, shuffle=False), round=4, cross_validation=True, predict=True, fit_kwargs={}, groups=None, refit=False, probability_threshold=None, experiment_custom_tags=None, verbose=False, system=False, add_to_model_list=True, metrics=None, display=<pycaret.internal.display.display.CommonDisplay object at 0x7f78b57196f0>, model_only=True, return_train_score=False, error_score=0.0, kwargs={})
2025-10-09 14:17:47,516:INFO:Checking exceptions
2025-10-09 14:17:47,516:INFO:Importing libraries
2025-10-09 14:17:47,516:INFO:Copying training dataset
2025-10-09 14:17:47,535:INFO:Defining folds
2025-10-09 14:17:47,536:INFO:Declaring metric variables
2025-10-09 14:17:47,538:INFO:Importing untrained model
2025-10-09 14:17:47,541:INFO:Random Forest Regressor Imported successfully
2025-10-09 14:17:47,545:INFO:Starting cross validation
2025-10-09 14:17:47,546:INFO:Cross validating with KFold(n_splits=3, random_state=None, shuffle=False), n_jobs=-1
2025-10-09 14:17:50,838:INFO:Calculating mean and std
2025-10-09 14:17:50,839:INFO:Creating metrics dataframe
2025-10-09 14:17:50,840:INFO:Uploading results into container
2025-10-09 14:17:50,841:INFO:Uploading model into container now
2025-10-09 14:17:50,841:INFO:_master_model_container: 13
2025-10-09 14:17:50,841:INFO:_display_container: 2
2025-10-09 14:17:50,842:INFO:RandomForestRegressor(n_jobs=-1, random_state=123)
2025-10-09 14:17:50,842:INFO:create_model() successfully completed......................................
2025-10-09 14:17:50,969:INFO:SubProcess create_model() end ==================================
2025-10-09 14:17:50,969:INFO:Creating metrics dataframe
2025-10-09 14:17:50,975:INFO:Initializing Extra Trees Regressor
2025-10-09 14:17:50,975:INFO:Total runtime is 0.1347170829772949 minutes
2025-10-09 14:17:50,978:INFO:SubProcess create_model() called ==================================
2025-10-09 14:17:50,978:INFO:Initializing create_model()
2025-10-09 14:17:50,978:INFO:create_model(self=<pycaret.regression.oop.RegressionExperiment object at 0x7f780d5f19f0>, estimator=et, fold=KFold(n_splits=3, random_state=None, shuffle=False), round=4, cross_validation=True, predict=True, fit_kwargs={}, groups=None, refit=False, probability_threshold=None, experiment_custom_tags=None, verbose=False, system=False, add_to_model_list=True, metrics=None, display=<pycaret.internal.display.display.CommonDisplay object at 0x7f78b57196f0>, model_only=True, return_train_score=False, error_score=0.0, kwargs={})
2025-10-09 14:17:50,978:INFO:Checking exceptions
2025-10-09 14:17:50,978:INFO:Importing libraries
2025-10-09 14:17:50,978:INFO:Copying training dataset
2025-10-09 14:17:50,999:INFO:Defining folds
2025-10-09 14:17:50,999:INFO:Declaring metric variables
2025-10-09 14:17:51,002:INFO:Importing untrained model
2025-10-09 14:17:51,004:INFO:Extra Trees Regressor Imported successfully
2025-10-09 14:17:51,009:INFO:Starting cross validation
2025-10-09 14:17:51,010:INFO:Cross validating with KFold(n_splits=3, random_state=None, shuffle=False), n_jobs=-1
2025-10-09 14:17:52,610:INFO:Calculating mean and std
2025-10-09 14:17:52,610:INFO:Creating metrics dataframe
2025-10-09 14:17:52,612:INFO:Uploading results into container
2025-10-09 14:17:52,612:INFO:Uploading model into container now
2025-10-09 14:17:52,612:INFO:_master_model_container: 14
2025-10-09 14:17:52,612:INFO:_display_container: 2
2025-10-09 14:17:52,613:INFO:ExtraTreesRegressor(n_jobs=-1, random_state=123)
2025-10-09 14:17:52,613:INFO:create_model() successfully completed......................................
2025-10-09 14:17:52,741:INFO:SubProcess create_model() end ==================================
2025-10-09 14:17:52,741:INFO:Creating metrics dataframe
2025-10-09 14:17:52,748:INFO:Initializing AdaBoost Regressor
2025-10-09 14:17:52,748:INFO:Total runtime is 0.16425763765970863 minutes
2025-10-09 14:17:52,750:INFO:SubProcess create_model() called ==================================
2025-10-09 14:17:52,750:INFO:Initializing create_model()
2025-10-09 14:17:52,750:INFO:create_model(self=<pycaret.regression.oop.RegressionExperiment object at 0x7f780d5f19f0>, estimator=ada, fold=KFold(n_splits=3, random_state=None, shuffle=False), round=4, cross_validation=True, predict=True, fit_kwargs={}, groups=None, refit=False, probability_threshold=None, experiment_custom_tags=None, verbose=False, system=False, add_to_model_list=True, metrics=None, display=<pycaret.internal.display.display.CommonDisplay object at 0x7f78b57196f0>, model_only=True, return_train_score=False, error_score=0.0, kwargs={})
2025-10-09 14:17:52,750:INFO:Checking exceptions
2025-10-09 14:17:52,750:INFO:Importing libraries
2025-10-09 14:17:52,750:INFO:Copying training dataset
2025-10-09 14:17:52,770:INFO:Defining folds
2025-10-09 14:17:52,770:INFO:Declaring metric variables
2025-10-09 14:17:52,773:INFO:Importing untrained model
2025-10-09 14:17:52,775:INFO:AdaBoost Regressor Imported successfully
2025-10-09 14:17:52,780:INFO:Starting cross validation
2025-10-09 14:17:52,781:INFO:Cross validating with KFold(n_splits=3, random_state=None, shuffle=False), n_jobs=-1
2025-10-09 14:17:54,522:INFO:Calculating mean and std
2025-10-09 14:17:54,522:INFO:Creating metrics dataframe
2025-10-09 14:17:54,523:INFO:Uploading results into container
2025-10-09 14:17:54,524:INFO:Uploading model into container now
2025-10-09 14:17:54,524:INFO:_master_model_container: 15
2025-10-09 14:17:54,524:INFO:_display_container: 2
2025-10-09 14:17:54,524:INFO:AdaBoostRegressor(random_state=123)
2025-10-09 14:17:54,524:INFO:create_model() successfully completed......................................
2025-10-09 14:17:54,650:INFO:SubProcess create_model() end ==================================
2025-10-09 14:17:54,650:INFO:Creating metrics dataframe
2025-10-09 14:17:54,656:INFO:Initializing Gradient Boosting Regressor
2025-10-09 14:17:54,656:INFO:Total runtime is 0.19606557687123613 minutes
2025-10-09 14:17:54,658:INFO:SubProcess create_model() called ==================================
2025-10-09 14:17:54,659:INFO:Initializing create_model()
2025-10-09 14:17:54,659:INFO:create_model(self=<pycaret.regression.oop.RegressionExperiment object at 0x7f780d5f19f0>, estimator=gbr, fold=KFold(n_splits=3, random_state=None, shuffle=False), round=4, cross_validation=True, predict=True, fit_kwargs={}, groups=None, refit=False, probability_threshold=None, experiment_custom_tags=None, verbose=False, system=False, add_to_model_list=True, metrics=None, display=<pycaret.internal.display.display.CommonDisplay object at 0x7f78b57196f0>, model_only=True, return_train_score=False, error_score=0.0, kwargs={})
2025-10-09 14:17:54,659:INFO:Checking exceptions
2025-10-09 14:17:54,659:INFO:Importing libraries
2025-10-09 14:17:54,659:INFO:Copying training dataset
2025-10-09 14:17:54,678:INFO:Defining folds
2025-10-09 14:17:54,678:INFO:Declaring metric variables
2025-10-09 14:17:54,681:INFO:Importing untrained model
2025-10-09 14:17:54,683:INFO:Gradient Boosting Regressor Imported successfully
2025-10-09 14:17:54,687:INFO:Starting cross validation
2025-10-09 14:17:54,689:INFO:Cross validating with KFold(n_splits=3, random_state=None, shuffle=False), n_jobs=-1
2025-10-09 14:17:57,706:INFO:Calculating mean and std
2025-10-09 14:17:57,706:INFO:Creating metrics dataframe
2025-10-09 14:17:57,708:INFO:Uploading results into container
2025-10-09 14:17:57,708:INFO:Uploading model into container now
2025-10-09 14:17:57,708:INFO:_master_model_container: 16
2025-10-09 14:17:57,708:INFO:_display_container: 2
2025-10-09 14:17:57,709:INFO:GradientBoostingRegressor(random_state=123)
2025-10-09 14:17:57,709:INFO:create_model() successfully completed......................................
2025-10-09 14:17:57,830:INFO:SubProcess create_model() end ==================================
2025-10-09 14:17:57,830:INFO:Creating metrics dataframe
2025-10-09 14:17:57,837:INFO:Initializing Extreme Gradient Boosting
2025-10-09 14:17:57,837:INFO:Total runtime is 0.24907831350962317 minutes
2025-10-09 14:17:57,839:INFO:SubProcess create_model() called ==================================
2025-10-09 14:17:57,839:INFO:Initializing create_model()
2025-10-09 14:17:57,839:INFO:create_model(self=<pycaret.regression.oop.RegressionExperiment object at 0x7f780d5f19f0>, estimator=xgboost, fold=KFold(n_splits=3, random_state=None, shuffle=False), round=4, cross_validation=True, predict=True, fit_kwargs={}, groups=None, refit=False, probability_threshold=None, experiment_custom_tags=None, verbose=False, system=False, add_to_model_list=True, metrics=None, display=<pycaret.internal.display.display.CommonDisplay object at 0x7f78b57196f0>, model_only=True, return_train_score=False, error_score=0.0, kwargs={})
2025-10-09 14:17:57,839:INFO:Checking exceptions
2025-10-09 14:17:57,839:INFO:Importing libraries
2025-10-09 14:17:57,840:INFO:Copying training dataset
2025-10-09 14:17:57,857:INFO:Defining folds
2025-10-09 14:17:57,858:INFO:Declaring metric variables
2025-10-09 14:17:57,860:INFO:Importing untrained model
2025-10-09 14:17:57,862:INFO:Extreme Gradient Boosting Imported successfully
2025-10-09 14:17:57,866:INFO:Starting cross validation
2025-10-09 14:17:57,867:INFO:Cross validating with KFold(n_splits=3, random_state=None, shuffle=False), n_jobs=-1
2025-10-09 14:17:58,315:INFO:Calculating mean and std
2025-10-09 14:17:58,316:INFO:Creating metrics dataframe
2025-10-09 14:17:58,317:INFO:Uploading results into container
2025-10-09 14:17:58,317:INFO:Uploading model into container now
2025-10-09 14:17:58,317:INFO:_master_model_container: 17
2025-10-09 14:17:58,317:INFO:_display_container: 2
2025-10-09 14:17:58,318:INFO:XGBRegressor(base_score=None, booster='gbtree', callbacks=None,
             colsample_bylevel=None, colsample_bynode=None,
             colsample_bytree=None, device='cpu', early_stopping_rounds=None,
             enable_categorical=False, eval_metric=None, feature_types=None,
             gamma=None, grow_policy=None, importance_type=None,
             interaction_constraints=None, learning_rate=None, max_bin=None,
             max_cat_threshold=None, max_cat_to_onehot=None,
             max_delta_step=None, max_depth=None, max_leaves=None,
             min_child_weight=None, missing=nan, monotone_constraints=None,
             multi_strategy=None, n_estimators=None, n_jobs=-1,
             num_parallel_tree=None, random_state=123, ...)
2025-10-09 14:17:58,318:INFO:create_model() successfully completed......................................
2025-10-09 14:17:58,439:INFO:SubProcess create_model() end ==================================
2025-10-09 14:17:58,439:INFO:Creating metrics dataframe
2025-10-09 14:17:58,446:INFO:Initializing CatBoost Regressor
2025-10-09 14:17:58,446:INFO:Total runtime is 0.2592238346735636 minutes
2025-10-09 14:17:58,448:INFO:SubProcess create_model() called ==================================
2025-10-09 14:17:58,448:INFO:Initializing create_model()
2025-10-09 14:17:58,448:INFO:create_model(self=<pycaret.regression.oop.RegressionExperiment object at 0x7f780d5f19f0>, estimator=catboost, fold=KFold(n_splits=3, random_state=None, shuffle=False), round=4, cross_validation=True, predict=True, fit_kwargs={}, groups=None, refit=False, probability_threshold=None, experiment_custom_tags=None, verbose=False, system=False, add_to_model_list=True, metrics=None, display=<pycaret.internal.display.display.CommonDisplay object at 0x7f78b57196f0>, model_only=True, return_train_score=False, error_score=0.0, kwargs={})
2025-10-09 14:17:58,449:INFO:Checking exceptions
2025-10-09 14:17:58,449:INFO:Importing libraries
2025-10-09 14:17:58,449:INFO:Copying training dataset
2025-10-09 14:17:58,467:INFO:Defining folds
2025-10-09 14:17:58,467:INFO:Declaring metric variables
2025-10-09 14:17:58,469:INFO:Importing untrained model
2025-10-09 14:17:58,471:INFO:CatBoost Regressor Imported successfully
2025-10-09 14:17:58,475:INFO:Starting cross validation
2025-10-09 14:17:58,476:INFO:Cross validating with KFold(n_splits=3, random_state=None, shuffle=False), n_jobs=-1
2025-10-09 14:18:01,899:INFO:Calculating mean and std
2025-10-09 14:18:01,900:INFO:Creating metrics dataframe
2025-10-09 14:18:01,901:INFO:Uploading results into container
2025-10-09 14:18:01,901:INFO:Uploading model into container now
2025-10-09 14:18:01,902:INFO:_master_model_container: 18
2025-10-09 14:18:01,902:INFO:_display_container: 2
2025-10-09 14:18:01,902:INFO:<catboost.core.CatBoostRegressor object at 0x7f780c39a830>
2025-10-09 14:18:01,902:INFO:create_model() successfully completed......................................
2025-10-09 14:18:02,023:INFO:SubProcess create_model() end ==================================
2025-10-09 14:18:02,023:INFO:Creating metrics dataframe
2025-10-09 14:18:02,029:INFO:Initializing Dummy Regressor
2025-10-09 14:18:02,029:INFO:Total runtime is 0.31895392338434847 minutes
2025-10-09 14:18:02,031:INFO:SubProcess create_model() called ==================================
2025-10-09 14:18:02,032:INFO:Initializing create_model()
2025-10-09 14:18:02,032:INFO:create_model(self=<pycaret.regression.oop.RegressionExperiment object at 0x7f780d5f19f0>, estimator=dummy, fold=KFold(n_splits=3, random_state=None, shuffle=False), round=4, cross_validation=True, predict=True, fit_kwargs={}, groups=None, refit=False, probability_threshold=None, experiment_custom_tags=None, verbose=False, system=False, add_to_model_list=True, metrics=None, display=<pycaret.internal.display.display.CommonDisplay object at 0x7f78b57196f0>, model_only=True, return_train_score=False, error_score=0.0, kwargs={})
2025-10-09 14:18:02,032:INFO:Checking exceptions
2025-10-09 14:18:02,032:INFO:Importing libraries
2025-10-09 14:18:02,032:INFO:Copying training dataset
2025-10-09 14:18:02,050:INFO:Defining folds
2025-10-09 14:18:02,051:INFO:Declaring metric variables
2025-10-09 14:18:02,054:INFO:Importing untrained model
2025-10-09 14:18:02,058:INFO:Dummy Regressor Imported successfully
2025-10-09 14:18:02,063:INFO:Starting cross validation
2025-10-09 14:18:02,064:INFO:Cross validating with KFold(n_splits=3, random_state=None, shuffle=False), n_jobs=-1
2025-10-09 14:18:02,168:INFO:Calculating mean and std
2025-10-09 14:18:02,168:INFO:Creating metrics dataframe
2025-10-09 14:18:02,170:INFO:Uploading results into container
2025-10-09 14:18:02,170:INFO:Uploading model into container now
2025-10-09 14:18:02,170:INFO:_master_model_container: 19
2025-10-09 14:18:02,170:INFO:_display_container: 2
2025-10-09 14:18:02,171:INFO:DummyRegressor()
2025-10-09 14:18:02,171:INFO:create_model() successfully completed......................................
2025-10-09 14:18:02,298:INFO:SubProcess create_model() end ==================================
2025-10-09 14:18:02,298:INFO:Creating metrics dataframe
2025-10-09 14:18:02,307:WARNING:/home/leon/.conda/envs/ml_general/lib/python3.10/site-packages/pycaret/internal/pycaret_experiment/supervised_experiment.py:323: FutureWarning: Styler.applymap has been deprecated. Use Styler.map instead.
  master_display_.apply(

2025-10-09 14:18:02,314:INFO:Initializing create_model()
2025-10-09 14:18:02,314:INFO:create_model(self=<pycaret.regression.oop.RegressionExperiment object at 0x7f780d5f19f0>, estimator=HuberRegressor(), fold=KFold(n_splits=3, random_state=None, shuffle=False), round=4, cross_validation=False, predict=False, fit_kwargs={}, groups=None, refit=True, probability_threshold=None, experiment_custom_tags=None, verbose=False, system=False, add_to_model_list=True, metrics=None, display=None, model_only=True, return_train_score=False, error_score=0.0, kwargs={})
2025-10-09 14:18:02,314:INFO:Checking exceptions
2025-10-09 14:18:02,316:INFO:Importing libraries
2025-10-09 14:18:02,316:INFO:Copying training dataset
2025-10-09 14:18:02,339:INFO:Defining folds
2025-10-09 14:18:02,339:INFO:Declaring metric variables
2025-10-09 14:18:02,339:INFO:Importing untrained model
2025-10-09 14:18:02,339:INFO:Declaring custom model
2025-10-09 14:18:02,339:INFO:Huber Regressor Imported successfully
2025-10-09 14:18:02,340:INFO:Cross validation set to False
2025-10-09 14:18:02,341:INFO:Fitting Model
2025-10-09 14:18:02,817:WARNING:/home/leon/.conda/envs/ml_general/lib/python3.10/site-packages/sklearn/linear_model/_huber.py:342: ConvergenceWarning: lbfgs failed to converge (status=1):
STOP: TOTAL NO. of ITERATIONS REACHED LIMIT.

Increase the number of iterations (max_iter) or scale the data as shown in:
    https://scikit-learn.org/stable/modules/preprocessing.html
  self.n_iter_ = _check_optimize_result("lbfgs", opt_res, self.max_iter)

2025-10-09 14:18:02,818:INFO:HuberRegressor()
2025-10-09 14:18:02,818:INFO:create_model() successfully completed......................................
2025-10-09 14:18:02,958:INFO:Initializing create_model()
2025-10-09 14:18:02,958:INFO:create_model(self=<pycaret.regression.oop.RegressionExperiment object at 0x7f780d5f19f0>, estimator=ExtraTreesRegressor(n_jobs=-1, random_state=123), fold=KFold(n_splits=3, random_state=None, shuffle=False), round=4, cross_validation=False, predict=False, fit_kwargs={}, groups=None, refit=True, probability_threshold=None, experiment_custom_tags=None, verbose=False, system=False, add_to_model_list=True, metrics=None, display=None, model_only=True, return_train_score=False, error_score=0.0, kwargs={})
2025-10-09 14:18:02,958:INFO:Checking exceptions
2025-10-09 14:18:02,959:INFO:Importing libraries
2025-10-09 14:18:02,959:INFO:Copying training dataset
2025-10-09 14:18:02,977:INFO:Defining folds
2025-10-09 14:18:02,977:INFO:Declaring metric variables
2025-10-09 14:18:02,977:INFO:Importing untrained model
2025-10-09 14:18:02,977:INFO:Declaring custom model
2025-10-09 14:18:02,978:INFO:Extra Trees Regressor Imported successfully
2025-10-09 14:18:02,979:INFO:Cross validation set to False
2025-10-09 14:18:02,979:INFO:Fitting Model
2025-10-09 14:18:03,741:INFO:ExtraTreesRegressor(n_jobs=-1, random_state=123)
2025-10-09 14:18:03,741:INFO:create_model() successfully completed......................................
2025-10-09 14:18:03,866:INFO:Initializing create_model()
2025-10-09 14:18:03,866:INFO:create_model(self=<pycaret.regression.oop.RegressionExperiment object at 0x7f780d5f19f0>, estimator=XGBRegressor(base_score=None, booster='gbtree', callbacks=None,
             colsample_bylevel=None, colsample_bynode=None,
             colsample_bytree=None, device='cpu', early_stopping_rounds=None,
             enable_categorical=False, eval_metric=None, feature_types=None,
             gamma=None, grow_policy=None, importance_type=None,
             interaction_constraints=None, learning_rate=None, max_bin=None,
             max_cat_threshold=None, max_cat_to_onehot=None,
             max_delta_step=None, max_depth=None, max_leaves=None,
             min_child_weight=None, missing=nan, monotone_constraints=None,
             multi_strategy=None, n_estimators=None, n_jobs=-1,
             num_parallel_tree=None, random_state=123, ...), fold=KFold(n_splits=3, random_state=None, shuffle=False), round=4, cross_validation=False, predict=False, fit_kwargs={}, groups=None, refit=True, probability_threshold=None, experiment_custom_tags=None, verbose=False, system=False, add_to_model_list=True, metrics=None, display=None, model_only=True, return_train_score=False, error_score=0.0, kwargs={})
2025-10-09 14:18:03,866:INFO:Checking exceptions
2025-10-09 14:18:03,867:INFO:Importing libraries
2025-10-09 14:18:03,867:INFO:Copying training dataset
2025-10-09 14:18:03,884:INFO:Defining folds
2025-10-09 14:18:03,884:INFO:Declaring metric variables
2025-10-09 14:18:03,885:INFO:Importing untrained model
2025-10-09 14:18:03,885:INFO:Declaring custom model
2025-10-09 14:18:03,885:INFO:Extreme Gradient Boosting Imported successfully
2025-10-09 14:18:03,886:INFO:Cross validation set to False
2025-10-09 14:18:03,886:INFO:Fitting Model
2025-10-09 14:18:04,088:INFO:XGBRegressor(base_score=None, booster='gbtree', callbacks=None,
             colsample_bylevel=None, colsample_bynode=None,
             colsample_bytree=None, device='cpu', early_stopping_rounds=None,
             enable_categorical=False, eval_metric=None, feature_types=None,
             gamma=None, grow_policy=None, importance_type=None,
             interaction_constraints=None, learning_rate=None, max_bin=None,
             max_cat_threshold=None, max_cat_to_onehot=None,
             max_delta_step=None, max_depth=None, max_leaves=None,
             min_child_weight=None, missing=nan, monotone_constraints=None,
             multi_strategy=None, n_estimators=None, n_jobs=-1,
             num_parallel_tree=None, random_state=123, ...)
2025-10-09 14:18:04,088:INFO:create_model() successfully completed......................................
2025-10-09 14:18:04,226:INFO:_master_model_container: 19
2025-10-09 14:18:04,227:INFO:_display_container: 2
2025-10-09 14:18:04,228:INFO:[HuberRegressor(), ExtraTreesRegressor(n_jobs=-1, random_state=123), XGBRegressor(base_score=None, booster='gbtree', callbacks=None,
             colsample_bylevel=None, colsample_bynode=None,
             colsample_bytree=None, device='cpu', early_stopping_rounds=None,
             enable_categorical=False, eval_metric=None, feature_types=None,
             gamma=None, grow_policy=None, importance_type=None,
             interaction_constraints=None, learning_rate=None, max_bin=None,
             max_cat_threshold=None, max_cat_to_onehot=None,
             max_delta_step=None, max_depth=None, max_leaves=None,
             min_child_weight=None, missing=nan, monotone_constraints=None,
             multi_strategy=None, n_estimators=None, n_jobs=-1,
             num_parallel_tree=None, random_state=123, ...)]
2025-10-09 14:18:04,228:INFO:compare_models() successfully completed......................................
2025-10-09 15:33:08,633:INFO:PyCaret ClassificationExperiment
2025-10-09 15:33:08,634:INFO:Logging name: clf-default-name
2025-10-09 15:33:08,634:INFO:ML Usecase: MLUsecase.CLASSIFICATION
2025-10-09 15:33:08,634:INFO:version 3.3.2
2025-10-09 15:33:08,634:INFO:Initializing setup()
2025-10-09 15:33:08,634:INFO:self.USI: 2dd0
2025-10-09 15:33:08,634:INFO:self._variable_keys: {'exp_name_log', 'fix_imbalance', 'X_train', 'html_param', 'gpu_n_jobs_param', 'gpu_param', 'n_jobs_param', 'X', 'seed', 'log_plots_param', 'memory', 'exp_id', 'idx', 'USI', 'fold_groups_param', 'logging_param', 'X_test', 'is_multiclass', 'y', '_available_plots', 'data', 'fold_shuffle_param', '_ml_usecase', 'pipeline', 'y_test', 'y_train', 'fold_generator', 'target_param'}
2025-10-09 15:33:08,634:INFO:Checking environment
2025-10-09 15:33:08,634:INFO:python_version: 3.10.16
2025-10-09 15:33:08,634:INFO:python_build: ('main', 'Dec 11 2024 16:24:50')
2025-10-09 15:33:08,634:INFO:machine: x86_64
2025-10-09 15:33:08,634:INFO:platform: Linux-6.12.34-1-MANJARO-x86_64-with-glibc2.41
2025-10-09 15:33:08,634:INFO:Memory: svmem(total=24909275136, available=17062707200, percent=31.5, used=6329622528, free=13332668416, active=7244591104, inactive=2295140352, buffers=340066304, cached=4906917888, shared=1103470592, slab=447369216)
2025-10-09 15:33:08,634:INFO:Physical Core: 6
2025-10-09 15:33:08,634:INFO:Logical Core: 12
2025-10-09 15:33:08,634:INFO:Checking libraries
2025-10-09 15:33:08,634:INFO:System:
2025-10-09 15:33:08,634:INFO:    python: 3.10.16 (main, Dec 11 2024, 16:24:50) [GCC 11.2.0]
2025-10-09 15:33:08,634:INFO:executable: /home/leon/.conda/envs/ml_general/bin/python
2025-10-09 15:33:08,634:INFO:   machine: Linux-6.12.34-1-MANJARO-x86_64-with-glibc2.41
2025-10-09 15:33:08,634:INFO:PyCaret required dependencies:
2025-10-09 15:33:08,634:INFO:                 pip: 24.2
2025-10-09 15:33:08,634:INFO:          setuptools: 75.1.0
2025-10-09 15:33:08,634:INFO:             pycaret: 3.3.2
2025-10-09 15:33:08,634:INFO:             IPython: 8.12.3
2025-10-09 15:33:08,634:INFO:          ipywidgets: 8.1.5
2025-10-09 15:33:08,634:INFO:                tqdm: 4.66.5
2025-10-09 15:33:08,634:INFO:               numpy: 1.26.4
2025-10-09 15:33:08,635:INFO:              pandas: 2.1.4
2025-10-09 15:33:08,635:INFO:              jinja2: 3.1.5
2025-10-09 15:33:08,635:INFO:               scipy: 1.11.4
2025-10-09 15:33:08,635:INFO:              joblib: 1.3.2
2025-10-09 15:33:08,635:INFO:             sklearn: 1.4.2
2025-10-09 15:33:08,635:INFO:                pyod: 2.0.2
2025-10-09 15:33:08,635:INFO:            imblearn: 0.12.3
2025-10-09 15:33:08,635:INFO:   category_encoders: 2.6.3
2025-10-09 15:33:08,635:INFO:            lightgbm: 4.5.0
2025-10-09 15:33:08,635:INFO:               numba: 0.60.0
2025-10-09 15:33:08,635:INFO:            requests: 2.32.3
2025-10-09 15:33:08,635:INFO:          matplotlib: 3.7.0
2025-10-09 15:33:08,635:INFO:          scikitplot: 0.3.7
2025-10-09 15:33:08,635:INFO:         yellowbrick: 1.5
2025-10-09 15:33:08,635:INFO:              plotly: 5.24.1
2025-10-09 15:33:08,635:INFO:    plotly-resampler: Not installed
2025-10-09 15:33:08,635:INFO:             kaleido: 0.2.1
2025-10-09 15:33:08,635:INFO:           schemdraw: 0.15
2025-10-09 15:33:08,635:INFO:         statsmodels: 0.14.4
2025-10-09 15:33:08,635:INFO:              sktime: 0.26.0
2025-10-09 15:33:08,635:INFO:               tbats: 1.1.3
2025-10-09 15:33:08,635:INFO:            pmdarima: 2.0.4
2025-10-09 15:33:08,635:INFO:              psutil: 6.1.1
2025-10-09 15:33:08,635:INFO:          markupsafe: 2.1.5
2025-10-09 15:33:08,635:INFO:             pickle5: Not installed
2025-10-09 15:33:08,635:INFO:         cloudpickle: 3.0.0
2025-10-09 15:33:08,635:INFO:         deprecation: 2.1.0
2025-10-09 15:33:08,635:INFO:              xxhash: 3.5.0
2025-10-09 15:33:08,635:INFO:           wurlitzer: 3.1.1
2025-10-09 15:33:08,635:INFO:PyCaret optional dependencies:
2025-10-09 15:33:08,635:INFO:                shap: 0.44.1
2025-10-09 15:33:08,635:INFO:           interpret: 0.6.9
2025-10-09 15:33:08,635:INFO:                umap: 0.5.7
2025-10-09 15:33:08,635:INFO:     ydata_profiling: 4.12.2
2025-10-09 15:33:08,635:INFO:  explainerdashboard: 0.4.8
2025-10-09 15:33:08,635:INFO:             autoviz: Not installed
2025-10-09 15:33:08,635:INFO:           fairlearn: 0.7.0
2025-10-09 15:33:08,635:INFO:          deepchecks: Not installed
2025-10-09 15:33:08,635:INFO:             xgboost: 2.1.3
2025-10-09 15:33:08,635:INFO:            catboost: 1.2.7
2025-10-09 15:33:08,635:INFO:              kmodes: 0.12.2
2025-10-09 15:33:08,635:INFO:             mlxtend: 0.23.3
2025-10-09 15:33:08,635:INFO:       statsforecast: 1.5.0
2025-10-09 15:33:08,635:INFO:        tune_sklearn: 0.5.0
2025-10-09 15:33:08,635:INFO:                 ray: 2.41.0
2025-10-09 15:33:08,635:INFO:            hyperopt: 0.2.7
2025-10-09 15:33:08,635:INFO:              optuna: 4.2.0
2025-10-09 15:33:08,635:INFO:               skopt: 0.10.2
2025-10-09 15:33:08,635:INFO:              mlflow: 2.20.0
2025-10-09 15:33:08,635:INFO:              gradio: 5.13.1
2025-10-09 15:33:08,635:INFO:             fastapi: 0.115.7
2025-10-09 15:33:08,635:INFO:             uvicorn: 0.34.0
2025-10-09 15:33:08,635:INFO:              m2cgen: 0.10.0
2025-10-09 15:33:08,635:INFO:           evidently: 0.4.40
2025-10-09 15:33:08,635:INFO:               fugue: 0.8.7
2025-10-09 15:33:08,635:INFO:           streamlit: 1.41.1
2025-10-09 15:33:08,635:INFO:             prophet: Not installed
2025-10-09 15:33:08,635:INFO:None
2025-10-09 15:33:08,635:INFO:Set up data.
2025-10-09 15:35:21,966:INFO:PyCaret ClassificationExperiment
2025-10-09 15:35:21,966:INFO:Logging name: clf-default-name
2025-10-09 15:35:21,967:INFO:ML Usecase: MLUsecase.CLASSIFICATION
2025-10-09 15:35:21,967:INFO:version 3.3.2
2025-10-09 15:35:21,967:INFO:Initializing setup()
2025-10-09 15:35:21,967:INFO:self.USI: 7974
2025-10-09 15:35:21,967:INFO:self._variable_keys: {'exp_name_log', 'fix_imbalance', 'X_train', 'html_param', 'gpu_n_jobs_param', 'gpu_param', 'n_jobs_param', 'X', 'seed', 'log_plots_param', 'memory', 'exp_id', 'idx', 'USI', 'fold_groups_param', 'logging_param', 'X_test', 'is_multiclass', 'y', '_available_plots', 'data', 'fold_shuffle_param', '_ml_usecase', 'pipeline', 'y_test', 'y_train', 'fold_generator', 'target_param'}
2025-10-09 15:35:21,967:INFO:Checking environment
2025-10-09 15:35:21,967:INFO:python_version: 3.10.16
2025-10-09 15:35:21,967:INFO:python_build: ('main', 'Dec 11 2024 16:24:50')
2025-10-09 15:35:21,967:INFO:machine: x86_64
2025-10-09 15:35:21,967:INFO:platform: Linux-6.12.34-1-MANJARO-x86_64-with-glibc2.41
2025-10-09 15:35:21,967:INFO:Memory: svmem(total=24909275136, available=16894382080, percent=32.2, used=6466359296, free=13156352000, active=7403159552, inactive=2267996160, buffers=340873216, cached=4945690624, shared=1135067136, slab=445825024)
2025-10-09 15:35:21,967:INFO:Physical Core: 6
2025-10-09 15:35:21,967:INFO:Logical Core: 12
2025-10-09 15:35:21,967:INFO:Checking libraries
2025-10-09 15:35:21,967:INFO:System:
2025-10-09 15:35:21,967:INFO:    python: 3.10.16 (main, Dec 11 2024, 16:24:50) [GCC 11.2.0]
2025-10-09 15:35:21,967:INFO:executable: /home/leon/.conda/envs/ml_general/bin/python
2025-10-09 15:35:21,967:INFO:   machine: Linux-6.12.34-1-MANJARO-x86_64-with-glibc2.41
2025-10-09 15:35:21,967:INFO:PyCaret required dependencies:
2025-10-09 15:35:21,968:INFO:                 pip: 24.2
2025-10-09 15:35:21,968:INFO:          setuptools: 75.1.0
2025-10-09 15:35:21,968:INFO:             pycaret: 3.3.2
2025-10-09 15:35:21,968:INFO:             IPython: 8.12.3
2025-10-09 15:35:21,968:INFO:          ipywidgets: 8.1.5
2025-10-09 15:35:21,968:INFO:                tqdm: 4.66.5
2025-10-09 15:35:21,968:INFO:               numpy: 1.26.4
2025-10-09 15:35:21,968:INFO:              pandas: 2.1.4
2025-10-09 15:35:21,968:INFO:              jinja2: 3.1.5
2025-10-09 15:35:21,968:INFO:               scipy: 1.11.4
2025-10-09 15:35:21,968:INFO:              joblib: 1.3.2
2025-10-09 15:35:21,968:INFO:             sklearn: 1.4.2
2025-10-09 15:35:21,968:INFO:                pyod: 2.0.2
2025-10-09 15:35:21,968:INFO:            imblearn: 0.12.3
2025-10-09 15:35:21,968:INFO:   category_encoders: 2.6.3
2025-10-09 15:35:21,968:INFO:            lightgbm: 4.5.0
2025-10-09 15:35:21,968:INFO:               numba: 0.60.0
2025-10-09 15:35:21,968:INFO:            requests: 2.32.3
2025-10-09 15:35:21,968:INFO:          matplotlib: 3.7.0
2025-10-09 15:35:21,968:INFO:          scikitplot: 0.3.7
2025-10-09 15:35:21,968:INFO:         yellowbrick: 1.5
2025-10-09 15:35:21,968:INFO:              plotly: 5.24.1
2025-10-09 15:35:21,968:INFO:    plotly-resampler: Not installed
2025-10-09 15:35:21,968:INFO:             kaleido: 0.2.1
2025-10-09 15:35:21,968:INFO:           schemdraw: 0.15
2025-10-09 15:35:21,968:INFO:         statsmodels: 0.14.4
2025-10-09 15:35:21,968:INFO:              sktime: 0.26.0
2025-10-09 15:35:21,968:INFO:               tbats: 1.1.3
2025-10-09 15:35:21,968:INFO:            pmdarima: 2.0.4
2025-10-09 15:35:21,968:INFO:              psutil: 6.1.1
2025-10-09 15:35:21,968:INFO:          markupsafe: 2.1.5
2025-10-09 15:35:21,968:INFO:             pickle5: Not installed
2025-10-09 15:35:21,968:INFO:         cloudpickle: 3.0.0
2025-10-09 15:35:21,968:INFO:         deprecation: 2.1.0
2025-10-09 15:35:21,968:INFO:              xxhash: 3.5.0
2025-10-09 15:35:21,968:INFO:           wurlitzer: 3.1.1
2025-10-09 15:35:21,968:INFO:PyCaret optional dependencies:
2025-10-09 15:35:21,968:INFO:                shap: 0.44.1
2025-10-09 15:35:21,968:INFO:           interpret: 0.6.9
2025-10-09 15:35:21,968:INFO:                umap: 0.5.7
2025-10-09 15:35:21,969:INFO:     ydata_profiling: 4.12.2
2025-10-09 15:35:21,969:INFO:  explainerdashboard: 0.4.8
2025-10-09 15:35:21,969:INFO:             autoviz: Not installed
2025-10-09 15:35:21,969:INFO:           fairlearn: 0.7.0
2025-10-09 15:35:21,969:INFO:          deepchecks: Not installed
2025-10-09 15:35:21,969:INFO:             xgboost: 2.1.3
2025-10-09 15:35:21,969:INFO:            catboost: 1.2.7
2025-10-09 15:35:21,969:INFO:              kmodes: 0.12.2
2025-10-09 15:35:21,969:INFO:             mlxtend: 0.23.3
2025-10-09 15:35:21,969:INFO:       statsforecast: 1.5.0
2025-10-09 15:35:21,969:INFO:        tune_sklearn: 0.5.0
2025-10-09 15:35:21,969:INFO:                 ray: 2.41.0
2025-10-09 15:35:21,969:INFO:            hyperopt: 0.2.7
2025-10-09 15:35:21,969:INFO:              optuna: 4.2.0
2025-10-09 15:35:21,969:INFO:               skopt: 0.10.2
2025-10-09 15:35:21,969:INFO:              mlflow: 2.20.0
2025-10-09 15:35:21,969:INFO:              gradio: 5.13.1
2025-10-09 15:35:21,969:INFO:             fastapi: 0.115.7
2025-10-09 15:35:21,969:INFO:             uvicorn: 0.34.0
2025-10-09 15:35:21,969:INFO:              m2cgen: 0.10.0
2025-10-09 15:35:21,969:INFO:           evidently: 0.4.40
2025-10-09 15:35:21,969:INFO:               fugue: 0.8.7
2025-10-09 15:35:21,969:INFO:           streamlit: 1.41.1
2025-10-09 15:35:21,969:INFO:             prophet: Not installed
2025-10-09 15:35:21,969:INFO:None
2025-10-09 15:35:21,969:INFO:Set up data.
2025-10-09 15:35:21,973:INFO:Set up folding strategy.
2025-10-09 15:35:21,973:INFO:Set up train/test split.
2025-10-09 18:54:00,556:WARNING:/home/leon/.conda/envs/ml_general/lib/python3.10/site-packages/keras/src/layers/core/dense.py:92: UserWarning: Do not pass an `input_shape`/`input_dim` argument to a layer. When using Sequential models, prefer using an `Input(shape)` object as the first layer in the model instead.
  super().__init__(activity_regularizer=activity_regularizer, **kwargs)

2025-10-09 18:54:27,664:WARNING:/home/leon/.conda/envs/ml_general/lib/python3.10/site-packages/keras/src/layers/core/dense.py:92: UserWarning: Do not pass an `input_shape`/`input_dim` argument to a layer. When using Sequential models, prefer using an `Input(shape)` object as the first layer in the model instead.
  super().__init__(activity_regularizer=activity_regularizer, **kwargs)

2025-10-09 18:55:42,555:WARNING:/home/leon/.conda/envs/ml_general/lib/python3.10/site-packages/keras/src/layers/core/dense.py:92: UserWarning: Do not pass an `input_shape`/`input_dim` argument to a layer. When using Sequential models, prefer using an `Input(shape)` object as the first layer in the model instead.
  super().__init__(activity_regularizer=activity_regularizer, **kwargs)

2025-10-09 19:01:37,012:WARNING:/home/leon/.conda/envs/ml_general/lib/python3.10/site-packages/keras/src/layers/core/dense.py:92: UserWarning: Do not pass an `input_shape`/`input_dim` argument to a layer. When using Sequential models, prefer using an `Input(shape)` object as the first layer in the model instead.
  super().__init__(activity_regularizer=activity_regularizer, **kwargs)

2025-10-09 19:02:22,073:WARNING:/home/leon/.conda/envs/ml_general/lib/python3.10/site-packages/keras/src/layers/core/dense.py:92: UserWarning: Do not pass an `input_shape`/`input_dim` argument to a layer. When using Sequential models, prefer using an `Input(shape)` object as the first layer in the model instead.
  super().__init__(activity_regularizer=activity_regularizer, **kwargs)

2025-10-09 19:04:54,090:WARNING:/home/leon/.conda/envs/ml_general/lib/python3.10/site-packages/keras/src/layers/core/dense.py:92: UserWarning: Do not pass an `input_shape`/`input_dim` argument to a layer. When using Sequential models, prefer using an `Input(shape)` object as the first layer in the model instead.
  super().__init__(activity_regularizer=activity_regularizer, **kwargs)

2025-10-09 19:05:50,787:WARNING:/home/leon/.conda/envs/ml_general/lib/python3.10/site-packages/keras/src/layers/core/dense.py:92: UserWarning: Do not pass an `input_shape`/`input_dim` argument to a layer. When using Sequential models, prefer using an `Input(shape)` object as the first layer in the model instead.
  super().__init__(activity_regularizer=activity_regularizer, **kwargs)

2025-10-09 19:10:09,641:WARNING:/home/leon/.conda/envs/ml_general/lib/python3.10/site-packages/keras/src/layers/core/dense.py:92: UserWarning: Do not pass an `input_shape`/`input_dim` argument to a layer. When using Sequential models, prefer using an `Input(shape)` object as the first layer in the model instead.
  super().__init__(activity_regularizer=activity_regularizer, **kwargs)

2025-10-09 19:19:59,006:WARNING:/home/leon/.conda/envs/ml_general/lib/python3.10/site-packages/keras/src/layers/core/dense.py:92: UserWarning: Do not pass an `input_shape`/`input_dim` argument to a layer. When using Sequential models, prefer using an `Input(shape)` object as the first layer in the model instead.
  super().__init__(activity_regularizer=activity_regularizer, **kwargs)

2025-10-09 19:21:15,796:WARNING:/home/leon/.conda/envs/ml_general/lib/python3.10/site-packages/keras/src/layers/core/dense.py:92: UserWarning: Do not pass an `input_shape`/`input_dim` argument to a layer. When using Sequential models, prefer using an `Input(shape)` object as the first layer in the model instead.
  super().__init__(activity_regularizer=activity_regularizer, **kwargs)

2025-10-09 20:03:12,908:WARNING:
'cuml' is a soft dependency and not included in the pycaret installation. Please run: `pip install cuml` to install.
2025-10-09 20:03:12,908:WARNING:
'cuml' is a soft dependency and not included in the pycaret installation. Please run: `pip install cuml` to install.
2025-10-09 20:03:12,908:WARNING:
'cuml' is a soft dependency and not included in the pycaret installation. Please run: `pip install cuml` to install.
2025-10-09 20:03:12,908:WARNING:
'cuml' is a soft dependency and not included in the pycaret installation. Please run: `pip install cuml` to install.
2025-10-09 20:03:47,372:WARNING:/home/leon/.conda/envs/ml_general/lib/python3.10/site-packages/keras/src/layers/core/dense.py:92: UserWarning: Do not pass an `input_shape`/`input_dim` argument to a layer. When using Sequential models, prefer using an `Input(shape)` object as the first layer in the model instead.
  super().__init__(activity_regularizer=activity_regularizer, **kwargs)

2025-10-09 20:06:23,262:WARNING:/home/leon/.conda/envs/ml_general/lib/python3.10/site-packages/keras/src/layers/core/dense.py:92: UserWarning: Do not pass an `input_shape`/`input_dim` argument to a layer. When using Sequential models, prefer using an `Input(shape)` object as the first layer in the model instead.
  super().__init__(activity_regularizer=activity_regularizer, **kwargs)

2025-10-09 20:18:09,799:WARNING:/home/leon/.conda/envs/ml_general/lib/python3.10/site-packages/keras/src/layers/core/dense.py:92: UserWarning: Do not pass an `input_shape`/`input_dim` argument to a layer. When using Sequential models, prefer using an `Input(shape)` object as the first layer in the model instead.
  super().__init__(activity_regularizer=activity_regularizer, **kwargs)

2025-10-09 20:39:28,386:WARNING:/home/leon/.conda/envs/ml_general/lib/python3.10/site-packages/keras/src/layers/core/dense.py:92: UserWarning: Do not pass an `input_shape`/`input_dim` argument to a layer. When using Sequential models, prefer using an `Input(shape)` object as the first layer in the model instead.
  super().__init__(activity_regularizer=activity_regularizer, **kwargs)

2025-10-09 20:40:46,000:WARNING:/home/leon/.conda/envs/ml_general/lib/python3.10/site-packages/keras/src/layers/core/dense.py:92: UserWarning: Do not pass an `input_shape`/`input_dim` argument to a layer. When using Sequential models, prefer using an `Input(shape)` object as the first layer in the model instead.
  super().__init__(activity_regularizer=activity_regularizer, **kwargs)

