,Unnamed: 0,date,FOODS_3_586_amount_sold,FOODS_3_090_amount_sold,FOODS_3_555_amount_sold,FOODS_3_252_amount_sold,FOODS_3_587_amount_sold,wm_yr_wk,weekday,wday,month,year,event_name_1,event_type_1,event_name_2,event_type_2,snap_CA,snap_TX,snap_WI,FOODS_3_090_sell_price,FOODS_3_252_sell_price,FOODS_3_555_sell_price,FOODS_3_586_sell_price,FOODS_3_587_sell_price,day_of_month,is_weekend,is_public_holiday,days_to_next_holiday,wday_sin,wday_cos,month_sin,month_cos,day_of_month_sin,day_of_month_cos,FOODS_3_587_amount_sold_imputed
0,0,2011-01-29,53,75,31,45,18,11101,Saturday,1,1,2011,,,,,0,0,0,1.25,1.48,1.48,1.48,2.28,29,1,0,8.0,0.7818,0.6235,0.5,0.866,-0.3944,0.919,18.0
1,1,2011-01-30,46,54,29,33,36,11101,Sunday,2,1,2011,,,,,0,0,0,1.25,1.48,1.48,1.48,2.28,30,1,0,7.0,0.9749,-0.2225,0.5,0.866,-0.2013,0.9795,36.0
2,2,2011-01-31,42,74,26,23,10,11101,Monday,3,1,2011,,,,,0,0,0,1.25,1.48,1.48,1.48,2.28,31,0,0,6.0,0.4339,-0.901,0.5,0.866,-0.0,1.0,10.0
3,3,2011-02-01,45,62,28,13,30,11101,Tuesday,4,2,2011,,,,,1,1,0,1.25,1.48,1.48,1.48,2.28,1,0,0,5.0,-0.4339,-0.901,0.866,0.5,0.2013,0.9795,30.0
4,4,2011-02-02,28,60,10,8,13,11101,Wednesday,5,2,2011,,,,,1,0,1,1.25,1.48,1.48,1.48,2.28,2,0,0,4.0,-0.9749,-0.2225,0.866,0.5,0.3944,0.919,13.0
5,5,2011-02-03,48,106,21,15,0,11101,Thursday,6,2,2011,,,,,1,1,1,1.25,1.48,1.48,1.48,2.28,3,0,0,3.0,-0.7818,0.6235,0.866,0.5,0.5713,0.8208,
6,6,2011-02-04,32,96,15,21,0,11101,Friday,7,2,2011,,,,,1,0,0,1.25,1.48,1.48,1.48,2.28,4,0,0,2.0,-0.0,1.0,0.866,0.5,0.7248,0.689,
7,7,2011-02-05,53,118,41,26,42,11102,Saturday,1,2,2011,,,,,1,1,1,1.25,1.48,1.48,1.48,2.48,5,1,0,1.0,0.7818,0.6235,0.866,0.5,0.8486,0.529,42.0
8,8,2011-02-06,52,177,35,21,48,11102,Sunday,2,2,2011,SuperBowl,Sporting,,,1,1,1,1.25,1.48,1.48,1.48,2.48,6,1,1,0.0,0.9749,-0.2225,0.866,0.5,0.9378,0.3473,48.0
9,9,2011-02-07,26,51,21,23,52,11102,Monday,3,2,2011,,,,,1,1,0,1.25,1.48,1.48,1.48,2.48,7,0,0,7.0,0.4339,-0.901,0.866,0.5,0.9885,0.1514,52.0
10,10,2011-02-08,42,0,30,22,20,11102,Tuesday,4,2,2011,,,,,1,0,1,1.25,1.48,1.48,1.48,2.48,8,0,0,6.0,-0.4339,-0.901,0.866,0.5,0.9987,-0.0506,20.0
11,11,2011-02-09,38,0,22,19,22,11102,Wednesday,5,2,2011,,,,,1,1,1,1.25,1.48,1.48,1.48,2.48,9,0,0,5.0,-0.9749,-0.2225,0.866,0.5,0.9681,-0.2507,22.0
12,12,2011-02-10,42,0,37,21,16,11102,Thursday,6,2,2011,,,,,1,0,0,1.25,1.48,1.48,1.48,2.48,10,0,0,4.0,-0.7818,0.6235,0.866,0.5,0.8978,-0.4404,16.0
13,13,2011-02-11,62,0,45,25,25,11102,Friday,7,2,2011,,,,,0,1,1,1.25,1.48,1.48,1.48,2.48,11,0,0,3.0,-0.0,1.0,0.866,0.5,0.7908,-0.6121,25.0
14,14,2011-02-12,81,0,53,51,43,11103,Saturday,1,2,2011,,,,,0,1,1,1.25,1.48,1.48,1.48,2.48,12,1,0,2.0,0.7818,0.6235,0.866,0.5,0.6514,-0.7588,43.0
15,15,2011-02-13,79,0,44,51,41,11103,Sunday,2,2,2011,,,,,0,1,0,1.25,1.48,1.48,1.48,2.48,13,1,0,1.0,0.9749,-0.2225,0.866,0.5,0.4853,-0.8743,41.0
16,16,2011-02-14,55,0,51,40,21,11103,Monday,3,2,2011,ValentinesDay,Cultural,,,0,0,1,1.25,1.48,1.48,1.48,2.48,14,0,1,0.0,0.4339,-0.901,0.866,0.5,0.2994,-0.9541,21.0
17,17,2011-02-15,61,0,46,41,30,11103,Tuesday,4,2,2011,,,,,0,1,1,1.25,1.48,1.48,1.48,2.48,15,0,0,6.0,-0.4339,-0.901,0.866,0.5,0.1012,-0.9949,30.0
18,18,2011-02-16,53,0,38,20,34,11103,Wednesday,5,2,2011,,,,,0,0,0,1.25,1.48,1.48,1.48,2.48,16,0,0,5.0,-0.9749,-0.2225,0.866,0.5,-0.1012,-0.9949,34.0
19,19,2011-02-17,59,0,29,38,26,11103,Thursday,6,2,2011,,,,,0,0,0,1.25,1.48,1.48,1.48,2.48,17,0,0,4.0,-0.7818,0.6235,0.866,0.5,-0.2994,-0.9541,26.0
20,20,2011-02-18,60,0,47,28,3,11103,Friday,7,2,2011,,,,,0,0,0,1.25,1.48,1.48,1.48,2.48,18,0,0,3.0,-0.0,1.0,0.866,0.5,-0.4853,-0.8743,3.0
21,21,2011-02-19,78,0,41,42,21,11104,Saturday,1,2,2011,,,,,0,0,0,1.25,1.48,1.48,1.48,2.68,19,1,0,2.0,0.7818,0.6235,0.866,0.5,-0.6514,-0.7588,21.0
22,22,2011-02-20,66,0,39,52,29,11104,Sunday,2,2,2011,,,,,0,0,0,1.25,1.48,1.48,1.48,2.68,20,1,0,1.0,0.9749,-0.2225,0.866,0.5,-0.7908,-0.6121,29.0
23,23,2011-02-21,44,0,22,45,36,11104,Monday,3,2,2011,PresidentsDay,National,,,0,0,0,1.25,1.48,1.48,1.48,2.68,21,0,1,0.0,0.4339,-0.901,0.866,0.5,-0.8978,-0.4404,36.0
24,24,2011-02-22,62,0,31,41,32,11104,Tuesday,4,2,2011,,,,,0,0,0,1.25,1.48,1.48,1.48,2.68,22,0,0,15.0,-0.4339,-0.901,0.866,0.5,-0.9681,-0.2507,32.0
25,25,2011-02-23,60,0,15,27,28,11104,Wednesday,5,2,2011,,,,,0,0,0,1.25,1.48,1.48,1.48,2.68,23,0,0,14.0,-0.9749,-0.2225,0.866,0.5,-0.9987,-0.0506,28.0
26,26,2011-02-24,54,0,18,21,20,11104,Thursday,6,2,2011,,,,,0,0,0,1.25,1.48,1.48,1.48,2.68,24,0,0,13.0,-0.7818,0.6235,0.866,0.5,-0.9885,0.1514,20.0
27,27,2011-02-25,63,0,47,43,32,11104,Friday,7,2,2011,,,,,0,0,0,1.25,1.48,1.48,1.48,2.68,25,0,0,12.0,-0.0,1.0,0.866,0.5,-0.9378,0.3473,32.0
28,28,2011-02-26,71,0,30,42,28,11105,Saturday,1,2,2011,,,,,0,0,0,1.25,1.48,1.48,1.48,2.68,26,1,0,11.0,0.7818,0.6235,0.866,0.5,-0.8486,0.529,28.0
29,29,2011-02-27,77,0,55,57,43,11105,Sunday,2,2,2011,,,,,0,0,0,1.25,1.48,1.48,1.48,2.68,27,1,0,10.0,0.9749,-0.2225,0.866,0.5,-0.7248,0.689,43.0
30,30,2011-02-28,48,0,39,30,27,11105,Monday,3,2,2011,,,,,0,0,0,1.25,1.48,1.48,1.48,2.68,28,0,0,9.0,0.4339,-0.901,0.866,0.5,-0.5713,0.8208,27.0
31,31,2011-03-01,54,0,39,39,28,11105,Tuesday,4,3,2011,,,,,1,1,0,1.25,1.48,1.48,1.48,2.68,1,0,0,8.0,-0.4339,-0.901,1.0,0.0,0.2013,0.9795,28.0
32,32,2011-03-02,50,0,31,30,26,11105,Wednesday,5,3,2011,,,,,1,0,1,1.25,1.48,1.48,1.48,2.68,2,0,0,7.0,-0.9749,-0.2225,1.0,0.0,0.3944,0.919,26.0
33,33,2011-03-03,61,0,34,30,37,11105,Thursday,6,3,2011,,,,,1,1,1,1.25,1.48,1.48,1.48,2.68,3,0,0,6.0,-0.7818,0.6235,1.0,0.0,0.5713,0.8208,37.0
34,34,2011-03-04,49,0,39,18,21,11105,Friday,7,3,2011,,,,,1,0,0,1.25,1.48,1.48,1.48,2.68,4,0,0,5.0,-0.0,1.0,1.0,0.0,0.7248,0.689,21.0
35,35,2011-03-05,57,0,62,30,35,11106,Saturday,1,3,2011,,,,,1,1,1,1.25,1.48,1.48,1.48,2.68,5,1,0,4.0,0.7818,0.6235,1.0,0.0,0.8486,0.529,35.0
36,36,2011-03-06,76,0,54,44,45,11106,Sunday,2,3,2011,,,,,1,1,1,1.25,1.48,1.48,1.48,2.68,6,1,0,3.0,0.9749,-0.2225,1.0,0.0,0.9378,0.3473,45.0
37,37,2011-03-07,44,0,27,34,28,11106,Monday,3,3,2011,,,,,1,1,0,1.25,1.48,1.48,1.48,2.68,7,0,0,2.0,0.4339,-0.901,1.0,0.0,0.9885,0.1514,28.0
38,38,2011-03-08,55,0,23,23,18,11106,Tuesday,4,3,2011,,,,,1,0,1,1.25,1.48,1.48,1.48,2.68,8,0,0,1.0,-0.4339,-0.901,1.0,0.0,0.9987,-0.0506,18.0
39,39,2011-03-09,65,0,37,18,33,11106,Wednesday,5,3,2011,LentStart,Religious,,,1,1,1,1.25,1.48,1.48,1.48,2.68,9,0,1,0.0,-0.9749,-0.2225,1.0,0.0,0.9681,-0.2507,33.0
40,40,2011-03-10,65,0,31,27,25,11106,Thursday,6,3,2011,,,,,1,0,0,1.25,1.48,1.48,1.48,2.68,10,0,0,6.0,-0.7818,0.6235,1.0,0.0,0.8978,-0.4404,25.0
41,41,2011-03-11,51,0,43,19,26,11106,Friday,7,3,2011,,,,,0,1,1,1.25,1.48,1.48,1.48,2.68,11,0,0,5.0,-0.0,1.0,1.0,0.0,0.7908,-0.6121,26.0
42,42,2011-03-12,74,0,53,30,32,11107,Saturday,1,3,2011,,,,,0,1,1,1.25,1.48,1.48,1.48,2.68,12,1,0,4.0,0.7818,0.6235,1.0,0.0,0.6514,-0.7588,32.0
43,43,2011-03-13,62,0,62,23,45,11107,Sunday,2,3,2011,,,,,0,1,0,1.25,1.48,1.48,1.48,2.68,13,1,0,3.0,0.9749,-0.2225,1.0,0.0,0.4853,-0.8743,45.0
44,44,2011-03-14,52,0,31,29,40,11107,Monday,3,3,2011,,,,,0,0,1,1.25,1.48,1.48,1.48,2.68,14,0,0,2.0,0.4339,-0.901,1.0,0.0,0.2994,-0.9541,40.0
45,45,2011-03-15,59,0,54,24,24,11107,Tuesday,4,3,2011,,,,,0,1,1,1.25,1.48,1.48,1.48,2.68,15,0,0,1.0,-0.4339,-0.901,1.0,0.0,0.1012,-0.9949,24.0
46,46,2011-03-16,53,0,46,36,16,11107,Wednesday,5,3,2011,LentWeek2,Religious,,,0,0,0,1.25,1.48,1.48,1.48,2.68,16,0,1,0.0,-0.9749,-0.2225,1.0,0.0,-0.1012,-0.9949,16.0
47,47,2011-03-17,66,0,37,33,10,11107,Thursday,6,3,2011,StPatricksDay,Cultural,,,0,0,0,1.25,1.48,1.48,1.48,2.68,17,0,1,0.0,-0.7818,0.6235,1.0,0.0,-0.2994,-0.9541,10.0
48,48,2011-03-18,58,0,59,35,25,11107,Friday,7,3,2011,,,,,0,0,0,1.25,1.48,1.48,1.48,2.68,18,0,0,2.0,-0.0,1.0,1.0,0.0,-0.4853,-0.8743,25.0
49,49,2011-03-19,56,0,38,33,30,11108,Saturday,1,3,2011,,,,,0,0,0,1.25,1.48,1.48,1.48,2.68,19,1,0,1.0,0.7818,0.6235,1.0,0.0,-0.6514,-0.7588,30.0
50,50,2011-03-20,58,0,34,53,26,11108,Sunday,2,3,2011,Purim End,Religious,,,0,0,0,1.25,1.48,1.48,1.48,2.68,20,1,1,0.0,0.9749,-0.2225,1.0,0.0,-0.7908,-0.6121,26.0
51,51,2011-03-21,74,0,33,36,14,11108,Monday,3,3,2011,,,,,0,0,0,1.25,1.48,1.48,1.48,2.68,21,0,0,34.0,0.4339,-0.901,1.0,0.0,-0.8978,-0.4404,14.0
52,52,2011-03-22,53,0,34,29,14,11108,Tuesday,4,3,2011,,,,,0,0,0,1.25,1.48,1.48,1.48,2.68,22,0,0,33.0,-0.4339,-0.901,1.0,0.0,-0.9681,-0.2507,14.0
53,53,2011-03-23,46,0,27,31,6,11108,Wednesday,5,3,2011,,,,,0,0,0,1.25,1.48,1.48,1.48,2.68,23,0,0,32.0,-0.9749,-0.2225,1.0,0.0,-0.9987,-0.0506,6.0
54,54,2011-03-24,46,0,38,36,10,11108,Thursday,6,3,2011,,,,,0,0,0,1.25,1.48,1.48,1.48,2.68,24,0,0,31.0,-0.7818,0.6235,1.0,0.0,-0.9885,0.1514,10.0
55,55,2011-03-25,52,0,30,29,11,11108,Friday,7,3,2011,,,,,0,0,0,1.25,1.48,1.48,1.48,2.68,25,0,0,30.0,-0.0,1.0,1.0,0.0,-0.9378,0.3473,11.0
56,56,2011-03-26,65,0,52,56,19,11109,Saturday,1,3,2011,,,,,0,0,0,1.25,1.48,1.48,1.48,2.68,26,1,0,29.0,0.7818,0.6235,1.0,0.0,-0.8486,0.529,19.0
57,57,2011-03-27,63,0,35,34,20,11109,Sunday,2,3,2011,,,,,0,0,0,1.25,1.48,1.48,1.48,2.68,27,1,0,28.0,0.9749,-0.2225,1.0,0.0,-0.7248,0.689,20.0
58,58,2011-03-28,44,0,28,24,14,11109,Monday,3,3,2011,,,,,0,0,0,1.25,1.48,1.48,1.48,2.68,28,0,0,27.0,0.4339,-0.901,1.0,0.0,-0.5713,0.8208,14.0
59,59,2011-03-29,43,0,24,22,12,11109,Tuesday,4,3,2011,,,,,0,0,0,1.25,1.48,1.48,1.48,2.68,29,0,0,26.0,-0.4339,-0.901,1.0,0.0,-0.3944,0.919,12.0
60,60,2011-03-30,32,0,25,19,10,11109,Wednesday,5,3,2011,,,,,0,0,0,1.25,1.48,1.48,1.48,2.68,30,0,0,25.0,-0.9749,-0.2225,1.0,0.0,-0.2013,0.9795,10.0
61,61,2011-03-31,56,0,32,26,12,11109,Thursday,6,3,2011,,,,,0,0,0,1.25,1.48,1.48,1.48,2.68,31,0,0,24.0,-0.7818,0.6235,1.0,0.0,-0.0,1.0,12.0
62,62,2011-04-01,81,0,63,40,29,11109,Friday,7,4,2011,,,,,1,1,0,1.25,1.48,1.48,1.48,2.68,1,0,0,23.0,-0.0,1.0,0.866,-0.5,0.2013,0.9795,29.0
63,63,2011-04-02,78,0,56,43,48,11110,Saturday,1,4,2011,,,,,1,0,1,1.25,1.48,1.48,1.48,2.68,2,1,0,22.0,0.7818,0.6235,0.866,-0.5,0.3944,0.919,48.0
64,64,2011-04-03,69,0,51,46,52,11110,Sunday,2,4,2011,,,,,1,1,1,1.25,1.48,1.48,1.48,2.68,3,1,0,21.0,0.9749,-0.2225,0.866,-0.5,0.5713,0.8208,52.0
65,65,2011-04-04,61,0,35,31,45,11110,Monday,3,4,2011,,,,,1,0,0,1.25,1.48,1.48,1.48,2.68,4,0,0,20.0,0.4339,-0.901,0.866,-0.5,0.7248,0.689,45.0
66,66,2011-04-05,60,0,44,31,61,11110,Tuesday,4,4,2011,,,,,1,1,1,1.25,1.48,1.48,1.48,2.68,5,0,0,19.0,-0.4339,-0.901,0.866,-0.5,0.8486,0.529,61.0
67,67,2011-04-06,61,0,43,39,28,11110,Wednesday,5,4,2011,,,,,1,1,1,1.25,1.48,1.48,1.48,2.68,6,0,0,18.0,-0.9749,-0.2225,0.866,-0.5,0.9378,0.3473,28.0
68,68,2011-04-07,62,0,48,42,52,11110,Thursday,6,4,2011,,,,,1,1,0,1.25,1.48,1.48,1.48,2.68,7,0,0,17.0,-0.7818,0.6235,0.866,-0.5,0.9885,0.1514,52.0
69,69,2011-04-08,65,0,52,44,28,11110,Friday,7,4,2011,,,,,1,0,1,1.25,1.48,1.48,1.48,2.68,8,0,0,16.0,-0.0,1.0,0.866,-0.5,0.9987,-0.0506,28.0
70,70,2011-04-09,91,0,60,88,70,11111,Saturday,1,4,2011,,,,,1,1,1,1.25,1.48,1.48,1.48,2.68,9,1,0,15.0,0.7818,0.6235,0.866,-0.5,0.9681,-0.2507,70.0
71,71,2011-04-10,71,0,52,66,88,11111,Sunday,2,4,2011,,,,,1,0,0,1.25,1.48,1.48,1.48,2.68,10,1,0,14.0,0.9749,-0.2225,0.866,-0.5,0.8978,-0.4404,88.0
72,72,2011-04-11,57,0,64,54,49,11111,Monday,3,4,2011,,,,,0,1,1,1.25,1.48,1.48,1.48,2.68,11,0,0,13.0,0.4339,-0.901,0.866,-0.5,0.7908,-0.6121,49.0
73,73,2011-04-12,51,0,50,46,52,11111,Tuesday,4,4,2011,,,,,0,1,1,1.25,1.48,1.48,1.48,2.68,12,0,0,12.0,-0.4339,-0.901,0.866,-0.5,0.6514,-0.7588,52.0
74,74,2011-04-13,56,0,39,30,39,11111,Wednesday,5,4,2011,,,,,0,1,0,1.25,1.48,1.48,1.48,2.68,13,0,0,11.0,-0.9749,-0.2225,0.866,-0.5,0.4853,-0.8743,39.0
75,75,2011-04-14,73,0,40,30,31,11111,Thursday,6,4,2011,,,,,0,0,1,1.25,1.48,1.48,1.48,2.68,14,0,0,10.0,-0.7818,0.6235,0.866,-0.5,0.2994,-0.9541,31.0
76,76,2011-04-15,75,0,56,56,47,11111,Friday,7,4,2011,,,,,0,1,1,1.25,1.48,1.48,1.48,2.68,15,0,0,9.0,-0.0,1.0,0.866,-0.5,0.1012,-0.9949,47.0
77,77,2011-04-16,79,0,59,52,62,11112,Saturday,1,4,2011,,,,,0,0,0,1.25,1.48,1.48,1.48,2.68,16,1,0,8.0,0.7818,0.6235,0.866,-0.5,-0.1012,-0.9949,62.0
78,78,2011-04-17,80,0,48,49,55,11112,Sunday,2,4,2011,,,,,0,0,0,1.25,1.48,1.48,1.48,2.68,17,1,0,7.0,0.9749,-0.2225,0.866,-0.5,-0.2994,-0.9541,55.0
79,79,2011-04-18,75,0,59,57,38,11112,Monday,3,4,2011,,,,,0,0,0,1.25,1.48,1.48,1.48,2.68,18,0,0,6.0,0.4339,-0.901,0.866,-0.5,-0.4853,-0.8743,38.0
80,80,2011-04-19,67,0,42,40,42,11112,Tuesday,4,4,2011,,,,,0,0,0,1.25,1.48,1.48,1.48,2.68,19,0,0,5.0,-0.4339,-0.901,0.866,-0.5,-0.6514,-0.7588,42.0
81,81,2011-04-20,54,0,46,44,42,11112,Wednesday,5,4,2011,,,,,0,0,0,1.25,1.48,1.48,1.48,2.68,20,0,0,4.0,-0.9749,-0.2225,0.866,-0.5,-0.7908,-0.6121,42.0
82,82,2011-04-21,55,0,51,35,45,11112,Thursday,6,4,2011,,,,,0,0,0,1.25,1.48,1.48,1.48,2.68,21,0,0,3.0,-0.7818,0.6235,0.866,-0.5,-0.8978,-0.4404,45.0
83,83,2011-04-22,87,0,65,49,51,11112,Friday,7,4,2011,,,,,0,0,0,1.25,1.48,1.48,1.48,2.68,22,0,0,2.0,-0.0,1.0,0.866,-0.5,-0.9681,-0.2507,51.0
84,84,2011-04-23,77,0,48,49,53,11113,Saturday,1,4,2011,,,,,0,0,0,1.25,1.48,1.48,1.48,2.68,23,1,0,1.0,0.7818,0.6235,0.866,-0.5,-0.9987,-0.0506,53.0
85,85,2011-04-24,95,0,71,58,71,11113,Sunday,2,4,2011,OrthodoxEaster,Religious,Easter,Cultural,0,0,0,1.25,1.48,1.48,1.48,2.68,24,1,1,0.0,0.9749,-0.2225,0.866,-0.5,-0.9885,0.1514,71.0
86,86,2011-04-25,58,0,47,39,39,11113,Monday,3,4,2011,,,,,0,0,0,1.25,1.48,1.48,1.48,2.68,25,0,0,1.0,0.4339,-0.901,0.866,-0.5,-0.9378,0.3473,39.0
87,87,2011-04-26,49,0,33,25,36,11113,Tuesday,4,4,2011,Pesach End,Religious,,,0,0,0,1.25,1.48,1.48,1.48,2.68,26,0,1,0.0,-0.4339,-0.901,0.866,-0.5,-0.8486,0.529,36.0
88,88,2011-04-27,69,0,37,40,34,11113,Wednesday,5,4,2011,,,,,0,0,0,1.25,1.48,1.48,1.48,2.68,27,0,0,8.0,-0.9749,-0.2225,0.866,-0.5,-0.7248,0.689,34.0
89,89,2011-04-28,50,0,33,39,29,11113,Thursday,6,4,2011,,,,,0,0,0,1.25,1.48,1.48,1.48,2.68,28,0,0,7.0,-0.7818,0.6235,0.866,-0.5,-0.5713,0.8208,29.0
90,90,2011-04-29,73,0,49,40,40,11113,Friday,7,4,2011,,,,,0,0,0,1.25,1.48,1.48,1.48,2.68,29,0,0,6.0,-0.0,1.0,0.866,-0.5,-0.3944,0.919,40.0
91,91,2011-04-30,72,0,64,57,32,11114,Saturday,1,4,2011,,,,,0,0,0,1.25,1.48,1.48,1.48,2.68,30,1,0,5.0,0.7818,0.6235,0.866,-0.5,-0.2013,0.9795,32.0
92,92,2011-05-01,108,0,75,68,45,11114,Sunday,2,5,2011,,,,,1,1,0,1.25,1.48,1.48,1.48,2.68,1,1,0,4.0,0.9749,-0.2225,0.5,-0.866,0.2013,0.9795,45.0
93,93,2011-05-02,51,0,35,30,40,11114,Monday,3,5,2011,,,,,1,0,1,1.25,1.48,1.48,1.48,2.68,2,0,0,3.0,0.4339,-0.901,0.5,-0.866,0.3944,0.919,40.0
94,94,2011-05-03,70,0,44,35,35,11114,Tuesday,4,5,2011,,,,,1,1,1,1.25,1.48,1.48,1.48,2.68,3,0,0,2.0,-0.4339,-0.901,0.5,-0.866,0.5713,0.8208,35.0
95,95,2011-05-04,53,0,15,37,23,11114,Wednesday,5,5,2011,,,,,1,0,0,1.25,1.48,1.48,1.48,2.68,4,0,0,1.0,-0.9749,-0.2225,0.5,-0.866,0.7248,0.689,23.0
96,96,2011-05-05,69,0,31,46,25,11114,Thursday,6,5,2011,Cinco De Mayo,Cultural,,,1,1,1,1.25,1.48,1.48,1.48,2.68,5,0,1,0.0,-0.7818,0.6235,0.5,-0.866,0.8486,0.529,25.0
97,97,2011-05-06,78,0,53,50,49,11114,Friday,7,5,2011,,,,,1,1,1,1.25,1.48,1.48,1.48,2.68,6,0,0,2.0,-0.0,1.0,0.5,-0.866,0.9378,0.3473,49.0
98,98,2011-05-07,105,0,86,91,51,11115,Saturday,1,5,2011,,,,,1,1,0,1.25,1.48,1.48,1.48,2.68,7,1,0,1.0,0.7818,0.6235,0.5,-0.866,0.9885,0.1514,51.0
99,99,2011-05-08,85,0,71,64,37,11115,Sunday,2,5,2011,Mother's day,Cultural,,,1,0,1,1.25,1.48,1.48,1.48,2.68,8,1,1,0.0,0.9749,-0.2225,0.5,-0.866,0.9987,-0.0506,37.0
100,100,2011-05-09,72,0,43,50,34,11115,Monday,3,5,2011,,,,,1,1,1,1.25,1.48,1.48,1.48,2.68,9,0,0,21.0,0.4339,-0.901,0.5,-0.866,0.9681,-0.2507,34.0
101,101,2011-05-10,64,0,53,34,36,11115,Tuesday,4,5,2011,,,,,1,0,0,1.25,1.48,1.48,1.48,2.68,10,0,0,20.0,-0.4339,-0.901,0.5,-0.866,0.8978,-0.4404,36.0
102,102,2011-05-11,54,0,23,24,24,11115,Wednesday,5,5,2011,,,,,0,1,1,1.25,1.48,1.48,1.48,2.68,11,0,0,19.0,-0.9749,-0.2225,0.5,-0.866,0.7908,-0.6121,24.0
103,103,2011-05-12,55,0,41,22,32,11115,Thursday,6,5,2011,,,,,0,1,1,1.25,1.48,1.48,1.48,2.68,12,0,0,18.0,-0.7818,0.6235,0.5,-0.866,0.6514,-0.7588,32.0
104,104,2011-05-13,73,0,67,59,24,11115,Friday,7,5,2011,,,,,0,1,0,1.25,1.48,1.48,1.48,2.68,13,0,0,17.0,-0.0,1.0,0.5,-0.866,0.4853,-0.8743,24.0
105,105,2011-05-14,86,0,57,46,22,11116,Saturday,1,5,2011,,,,,0,0,1,1.25,1.48,1.48,1.48,2.68,14,1,0,16.0,0.7818,0.6235,0.5,-0.866,0.2994,-0.9541,22.0
106,106,2011-05-15,85,0,63,55,26,11116,Sunday,2,5,2011,,,,,0,1,1,1.25,1.48,1.48,1.48,2.68,15,1,0,15.0,0.9749,-0.2225,0.5,-0.866,0.1012,-0.9949,26.0
107,107,2011-05-16,57,0,49,41,20,11116,Monday,3,5,2011,,,,,0,0,0,1.25,1.48,1.48,1.48,2.68,16,0,0,14.0,0.4339,-0.901,0.5,-0.866,-0.1012,-0.9949,20.0
108,108,2011-05-17,67,0,51,43,21,11116,Tuesday,4,5,2011,,,,,0,0,0,1.25,1.48,1.48,1.48,2.68,17,0,0,13.0,-0.4339,-0.901,0.5,-0.866,-0.2994,-0.9541,21.0
109,109,2011-05-18,44,0,42,32,15,11116,Wednesday,5,5,2011,,,,,0,0,0,1.25,1.48,1.48,1.48,2.68,18,0,0,12.0,-0.9749,-0.2225,0.5,-0.866,-0.4853,-0.8743,15.0
110,110,2011-05-19,56,0,40,26,9,11116,Thursday,6,5,2011,,,,,0,0,0,1.25,1.48,1.48,1.48,2.68,19,0,0,11.0,-0.7818,0.6235,0.5,-0.866,-0.6514,-0.7588,9.0
111,111,2011-05-20,70,0,50,43,19,11116,Friday,7,5,2011,,,,,0,0,0,1.25,1.48,1.48,1.48,2.68,20,0,0,10.0,-0.0,1.0,0.5,-0.866,-0.7908,-0.6121,19.0
112,112,2011-05-21,84,0,62,55,21,11117,Saturday,1,5,2011,,,,,0,0,0,1.25,1.48,1.48,1.48,2.68,21,1,0,9.0,0.7818,0.6235,0.5,-0.866,-0.8978,-0.4404,21.0
113,113,2011-05-22,88,0,73,60,25,11117,Sunday,2,5,2011,,,,,0,0,0,1.25,1.48,1.48,1.48,2.68,22,1,0,8.0,0.9749,-0.2225,0.5,-0.866,-0.9681,-0.2507,25.0
114,114,2011-05-23,58,0,47,33,28,11117,Monday,3,5,2011,,,,,0,0,0,1.25,1.48,1.48,1.48,2.68,23,0,0,7.0,0.4339,-0.901,0.5,-0.866,-0.9987,-0.0506,28.0
115,115,2011-05-24,64,0,46,49,11,11117,Tuesday,4,5,2011,,,,,0,0,0,1.25,1.48,1.48,1.48,2.68,24,0,0,6.0,-0.4339,-0.901,0.5,-0.866,-0.9885,0.1514,11.0
116,116,2011-05-25,79,0,59,29,24,11117,Wednesday,5,5,2011,,,,,0,0,0,1.25,1.48,1.48,1.48,2.68,25,0,0,5.0,-0.9749,-0.2225,0.5,-0.866,-0.9378,0.3473,24.0
117,117,2011-05-26,62,0,76,49,20,11117,Thursday,6,5,2011,,,,,0,0,0,1.25,1.48,1.48,1.48,2.68,26,0,0,4.0,-0.7818,0.6235,0.5,-0.866,-0.8486,0.529,20.0
118,118,2011-05-27,67,0,42,44,15,11117,Friday,7,5,2011,,,,,0,0,0,1.25,1.48,1.48,1.48,2.68,27,0,0,3.0,-0.0,1.0,0.5,-0.866,-0.7248,0.689,15.0
119,119,2011-05-28,76,0,67,63,24,11118,Saturday,1,5,2011,,,,,0,0,0,1.25,1.48,1.48,1.48,2.68,28,1,0,2.0,0.7818,0.6235,0.5,-0.866,-0.5713,0.8208,24.0
120,120,2011-05-29,85,0,66,42,25,11118,Sunday,2,5,2011,,,,,0,0,0,1.25,1.48,1.48,1.48,2.68,29,1,0,1.0,0.9749,-0.2225,0.5,-0.866,-0.3944,0.919,25.0
121,121,2011-05-30,51,0,44,38,23,11118,Monday,3,5,2011,MemorialDay,National,,,0,0,0,1.25,1.48,1.48,1.48,2.68,30,0,1,0.0,0.4339,-0.901,0.5,-0.866,-0.2013,0.9795,23.0
122,122,2011-05-31,58,0,37,33,12,11118,Tuesday,4,5,2011,NBAFinalsStart,Sporting,,,0,0,0,1.25,1.48,1.48,1.48,2.68,31,0,1,0.0,-0.4339,-0.901,0.5,-0.866,-0.0,1.0,12.0
123,123,2011-06-01,80,0,56,51,19,11118,Wednesday,5,6,2011,,,,,1,1,0,1.25,1.48,1.48,1.48,2.68,1,0,0,11.0,-0.9749,-0.2225,0.0,-1.0,0.2013,0.9795,19.0
124,124,2011-06-02,62,0,63,46,18,11118,Thursday,6,6,2011,,,,,1,0,1,1.25,1.48,1.48,1.48,2.68,2,0,0,10.0,-0.7818,0.6235,0.0,-1.0,0.3944,0.919,18.0
125,125,2011-06-03,81,0,88,53,25,11118,Friday,7,6,2011,,,,,1,1,1,1.25,1.48,1.48,1.48,2.68,3,0,0,9.0,-0.0,1.0,0.0,-1.0,0.5713,0.8208,25.0
126,126,2011-06-04,91,0,80,62,29,11119,Saturday,1,6,2011,,,,,1,0,0,1.25,1.48,1.48,1.48,2.68,4,1,0,8.0,0.7818,0.6235,0.0,-1.0,0.7248,0.689,29.0
127,127,2011-06-05,97,0,59,64,27,11119,Sunday,2,6,2011,,,,,1,1,1,1.25,1.48,1.48,1.48,2.68,5,1,0,7.0,0.9749,-0.2225,0.0,-1.0,0.8486,0.529,27.0
128,128,2011-06-06,55,0,39,49,28,11119,Monday,3,6,2011,,,,,1,1,1,1.25,1.48,1.48,1.48,2.68,6,0,0,6.0,0.4339,-0.901,0.0,-1.0,0.9378,0.3473,28.0
129,129,2011-06-07,63,0,50,42,31,11119,Tuesday,4,6,2011,,,,,1,1,0,1.25,1.48,1.48,1.48,2.68,7,0,0,5.0,-0.4339,-0.901,0.0,-1.0,0.9885,0.1514,31.0
130,130,2011-06-08,73,0,50,33,19,11119,Wednesday,5,6,2011,,,,,1,0,1,1.25,1.48,1.48,1.48,2.68,8,0,0,4.0,-0.9749,-0.2225,0.0,-1.0,0.9987,-0.0506,19.0
131,131,2011-06-09,87,0,45,31,19,11119,Thursday,6,6,2011,,,,,1,1,1,1.25,1.48,1.48,1.48,2.68,9,0,0,3.0,-0.7818,0.6235,0.0,-1.0,0.9681,-0.2507,19.0
132,132,2011-06-10,70,0,47,39,30,11119,Friday,7,6,2011,,,,,1,0,0,1.25,1.48,1.48,1.48,2.68,10,0,0,2.0,-0.0,1.0,0.0,-1.0,0.8978,-0.4404,30.0
133,133,2011-06-11,86,0,72,78,23,11120,Saturday,1,6,2011,,,,,0,1,1,1.25,1.48,1.48,1.48,2.68,11,1,0,1.0,0.7818,0.6235,0.0,-1.0,0.7908,-0.6121,23.0
134,134,2011-06-12,112,0,80,61,34,11120,Sunday,2,6,2011,NBAFinalsEnd,Sporting,,,0,1,1,1.25,1.48,1.48,1.48,2.68,12,1,1,0.0,0.9749,-0.2225,0.0,-1.0,0.6514,-0.7588,34.0
135,135,2011-06-13,78,0,69,53,21,11120,Monday,3,6,2011,,,,,0,1,0,1.25,1.48,1.48,1.48,2.68,13,0,0,6.0,0.4339,-0.901,0.0,-1.0,0.4853,-0.8743,21.0
136,136,2011-06-14,73,0,45,34,35,11120,Tuesday,4,6,2011,,,,,0,0,1,1.25,1.48,1.48,1.48,2.68,14,0,0,5.0,-0.4339,-0.901,0.0,-1.0,0.2994,-0.9541,35.0
137,137,2011-06-15,76,0,50,42,32,11120,Wednesday,5,6,2011,,,,,0,1,1,1.25,1.48,1.48,1.48,2.68,15,0,0,4.0,-0.9749,-0.2225,0.0,-1.0,0.1012,-0.9949,32.0
138,138,2011-06-16,85,0,58,34,18,11120,Thursday,6,6,2011,,,,,0,0,0,1.25,1.48,1.48,1.48,2.68,16,0,0,3.0,-0.7818,0.6235,0.0,-1.0,-0.1012,-0.9949,18.0
139,139,2011-06-17,71,0,60,57,25,11120,Friday,7,6,2011,,,,,0,0,0,1.25,1.48,1.48,1.48,2.68,17,0,0,2.0,-0.0,1.0,0.0,-1.0,-0.2994,-0.9541,25.0
140,140,2011-06-18,85,0,66,65,21,11121,Saturday,1,6,2011,,,,,0,0,0,1.25,1.48,1.48,1.48,2.68,18,1,0,1.0,0.7818,0.6235,0.0,-1.0,-0.4853,-0.8743,21.0
141,141,2011-06-19,96,0,56,62,25,11121,Sunday,2,6,2011,Father's day,Cultural,,,0,0,0,1.25,1.48,1.48,1.48,2.68,19,1,1,0.0,0.9749,-0.2225,0.0,-1.0,-0.6514,-0.7588,25.0
142,142,2011-06-20,63,0,56,47,19,11121,Monday,3,6,2011,,,,,0,0,0,1.25,1.48,1.48,1.48,2.68,20,0,0,14.0,0.4339,-0.901,0.0,-1.0,-0.7908,-0.6121,19.0
143,143,2011-06-21,58,0,49,45,16,11121,Tuesday,4,6,2011,,,,,0,0,0,1.25,1.48,1.48,1.48,2.68,21,0,0,13.0,-0.4339,-0.901,0.0,-1.0,-0.8978,-0.4404,16.0
144,144,2011-06-22,38,0,34,15,23,11121,Wednesday,5,6,2011,,,,,0,0,0,1.25,1.48,1.48,1.48,2.68,22,0,0,12.0,-0.9749,-0.2225,0.0,-1.0,-0.9681,-0.2507,23.0
145,145,2011-06-23,59,0,39,25,16,11121,Thursday,6,6,2011,,,,,0,0,0,1.25,1.48,1.48,1.48,2.68,23,0,0,11.0,-0.7818,0.6235,0.0,-1.0,-0.9987,-0.0506,16.0
146,146,2011-06-24,59,0,45,37,36,11121,Friday,7,6,2011,,,,,0,0,0,1.25,1.48,1.48,1.48,2.68,24,0,0,10.0,-0.0,1.0,0.0,-1.0,-0.9885,0.1514,36.0
147,147,2011-06-25,79,0,51,56,23,11122,Saturday,1,6,2011,,,,,0,0,0,1.25,1.48,1.48,1.48,2.68,25,1,0,9.0,0.7818,0.6235,0.0,-1.0,-0.9378,0.3473,23.0
148,148,2011-06-26,75,0,49,42,21,11122,Sunday,2,6,2011,,,,,0,0,0,1.25,1.48,1.48,1.48,2.68,26,1,0,8.0,0.9749,-0.2225,0.0,-1.0,-0.8486,0.529,21.0
149,149,2011-06-27,61,0,42,27,17,11122,Monday,3,6,2011,,,,,0,0,0,1.25,1.48,1.48,1.48,2.68,27,0,0,7.0,0.4339,-0.901,0.0,-1.0,-0.7248,0.689,17.0
150,150,2011-06-28,60,0,33,17,15,11122,Tuesday,4,6,2011,,,,,0,0,0,1.25,1.48,1.48,1.48,2.68,28,0,0,6.0,-0.4339,-0.901,0.0,-1.0,-0.5713,0.8208,15.0
151,151,2011-06-29,72,0,55,32,22,11122,Wednesday,5,6,2011,,,,,0,0,0,1.25,1.48,1.48,1.48,2.68,29,0,0,5.0,-0.9749,-0.2225,0.0,-1.0,-0.3944,0.919,22.0
152,152,2011-06-30,57,0,52,34,30,11122,Thursday,6,6,2011,,,,,0,0,0,1.25,1.48,1.48,1.48,2.68,30,0,0,4.0,-0.7818,0.6235,0.0,-1.0,-0.2013,0.9795,30.0
153,153,2011-07-01,87,0,72,52,32,11122,Friday,7,7,2011,,,,,1,1,0,1.25,1.48,1.48,1.48,2.68,1,0,0,3.0,-0.0,1.0,-0.5,-0.866,0.2013,0.9795,32.0
154,154,2011-07-02,82,0,62,64,22,11123,Saturday,1,7,2011,,,,,1,0,1,1.25,1.48,1.48,1.48,2.68,2,1,0,2.0,0.7818,0.6235,-0.5,-0.866,0.3944,0.919,22.0
155,155,2011-07-03,97,0,76,63,21,11123,Sunday,2,7,2011,,,,,1,1,1,1.25,1.48,1.48,1.48,2.68,3,1,0,1.0,0.9749,-0.2225,-0.5,-0.866,0.5713,0.8208,21.0
156,156,2011-07-04,64,0,49,29,8,11123,Monday,3,7,2011,IndependenceDay,National,,,1,0,0,1.25,1.48,1.48,1.48,2.68,4,0,1,0.0,0.4339,-0.901,-0.5,-0.866,0.7248,0.689,8.0
157,157,2011-07-05,63,0,61,46,12,11123,Tuesday,4,7,2011,,,,,1,1,1,1.25,1.48,1.48,1.48,2.68,5,0,0,27.0,-0.4339,-0.901,-0.5,-0.866,0.8486,0.529,12.0
158,158,2011-07-06,53,0,40,35,15,11123,Wednesday,5,7,2011,,,,,1,1,1,1.25,1.48,1.48,1.48,2.68,6,0,0,26.0,-0.9749,-0.2225,-0.5,-0.866,0.9378,0.3473,15.0
159,159,2011-07-07,66,0,50,38,27,11123,Thursday,6,7,2011,,,,,1,1,0,1.25,1.48,1.48,1.48,2.68,7,0,0,25.0,-0.7818,0.6235,-0.5,-0.866,0.9885,0.1514,27.0
160,160,2011-07-08,66,0,47,42,10,11123,Friday,7,7,2011,,,,,1,0,1,1.25,1.48,1.48,1.48,2.68,8,0,0,24.0,-0.0,1.0,-0.5,-0.866,0.9987,-0.0506,10.0
161,161,2011-07-09,91,0,95,59,37,11124,Saturday,1,7,2011,,,,,1,1,1,1.25,1.48,1.48,1.48,2.68,9,1,0,23.0,0.7818,0.6235,-0.5,-0.866,0.9681,-0.2507,37.0
162,162,2011-07-10,85,0,54,37,34,11124,Sunday,2,7,2011,,,,,1,0,0,1.25,1.48,1.48,1.48,2.68,10,1,0,22.0,0.9749,-0.2225,-0.5,-0.866,0.8978,-0.4404,34.0
163,163,2011-07-11,84,0,66,58,15,11124,Monday,3,7,2011,,,,,0,1,1,1.25,1.48,1.48,1.48,2.68,11,0,0,21.0,0.4339,-0.901,-0.5,-0.866,0.7908,-0.6121,15.0
164,164,2011-07-12,84,0,57,40,19,11124,Tuesday,4,7,2011,,,,,0,1,1,1.25,1.48,1.48,1.48,2.68,12,0,0,20.0,-0.4339,-0.901,-0.5,-0.866,0.6514,-0.7588,19.0
165,165,2011-07-13,60,0,57,44,24,11124,Wednesday,5,7,2011,,,,,0,1,0,1.25,1.48,1.48,1.48,2.68,13,0,0,19.0,-0.9749,-0.2225,-0.5,-0.866,0.4853,-0.8743,24.0
166,166,2011-07-14,63,0,37,32,20,11124,Thursday,6,7,2011,,,,,0,0,1,1.25,1.48,1.48,1.48,2.68,14,0,0,18.0,-0.7818,0.6235,-0.5,-0.866,0.2994,-0.9541,20.0
167,167,2011-07-15,106,0,67,28,17,11124,Friday,7,7,2011,,,,,0,1,1,1.25,1.48,1.48,1.48,2.68,15,0,0,17.0,-0.0,1.0,-0.5,-0.866,0.1012,-0.9949,17.0
168,168,2011-07-16,98,0,56,40,21,11125,Saturday,1,7,2011,,,,,0,0,0,1.25,1.48,1.48,1.48,2.68,16,1,0,16.0,0.7818,0.6235,-0.5,-0.866,-0.1012,-0.9949,21.0
169,169,2011-07-17,96,0,78,52,23,11125,Sunday,2,7,2011,,,,,0,0,0,1.25,1.48,1.48,1.48,2.68,17,1,0,15.0,0.9749,-0.2225,-0.5,-0.866,-0.2994,-0.9541,23.0
170,170,2011-07-18,77,0,57,51,19,11125,Monday,3,7,2011,,,,,0,0,0,1.25,1.48,1.48,1.48,2.68,18,0,0,14.0,0.4339,-0.901,-0.5,-0.866,-0.4853,-0.8743,19.0
171,171,2011-07-19,60,0,39,27,24,11125,Tuesday,4,7,2011,,,,,0,0,0,1.25,1.48,1.48,1.48,2.68,19,0,0,13.0,-0.4339,-0.901,-0.5,-0.866,-0.6514,-0.7588,24.0
172,172,2011-07-20,62,0,52,40,10,11125,Wednesday,5,7,2011,,,,,0,0,0,1.25,1.48,1.48,1.48,2.68,20,0,0,12.0,-0.9749,-0.2225,-0.5,-0.866,-0.7908,-0.6121,10.0
173,173,2011-07-21,65,0,57,29,17,11125,Thursday,6,7,2011,,,,,0,0,0,1.25,1.48,1.48,1.48,2.68,21,0,0,11.0,-0.7818,0.6235,-0.5,-0.866,-0.8978,-0.4404,17.0
174,174,2011-07-22,63,0,66,56,27,11125,Friday,7,7,2011,,,,,0,0,0,1.25,1.48,1.48,1.48,2.68,22,0,0,10.0,-0.0,1.0,-0.5,-0.866,-0.9681,-0.2507,27.0
175,175,2011-07-23,99,0,81,46,21,11126,Saturday,1,7,2011,,,,,0,0,0,1.25,1.48,1.48,1.48,2.68,23,1,0,9.0,0.7818,0.6235,-0.5,-0.866,-0.9987,-0.0506,21.0
176,176,2011-07-24,85,0,55,45,27,11126,Sunday,2,7,2011,,,,,0,0,0,1.25,1.48,1.48,1.48,2.68,24,1,0,8.0,0.9749,-0.2225,-0.5,-0.866,-0.9885,0.1514,27.0
177,177,2011-07-25,101,0,61,42,20,11126,Monday,3,7,2011,,,,,0,0,0,1.25,1.48,1.48,1.48,2.68,25,0,0,7.0,0.4339,-0.901,-0.5,-0.866,-0.9378,0.3473,20.0
178,178,2011-07-26,59,0,56,37,18,11126,Tuesday,4,7,2011,,,,,0,0,0,1.25,1.48,1.48,1.48,2.68,26,0,0,6.0,-0.4339,-0.901,-0.5,-0.866,-0.8486,0.529,18.0
179,179,2011-07-27,68,0,54,33,12,11126,Wednesday,5,7,2011,,,,,0,0,0,1.25,1.48,1.48,1.48,2.68,27,0,0,5.0,-0.9749,-0.2225,-0.5,-0.866,-0.7248,0.689,12.0
180,180,2011-07-28,53,0,66,32,10,11126,Thursday,6,7,2011,,,,,0,0,0,1.25,1.48,1.48,1.48,2.68,28,0,0,4.0,-0.7818,0.6235,-0.5,-0.866,-0.5713,0.8208,10.0
181,181,2011-07-29,72,0,52,23,19,11126,Friday,7,7,2011,,,,,0,0,0,1.25,1.48,1.48,1.48,2.68,29,0,0,3.0,-0.0,1.0,-0.5,-0.866,-0.3944,0.919,19.0
182,182,2011-07-30,100,0,51,51,29,11127,Saturday,1,7,2011,,,,,0,0,0,1.25,1.48,1.48,1.48,2.68,30,1,0,2.0,0.7818,0.6235,-0.5,-0.866,-0.2013,0.9795,29.0
183,183,2011-07-31,92,0,63,58,31,11127,Sunday,2,7,2011,,,,,0,0,0,1.25,1.48,1.48,1.48,2.68,31,1,0,1.0,0.9749,-0.2225,-0.5,-0.866,-0.0,1.0,31.0
184,184,2011-08-01,86,0,73,39,19,11127,Monday,3,8,2011,Ramadan starts,Religious,,,1,1,0,1.25,1.48,1.48,1.48,2.68,1,0,1,0.0,0.4339,-0.901,-0.866,-0.5,0.2013,0.9795,19.0
185,185,2011-08-02,71,0,63,51,15,11127,Tuesday,4,8,2011,,,,,1,0,1,1.25,1.48,1.48,1.48,2.68,2,0,0,29.0,-0.4339,-0.901,-0.866,-0.5,0.3944,0.919,15.0
186,186,2011-08-03,82,0,71,51,21,11127,Wednesday,5,8,2011,,,,,1,1,1,1.25,1.48,1.48,1.48,2.68,3,0,0,28.0,-0.9749,-0.2225,-0.866,-0.5,0.5713,0.8208,21.0
187,187,2011-08-04,79,0,69,59,18,11127,Thursday,6,8,2011,,,,,1,0,0,1.25,1.48,1.48,1.48,2.68,4,0,0,27.0,-0.7818,0.6235,-0.866,-0.5,0.7248,0.689,18.0
188,188,2011-08-05,105,0,86,69,19,11127,Friday,7,8,2011,,,,,1,1,1,1.25,1.48,1.48,1.48,2.68,5,0,0,26.0,-0.0,1.0,-0.866,-0.5,0.8486,0.529,19.0
189,189,2011-08-06,107,0,97,83,23,11128,Saturday,1,8,2011,,,,,1,1,1,1.25,1.48,1.48,1.48,2.68,6,1,0,25.0,0.7818,0.6235,-0.866,-0.5,0.9378,0.3473,23.0
190,190,2011-08-07,136,0,87,72,25,11128,Sunday,2,8,2011,,,,,1,1,0,1.25,1.48,1.48,1.48,2.68,7,1,0,24.0,0.9749,-0.2225,-0.866,-0.5,0.9885,0.1514,25.0
191,191,2011-08-08,82,0,65,57,21,11128,Monday,3,8,2011,,,,,1,0,1,1.25,1.48,1.48,1.48,2.68,8,0,0,23.0,0.4339,-0.901,-0.866,-0.5,0.9987,-0.0506,21.0
192,192,2011-08-09,106,0,61,62,28,11128,Tuesday,4,8,2011,,,,,1,1,1,1.25,1.48,1.48,1.48,2.68,9,0,0,22.0,-0.4339,-0.901,-0.866,-0.5,0.9681,-0.2507,28.0
193,193,2011-08-10,87,0,57,54,15,11128,Wednesday,5,8,2011,,,,,1,0,0,1.25,1.48,1.48,1.48,2.68,10,0,0,21.0,-0.9749,-0.2225,-0.866,-0.5,0.8978,-0.4404,15.0
194,194,2011-08-11,80,0,88,59,17,11128,Thursday,6,8,2011,,,,,0,1,1,1.25,1.48,1.48,1.48,2.68,11,0,0,20.0,-0.7818,0.6235,-0.866,-0.5,0.7908,-0.6121,17.0
195,195,2011-08-12,108,0,56,84,13,11128,Friday,7,8,2011,,,,,0,1,1,1.25,1.48,1.48,1.48,2.68,12,0,0,19.0,-0.0,1.0,-0.866,-0.5,0.6514,-0.7588,13.0
196,196,2011-08-13,125,0,119,72,20,11129,Saturday,1,8,2011,,,,,0,1,0,1.25,1.48,1.48,1.48,2.68,13,1,0,18.0,0.7818,0.6235,-0.866,-0.5,0.4853,-0.8743,20.0
197,197,2011-08-14,117,0,93,62,28,11129,Sunday,2,8,2011,,,,,0,0,1,1.25,1.48,1.48,1.48,2.68,14,1,0,17.0,0.9749,-0.2225,-0.866,-0.5,0.2994,-0.9541,28.0
198,198,2011-08-15,109,0,85,50,24,11129,Monday,3,8,2011,,,,,0,1,1,1.25,1.48,1.48,1.48,2.68,15,0,0,16.0,0.4339,-0.901,-0.866,-0.5,0.1012,-0.9949,24.0
199,199,2011-08-16,84,0,85,61,14,11129,Tuesday,4,8,2011,,,,,0,0,0,1.25,1.48,1.48,1.48,2.68,16,0,0,15.0,-0.4339,-0.901,-0.866,-0.5,-0.1012,-0.9949,14.0
200,200,2011-08-17,81,0,79,52,22,11129,Wednesday,5,8,2011,,,,,0,0,0,1.25,1.48,1.48,1.48,2.68,17,0,0,14.0,-0.9749,-0.2225,-0.866,-0.5,-0.2994,-0.9541,22.0
201,201,2011-08-18,105,0,77,80,16,11129,Thursday,6,8,2011,,,,,0,0,0,1.25,1.48,1.48,1.48,2.68,18,0,0,13.0,-0.7818,0.6235,-0.866,-0.5,-0.4853,-0.8743,16.0
202,202,2011-08-19,99,0,127,89,11,11129,Friday,7,8,2011,,,,,0,0,0,1.25,1.48,1.48,1.48,2.68,19,0,0,12.0,-0.0,1.0,-0.866,-0.5,-0.6514,-0.7588,11.0
203,203,2011-08-20,162,0,135,105,26,11130,Saturday,1,8,2011,,,,,0,0,0,1.25,1.48,1.48,1.48,2.68,20,1,0,11.0,0.7818,0.6235,-0.866,-0.5,-0.7908,-0.6121,26.0
204,204,2011-08-21,161,0,135,92,30,11130,Sunday,2,8,2011,,,,,0,0,0,1.25,1.48,1.48,1.48,2.68,21,1,0,10.0,0.9749,-0.2225,-0.866,-0.5,-0.8978,-0.4404,30.0
205,205,2011-08-22,140,0,85,61,13,11130,Monday,3,8,2011,,,,,0,0,0,1.25,1.48,1.48,1.48,2.68,22,0,0,9.0,0.4339,-0.901,-0.866,-0.5,-0.9681,-0.2507,13.0
206,206,2011-08-23,92,0,66,44,21,11130,Tuesday,4,8,2011,,,,,0,0,0,1.25,1.48,1.48,1.48,2.68,23,0,0,8.0,-0.4339,-0.901,-0.866,-0.5,-0.9987,-0.0506,21.0
207,207,2011-08-24,86,0,60,43,25,11130,Wednesday,5,8,2011,,,,,0,0,0,1.25,1.48,1.48,1.48,2.68,24,0,0,7.0,-0.9749,-0.2225,-0.866,-0.5,-0.9885,0.1514,25.0
208,208,2011-08-25,64,0,40,27,20,11130,Thursday,6,8,2011,,,,,0,0,0,1.25,1.48,1.48,1.48,2.68,25,0,0,6.0,-0.7818,0.6235,-0.866,-0.5,-0.9378,0.3473,20.0
209,209,2011-08-26,61,0,63,39,33,11130,Friday,7,8,2011,,,,,0,0,0,1.25,1.48,1.48,1.48,2.68,26,0,0,5.0,-0.0,1.0,-0.866,-0.5,-0.8486,0.529,33.0
210,210,2011-08-27,116,0,88,83,31,11131,Saturday,1,8,2011,,,,,0,0,0,1.25,1.48,1.48,1.48,2.68,27,1,0,4.0,0.7818,0.6235,-0.866,-0.5,-0.7248,0.689,31.0
211,211,2011-08-28,122,0,92,76,17,11131,Sunday,2,8,2011,,,,,0,0,0,1.25,1.48,1.48,1.48,2.68,28,1,0,3.0,0.9749,-0.2225,-0.866,-0.5,-0.5713,0.8208,17.0
212,212,2011-08-29,59,0,54,36,21,11131,Monday,3,8,2011,,,,,0,0,0,1.25,1.48,1.48,1.48,2.68,29,0,0,2.0,0.4339,-0.901,-0.866,-0.5,-0.3944,0.919,21.0
213,213,2011-08-30,82,0,50,31,29,11131,Tuesday,4,8,2011,,,,,0,0,0,1.25,1.48,1.48,1.48,2.68,30,0,0,1.0,-0.4339,-0.901,-0.866,-0.5,-0.2013,0.9795,29.0
214,214,2011-08-31,48,0,49,43,20,11131,Wednesday,5,8,2011,Eid al-Fitr,Religious,,,0,0,0,1.25,1.48,1.48,1.48,2.68,31,0,1,0.0,-0.9749,-0.2225,-0.866,-0.5,-0.0,1.0,20.0
215,215,2011-09-01,103,0,88,54,17,11131,Thursday,6,9,2011,,,,,1,1,0,1.25,1.48,1.48,1.48,2.68,1,0,0,4.0,-0.7818,0.6235,-1.0,-0.0,0.2013,0.9795,17.0
216,216,2011-09-02,74,0,59,30,22,11131,Friday,7,9,2011,,,,,1,0,1,1.25,1.48,1.48,1.48,2.68,2,0,0,3.0,-0.0,1.0,-1.0,-0.0,0.3944,0.919,22.0
217,217,2011-09-03,104,0,81,67,22,11132,Saturday,1,9,2011,,,,,1,1,1,1.25,1.48,1.48,1.48,2.68,3,1,0,2.0,0.7818,0.6235,-1.0,-0.0,0.5713,0.8208,22.0
218,218,2011-09-04,78,0,49,28,15,11132,Sunday,2,9,2011,,,,,1,0,0,1.25,1.48,1.48,1.48,2.68,4,1,0,1.0,0.9749,-0.2225,-1.0,-0.0,0.7248,0.689,15.0
219,219,2011-09-05,78,0,55,47,20,11132,Monday,3,9,2011,LaborDay,National,,,1,1,1,1.25,1.48,1.48,1.48,2.68,5,0,1,0.0,0.4339,-0.901,-1.0,-0.0,0.8486,0.529,20.0
220,220,2011-09-06,53,0,45,25,22,11132,Tuesday,4,9,2011,,,,,1,1,1,1.25,1.48,1.48,1.48,2.68,6,0,0,34.0,-0.4339,-0.901,-1.0,-0.0,0.9378,0.3473,22.0
221,221,2011-09-07,79,0,50,40,5,11132,Wednesday,5,9,2011,,,,,1,1,0,1.25,1.48,1.48,1.48,2.68,7,0,0,33.0,-0.9749,-0.2225,-1.0,-0.0,0.9885,0.1514,5.0
222,222,2011-09-08,63,0,47,25,13,11132,Thursday,6,9,2011,,,,,1,0,1,1.25,1.48,1.48,1.48,2.68,8,0,0,32.0,-0.7818,0.6235,-1.0,-0.0,0.9987,-0.0506,13.0
223,223,2011-09-09,87,0,61,36,23,11132,Friday,7,9,2011,,,,,1,1,1,1.25,1.48,1.48,1.48,2.68,9,0,0,31.0,-0.0,1.0,-1.0,-0.0,0.9681,-0.2507,23.0
224,224,2011-09-10,78,0,83,54,24,11133,Saturday,1,9,2011,,,,,1,0,0,1.25,1.48,1.48,1.48,2.68,10,1,0,30.0,0.7818,0.6235,-1.0,-0.0,0.8978,-0.4404,24.0
225,225,2011-09-11,97,0,72,58,0,11133,Sunday,2,9,2011,,,,,0,1,1,1.25,1.48,1.48,1.48,2.68,11,1,0,29.0,0.9749,-0.2225,-1.0,-0.0,0.7908,-0.6121,
226,226,2011-09-12,71,0,63,53,10,11133,Monday,3,9,2011,,,,,0,1,1,1.25,1.48,1.48,1.48,2.68,12,0,0,28.0,0.4339,-0.901,-1.0,-0.0,0.6514,-0.7588,10.0
227,227,2011-09-13,89,0,55,34,19,11133,Tuesday,4,9,2011,,,,,0,1,0,1.25,1.48,1.48,1.48,2.68,13,0,0,27.0,-0.4339,-0.901,-1.0,-0.0,0.4853,-0.8743,19.0
228,228,2011-09-14,60,0,48,21,8,11133,Wednesday,5,9,2011,,,,,0,0,1,1.25,1.48,1.48,1.48,2.68,14,0,0,26.0,-0.9749,-0.2225,-1.0,-0.0,0.2994,-0.9541,8.0
229,229,2011-09-15,85,0,68,47,17,11133,Thursday,6,9,2011,,,,,0,1,1,1.25,1.48,1.48,1.48,2.68,15,0,0,25.0,-0.7818,0.6235,-1.0,-0.0,0.1012,-0.9949,17.0
230,230,2011-09-16,62,0,66,34,17,11133,Friday,7,9,2011,,,,,0,0,0,1.25,1.48,1.48,1.48,2.68,16,0,0,24.0,-0.0,1.0,-1.0,-0.0,-0.1012,-0.9949,17.0
231,231,2011-09-17,95,0,73,38,23,11134,Saturday,1,9,2011,,,,,0,0,0,1.25,1.48,1.48,1.48,2.68,17,1,0,23.0,0.7818,0.6235,-1.0,-0.0,-0.2994,-0.9541,23.0
232,232,2011-09-18,73,0,71,34,33,11134,Sunday,2,9,2011,,,,,0,0,0,1.25,1.48,1.48,1.48,2.68,18,1,0,22.0,0.9749,-0.2225,-1.0,-0.0,-0.4853,-0.8743,33.0
233,233,2011-09-19,65,0,54,30,13,11134,Monday,3,9,2011,,,,,0,0,0,1.25,1.48,1.48,1.48,2.68,19,0,0,21.0,0.4339,-0.901,-1.0,-0.0,-0.6514,-0.7588,13.0
234,234,2011-09-20,66,0,53,31,11,11134,Tuesday,4,9,2011,,,,,0,0,0,1.25,1.48,1.48,1.48,2.68,20,0,0,20.0,-0.4339,-0.901,-1.0,-0.0,-0.7908,-0.6121,11.0
235,235,2011-09-21,90,0,52,31,17,11134,Wednesday,5,9,2011,,,,,0,0,0,1.25,1.48,1.48,1.48,2.68,21,0,0,19.0,-0.9749,-0.2225,-1.0,-0.0,-0.8978,-0.4404,17.0
236,236,2011-09-22,57,0,47,35,15,11134,Thursday,6,9,2011,,,,,0,0,0,1.25,1.48,1.48,1.48,2.68,22,0,0,18.0,-0.7818,0.6235,-1.0,-0.0,-0.9681,-0.2507,15.0
237,237,2011-09-23,64,0,55,35,9,11134,Friday,7,9,2011,,,,,0,0,0,1.25,1.48,1.48,1.48,2.68,23,0,0,17.0,-0.0,1.0,-1.0,-0.0,-0.9987,-0.0506,9.0
238,238,2011-09-24,86,0,67,43,28,11135,Saturday,1,9,2011,,,,,0,0,0,1.28,1.48,1.48,1.48,2.68,24,1,0,16.0,0.7818,0.6235,-1.0,-0.0,-0.9885,0.1514,28.0
239,239,2011-09-25,108,0,65,45,38,11135,Sunday,2,9,2011,,,,,0,0,0,1.28,1.48,1.48,1.48,2.68,25,1,0,15.0,0.9749,-0.2225,-1.0,-0.0,-0.9378,0.3473,38.0
240,240,2011-09-26,58,0,40,46,18,11135,Monday,3,9,2011,,,,,0,0,0,1.28,1.48,1.48,1.48,2.68,26,0,0,14.0,0.4339,-0.901,-1.0,-0.0,-0.8486,0.529,18.0
241,241,2011-09-27,47,0,37,36,9,11135,Tuesday,4,9,2011,,,,,0,0,0,1.28,1.48,1.48,1.48,2.68,27,0,0,13.0,-0.4339,-0.901,-1.0,-0.0,-0.7248,0.689,9.0
242,242,2011-09-28,61,24,31,30,17,11135,Wednesday,5,9,2011,,,,,0,0,0,1.28,1.48,1.48,1.48,2.68,28,0,0,12.0,-0.9749,-0.2225,-1.0,-0.0,-0.5713,0.8208,17.0
243,243,2011-09-29,52,92,44,18,7,11135,Thursday,6,9,2011,,,,,0,0,0,1.28,1.48,1.48,1.48,2.68,29,0,0,11.0,-0.7818,0.6235,-1.0,-0.0,-0.3944,0.919,7.0
244,244,2011-09-30,65,135,65,35,8,11135,Friday,7,9,2011,,,,,0,0,0,1.28,1.48,1.48,1.48,2.68,30,0,0,10.0,-0.0,1.0,-1.0,-0.0,-0.2013,0.9795,8.0
245,245,2011-10-01,79,178,82,47,6,11136,Saturday,1,10,2011,,,,,1,1,0,1.28,1.48,1.48,1.48,2.68,1,1,0,9.0,0.7818,0.6235,-0.866,0.5,0.2013,0.9795,6.0
246,246,2011-10-02,97,142,66,36,1,11136,Sunday,2,10,2011,,,,,1,0,1,1.28,1.48,1.48,1.48,2.68,2,1,0,8.0,0.9749,-0.2225,-0.866,0.5,0.3944,0.919,1.0
247,247,2011-10-03,88,79,46,27,27,11136,Monday,3,10,2011,,,,,1,1,1,1.28,1.48,1.48,1.48,2.68,3,0,0,7.0,0.4339,-0.901,-0.866,0.5,0.5713,0.8208,27.0
248,248,2011-10-04,58,75,50,35,42,11136,Tuesday,4,10,2011,,,,,1,0,0,1.28,1.48,1.48,1.48,2.68,4,0,0,6.0,-0.4339,-0.901,-0.866,0.5,0.7248,0.689,42.0
249,249,2011-10-05,62,67,48,16,24,11136,Wednesday,5,10,2011,,,,,1,1,1,1.28,1.48,1.48,1.48,2.68,5,0,0,5.0,-0.9749,-0.2225,-0.866,0.5,0.8486,0.529,24.0
250,250,2011-10-06,59,45,63,26,20,11136,Thursday,6,10,2011,,,,,1,1,1,1.28,1.48,1.48,1.48,2.68,6,0,0,4.0,-0.7818,0.6235,-0.866,0.5,0.9378,0.3473,20.0
251,251,2011-10-07,86,151,48,32,23,11136,Friday,7,10,2011,,,,,1,1,0,1.28,1.48,1.48,1.48,2.68,7,0,0,3.0,-0.0,1.0,-0.866,0.5,0.9885,0.1514,23.0
252,252,2011-10-08,91,160,54,41,14,11137,Saturday,1,10,2011,,,,,1,0,1,1.28,1.48,1.48,1.48,2.68,8,1,0,2.0,0.7818,0.6235,-0.866,0.5,0.9987,-0.0506,14.0
253,253,2011-10-09,69,82,50,29,24,11137,Sunday,2,10,2011,,,,,1,1,1,1.28,1.48,1.48,1.48,2.68,9,1,0,1.0,0.9749,-0.2225,-0.866,0.5,0.9681,-0.2507,24.0
254,254,2011-10-10,57,79,39,34,38,11137,Monday,3,10,2011,ColumbusDay,National,,,1,0,0,1.28,1.48,1.48,1.48,2.68,10,0,1,0.0,0.4339,-0.901,-0.866,0.5,0.8978,-0.4404,38.0
255,255,2011-10-11,72,47,49,32,42,11137,Tuesday,4,10,2011,,,,,0,1,1,1.28,1.48,1.48,1.48,2.68,11,0,0,20.0,-0.4339,-0.901,-0.866,0.5,0.7908,-0.6121,42.0
256,256,2011-10-12,83,77,64,25,30,11137,Wednesday,5,10,2011,,,,,0,1,1,1.28,1.48,1.48,1.48,2.68,12,0,0,19.0,-0.9749,-0.2225,-0.866,0.5,0.6514,-0.7588,30.0
257,257,2011-10-13,55,141,71,24,34,11137,Thursday,6,10,2011,,,,,0,1,0,1.28,1.48,1.48,1.48,2.68,13,0,0,18.0,-0.7818,0.6235,-0.866,0.5,0.4853,-0.8743,34.0
258,258,2011-10-14,67,90,40,23,13,11137,Friday,7,10,2011,,,,,0,0,1,1.28,1.48,1.48,1.48,2.68,14,0,0,17.0,-0.0,1.0,-0.866,0.5,0.2994,-0.9541,13.0
259,259,2011-10-15,90,103,87,34,36,11138,Saturday,1,10,2011,,,,,0,1,1,1.28,1.48,1.48,1.48,2.68,15,1,0,16.0,0.7818,0.6235,-0.866,0.5,0.1012,-0.9949,36.0
260,260,2011-10-16,96,130,58,38,30,11138,Sunday,2,10,2011,,,,,0,0,0,1.28,1.48,1.48,1.48,2.68,16,1,0,15.0,0.9749,-0.2225,-0.866,0.5,-0.1012,-0.9949,30.0
261,261,2011-10-17,59,88,38,24,30,11138,Monday,3,10,2011,,,,,0,0,0,1.28,1.48,1.48,1.48,2.68,17,0,0,14.0,0.4339,-0.901,-0.866,0.5,-0.2994,-0.9541,30.0
262,262,2011-10-18,50,43,31,26,30,11138,Tuesday,4,10,2011,,,,,0,0,0,1.28,1.48,1.48,1.48,2.68,18,0,0,13.0,-0.4339,-0.901,-0.866,0.5,-0.4853,-0.8743,30.0
263,263,2011-10-19,56,64,44,10,14,11138,Wednesday,5,10,2011,,,,,0,0,0,1.28,1.48,1.48,1.48,2.68,19,0,0,12.0,-0.9749,-0.2225,-0.866,0.5,-0.6514,-0.7588,14.0
264,264,2011-10-20,47,65,44,27,8,11138,Thursday,6,10,2011,,,,,0,0,0,1.28,1.48,1.48,1.48,2.68,20,0,0,11.0,-0.7818,0.6235,-0.866,0.5,-0.7908,-0.6121,8.0
265,265,2011-10-21,62,91,51,16,14,11138,Friday,7,10,2011,,,,,0,0,0,1.28,1.48,1.48,1.48,2.68,21,0,0,10.0,-0.0,1.0,-0.866,0.5,-0.8978,-0.4404,14.0
266,266,2011-10-22,73,69,40,34,21,11139,Saturday,1,10,2011,,,,,0,0,0,1.28,1.48,1.48,1.48,2.68,22,1,0,9.0,0.7818,0.6235,-0.866,0.5,-0.9681,-0.2507,21.0
267,267,2011-10-23,51,97,53,31,17,11139,Sunday,2,10,2011,,,,,0,0,0,1.28,1.48,1.48,1.48,2.68,23,1,0,8.0,0.9749,-0.2225,-0.866,0.5,-0.9987,-0.0506,17.0
268,268,2011-10-24,57,90,36,29,11,11139,Monday,3,10,2011,,,,,0,0,0,1.28,1.48,1.48,1.48,2.68,24,0,0,7.0,0.4339,-0.901,-0.866,0.5,-0.9885,0.1514,11.0
269,269,2011-10-25,64,67,15,16,5,11139,Tuesday,4,10,2011,,,,,0,0,0,1.28,1.48,1.48,1.48,2.68,25,0,0,6.0,-0.4339,-0.901,-0.866,0.5,-0.9378,0.3473,5.0
270,270,2011-10-26,69,66,32,26,0,11139,Wednesday,5,10,2011,,,,,0,0,0,1.28,1.48,1.48,1.48,2.68,26,0,0,5.0,-0.9749,-0.2225,-0.866,0.5,-0.8486,0.529,
271,271,2011-10-27,52,61,46,29,0,11139,Thursday,6,10,2011,,,,,0,0,0,1.28,1.48,1.48,1.48,2.68,27,0,0,4.0,-0.7818,0.6235,-0.866,0.5,-0.7248,0.689,
272,272,2011-10-28,69,100,39,19,0,11139,Friday,7,10,2011,,,,,0,0,0,1.28,1.48,1.48,1.48,2.68,28,0,0,3.0,-0.0,1.0,-0.866,0.5,-0.5713,0.8208,
273,273,2011-10-29,72,68,54,39,13,11140,Saturday,1,10,2011,,,,,0,0,0,1.28,1.48,1.48,1.48,2.48,29,1,0,2.0,0.7818,0.6235,-0.866,0.5,-0.3944,0.919,13.0
274,274,2011-10-30,72,86,43,23,29,11140,Sunday,2,10,2011,,,,,0,0,0,1.28,1.48,1.48,1.48,2.48,30,1,0,1.0,0.9749,-0.2225,-0.866,0.5,-0.2013,0.9795,29.0
275,275,2011-10-31,60,50,48,22,15,11140,Monday,3,10,2011,Halloween,Cultural,,,0,0,0,1.28,1.48,1.48,1.48,2.48,31,0,1,0.0,0.4339,-0.901,-0.866,0.5,-0.0,1.0,15.0
276,276,2011-11-01,50,50,79,23,21,11140,Tuesday,4,11,2011,,,,,1,1,0,1.28,1.48,1.48,1.48,2.48,1,0,0,6.0,-0.4339,-0.901,-0.5,0.866,0.2013,0.9795,21.0
277,277,2011-11-02,62,135,40,22,12,11140,Wednesday,5,11,2011,,,,,1,0,1,1.28,1.48,1.48,1.48,2.48,2,0,0,5.0,-0.9749,-0.2225,-0.5,0.866,0.3944,0.919,12.0
278,278,2011-11-03,52,80,41,22,12,11140,Thursday,6,11,2011,,,,,1,1,1,1.28,1.48,1.48,1.48,2.48,3,0,0,4.0,-0.7818,0.6235,-0.5,0.866,0.5713,0.8208,12.0
279,279,2011-11-04,73,82,40,19,12,11140,Friday,7,11,2011,,,,,1,0,0,1.28,1.48,1.48,1.48,2.48,4,0,0,3.0,-0.0,1.0,-0.5,0.866,0.7248,0.689,12.0
280,280,2011-11-05,85,136,59,35,34,11141,Saturday,1,11,2011,,,,,1,1,1,1.28,1.48,1.48,1.48,2.48,5,1,0,2.0,0.7818,0.6235,-0.5,0.866,0.8486,0.529,34.0
281,281,2011-11-06,85,119,59,34,20,11141,Sunday,2,11,2011,,,,,1,1,1,1.28,1.48,1.48,1.48,2.48,6,1,0,1.0,0.9749,-0.2225,-0.5,0.866,0.9378,0.3473,20.0
282,282,2011-11-07,81,90,49,21,22,11141,Monday,3,11,2011,EidAlAdha,Religious,,,1,1,0,1.28,1.48,1.48,1.48,2.48,7,0,1,0.0,0.4339,-0.901,-0.5,0.866,0.9885,0.1514,22.0
283,283,2011-11-08,46,36,35,14,20,11141,Tuesday,4,11,2011,,,,,1,0,1,1.28,1.48,1.48,1.48,2.48,8,0,0,3.0,-0.4339,-0.901,-0.5,0.866,0.9987,-0.0506,20.0
284,284,2011-11-09,51,84,37,14,16,11141,Wednesday,5,11,2011,,,,,1,1,1,1.28,1.48,1.48,1.48,2.48,9,0,0,2.0,-0.9749,-0.2225,-0.5,0.866,0.9681,-0.2507,16.0
285,285,2011-11-10,69,59,44,18,17,11141,Thursday,6,11,2011,,,,,1,0,0,1.28,1.48,1.48,1.48,2.48,10,0,0,1.0,-0.7818,0.6235,-0.5,0.866,0.8978,-0.4404,17.0
286,286,2011-11-11,53,87,49,28,25,11141,Friday,7,11,2011,VeteransDay,National,,,0,1,1,1.28,1.48,1.48,1.48,2.48,11,0,1,0.0,-0.0,1.0,-0.5,0.866,0.7908,-0.6121,25.0
287,287,2011-11-12,55,103,58,23,20,11142,Saturday,1,11,2011,,,,,0,1,1,1.28,1.48,1.48,1.48,2.48,12,1,0,12.0,0.7818,0.6235,-0.5,0.866,0.6514,-0.7588,20.0
288,288,2011-11-13,100,109,94,27,24,11142,Sunday,2,11,2011,,,,,0,1,0,1.28,1.48,1.48,1.48,2.48,13,1,0,11.0,0.9749,-0.2225,-0.5,0.866,0.4853,-0.8743,24.0
289,289,2011-11-14,73,140,32,20,17,11142,Monday,3,11,2011,,,,,0,0,1,1.28,1.48,1.48,1.48,2.48,14,0,0,10.0,0.4339,-0.901,-0.5,0.866,0.2994,-0.9541,17.0
290,290,2011-11-15,58,83,53,14,18,11142,Tuesday,4,11,2011,,,,,0,1,1,1.28,1.48,1.48,1.48,2.48,15,0,0,9.0,-0.4339,-0.901,-0.5,0.866,0.1012,-0.9949,18.0
291,291,2011-11-16,65,71,48,29,11,11142,Wednesday,5,11,2011,,,,,0,0,0,1.28,1.48,1.48,1.48,2.48,16,0,0,8.0,-0.9749,-0.2225,-0.5,0.866,-0.1012,-0.9949,11.0
292,292,2011-11-17,52,58,31,11,16,11142,Thursday,6,11,2011,,,,,0,0,0,1.28,1.48,1.48,1.48,2.48,17,0,0,7.0,-0.7818,0.6235,-0.5,0.866,-0.2994,-0.9541,16.0
293,293,2011-11-18,41,75,44,15,13,11142,Friday,7,11,2011,,,,,0,0,0,1.28,1.48,1.48,1.48,2.48,18,0,0,6.0,-0.0,1.0,-0.5,0.866,-0.4853,-0.8743,13.0
294,294,2011-11-19,64,97,51,22,18,11143,Saturday,1,11,2011,,,,,0,0,0,1.28,1.48,1.48,1.48,2.48,19,1,0,5.0,0.7818,0.6235,-0.5,0.866,-0.6514,-0.7588,18.0
295,295,2011-11-20,66,157,51,20,20,11143,Sunday,2,11,2011,,,,,0,0,0,1.28,1.48,1.48,1.48,2.48,20,1,0,4.0,0.9749,-0.2225,-0.5,0.866,-0.7908,-0.6121,20.0
296,296,2011-11-21,60,67,52,25,20,11143,Monday,3,11,2011,,,,,0,0,0,1.28,1.48,1.48,1.48,2.48,21,0,0,3.0,0.4339,-0.901,-0.5,0.866,-0.8978,-0.4404,20.0
297,297,2011-11-22,59,96,37,17,11,11143,Tuesday,4,11,2011,,,,,0,0,0,1.28,1.48,1.48,1.48,2.48,22,0,0,2.0,-0.4339,-0.901,-0.5,0.866,-0.9681,-0.2507,11.0
298,298,2011-11-23,65,176,44,16,17,11143,Wednesday,5,11,2011,,,,,0,0,0,1.28,1.48,1.48,1.48,2.48,23,0,0,1.0,-0.9749,-0.2225,-0.5,0.866,-0.9987,-0.0506,17.0
299,299,2011-11-24,61,238,65,22,20,11143,Thursday,6,11,2011,Thanksgiving,National,,,0,0,0,1.28,1.48,1.48,1.48,2.48,24,0,1,0.0,-0.7818,0.6235,-0.5,0.866,-0.9885,0.1514,20.0
300,300,2011-11-25,114,95,69,36,13,11143,Friday,7,11,2011,,,,,0,0,0,1.28,1.48,1.48,1.48,2.48,25,0,0,30.0,-0.0,1.0,-0.5,0.866,-0.9378,0.3473,13.0
301,301,2011-11-26,38,66,35,8,21,11144,Saturday,1,11,2011,,,,,0,0,0,1.28,1.48,1.48,1.48,2.48,26,1,0,29.0,0.7818,0.6235,-0.5,0.866,-0.8486,0.529,21.0
302,302,2011-11-27,60,66,30,6,28,11144,Sunday,2,11,2011,,,,,0,0,0,1.28,1.48,1.48,1.48,2.48,27,1,0,28.0,0.9749,-0.2225,-0.5,0.866,-0.7248,0.689,28.0
303,303,2011-11-28,46,77,34,11,20,11144,Monday,3,11,2011,,,,,0,0,0,1.28,1.48,1.48,1.48,2.48,28,0,0,27.0,0.4339,-0.901,-0.5,0.866,-0.5713,0.8208,20.0
304,304,2011-11-29,30,55,22,13,25,11144,Tuesday,4,11,2011,,,,,0,0,0,1.28,1.48,1.48,1.48,2.48,29,0,0,26.0,-0.4339,-0.901,-0.5,0.866,-0.3944,0.919,25.0
305,305,2011-11-30,42,81,27,11,24,11144,Wednesday,5,11,2011,,,,,0,0,0,1.28,1.48,1.48,1.48,2.48,30,0,0,25.0,-0.9749,-0.2225,-0.5,0.866,-0.2013,0.9795,24.0
306,306,2011-12-01,54,42,45,15,11,11144,Thursday,6,12,2011,,,,,1,1,0,1.28,1.48,1.48,1.48,2.48,1,0,0,24.0,-0.7818,0.6235,-0.0,1.0,0.2013,0.9795,11.0
307,307,2011-12-02,68,78,37,15,5,11144,Friday,7,12,2011,,,,,1,0,1,1.28,1.48,1.48,1.48,2.48,2,0,0,23.0,-0.0,1.0,-0.0,1.0,0.3944,0.919,5.0
308,308,2011-12-03,77,157,58,23,21,11145,Saturday,1,12,2011,,,,,1,1,1,1.28,1.48,1.48,1.48,2.48,3,1,0,22.0,0.7818,0.6235,-0.0,1.0,0.5713,0.8208,21.0
309,309,2011-12-04,85,77,39,13,36,11145,Sunday,2,12,2011,,,,,1,0,0,1.28,1.48,1.48,1.48,2.48,4,1,0,21.0,0.9749,-0.2225,-0.0,1.0,0.7248,0.689,36.0
310,310,2011-12-05,52,56,29,5,24,11145,Monday,3,12,2011,,,,,1,1,1,1.28,1.48,1.48,1.48,2.48,5,0,0,20.0,0.4339,-0.901,-0.0,1.0,0.8486,0.529,24.0
311,311,2011-12-06,50,59,19,8,21,11145,Tuesday,4,12,2011,,,,,1,1,1,1.28,1.48,1.48,1.48,2.48,6,0,0,19.0,-0.4339,-0.901,-0.0,1.0,0.9378,0.3473,21.0
312,312,2011-12-07,47,58,37,7,30,11145,Wednesday,5,12,2011,,,,,1,1,0,1.28,1.48,1.48,1.48,2.48,7,0,0,18.0,-0.9749,-0.2225,-0.0,1.0,0.9885,0.1514,30.0
313,313,2011-12-08,52,45,29,15,14,11145,Thursday,6,12,2011,,,,,1,0,1,1.28,1.48,1.48,1.48,2.48,8,0,0,17.0,-0.7818,0.6235,-0.0,1.0,0.9987,-0.0506,14.0
314,314,2011-12-09,66,98,58,12,27,11145,Friday,7,12,2011,,,,,1,1,1,1.28,1.48,1.48,1.48,2.48,9,0,0,16.0,-0.0,1.0,-0.0,1.0,0.9681,-0.2507,27.0
315,315,2011-12-10,72,82,58,14,18,11146,Saturday,1,12,2011,,,,,1,0,0,1.28,1.48,1.48,1.48,2.48,10,1,0,15.0,0.7818,0.6235,-0.0,1.0,0.8978,-0.4404,18.0
316,316,2011-12-11,80,80,56,17,18,11146,Sunday,2,12,2011,,,,,0,1,1,1.28,1.48,1.48,1.48,2.48,11,1,0,14.0,0.9749,-0.2225,-0.0,1.0,0.7908,-0.6121,18.0
317,317,2011-12-12,68,68,35,12,15,11146,Monday,3,12,2011,,,,,0,1,1,1.28,1.48,1.48,1.48,2.48,12,0,0,13.0,0.4339,-0.901,-0.0,1.0,0.6514,-0.7588,15.0
318,318,2011-12-13,51,77,48,4,16,11146,Tuesday,4,12,2011,,,,,0,1,0,1.28,1.48,1.48,1.48,2.48,13,0,0,12.0,-0.4339,-0.901,-0.0,1.0,0.4853,-0.8743,16.0
319,319,2011-12-14,62,86,46,9,15,11146,Wednesday,5,12,2011,,,,,0,0,1,1.28,1.48,1.48,1.48,2.48,14,0,0,11.0,-0.9749,-0.2225,-0.0,1.0,0.2994,-0.9541,15.0
320,320,2011-12-15,82,71,50,13,12,11146,Thursday,6,12,2011,,,,,0,1,1,1.28,1.48,1.48,1.48,2.48,15,0,0,10.0,-0.7818,0.6235,-0.0,1.0,0.1012,-0.9949,12.0
321,321,2011-12-16,72,237,55,6,18,11146,Friday,7,12,2011,,,,,0,0,0,1.28,1.48,1.48,1.48,2.48,16,0,0,9.0,-0.0,1.0,-0.0,1.0,-0.1012,-0.9949,18.0
322,322,2011-12-17,93,122,52,25,14,11147,Saturday,1,12,2011,,,,,0,0,0,1.28,1.48,1.48,1.48,2.68,17,1,0,8.0,0.7818,0.6235,-0.0,1.0,-0.2994,-0.9541,14.0
323,323,2011-12-18,70,79,43,16,10,11147,Sunday,2,12,2011,,,,,0,0,0,1.28,1.48,1.48,1.48,2.68,18,1,0,7.0,0.9749,-0.2225,-0.0,1.0,-0.4853,-0.8743,10.0
324,324,2011-12-19,74,68,57,14,16,11147,Monday,3,12,2011,,,,,0,0,0,1.28,1.48,1.48,1.48,2.68,19,0,0,6.0,0.4339,-0.901,-0.0,1.0,-0.6514,-0.7588,16.0
325,325,2011-12-20,66,70,45,8,12,11147,Tuesday,4,12,2011,,,,,0,0,0,1.28,1.48,1.48,1.48,2.68,20,0,0,5.0,-0.4339,-0.901,-0.0,1.0,-0.7908,-0.6121,12.0
326,326,2011-12-21,64,69,46,12,12,11147,Wednesday,5,12,2011,,,,,0,0,0,1.28,1.48,1.48,1.48,2.68,21,0,0,4.0,-0.9749,-0.2225,-0.0,1.0,-0.8978,-0.4404,12.0
327,327,2011-12-22,71,128,58,15,14,11147,Thursday,6,12,2011,,,,,0,0,0,1.28,1.48,1.48,1.48,2.68,22,0,0,3.0,-0.7818,0.6235,-0.0,1.0,-0.9681,-0.2507,14.0
328,328,2011-12-23,91,135,65,22,14,11147,Friday,7,12,2011,,,,,0,0,0,1.28,1.48,1.48,1.48,2.68,23,0,0,2.0,-0.0,1.0,-0.0,1.0,-0.9987,-0.0506,14.0
329,329,2011-12-24,81,185,67,13,15,11148,Saturday,1,12,2011,,,,,0,0,0,1.28,1.48,1.48,1.48,2.68,24,1,0,1.0,0.7818,0.6235,-0.0,1.0,-0.9885,0.1514,15.0
330,330,2011-12-25,0,0,0,0,0,11148,Sunday,2,12,2011,Christmas,National,,,0,0,0,1.28,1.48,1.48,1.48,2.68,25,1,1,0.0,0.9749,-0.2225,-0.0,1.0,-0.9378,0.3473,
331,331,2011-12-26,76,56,23,20,19,11148,Monday,3,12,2011,,,,,0,0,0,1.28,1.48,1.48,1.48,2.68,26,0,0,2.0,0.4339,-0.901,-0.0,1.0,-0.8486,0.529,19.0
332,332,2011-12-27,55,31,40,16,16,11148,Tuesday,4,12,2011,,,,,0,0,0,1.28,1.48,1.48,1.48,2.68,27,0,0,1.0,-0.4339,-0.901,-0.0,1.0,-0.7248,0.689,16.0
333,333,2011-12-28,54,62,33,13,18,11148,Wednesday,5,12,2011,Chanukah End,Religious,,,0,0,0,1.28,1.48,1.48,1.48,2.68,28,0,1,0.0,-0.9749,-0.2225,-0.0,1.0,-0.5713,0.8208,18.0
334,334,2011-12-29,52,80,40,9,13,11148,Thursday,6,12,2011,,,,,0,0,0,1.28,1.48,1.48,1.48,2.68,29,0,0,3.0,-0.7818,0.6235,-0.0,1.0,-0.3944,0.919,13.0
335,335,2011-12-30,55,185,27,18,30,11148,Friday,7,12,2011,,,,,0,0,0,1.28,1.48,1.48,1.48,2.68,30,0,0,2.0,-0.0,1.0,-0.0,1.0,-0.2013,0.9795,30.0
336,336,2011-12-31,51,259,37,14,30,11149,Saturday,1,12,2011,,,,,0,0,0,1.28,1.48,1.48,1.48,2.68,31,1,0,1.0,0.7818,0.6235,-0.0,1.0,-0.0,1.0,30.0
337,337,2012-01-01,42,78,33,8,26,11149,Sunday,2,1,2012,NewYear,National,,,1,1,0,1.28,1.48,1.48,1.48,2.68,1,1,1,0.0,0.9749,-0.2225,0.5,0.866,0.2013,0.9795,26.0
338,338,2012-01-02,58,82,30,20,28,11149,Monday,3,1,2012,,,,,1,0,1,1.28,1.48,1.48,1.48,2.68,2,0,0,5.0,0.4339,-0.901,0.5,0.866,0.3944,0.919,28.0
339,339,2012-01-03,56,83,38,10,18,11149,Tuesday,4,1,2012,,,,,1,1,1,1.28,1.48,1.48,1.48,2.68,3,0,0,4.0,-0.4339,-0.901,0.5,0.866,0.5713,0.8208,18.0
340,340,2012-01-04,54,79,36,13,7,11149,Wednesday,5,1,2012,,,,,1,0,0,1.28,1.48,1.48,1.48,2.68,4,0,0,3.0,-0.9749,-0.2225,0.5,0.866,0.7248,0.689,7.0
341,341,2012-01-05,37,101,35,17,20,11149,Thursday,6,1,2012,,,,,1,1,1,1.28,1.48,1.48,1.48,2.68,5,0,0,2.0,-0.7818,0.6235,0.5,0.866,0.8486,0.529,20.0
342,342,2012-01-06,47,110,39,18,15,11149,Friday,7,1,2012,,,,,1,1,1,1.28,1.48,1.48,1.48,2.68,6,0,0,1.0,-0.0,1.0,0.5,0.866,0.9378,0.3473,15.0
343,343,2012-01-07,68,136,45,20,25,11150,Saturday,1,1,2012,OrthodoxChristmas,Religious,,,1,1,0,1.28,1.48,1.48,1.48,2.68,7,1,1,0.0,0.7818,0.6235,0.5,0.866,0.9885,0.1514,25.0
344,344,2012-01-08,51,165,37,26,13,11150,Sunday,2,1,2012,,,,,1,0,1,1.28,1.48,1.48,1.48,2.68,8,1,0,8.0,0.9749,-0.2225,0.5,0.866,0.9987,-0.0506,13.0
345,345,2012-01-09,44,63,34,16,32,11150,Monday,3,1,2012,,,,,1,1,1,1.28,1.48,1.48,1.48,2.68,9,0,0,7.0,0.4339,-0.901,0.5,0.866,0.9681,-0.2507,32.0
346,346,2012-01-10,36,91,24,11,14,11150,Tuesday,4,1,2012,,,,,1,0,0,1.28,1.48,1.48,1.48,2.68,10,0,0,6.0,-0.4339,-0.901,0.5,0.866,0.8978,-0.4404,14.0
347,347,2012-01-11,69,60,34,14,15,11150,Wednesday,5,1,2012,,,,,0,1,1,1.28,1.48,1.48,1.48,2.68,11,0,0,5.0,-0.9749,-0.2225,0.5,0.866,0.7908,-0.6121,15.0
348,348,2012-01-12,32,81,25,10,16,11150,Thursday,6,1,2012,,,,,0,1,1,1.28,1.48,1.48,1.48,2.68,12,0,0,4.0,-0.7818,0.6235,0.5,0.866,0.6514,-0.7588,16.0
349,349,2012-01-13,54,132,46,17,19,11150,Friday,7,1,2012,,,,,0,1,0,1.28,1.48,1.48,1.48,2.68,13,0,0,3.0,-0.0,1.0,0.5,0.866,0.4853,-0.8743,19.0
350,350,2012-01-14,56,128,39,22,30,11151,Saturday,1,1,2012,,,,,0,0,1,1.28,1.48,1.48,1.48,2.68,14,1,0,2.0,0.7818,0.6235,0.5,0.866,0.2994,-0.9541,30.0
351,351,2012-01-15,58,171,45,18,26,11151,Sunday,2,1,2012,,,,,0,1,1,1.28,1.48,1.48,1.48,2.68,15,1,0,1.0,0.9749,-0.2225,0.5,0.866,0.1012,-0.9949,26.0
352,352,2012-01-16,43,120,47,17,13,11151,Monday,3,1,2012,MartinLutherKingDay,National,,,0,0,0,1.28,1.48,1.48,1.48,2.68,16,0,1,0.0,0.4339,-0.901,0.5,0.866,-0.1012,-0.9949,13.0
353,353,2012-01-17,41,64,20,11,17,11151,Tuesday,4,1,2012,,,,,0,0,0,1.28,1.48,1.48,1.48,2.68,17,0,0,19.0,-0.4339,-0.901,0.5,0.866,-0.2994,-0.9541,17.0
354,354,2012-01-18,40,85,33,18,11,11151,Wednesday,5,1,2012,,,,,0,0,0,1.28,1.48,1.48,1.48,2.68,18,0,0,18.0,-0.9749,-0.2225,0.5,0.866,-0.4853,-0.8743,11.0
355,355,2012-01-19,45,152,30,22,14,11151,Thursday,6,1,2012,,,,,0,0,0,1.28,1.48,1.48,1.48,2.68,19,0,0,17.0,-0.7818,0.6235,0.5,0.866,-0.6514,-0.7588,14.0
356,356,2012-01-20,52,109,39,12,14,11151,Friday,7,1,2012,,,,,0,0,0,1.28,1.48,1.48,1.48,2.68,20,0,0,16.0,-0.0,1.0,0.5,0.866,-0.7908,-0.6121,14.0
357,357,2012-01-21,55,179,44,27,30,11152,Saturday,1,1,2012,,,,,0,0,0,1.28,1.48,1.48,1.48,2.68,21,1,0,15.0,0.7818,0.6235,0.5,0.866,-0.8978,-0.4404,30.0
358,358,2012-01-22,61,144,50,20,25,11152,Sunday,2,1,2012,,,,,0,0,0,1.28,1.48,1.48,1.48,2.68,22,1,0,14.0,0.9749,-0.2225,0.5,0.866,-0.9681,-0.2507,25.0
359,359,2012-01-23,51,83,41,12,11,11152,Monday,3,1,2012,,,,,0,0,0,1.28,1.48,1.48,1.48,2.68,23,0,0,13.0,0.4339,-0.901,0.5,0.866,-0.9987,-0.0506,11.0
360,360,2012-01-24,21,74,24,8,7,11152,Tuesday,4,1,2012,,,,,0,0,0,1.28,1.48,1.48,1.48,2.68,24,0,0,12.0,-0.4339,-0.901,0.5,0.866,-0.9885,0.1514,7.0
361,361,2012-01-25,35,73,23,5,10,11152,Wednesday,5,1,2012,,,,,0,0,0,1.28,1.48,1.48,1.48,2.68,25,0,0,11.0,-0.9749,-0.2225,0.5,0.866,-0.9378,0.3473,10.0
362,362,2012-01-26,37,75,36,14,10,11152,Thursday,6,1,2012,,,,,0,0,0,1.28,1.48,1.48,1.48,2.68,26,0,0,10.0,-0.7818,0.6235,0.5,0.866,-0.8486,0.529,10.0
363,363,2012-01-27,58,208,34,8,20,11152,Friday,7,1,2012,,,,,0,0,0,1.28,1.48,1.48,1.48,2.68,27,0,0,9.0,-0.0,1.0,0.5,0.866,-0.7248,0.689,20.0
364,364,2012-01-28,52,127,44,10,18,11201,Saturday,1,1,2012,,,,,0,0,0,1.28,1.48,1.48,1.48,2.68,28,1,0,8.0,0.7818,0.6235,0.5,0.866,-0.5713,0.8208,18.0
365,365,2012-01-29,56,129,40,7,21,11201,Sunday,2,1,2012,,,,,0,0,0,1.28,1.48,1.48,1.48,2.68,29,1,0,7.0,0.9749,-0.2225,0.5,0.866,-0.3944,0.919,21.0
366,366,2012-01-30,47,61,31,8,14,11201,Monday,3,1,2012,,,,,0,0,0,1.28,1.48,1.48,1.48,2.68,30,0,0,6.0,0.4339,-0.901,0.5,0.866,-0.2013,0.9795,14.0
367,367,2012-01-31,48,41,30,4,25,11201,Tuesday,4,1,2012,,,,,0,0,0,1.28,1.48,1.48,1.48,2.68,31,0,0,5.0,-0.4339,-0.901,0.5,0.866,-0.0,1.0,25.0
368,368,2012-02-01,60,64,59,8,15,11201,Wednesday,5,2,2012,,,,,1,1,0,1.28,1.48,1.48,1.48,2.68,1,0,0,4.0,-0.9749,-0.2225,0.866,0.5,0.2013,0.9795,15.0
369,369,2012-02-02,76,64,48,3,18,11201,Thursday,6,2,2012,,,,,1,0,1,1.28,1.48,1.48,1.48,2.68,2,0,0,3.0,-0.7818,0.6235,0.866,0.5,0.3944,0.919,18.0
370,370,2012-02-03,66,67,45,4,22,11201,Friday,7,2,2012,,,,,1,1,1,1.28,1.48,1.48,1.48,2.68,3,0,0,2.0,-0.0,1.0,0.866,0.5,0.5713,0.8208,22.0
371,371,2012-02-04,86,88,58,5,10,11202,Saturday,1,2,2012,,,,,1,0,0,1.28,1.48,1.48,1.48,2.68,4,1,0,1.0,0.7818,0.6235,0.866,0.5,0.7248,0.689,10.0
372,372,2012-02-05,81,89,57,7,27,11202,Sunday,2,2,2012,SuperBowl,Sporting,,,1,1,1,1.28,1.48,1.48,1.48,2.68,5,1,1,0.0,0.9749,-0.2225,0.866,0.5,0.8486,0.529,27.0
373,373,2012-02-06,57,49,40,5,18,11202,Monday,3,2,2012,,,,,1,1,1,1.28,1.48,1.48,1.48,2.68,6,0,0,8.0,0.4339,-0.901,0.866,0.5,0.9378,0.3473,18.0
374,374,2012-02-07,64,59,43,7,12,11202,Tuesday,4,2,2012,,,,,1,1,0,1.28,1.48,1.48,1.48,2.68,7,0,0,7.0,-0.4339,-0.901,0.866,0.5,0.9885,0.1514,12.0
375,375,2012-02-08,65,47,43,10,12,11202,Wednesday,5,2,2012,,,,,1,0,1,1.28,1.48,1.48,1.48,2.68,8,0,0,6.0,-0.9749,-0.2225,0.866,0.5,0.9987,-0.0506,12.0
376,376,2012-02-09,59,112,46,9,31,11202,Thursday,6,2,2012,,,,,1,1,1,1.28,1.48,1.48,1.48,2.68,9,0,0,5.0,-0.7818,0.6235,0.866,0.5,0.9681,-0.2507,31.0
377,377,2012-02-10,68,64,47,8,25,11202,Friday,7,2,2012,,,,,1,0,0,1.28,1.48,1.48,1.48,2.68,10,0,0,4.0,-0.0,1.0,0.866,0.5,0.8978,-0.4404,25.0
378,378,2012-02-11,89,72,54,17,22,11203,Saturday,1,2,2012,,,,,0,1,1,1.28,1.48,1.48,1.48,2.68,11,1,0,3.0,0.7818,0.6235,0.866,0.5,0.7908,-0.6121,22.0
379,379,2012-02-12,88,96,67,15,48,11203,Sunday,2,2,2012,,,,,0,1,1,1.28,1.48,1.48,1.48,2.68,12,1,0,2.0,0.9749,-0.2225,0.866,0.5,0.6514,-0.7588,48.0
380,380,2012-02-13,85,72,66,7,22,11203,Monday,3,2,2012,,,,,0,1,0,1.28,1.48,1.48,1.48,2.68,13,0,0,1.0,0.4339,-0.901,0.866,0.5,0.4853,-0.8743,22.0
381,381,2012-02-14,81,70,58,14,21,11203,Tuesday,4,2,2012,ValentinesDay,Cultural,,,0,0,1,1.28,1.48,1.48,1.48,2.68,14,0,1,0.0,-0.4339,-0.901,0.866,0.5,0.2994,-0.9541,21.0
382,382,2012-02-15,61,57,44,14,17,11203,Wednesday,5,2,2012,,,,,0,1,1,1.28,1.48,1.48,1.48,2.68,15,0,0,5.0,-0.9749,-0.2225,0.866,0.5,0.1012,-0.9949,17.0
383,383,2012-02-16,20,12,19,7,21,11203,Thursday,6,2,2012,,,,,0,0,0,1.28,1.48,1.48,1.48,2.68,16,0,0,4.0,-0.7818,0.6235,0.866,0.5,-0.1012,-0.9949,21.0
384,384,2012-02-17,0,0,0,6,17,11203,Friday,7,2,2012,,,,,0,0,0,1.28,1.48,1.48,1.48,2.68,17,0,0,3.0,-0.0,1.0,0.866,0.5,-0.2994,-0.9541,17.0
385,385,2012-02-18,75,67,56,12,30,11204,Saturday,1,2,2012,,,,,0,0,0,1.38,1.48,1.58,1.58,2.68,18,1,0,2.0,0.7818,0.6235,0.866,0.5,-0.4853,-0.8743,30.0
386,386,2012-02-19,74,165,55,14,35,11204,Sunday,2,2,2012,,,,,0,0,0,1.38,1.48,1.58,1.58,2.68,19,1,0,1.0,0.9749,-0.2225,0.866,0.5,-0.6514,-0.7588,35.0
387,387,2012-02-20,65,47,46,7,26,11204,Monday,3,2,2012,PresidentsDay,National,,,0,0,0,1.38,1.48,1.58,1.58,2.68,20,0,1,0.0,0.4339,-0.901,0.866,0.5,-0.7908,-0.6121,26.0
388,388,2012-02-21,58,73,45,11,15,11204,Tuesday,4,2,2012,,,,,0,0,0,1.38,1.48,1.58,1.58,2.68,21,0,0,1.0,-0.4339,-0.901,0.866,0.5,-0.8978,-0.4404,15.0
389,389,2012-02-22,54,42,41,12,18,11204,Wednesday,5,2,2012,LentStart,Religious,,,0,0,0,1.38,1.48,1.58,1.58,2.68,22,0,1,0.0,-0.9749,-0.2225,0.866,0.5,-0.9681,-0.2507,18.0
390,390,2012-02-23,61,111,34,25,19,11204,Thursday,6,2,2012,,,,,0,0,0,1.38,1.48,1.58,1.58,2.68,23,0,0,6.0,-0.7818,0.6235,0.866,0.5,-0.9987,-0.0506,19.0
391,391,2012-02-24,50,53,38,13,25,11204,Friday,7,2,2012,,,,,0,0,0,1.38,1.48,1.58,1.58,2.68,24,0,0,5.0,-0.0,1.0,0.866,0.5,-0.9885,0.1514,25.0
392,392,2012-02-25,79,85,28,23,24,11205,Saturday,1,2,2012,,,,,0,0,0,1.38,1.48,1.58,1.58,2.68,25,1,0,4.0,0.7818,0.6235,0.866,0.5,-0.9378,0.3473,24.0
393,393,2012-02-26,84,52,15,18,22,11205,Sunday,2,2,2012,,,,,0,0,0,1.38,1.48,1.58,1.58,2.68,26,1,0,3.0,0.9749,-0.2225,0.866,0.5,-0.8486,0.529,22.0
394,394,2012-02-27,54,28,27,8,13,11205,Monday,3,2,2012,,,,,0,0,0,1.38,1.48,1.58,1.58,2.68,27,0,0,2.0,0.4339,-0.901,0.866,0.5,-0.7248,0.689,13.0
395,395,2012-02-28,60,48,34,5,24,11205,Tuesday,4,2,2012,,,,,0,0,0,1.38,1.48,1.58,1.58,2.68,28,0,0,1.0,-0.4339,-0.901,0.866,0.5,-0.5713,0.8208,24.0
396,396,2012-02-29,54,112,24,15,19,11205,Wednesday,5,2,2012,LentWeek2,Religious,,,0,0,0,1.38,1.48,1.58,1.58,2.68,29,0,1,0.0,-0.9749,-0.2225,0.866,0.5,-0.3944,0.919,19.0
397,397,2012-03-01,57,47,35,16,25,11205,Thursday,6,3,2012,,,,,1,1,0,1.38,1.48,1.58,1.58,2.68,1,0,0,7.0,-0.7818,0.6235,1.0,0.0,0.2013,0.9795,25.0
398,398,2012-03-02,63,76,38,7,16,11205,Friday,7,3,2012,,,,,1,0,1,1.38,1.48,1.58,1.58,2.68,2,0,0,6.0,-0.0,1.0,1.0,0.0,0.3944,0.919,16.0
399,399,2012-03-03,61,68,41,8,25,11206,Saturday,1,3,2012,,,,,1,1,1,1.38,1.48,1.58,1.58,2.68,3,1,0,5.0,0.7818,0.6235,1.0,0.0,0.5713,0.8208,25.0
400,400,2012-03-04,66,135,60,8,30,11206,Sunday,2,3,2012,,,,,1,0,0,1.38,1.48,1.58,1.58,2.68,4,1,0,4.0,0.9749,-0.2225,1.0,0.0,0.7248,0.689,30.0
401,401,2012-03-05,54,170,49,8,20,11206,Monday,3,3,2012,,,,,1,1,1,1.38,1.48,1.58,1.58,2.68,5,0,0,3.0,0.4339,-0.901,1.0,0.0,0.8486,0.529,20.0
402,402,2012-03-06,57,71,35,2,20,11206,Tuesday,4,3,2012,,,,,1,1,1,1.38,1.48,1.58,1.58,2.68,6,0,0,2.0,-0.4339,-0.901,1.0,0.0,0.9378,0.3473,20.0
403,403,2012-03-07,45,49,38,3,15,11206,Wednesday,5,3,2012,,,,,1,1,0,1.38,1.48,1.58,1.58,2.68,7,0,0,1.0,-0.9749,-0.2225,1.0,0.0,0.9885,0.1514,15.0
404,404,2012-03-08,52,96,43,2,18,11206,Thursday,6,3,2012,Purim End,Religious,,,1,0,1,1.38,1.48,1.58,1.58,2.68,8,0,1,0.0,-0.7818,0.6235,1.0,0.0,0.9987,-0.0506,18.0
405,405,2012-03-09,49,101,41,2,16,11206,Friday,7,3,2012,,,,,1,1,1,1.38,1.48,1.58,1.58,2.68,9,0,0,8.0,-0.0,1.0,1.0,0.0,0.9681,-0.2507,16.0
406,406,2012-03-10,74,93,41,6,14,11207,Saturday,1,3,2012,,,,,1,0,0,1.38,1.48,1.58,1.58,2.68,10,1,0,7.0,0.7818,0.6235,1.0,0.0,0.8978,-0.4404,14.0
407,407,2012-03-11,68,129,48,3,10,11207,Sunday,2,3,2012,,,,,0,1,1,1.38,1.48,1.58,1.58,2.68,11,1,0,6.0,0.9749,-0.2225,1.0,0.0,0.7908,-0.6121,10.0
408,408,2012-03-12,57,92,55,5,11,11207,Monday,3,3,2012,,,,,0,1,1,1.38,1.48,1.58,1.58,2.68,12,0,0,5.0,0.4339,-0.901,1.0,0.0,0.6514,-0.7588,11.0
409,409,2012-03-13,71,73,55,3,7,11207,Tuesday,4,3,2012,,,,,0,1,0,1.38,1.48,1.58,1.58,2.68,13,0,0,4.0,-0.4339,-0.901,1.0,0.0,0.4853,-0.8743,7.0
410,410,2012-03-14,52,55,41,8,10,11207,Wednesday,5,3,2012,,,,,0,0,1,1.38,1.48,1.58,1.58,2.68,14,0,0,3.0,-0.9749,-0.2225,1.0,0.0,0.2994,-0.9541,10.0
411,411,2012-03-15,60,70,38,5,25,11207,Thursday,6,3,2012,,,,,0,1,1,1.38,1.48,1.58,1.58,2.68,15,0,0,2.0,-0.7818,0.6235,1.0,0.0,0.1012,-0.9949,25.0
412,412,2012-03-16,64,95,48,14,2,11207,Friday,7,3,2012,,,,,0,0,0,1.38,1.48,1.58,1.58,2.68,16,0,0,1.0,-0.0,1.0,1.0,0.0,-0.1012,-0.9949,2.0
413,413,2012-03-17,59,72,47,12,12,11208,Saturday,1,3,2012,StPatricksDay,Cultural,,,0,0,0,1.38,1.48,1.58,1.58,2.68,17,1,1,0.0,0.7818,0.6235,1.0,0.0,-0.2994,-0.9541,12.0
414,414,2012-03-18,62,0,69,15,11,11208,Sunday,2,3,2012,,,,,0,0,0,1.38,1.48,1.58,1.58,2.68,18,1,0,21.0,0.9749,-0.2225,1.0,0.0,-0.4853,-0.8743,11.0
415,415,2012-03-19,67,41,42,3,7,11208,Monday,3,3,2012,,,,,0,0,0,1.38,1.48,1.58,1.58,2.68,19,0,0,20.0,0.4339,-0.901,1.0,0.0,-0.6514,-0.7588,7.0
416,416,2012-03-20,28,49,28,7,9,11208,Tuesday,4,3,2012,,,,,0,0,0,1.38,1.48,1.58,1.58,2.68,20,0,0,19.0,-0.4339,-0.901,1.0,0.0,-0.7908,-0.6121,9.0
417,417,2012-03-21,45,57,35,11,20,11208,Wednesday,5,3,2012,,,,,0,0,0,1.38,1.48,1.58,1.58,2.68,21,0,0,18.0,-0.9749,-0.2225,1.0,0.0,-0.8978,-0.4404,20.0
418,418,2012-03-22,64,32,51,14,9,11208,Thursday,6,3,2012,,,,,0,0,0,1.38,1.48,1.58,1.58,2.68,22,0,0,17.0,-0.7818,0.6235,1.0,0.0,-0.9681,-0.2507,9.0
419,419,2012-03-23,61,34,54,23,32,11208,Friday,7,3,2012,,,,,0,0,0,1.38,1.48,1.58,1.58,2.68,23,0,0,16.0,-0.0,1.0,1.0,0.0,-0.9987,-0.0506,32.0
420,420,2012-03-24,83,90,62,23,41,11209,Saturday,1,3,2012,,,,,0,0,0,1.38,1.48,1.58,1.58,2.68,24,1,0,15.0,0.7818,0.6235,1.0,0.0,-0.9885,0.1514,41.0
421,421,2012-03-25,77,83,74,23,53,11209,Sunday,2,3,2012,,,,,0,0,0,1.38,1.48,1.58,1.58,2.68,25,1,0,14.0,0.9749,-0.2225,1.0,0.0,-0.9378,0.3473,53.0
422,422,2012-03-26,59,33,51,15,35,11209,Monday,3,3,2012,,,,,0,0,0,1.38,1.48,1.58,1.58,2.68,26,0,0,13.0,0.4339,-0.901,1.0,0.0,-0.8486,0.529,35.0
423,423,2012-03-27,76,48,48,9,27,11209,Tuesday,4,3,2012,,,,,0,0,0,1.38,1.48,1.58,1.58,2.68,27,0,0,12.0,-0.4339,-0.901,1.0,0.0,-0.7248,0.689,27.0
424,424,2012-03-28,49,57,38,4,28,11209,Wednesday,5,3,2012,,,,,0,0,0,1.38,1.48,1.58,1.58,2.68,28,0,0,11.0,-0.9749,-0.2225,1.0,0.0,-0.5713,0.8208,28.0
425,425,2012-03-29,48,36,42,6,17,11209,Thursday,6,3,2012,,,,,0,0,0,1.38,1.48,1.58,1.58,2.68,29,0,0,10.0,-0.7818,0.6235,1.0,0.0,-0.3944,0.919,17.0
426,426,2012-03-30,67,48,60,11,17,11209,Friday,7,3,2012,,,,,0,0,0,1.38,1.48,1.58,1.58,2.68,30,0,0,9.0,-0.0,1.0,1.0,0.0,-0.2013,0.9795,17.0
427,427,2012-03-31,91,58,64,26,39,11210,Saturday,1,3,2012,,,,,0,0,0,1.38,1.48,1.58,1.58,2.68,31,1,0,8.0,0.7818,0.6235,1.0,0.0,-0.0,1.0,39.0
428,428,2012-04-01,104,65,86,18,36,11210,Sunday,2,4,2012,,,,,1,1,0,1.38,1.48,1.58,1.58,2.68,1,1,0,7.0,0.9749,-0.2225,0.866,-0.5,0.2013,0.9795,36.0
429,429,2012-04-02,67,36,47,9,22,11210,Monday,3,4,2012,,,,,1,0,1,1.38,1.48,1.58,1.58,2.68,2,0,0,6.0,0.4339,-0.901,0.866,-0.5,0.3944,0.919,22.0
430,430,2012-04-03,61,46,60,8,25,11210,Tuesday,4,4,2012,,,,,1,1,1,1.38,1.48,1.58,1.58,2.68,3,0,0,5.0,-0.4339,-0.901,0.866,-0.5,0.5713,0.8208,25.0
431,431,2012-04-04,91,42,57,7,12,11210,Wednesday,5,4,2012,,,,,1,0,0,1.38,1.48,1.58,1.58,2.68,4,0,0,4.0,-0.9749,-0.2225,0.866,-0.5,0.7248,0.689,12.0
432,432,2012-04-05,74,34,58,15,21,11210,Thursday,6,4,2012,,,,,1,1,1,1.38,1.48,1.58,1.58,2.68,5,0,0,3.0,-0.7818,0.6235,0.866,-0.5,0.8486,0.529,21.0
433,433,2012-04-06,91,68,87,23,28,11210,Friday,7,4,2012,,,,,1,1,1,1.38,1.48,1.58,1.58,2.68,6,0,0,2.0,-0.0,1.0,0.866,-0.5,0.9378,0.3473,28.0
434,434,2012-04-07,96,82,79,20,57,11211,Saturday,1,4,2012,,,,,1,1,0,1.38,1.48,1.58,1.58,2.68,7,1,0,1.0,0.7818,0.6235,0.866,-0.5,0.9885,0.1514,57.0
435,435,2012-04-08,135,103,109,26,50,11211,Sunday,2,4,2012,Easter,Cultural,,,1,0,1,1.38,1.48,1.58,1.58,2.68,8,1,1,0.0,0.9749,-0.2225,0.866,-0.5,0.9987,-0.0506,50.0
436,436,2012-04-09,71,42,45,21,39,11211,Monday,3,4,2012,,,,,1,1,1,1.38,1.48,1.58,1.58,2.68,9,0,0,5.0,0.4339,-0.901,0.866,-0.5,0.9681,-0.2507,39.0
437,437,2012-04-10,62,41,36,17,20,11211,Tuesday,4,4,2012,,,,,1,0,0,1.38,1.48,1.58,1.58,2.68,10,0,0,4.0,-0.4339,-0.901,0.866,-0.5,0.8978,-0.4404,20.0
438,438,2012-04-11,79,45,67,24,27,11211,Wednesday,5,4,2012,,,,,0,1,1,1.38,1.48,1.58,1.58,2.68,11,0,0,3.0,-0.9749,-0.2225,0.866,-0.5,0.7908,-0.6121,27.0
439,439,2012-04-12,56,48,54,30,26,11211,Thursday,6,4,2012,,,,,0,1,1,1.38,1.48,1.58,1.58,2.68,12,0,0,2.0,-0.7818,0.6235,0.866,-0.5,0.6514,-0.7588,26.0
440,440,2012-04-13,67,43,64,17,27,11211,Friday,7,4,2012,,,,,0,1,0,1.38,1.48,1.58,1.58,2.68,13,0,0,1.0,-0.0,1.0,0.866,-0.5,0.4853,-0.8743,27.0
441,441,2012-04-14,75,84,63,20,23,11212,Saturday,1,4,2012,Pesach End,Religious,,,0,0,1,1.38,1.48,1.58,1.58,2.68,14,1,1,0.0,0.7818,0.6235,0.866,-0.5,0.2994,-0.9541,23.0
442,442,2012-04-15,80,81,63,29,15,11212,Sunday,2,4,2012,OrthodoxEaster,Religious,,,0,1,1,1.38,1.48,1.58,1.58,2.68,15,1,1,0.0,0.9749,-0.2225,0.866,-0.5,0.1012,-0.9949,15.0
443,443,2012-04-16,50,38,46,6,20,11212,Monday,3,4,2012,,,,,0,0,0,1.38,1.48,1.58,1.58,2.68,16,0,0,19.0,0.4339,-0.901,0.866,-0.5,-0.1012,-0.9949,20.0
444,444,2012-04-17,69,21,55,15,16,11212,Tuesday,4,4,2012,,,,,0,0,0,1.38,1.48,1.58,1.58,2.68,17,0,0,18.0,-0.4339,-0.901,0.866,-0.5,-0.2994,-0.9541,16.0
445,445,2012-04-18,72,34,37,12,22,11212,Wednesday,5,4,2012,,,,,0,0,0,1.38,1.48,1.58,1.58,2.68,18,0,0,17.0,-0.9749,-0.2225,0.866,-0.5,-0.4853,-0.8743,22.0
446,446,2012-04-19,75,29,50,11,8,11212,Thursday,6,4,2012,,,,,0,0,0,1.38,1.48,1.58,1.58,2.68,19,0,0,16.0,-0.7818,0.6235,0.866,-0.5,-0.6514,-0.7588,8.0
447,447,2012-04-20,59,114,24,11,7,11212,Friday,7,4,2012,,,,,0,0,0,1.38,1.48,1.58,1.58,2.68,20,0,0,15.0,-0.0,1.0,0.866,-0.5,-0.7908,-0.6121,7.0
448,448,2012-04-21,75,71,57,31,34,11213,Saturday,1,4,2012,,,,,0,0,0,1.38,1.48,1.58,1.58,2.68,21,1,0,14.0,0.7818,0.6235,0.866,-0.5,-0.8978,-0.4404,34.0
449,449,2012-04-22,93,77,67,18,54,11213,Sunday,2,4,2012,,,,,0,0,0,1.38,1.48,1.58,1.58,2.68,22,1,0,13.0,0.9749,-0.2225,0.866,-0.5,-0.9681,-0.2507,54.0
450,450,2012-04-23,55,42,48,11,38,11213,Monday,3,4,2012,,,,,0,0,0,1.38,1.48,1.58,1.58,2.68,23,0,0,12.0,0.4339,-0.901,0.866,-0.5,-0.9987,-0.0506,38.0
451,451,2012-04-24,63,78,49,21,33,11213,Tuesday,4,4,2012,,,,,0,0,0,1.38,1.48,1.58,1.58,2.68,24,0,0,11.0,-0.4339,-0.901,0.866,-0.5,-0.9885,0.1514,33.0
452,452,2012-04-25,71,56,30,14,28,11213,Wednesday,5,4,2012,,,,,0,0,0,1.38,1.48,1.58,1.58,2.68,25,0,0,10.0,-0.9749,-0.2225,0.866,-0.5,-0.9378,0.3473,28.0
453,453,2012-04-26,70,42,39,14,35,11213,Thursday,6,4,2012,,,,,0,0,0,1.38,1.48,1.58,1.58,2.68,26,0,0,9.0,-0.7818,0.6235,0.866,-0.5,-0.8486,0.529,35.0
454,454,2012-04-27,72,48,21,12,34,11213,Friday,7,4,2012,,,,,0,0,0,1.38,1.48,1.58,1.58,2.68,27,0,0,8.0,-0.0,1.0,0.866,-0.5,-0.7248,0.689,34.0
455,455,2012-04-28,70,104,59,23,36,11214,Saturday,1,4,2012,,,,,0,0,0,1.38,1.48,1.58,1.58,2.68,28,1,0,7.0,0.7818,0.6235,0.866,-0.5,-0.5713,0.8208,36.0
456,456,2012-04-29,89,61,48,6,42,11214,Sunday,2,4,2012,,,,,0,0,0,1.38,1.48,1.58,1.58,2.68,29,1,0,6.0,0.9749,-0.2225,0.866,-0.5,-0.3944,0.919,42.0
457,457,2012-04-30,55,62,49,13,28,11214,Monday,3,4,2012,,,,,0,0,0,1.38,1.48,1.58,1.58,2.68,30,0,0,5.0,0.4339,-0.901,0.866,-0.5,-0.2013,0.9795,28.0
458,458,2012-05-01,65,37,40,22,39,11214,Tuesday,4,5,2012,,,,,1,1,0,1.38,1.48,1.58,1.58,2.68,1,0,0,4.0,-0.4339,-0.901,0.5,-0.866,0.2013,0.9795,39.0
459,459,2012-05-02,60,41,55,21,16,11214,Wednesday,5,5,2012,,,,,1,0,1,1.38,1.48,1.58,1.58,2.68,2,0,0,3.0,-0.9749,-0.2225,0.5,-0.866,0.3944,0.919,16.0
460,460,2012-05-03,70,56,65,36,35,11214,Thursday,6,5,2012,,,,,1,1,1,1.38,1.48,1.58,1.58,2.68,3,0,0,2.0,-0.7818,0.6235,0.5,-0.866,0.5713,0.8208,35.0
461,461,2012-05-04,63,66,52,24,29,11214,Friday,7,5,2012,,,,,1,0,0,1.38,1.48,1.58,1.58,2.68,4,0,0,1.0,-0.0,1.0,0.5,-0.866,0.7248,0.689,29.0
462,462,2012-05-05,82,269,73,42,39,11215,Saturday,1,5,2012,Cinco De Mayo,Cultural,,,1,1,1,1.0,1.48,1.58,1.58,2.68,5,1,1,0.0,0.7818,0.6235,0.5,-0.866,0.8486,0.529,39.0
463,463,2012-05-06,105,100,61,40,58,11215,Sunday,2,5,2012,,,,,1,1,1,1.0,1.48,1.58,1.58,2.68,6,1,0,7.0,0.9749,-0.2225,0.5,-0.866,0.9378,0.3473,58.0
464,464,2012-05-07,64,235,43,26,40,11215,Monday,3,5,2012,,,,,1,1,0,1.0,1.48,1.58,1.58,2.68,7,0,0,6.0,0.4339,-0.901,0.5,-0.866,0.9885,0.1514,40.0
465,465,2012-05-08,49,100,44,28,26,11215,Tuesday,4,5,2012,,,,,1,0,1,1.0,1.48,1.58,1.58,2.68,8,0,0,5.0,-0.4339,-0.901,0.5,-0.866,0.9987,-0.0506,26.0
466,466,2012-05-09,75,0,56,23,32,11215,Wednesday,5,5,2012,,,,,1,1,1,1.0,1.48,1.58,1.58,2.68,9,0,0,4.0,-0.9749,-0.2225,0.5,-0.866,0.9681,-0.2507,32.0
467,467,2012-05-10,68,0,56,33,25,11215,Thursday,6,5,2012,,,,,1,0,0,1.0,1.48,1.58,1.58,2.68,10,0,0,3.0,-0.7818,0.6235,0.5,-0.866,0.8978,-0.4404,25.0
468,468,2012-05-11,70,0,56,34,31,11215,Friday,7,5,2012,,,,,0,1,1,1.0,1.48,1.58,1.58,2.68,11,0,0,2.0,-0.0,1.0,0.5,-0.866,0.7908,-0.6121,31.0
469,469,2012-05-12,112,99,93,42,42,11216,Saturday,1,5,2012,,,,,0,1,1,1.38,1.48,1.58,1.58,2.68,12,1,0,1.0,0.7818,0.6235,0.5,-0.866,0.6514,-0.7588,42.0
470,470,2012-05-13,90,84,82,35,40,11216,Sunday,2,5,2012,Mother's day,Cultural,,,0,1,0,1.38,1.48,1.58,1.58,2.68,13,1,1,0.0,0.9749,-0.2225,0.5,-0.866,0.4853,-0.8743,40.0
471,471,2012-05-14,71,67,38,31,45,11216,Monday,3,5,2012,,,,,0,0,1,1.38,1.48,1.58,1.58,2.68,14,0,0,14.0,0.4339,-0.901,0.5,-0.866,0.2994,-0.9541,45.0
472,472,2012-05-15,59,46,38,18,39,11216,Tuesday,4,5,2012,,,,,0,1,1,1.38,1.48,1.58,1.58,2.68,15,0,0,13.0,-0.4339,-0.901,0.5,-0.866,0.1012,-0.9949,39.0
473,473,2012-05-16,60,36,39,28,28,11216,Wednesday,5,5,2012,,,,,0,0,0,1.38,1.48,1.58,1.58,2.68,16,0,0,12.0,-0.9749,-0.2225,0.5,-0.866,-0.1012,-0.9949,28.0
474,474,2012-05-17,81,33,41,28,43,11216,Thursday,6,5,2012,,,,,0,0,0,1.38,1.48,1.58,1.58,2.68,17,0,0,11.0,-0.7818,0.6235,0.5,-0.866,-0.2994,-0.9541,43.0
475,475,2012-05-18,57,39,34,37,18,11216,Friday,7,5,2012,,,,,0,0,0,1.38,1.48,1.58,1.58,2.68,18,0,0,10.0,-0.0,1.0,0.5,-0.866,-0.4853,-0.8743,18.0
476,476,2012-05-19,88,70,72,48,47,11217,Saturday,1,5,2012,,,,,0,0,0,1.38,1.48,1.58,1.58,2.68,19,1,0,9.0,0.7818,0.6235,0.5,-0.866,-0.6514,-0.7588,47.0
477,477,2012-05-20,113,49,80,46,60,11217,Sunday,2,5,2012,,,,,0,0,0,1.38,1.48,1.58,1.58,2.68,20,1,0,8.0,0.9749,-0.2225,0.5,-0.866,-0.7908,-0.6121,60.0
478,478,2012-05-21,63,44,46,31,31,11217,Monday,3,5,2012,,,,,0,0,0,1.38,1.48,1.58,1.58,2.68,21,0,0,7.0,0.4339,-0.901,0.5,-0.866,-0.8978,-0.4404,31.0
479,479,2012-05-22,61,64,49,33,31,11217,Tuesday,4,5,2012,,,,,0,0,0,1.38,1.48,1.58,1.58,2.68,22,0,0,6.0,-0.4339,-0.901,0.5,-0.866,-0.9681,-0.2507,31.0
480,480,2012-05-23,53,46,33,48,25,11217,Wednesday,5,5,2012,,,,,0,0,0,1.38,1.48,1.58,1.58,2.68,23,0,0,5.0,-0.9749,-0.2225,0.5,-0.866,-0.9987,-0.0506,25.0
481,481,2012-05-24,80,40,41,47,16,11217,Thursday,6,5,2012,,,,,0,0,0,1.38,1.48,1.58,1.58,2.68,24,0,0,4.0,-0.7818,0.6235,0.5,-0.866,-0.9885,0.1514,16.0
482,482,2012-05-25,90,44,56,44,33,11217,Friday,7,5,2012,,,,,0,0,0,1.38,1.48,1.58,1.58,2.68,25,0,0,3.0,-0.0,1.0,0.5,-0.866,-0.9378,0.3473,33.0
483,483,2012-05-26,99,78,78,70,39,11218,Saturday,1,5,2012,,,,,0,0,0,1.38,1.48,1.58,1.58,2.68,26,1,0,2.0,0.7818,0.6235,0.5,-0.866,-0.8486,0.529,39.0
484,484,2012-05-27,87,54,76,61,27,11218,Sunday,2,5,2012,,,,,0,0,0,1.38,1.48,1.58,1.58,2.68,27,1,0,1.0,0.9749,-0.2225,0.5,-0.866,-0.7248,0.689,27.0
485,485,2012-05-28,72,92,64,53,23,11218,Monday,3,5,2012,MemorialDay,National,,,0,0,0,1.38,1.48,1.58,1.58,2.68,28,0,1,0.0,0.4339,-0.901,0.5,-0.866,-0.5713,0.8208,23.0
486,486,2012-05-29,64,41,50,44,27,11218,Tuesday,4,5,2012,,,,,0,0,0,1.38,1.48,1.58,1.58,2.68,29,0,0,14.0,-0.4339,-0.901,0.5,-0.866,-0.3944,0.919,27.0
487,487,2012-05-30,57,42,44,38,20,11218,Wednesday,5,5,2012,,,,,0,0,0,1.38,1.48,1.58,1.58,2.68,30,0,0,13.0,-0.9749,-0.2225,0.5,-0.866,-0.2013,0.9795,20.0
488,488,2012-05-31,60,23,56,34,17,11218,Thursday,6,5,2012,,,,,0,0,0,1.38,1.48,1.58,1.58,2.68,31,0,0,12.0,-0.7818,0.6235,0.5,-0.866,-0.0,1.0,17.0
489,489,2012-06-01,92,78,47,37,32,11218,Friday,7,6,2012,,,,,1,1,0,1.38,1.48,1.58,1.58,2.68,1,0,0,11.0,-0.0,1.0,0.0,-1.0,0.2013,0.9795,32.0
490,490,2012-06-02,107,64,72,49,45,11219,Saturday,1,6,2012,,,,,1,0,1,1.38,1.48,1.58,1.58,2.68,2,1,0,10.0,0.7818,0.6235,0.0,-1.0,0.3944,0.919,45.0
491,491,2012-06-03,116,55,58,54,28,11219,Sunday,2,6,2012,,,,,1,1,1,1.38,1.48,1.58,1.58,2.68,3,1,0,9.0,0.9749,-0.2225,0.0,-1.0,0.5713,0.8208,28.0
492,492,2012-06-04,80,31,56,27,19,11219,Monday,3,6,2012,,,,,1,0,0,1.38,1.48,1.58,1.58,2.68,4,0,0,8.0,0.4339,-0.901,0.0,-1.0,0.7248,0.689,19.0
493,493,2012-06-05,57,35,50,51,27,11219,Tuesday,4,6,2012,,,,,1,1,1,1.38,1.48,1.58,1.58,2.68,5,0,0,7.0,-0.4339,-0.901,0.0,-1.0,0.8486,0.529,27.0
494,494,2012-06-06,60,52,49,48,23,11219,Wednesday,5,6,2012,,,,,1,1,1,1.38,1.48,1.58,1.58,2.68,6,0,0,6.0,-0.9749,-0.2225,0.0,-1.0,0.9378,0.3473,23.0
495,495,2012-06-07,72,46,46,38,10,11219,Thursday,6,6,2012,,,,,1,1,0,1.38,1.48,1.58,1.58,2.68,7,0,0,5.0,-0.7818,0.6235,0.0,-1.0,0.9885,0.1514,10.0
496,496,2012-06-08,46,59,41,40,19,11219,Friday,7,6,2012,,,,,1,0,1,1.38,1.48,1.58,1.58,2.68,8,0,0,4.0,-0.0,1.0,0.0,-1.0,0.9987,-0.0506,19.0
497,497,2012-06-09,101,59,72,38,16,11220,Saturday,1,6,2012,,,,,1,1,1,1.38,1.48,1.58,1.58,2.68,9,1,0,3.0,0.7818,0.6235,0.0,-1.0,0.9681,-0.2507,16.0
498,498,2012-06-10,98,79,66,60,10,11220,Sunday,2,6,2012,,,,,1,0,0,1.38,1.48,1.58,1.58,2.68,10,1,0,2.0,0.9749,-0.2225,0.0,-1.0,0.8978,-0.4404,10.0
499,499,2012-06-11,61,45,40,51,11,11220,Monday,3,6,2012,,,,,0,1,1,1.38,1.48,1.58,1.58,2.68,11,0,0,1.0,0.4339,-0.901,0.0,-1.0,0.7908,-0.6121,11.0
500,500,2012-06-12,84,58,55,47,9,11220,Tuesday,4,6,2012,NBAFinalsStart,Sporting,,,0,1,1,1.38,1.48,1.58,1.58,2.68,12,0,1,0.0,-0.4339,-0.901,0.0,-1.0,0.6514,-0.7588,9.0
501,501,2012-06-13,62,37,48,36,12,11220,Wednesday,5,6,2012,,,,,0,1,0,1.38,1.48,1.58,1.58,2.68,13,0,0,4.0,-0.9749,-0.2225,0.0,-1.0,0.4853,-0.8743,12.0
502,502,2012-06-14,71,63,53,46,8,11220,Thursday,6,6,2012,,,,,0,0,1,1.38,1.48,1.58,1.58,2.68,14,0,0,3.0,-0.7818,0.6235,0.0,-1.0,0.2994,-0.9541,8.0
503,503,2012-06-15,98,53,79,58,22,11220,Friday,7,6,2012,,,,,0,1,1,1.38,1.48,1.58,1.58,2.68,15,0,0,2.0,-0.0,1.0,0.0,-1.0,0.1012,-0.9949,22.0
504,504,2012-06-16,71,72,53,51,15,11221,Saturday,1,6,2012,,,,,0,0,0,1.38,1.48,1.58,1.58,2.68,16,1,0,1.0,0.7818,0.6235,0.0,-1.0,-0.1012,-0.9949,15.0
505,505,2012-06-17,96,62,67,65,19,11221,Sunday,2,6,2012,Father's day,Cultural,,,0,0,0,1.38,1.48,1.58,1.58,2.68,17,1,1,0.0,0.9749,-0.2225,0.0,-1.0,-0.2994,-0.9541,19.0
506,506,2012-06-18,65,53,53,24,2,11221,Monday,3,6,2012,,,,,0,0,0,1.38,1.48,1.58,1.58,2.68,18,0,0,3.0,0.4339,-0.901,0.0,-1.0,-0.4853,-0.8743,2.0
507,507,2012-06-19,62,31,41,20,13,11221,Tuesday,4,6,2012,,,,,0,0,0,1.38,1.48,1.58,1.58,2.68,19,0,0,2.0,-0.4339,-0.901,0.0,-1.0,-0.6514,-0.7588,13.0
508,508,2012-06-20,52,32,29,18,11,11221,Wednesday,5,6,2012,,,,,0,0,0,1.38,1.48,1.58,1.58,2.68,20,0,0,1.0,-0.9749,-0.2225,0.0,-1.0,-0.7908,-0.6121,11.0
509,509,2012-06-21,68,57,46,21,17,11221,Thursday,6,6,2012,NBAFinalsEnd,Sporting,,,0,0,0,1.38,1.48,1.58,1.58,2.68,21,0,1,0.0,-0.7818,0.6235,0.0,-1.0,-0.8978,-0.4404,17.0
510,510,2012-06-22,73,61,61,62,12,11221,Friday,7,6,2012,,,,,0,0,0,1.38,1.48,1.58,1.58,2.68,22,0,0,12.0,-0.0,1.0,0.0,-1.0,-0.9681,-0.2507,12.0
511,511,2012-06-23,97,0,74,58,19,11222,Saturday,1,6,2012,,,,,0,0,0,1.34,1.48,1.58,1.58,2.68,23,1,0,11.0,0.7818,0.6235,0.0,-1.0,-0.9987,-0.0506,19.0
512,512,2012-06-24,94,0,84,71,17,11222,Sunday,2,6,2012,,,,,0,0,0,1.34,1.48,1.58,1.58,2.68,24,1,0,10.0,0.9749,-0.2225,0.0,-1.0,-0.9885,0.1514,17.0
513,513,2012-06-25,65,34,76,67,8,11222,Monday,3,6,2012,,,,,0,0,0,1.34,1.48,1.58,1.58,2.68,25,0,0,9.0,0.4339,-0.901,0.0,-1.0,-0.9378,0.3473,8.0
514,514,2012-06-26,79,38,47,52,5,11222,Tuesday,4,6,2012,,,,,0,0,0,1.34,1.48,1.58,1.58,2.68,26,0,0,8.0,-0.4339,-0.901,0.0,-1.0,-0.8486,0.529,5.0
515,515,2012-06-27,53,55,70,48,11,11222,Wednesday,5,6,2012,,,,,0,0,0,1.34,1.48,1.58,1.58,2.68,27,0,0,7.0,-0.9749,-0.2225,0.0,-1.0,-0.7248,0.689,11.0
516,516,2012-06-28,51,40,35,35,14,11222,Thursday,6,6,2012,,,,,0,0,0,1.34,1.48,1.58,1.58,2.68,28,0,0,6.0,-0.7818,0.6235,0.0,-1.0,-0.5713,0.8208,14.0
517,517,2012-06-29,76,66,56,30,13,11222,Friday,7,6,2012,,,,,0,0,0,1.34,1.48,1.58,1.58,2.68,29,0,0,5.0,-0.0,1.0,0.0,-1.0,-0.3944,0.919,13.0
518,518,2012-06-30,66,5,53,34,12,11223,Saturday,1,6,2012,,,,,0,0,0,0.99,1.48,1.58,1.58,2.68,30,1,0,4.0,0.7818,0.6235,0.0,-1.0,-0.2013,0.9795,12.0
519,519,2012-07-01,80,3,61,29,18,11223,Sunday,2,7,2012,,,,,1,1,0,0.99,1.48,1.58,1.58,2.68,1,1,0,3.0,0.9749,-0.2225,-0.5,-0.866,0.2013,0.9795,18.0
520,520,2012-07-02,67,89,43,33,14,11223,Monday,3,7,2012,,,,,1,0,1,0.99,1.48,1.58,1.58,2.68,2,0,0,2.0,0.4339,-0.901,-0.5,-0.866,0.3944,0.919,14.0
521,521,2012-07-03,66,179,61,36,7,11223,Tuesday,4,7,2012,,,,,1,1,1,0.99,1.48,1.58,1.58,2.68,3,0,0,1.0,-0.4339,-0.901,-0.5,-0.866,0.5713,0.8208,7.0
522,522,2012-07-04,64,0,67,44,15,11223,Wednesday,5,7,2012,IndependenceDay,National,,,1,0,0,0.99,1.48,1.58,1.58,2.68,4,0,1,0.0,-0.9749,-0.2225,-0.5,-0.866,0.7248,0.689,15.0
523,523,2012-07-05,76,0,52,33,17,11223,Thursday,6,7,2012,,,,,1,1,1,0.99,1.48,1.58,1.58,2.68,5,0,0,15.0,-0.7818,0.6235,-0.5,-0.866,0.8486,0.529,17.0
524,524,2012-07-06,79,110,52,46,15,11223,Friday,7,7,2012,,,,,1,1,1,0.99,1.48,1.58,1.58,2.68,6,0,0,14.0,-0.0,1.0,-0.5,-0.866,0.9378,0.3473,15.0
525,525,2012-07-07,100,65,89,42,18,11224,Saturday,1,7,2012,,,,,1,1,0,1.34,1.48,1.58,1.58,2.68,7,1,0,13.0,0.7818,0.6235,-0.5,-0.866,0.9885,0.1514,18.0
526,526,2012-07-08,84,47,63,34,11,11224,Sunday,2,7,2012,,,,,1,0,1,1.34,1.48,1.58,1.58,2.68,8,1,0,12.0,0.9749,-0.2225,-0.5,-0.866,0.9987,-0.0506,11.0
527,527,2012-07-09,67,45,52,16,11,11224,Monday,3,7,2012,,,,,1,1,1,1.34,1.48,1.58,1.58,2.68,9,0,0,11.0,0.4339,-0.901,-0.5,-0.866,0.9681,-0.2507,11.0
528,528,2012-07-10,54,41,46,27,16,11224,Tuesday,4,7,2012,,,,,1,0,0,1.34,1.48,1.58,1.58,2.68,10,0,0,10.0,-0.4339,-0.901,-0.5,-0.866,0.8978,-0.4404,16.0
529,529,2012-07-11,52,37,70,17,14,11224,Wednesday,5,7,2012,,,,,0,1,1,1.34,1.48,1.58,1.58,2.68,11,0,0,9.0,-0.9749,-0.2225,-0.5,-0.866,0.7908,-0.6121,14.0
530,530,2012-07-12,58,33,48,18,9,11224,Thursday,6,7,2012,,,,,0,1,1,1.34,1.48,1.58,1.58,2.68,12,0,0,8.0,-0.7818,0.6235,-0.5,-0.866,0.6514,-0.7588,9.0
531,531,2012-07-13,78,50,71,38,9,11224,Friday,7,7,2012,,,,,0,1,0,1.34,1.48,1.58,1.58,2.68,13,0,0,7.0,-0.0,1.0,-0.5,-0.866,0.4853,-0.8743,9.0
532,532,2012-07-14,94,67,69,48,28,11225,Saturday,1,7,2012,,,,,0,0,1,1.34,1.48,1.58,1.58,2.68,14,1,0,6.0,0.7818,0.6235,-0.5,-0.866,0.2994,-0.9541,28.0
533,533,2012-07-15,103,67,70,51,18,11225,Sunday,2,7,2012,,,,,0,1,1,1.34,1.48,1.58,1.58,2.68,15,1,0,5.0,0.9749,-0.2225,-0.5,-0.866,0.1012,-0.9949,18.0
534,534,2012-07-16,51,57,45,51,15,11225,Monday,3,7,2012,,,,,0,0,0,1.34,1.48,1.58,1.58,2.68,16,0,0,4.0,0.4339,-0.901,-0.5,-0.866,-0.1012,-0.9949,15.0
535,535,2012-07-17,58,53,44,51,9,11225,Tuesday,4,7,2012,,,,,0,0,0,1.34,1.48,1.58,1.58,2.68,17,0,0,3.0,-0.4339,-0.901,-0.5,-0.866,-0.2994,-0.9541,9.0
536,536,2012-07-18,53,36,44,30,6,11225,Wednesday,5,7,2012,,,,,0,0,0,1.34,1.48,1.58,1.58,2.68,18,0,0,2.0,-0.9749,-0.2225,-0.5,-0.866,-0.4853,-0.8743,6.0
537,537,2012-07-19,63,34,50,53,12,11225,Thursday,6,7,2012,,,,,0,0,0,1.34,1.48,1.58,1.58,2.68,19,0,0,1.0,-0.7818,0.6235,-0.5,-0.866,-0.6514,-0.7588,12.0
538,538,2012-07-20,73,65,71,49,15,11225,Friday,7,7,2012,Ramadan starts,Religious,,,0,0,0,1.34,1.48,1.58,1.58,2.68,20,0,1,0.0,-0.0,1.0,-0.5,-0.866,-0.7908,-0.6121,15.0
539,539,2012-07-21,94,43,58,76,16,11226,Saturday,1,7,2012,,,,,0,0,0,1.34,1.48,1.58,1.58,2.68,21,1,0,29.0,0.7818,0.6235,-0.5,-0.866,-0.8978,-0.4404,16.0
540,540,2012-07-22,84,78,65,62,17,11226,Sunday,2,7,2012,,,,,0,0,0,1.34,1.48,1.58,1.58,2.68,22,1,0,28.0,0.9749,-0.2225,-0.5,-0.866,-0.9681,-0.2507,17.0
541,541,2012-07-23,59,22,53,24,7,11226,Monday,3,7,2012,,,,,0,0,0,1.34,1.48,1.58,1.58,2.68,23,0,0,27.0,0.4339,-0.901,-0.5,-0.866,-0.9987,-0.0506,7.0
542,542,2012-07-24,61,42,45,29,13,11226,Tuesday,4,7,2012,,,,,0,0,0,1.34,1.48,1.58,1.58,2.68,24,0,0,26.0,-0.4339,-0.901,-0.5,-0.866,-0.9885,0.1514,13.0
543,543,2012-07-25,72,38,45,29,9,11226,Wednesday,5,7,2012,,,,,0,0,0,1.34,1.48,1.58,1.58,2.68,25,0,0,25.0,-0.9749,-0.2225,-0.5,-0.866,-0.9378,0.3473,9.0
544,544,2012-07-26,64,28,64,26,10,11226,Thursday,6,7,2012,,,,,0,0,0,1.34,1.48,1.58,1.58,2.68,26,0,0,24.0,-0.7818,0.6235,-0.5,-0.866,-0.8486,0.529,10.0
545,545,2012-07-27,80,53,59,31,7,11226,Friday,7,7,2012,,,,,0,0,0,1.34,1.48,1.58,1.58,2.68,27,0,0,23.0,-0.0,1.0,-0.5,-0.866,-0.7248,0.689,7.0
546,546,2012-07-28,94,0,66,70,18,11227,Saturday,1,7,2012,,,,,0,0,0,1.38,1.48,1.58,1.58,2.68,28,1,0,22.0,0.7818,0.6235,-0.5,-0.866,-0.5713,0.8208,18.0
547,547,2012-07-29,72,41,53,56,11,11227,Sunday,2,7,2012,,,,,0,0,0,1.38,1.48,1.58,1.58,2.68,29,1,0,21.0,0.9749,-0.2225,-0.5,-0.866,-0.3944,0.919,11.0
548,548,2012-07-30,70,61,64,46,10,11227,Monday,3,7,2012,,,,,0,0,0,1.38,1.48,1.58,1.58,2.68,30,0,0,20.0,0.4339,-0.901,-0.5,-0.866,-0.2013,0.9795,10.0
549,549,2012-07-31,59,48,56,42,6,11227,Tuesday,4,7,2012,,,,,0,0,0,1.38,1.48,1.58,1.58,2.68,31,0,0,19.0,-0.4339,-0.901,-0.5,-0.866,-0.0,1.0,6.0
550,550,2012-08-01,77,45,62,41,19,11227,Wednesday,5,8,2012,,,,,1,1,0,1.38,1.48,1.58,1.58,2.68,1,0,0,18.0,-0.9749,-0.2225,-0.866,-0.5,0.2013,0.9795,19.0
551,551,2012-08-02,80,45,45,43,18,11227,Thursday,6,8,2012,,,,,1,0,1,1.38,1.48,1.58,1.58,2.68,2,0,0,17.0,-0.7818,0.6235,-0.866,-0.5,0.3944,0.919,18.0
552,552,2012-08-03,78,72,58,47,13,11227,Friday,7,8,2012,,,,,1,1,1,1.38,1.48,1.58,1.58,2.68,3,0,0,16.0,-0.0,1.0,-0.866,-0.5,0.5713,0.8208,13.0
553,553,2012-08-04,107,76,96,63,17,11228,Saturday,1,8,2012,,,,,1,0,0,1.38,1.48,1.58,1.58,2.68,4,1,0,15.0,0.7818,0.6235,-0.866,-0.5,0.7248,0.689,17.0
554,554,2012-08-05,73,60,62,32,16,11228,Sunday,2,8,2012,,,,,1,1,1,1.38,1.48,1.58,1.58,2.68,5,1,0,14.0,0.9749,-0.2225,-0.866,-0.5,0.8486,0.529,16.0
555,555,2012-08-06,83,34,70,47,19,11228,Monday,3,8,2012,,,,,1,1,1,1.38,1.48,1.58,1.58,2.68,6,0,0,13.0,0.4339,-0.901,-0.866,-0.5,0.9378,0.3473,19.0
556,556,2012-08-07,91,47,71,40,16,11228,Tuesday,4,8,2012,,,,,1,1,0,1.38,1.48,1.58,1.58,2.68,7,0,0,12.0,-0.4339,-0.901,-0.866,-0.5,0.9885,0.1514,16.0
557,557,2012-08-08,59,47,51,39,13,11228,Wednesday,5,8,2012,,,,,1,0,1,1.38,1.48,1.58,1.58,2.68,8,0,0,11.0,-0.9749,-0.2225,-0.866,-0.5,0.9987,-0.0506,13.0
558,558,2012-08-09,93,44,77,45,18,11228,Thursday,6,8,2012,,,,,1,1,1,1.38,1.48,1.58,1.58,2.68,9,0,0,10.0,-0.7818,0.6235,-0.866,-0.5,0.9681,-0.2507,18.0
559,559,2012-08-10,72,57,65,54,11,11228,Friday,7,8,2012,,,,,1,0,0,1.38,1.48,1.58,1.58,2.68,10,0,0,9.0,-0.0,1.0,-0.866,-0.5,0.8978,-0.4404,11.0
560,560,2012-08-11,114,85,86,78,24,11229,Saturday,1,8,2012,,,,,0,1,1,1.38,1.48,1.58,1.58,2.68,11,1,0,8.0,0.7818,0.6235,-0.866,-0.5,0.7908,-0.6121,24.0
561,561,2012-08-12,118,50,91,62,15,11229,Sunday,2,8,2012,,,,,0,1,1,1.38,1.48,1.58,1.58,2.68,12,1,0,7.0,0.9749,-0.2225,-0.866,-0.5,0.6514,-0.7588,15.0
562,562,2012-08-13,81,55,56,45,24,11229,Monday,3,8,2012,,,,,0,1,0,1.38,1.48,1.58,1.58,2.68,13,0,0,6.0,0.4339,-0.901,-0.866,-0.5,0.4853,-0.8743,24.0
563,563,2012-08-14,67,58,78,41,10,11229,Tuesday,4,8,2012,,,,,0,0,1,1.38,1.48,1.58,1.58,2.68,14,0,0,5.0,-0.4339,-0.901,-0.866,-0.5,0.2994,-0.9541,10.0
564,564,2012-08-15,87,50,70,45,14,11229,Wednesday,5,8,2012,,,,,0,1,1,1.38,1.48,1.58,1.58,2.68,15,0,0,4.0,-0.9749,-0.2225,-0.866,-0.5,0.1012,-0.9949,14.0
565,565,2012-08-16,87,49,80,37,20,11229,Thursday,6,8,2012,,,,,0,0,0,1.38,1.48,1.58,1.58,2.68,16,0,0,3.0,-0.7818,0.6235,-0.866,-0.5,-0.1012,-0.9949,20.0
566,566,2012-08-17,82,48,76,51,24,11229,Friday,7,8,2012,,,,,0,0,0,1.38,1.48,1.58,1.58,2.68,17,0,0,2.0,-0.0,1.0,-0.866,-0.5,-0.2994,-0.9541,24.0
567,567,2012-08-18,109,55,82,50,21,11230,Saturday,1,8,2012,,,,,0,0,0,1.38,1.48,1.58,1.58,2.68,18,1,0,1.0,0.7818,0.6235,-0.866,-0.5,-0.4853,-0.8743,21.0
568,568,2012-08-19,111,62,85,45,31,11230,Sunday,2,8,2012,Eid al-Fitr,Religious,,,0,0,0,1.38,1.48,1.58,1.58,2.68,19,1,1,0.0,0.9749,-0.2225,-0.866,-0.5,-0.6514,-0.7588,31.0
569,569,2012-08-20,82,48,63,44,19,11230,Monday,3,8,2012,,,,,0,0,0,1.38,1.48,1.58,1.58,2.68,20,0,0,14.0,0.4339,-0.901,-0.866,-0.5,-0.7908,-0.6121,19.0
570,570,2012-08-21,83,49,69,41,14,11230,Tuesday,4,8,2012,,,,,0,0,0,1.38,1.48,1.58,1.58,2.68,21,0,0,13.0,-0.4339,-0.901,-0.866,-0.5,-0.8978,-0.4404,14.0
571,571,2012-08-22,66,45,55,20,14,11230,Wednesday,5,8,2012,,,,,0,0,0,1.38,1.48,1.58,1.58,2.68,22,0,0,12.0,-0.9749,-0.2225,-0.866,-0.5,-0.9681,-0.2507,14.0
572,572,2012-08-23,84,37,55,30,15,11230,Thursday,6,8,2012,,,,,0,0,0,1.38,1.48,1.58,1.58,2.68,23,0,0,11.0,-0.7818,0.6235,-0.866,-0.5,-0.9987,-0.0506,15.0
573,573,2012-08-24,76,41,65,35,30,11230,Friday,7,8,2012,,,,,0,0,0,1.38,1.48,1.58,1.58,2.68,24,0,0,10.0,-0.0,1.0,-0.866,-0.5,-0.9885,0.1514,30.0
574,574,2012-08-25,95,56,80,42,33,11231,Saturday,1,8,2012,,,,,0,0,0,1.38,1.48,1.58,1.58,2.68,25,1,0,9.0,0.7818,0.6235,-0.866,-0.5,-0.9378,0.3473,33.0
575,575,2012-08-26,157,47,111,69,33,11231,Sunday,2,8,2012,,,,,0,0,0,1.38,1.48,1.58,1.58,2.68,26,1,0,8.0,0.9749,-0.2225,-0.866,-0.5,-0.8486,0.529,33.0
576,576,2012-08-27,91,62,72,52,26,11231,Monday,3,8,2012,,,,,0,0,0,1.38,1.48,1.58,1.58,2.68,27,0,0,7.0,0.4339,-0.901,-0.866,-0.5,-0.7248,0.689,26.0
577,577,2012-08-28,83,61,75,35,21,11231,Tuesday,4,8,2012,,,,,0,0,0,1.38,1.48,1.58,1.58,2.68,28,0,0,6.0,-0.4339,-0.901,-0.866,-0.5,-0.5713,0.8208,21.0
578,578,2012-08-29,51,29,52,33,22,11231,Wednesday,5,8,2012,,,,,0,0,0,1.38,1.48,1.58,1.58,2.68,29,0,0,5.0,-0.9749,-0.2225,-0.866,-0.5,-0.3944,0.919,22.0
579,579,2012-08-30,14,38,74,42,25,11231,Thursday,6,8,2012,,,,,0,0,0,1.38,1.48,1.58,1.58,2.68,30,0,0,4.0,-0.7818,0.6235,-0.866,-0.5,-0.2013,0.9795,25.0
580,580,2012-08-31,68,54,80,44,25,11231,Friday,7,8,2012,,,,,0,0,0,1.38,1.48,1.58,1.58,2.68,31,0,0,3.0,-0.0,1.0,-0.866,-0.5,-0.0,1.0,25.0
581,581,2012-09-01,108,69,67,50,25,11232,Saturday,1,9,2012,,,,,1,1,0,1.38,1.48,1.58,1.58,2.68,1,1,0,2.0,0.7818,0.6235,-1.0,-0.0,0.2013,0.9795,25.0
582,582,2012-09-02,100,47,78,50,29,11232,Sunday,2,9,2012,,,,,1,0,1,1.38,1.48,1.58,1.58,2.68,2,1,0,1.0,0.9749,-0.2225,-1.0,-0.0,0.3944,0.919,29.0
583,583,2012-09-03,92,70,73,57,18,11232,Monday,3,9,2012,LaborDay,National,,,1,1,1,1.38,1.48,1.58,1.58,2.68,3,0,1,0.0,0.4339,-0.901,-1.0,-0.0,0.5713,0.8208,18.0
584,584,2012-09-04,92,32,52,49,14,11232,Tuesday,4,9,2012,,,,,1,0,0,1.38,1.48,1.58,1.58,2.68,4,0,0,34.0,-0.4339,-0.901,-1.0,-0.0,0.7248,0.689,14.0
585,585,2012-09-05,74,49,41,32,13,11232,Wednesday,5,9,2012,,,,,1,1,1,1.38,1.48,1.58,1.58,2.68,5,0,0,33.0,-0.9749,-0.2225,-1.0,-0.0,0.8486,0.529,13.0
586,586,2012-09-06,75,27,67,43,17,11232,Thursday,6,9,2012,,,,,1,1,1,1.38,1.48,1.58,1.58,2.68,6,0,0,32.0,-0.7818,0.6235,-1.0,-0.0,0.9378,0.3473,17.0
587,587,2012-09-07,73,54,62,33,17,11232,Friday,7,9,2012,,,,,1,1,0,1.38,1.48,1.58,1.58,2.68,7,0,0,31.0,-0.0,1.0,-1.0,-0.0,0.9885,0.1514,17.0
588,588,2012-09-08,76,80,50,42,15,11233,Saturday,1,9,2012,,,,,1,0,1,1.38,1.48,1.58,1.58,2.68,8,1,0,30.0,0.7818,0.6235,-1.0,-0.0,0.9987,-0.0506,15.0
589,589,2012-09-09,94,1,61,45,30,11233,Sunday,2,9,2012,,,,,1,1,1,1.38,1.48,1.58,1.58,2.68,9,1,0,29.0,0.9749,-0.2225,-1.0,-0.0,0.9681,-0.2507,30.0
590,590,2012-09-10,68,26,42,15,9,11233,Monday,3,9,2012,,,,,1,0,0,1.38,1.48,1.58,1.58,2.68,10,0,0,28.0,0.4339,-0.901,-1.0,-0.0,0.8978,-0.4404,9.0
591,591,2012-09-11,50,9,46,28,18,11233,Tuesday,4,9,2012,,,,,0,1,1,1.38,1.48,1.58,1.58,2.68,11,0,0,27.0,-0.4339,-0.901,-1.0,-0.0,0.7908,-0.6121,18.0
592,592,2012-09-12,73,35,37,25,10,11233,Wednesday,5,9,2012,,,,,0,1,1,1.38,1.48,1.58,1.58,2.68,12,0,0,26.0,-0.9749,-0.2225,-1.0,-0.0,0.6514,-0.7588,10.0
593,593,2012-09-13,69,46,53,26,12,11233,Thursday,6,9,2012,,,,,0,1,0,1.38,1.48,1.58,1.58,2.68,13,0,0,25.0,-0.7818,0.6235,-1.0,-0.0,0.4853,-0.8743,12.0
594,594,2012-09-14,64,44,35,30,16,11233,Friday,7,9,2012,,,,,0,0,1,1.38,1.48,1.58,1.58,2.68,14,0,0,24.0,-0.0,1.0,-1.0,-0.0,0.2994,-0.9541,16.0
595,595,2012-09-15,124,70,91,50,17,11234,Saturday,1,9,2012,,,,,0,1,1,1.38,1.48,1.58,1.58,2.68,15,1,0,23.0,0.7818,0.6235,-1.0,-0.0,0.1012,-0.9949,17.0
596,596,2012-09-16,93,13,75,51,11,11234,Sunday,2,9,2012,,,,,0,0,0,1.38,1.48,1.58,1.58,2.68,16,1,0,22.0,0.9749,-0.2225,-1.0,-0.0,-0.1012,-0.9949,11.0
597,597,2012-09-17,58,33,56,33,11,11234,Monday,3,9,2012,,,,,0,0,0,1.38,1.48,1.58,1.58,2.68,17,0,0,21.0,0.4339,-0.901,-1.0,-0.0,-0.2994,-0.9541,11.0
598,598,2012-09-18,52,0,34,30,15,11234,Tuesday,4,9,2012,,,,,0,0,0,1.38,1.48,1.58,1.58,2.68,18,0,0,20.0,-0.4339,-0.901,-1.0,-0.0,-0.4853,-0.8743,15.0
599,599,2012-09-19,61,45,43,24,21,11234,Wednesday,5,9,2012,,,,,0,0,0,1.38,1.48,1.58,1.58,2.68,19,0,0,19.0,-0.9749,-0.2225,-1.0,-0.0,-0.6514,-0.7588,21.0
600,600,2012-09-20,52,39,37,44,22,11234,Thursday,6,9,2012,,,,,0,0,0,1.38,1.48,1.58,1.58,2.68,20,0,0,18.0,-0.7818,0.6235,-1.0,-0.0,-0.7908,-0.6121,22.0
601,601,2012-09-21,82,55,60,34,29,11234,Friday,7,9,2012,,,,,0,0,0,1.38,1.48,1.58,1.58,2.68,21,0,0,17.0,-0.0,1.0,-1.0,-0.0,-0.8978,-0.4404,29.0
602,602,2012-09-22,79,73,63,52,28,11235,Saturday,1,9,2012,,,,,0,0,0,1.38,1.48,1.58,1.58,2.68,22,1,0,16.0,0.7818,0.6235,-1.0,-0.0,-0.9681,-0.2507,28.0
603,603,2012-09-23,77,85,69,45,27,11235,Sunday,2,9,2012,,,,,0,0,0,1.38,1.48,1.58,1.58,2.68,23,1,0,15.0,0.9749,-0.2225,-1.0,-0.0,-0.9987,-0.0506,27.0
604,604,2012-09-24,80,58,43,40,30,11235,Monday,3,9,2012,,,,,0,0,0,1.38,1.48,1.58,1.58,2.68,24,0,0,14.0,0.4339,-0.901,-1.0,-0.0,-0.9885,0.1514,30.0
605,605,2012-09-25,64,37,34,35,18,11235,Tuesday,4,9,2012,,,,,0,0,0,1.38,1.48,1.58,1.58,2.68,25,0,0,13.0,-0.4339,-0.901,-1.0,-0.0,-0.9378,0.3473,18.0
606,606,2012-09-26,71,40,50,40,25,11235,Wednesday,5,9,2012,,,,,0,0,0,1.38,1.48,1.58,1.58,2.68,26,0,0,12.0,-0.9749,-0.2225,-1.0,-0.0,-0.8486,0.529,25.0
607,607,2012-09-27,58,37,45,28,16,11235,Thursday,6,9,2012,,,,,0,0,0,1.38,1.48,1.58,1.58,2.68,27,0,0,11.0,-0.7818,0.6235,-1.0,-0.0,-0.7248,0.689,16.0
608,608,2012-09-28,62,65,49,40,27,11235,Friday,7,9,2012,,,,,0,0,0,1.38,1.48,1.58,1.58,2.68,28,0,0,10.0,-0.0,1.0,-1.0,-0.0,-0.5713,0.8208,27.0
609,609,2012-09-29,69,48,51,27,34,11236,Saturday,1,9,2012,,,,,0,0,0,1.38,1.48,1.58,1.58,2.68,29,1,0,9.0,0.7818,0.6235,-1.0,-0.0,-0.3944,0.919,34.0
610,610,2012-09-30,87,60,56,39,27,11236,Sunday,2,9,2012,,,,,0,0,0,1.38,1.48,1.58,1.58,2.68,30,1,0,8.0,0.9749,-0.2225,-1.0,-0.0,-0.2013,0.9795,27.0
611,611,2012-10-01,75,41,56,45,27,11236,Monday,3,10,2012,,,,,1,1,0,1.38,1.48,1.58,1.58,2.68,1,0,0,7.0,0.4339,-0.901,-0.866,0.5,0.2013,0.9795,27.0
612,612,2012-10-02,55,50,37,36,34,11236,Tuesday,4,10,2012,,,,,1,0,1,1.38,1.48,1.58,1.58,2.68,2,0,0,6.0,-0.4339,-0.901,-0.866,0.5,0.3944,0.919,34.0
613,613,2012-10-03,68,44,47,44,24,11236,Wednesday,5,10,2012,,,,,1,1,1,1.38,1.48,1.58,1.58,2.68,3,0,0,5.0,-0.9749,-0.2225,-0.866,0.5,0.5713,0.8208,24.0
614,614,2012-10-04,76,43,68,38,21,11236,Thursday,6,10,2012,,,,,1,0,0,1.38,1.48,1.58,1.58,2.68,4,0,0,4.0,-0.7818,0.6235,-0.866,0.5,0.7248,0.689,21.0
615,615,2012-10-05,77,93,54,43,20,11236,Friday,7,10,2012,,,,,1,1,1,1.38,1.48,1.58,1.58,2.68,5,0,0,3.0,-0.0,1.0,-0.866,0.5,0.8486,0.529,20.0
616,616,2012-10-06,107,74,63,53,38,11237,Saturday,1,10,2012,,,,,1,1,1,1.38,1.48,1.58,1.58,2.68,6,1,0,2.0,0.7818,0.6235,-0.866,0.5,0.9378,0.3473,38.0
617,617,2012-10-07,98,64,67,28,31,11237,Sunday,2,10,2012,,,,,1,1,0,1.38,1.48,1.58,1.58,2.68,7,1,0,1.0,0.9749,-0.2225,-0.866,0.5,0.9885,0.1514,31.0
618,618,2012-10-08,69,47,52,38,53,11237,Monday,3,10,2012,ColumbusDay,National,,,1,0,1,1.38,1.48,1.58,1.58,2.68,8,0,1,0.0,0.4339,-0.901,-0.866,0.5,0.9987,-0.0506,53.0
619,619,2012-10-09,73,4,49,34,42,11237,Tuesday,4,10,2012,,,,,1,1,1,1.38,1.48,1.58,1.58,2.68,9,0,0,17.0,-0.4339,-0.901,-0.866,0.5,0.9681,-0.2507,42.0
620,620,2012-10-10,62,43,48,25,27,11237,Wednesday,5,10,2012,,,,,1,0,0,1.38,1.48,1.58,1.58,2.68,10,0,0,16.0,-0.9749,-0.2225,-0.866,0.5,0.8978,-0.4404,27.0
621,621,2012-10-11,67,66,46,30,39,11237,Thursday,6,10,2012,,,,,0,1,1,1.38,1.48,1.58,1.58,2.68,11,0,0,15.0,-0.7818,0.6235,-0.866,0.5,0.7908,-0.6121,39.0
622,622,2012-10-12,100,56,73,52,31,11237,Friday,7,10,2012,,,,,0,1,1,1.38,1.48,1.58,1.58,2.68,12,0,0,14.0,-0.0,1.0,-0.866,0.5,0.6514,-0.7588,31.0
623,623,2012-10-13,103,57,91,46,41,11238,Saturday,1,10,2012,,,,,0,1,0,1.38,1.48,1.58,1.58,2.68,13,1,0,13.0,0.7818,0.6235,-0.866,0.5,0.4853,-0.8743,41.0
624,624,2012-10-14,88,68,59,40,50,11238,Sunday,2,10,2012,,,,,0,0,1,1.38,1.48,1.58,1.58,2.68,14,1,0,12.0,0.9749,-0.2225,-0.866,0.5,0.2994,-0.9541,50.0
625,625,2012-10-15,85,47,54,41,35,11238,Monday,3,10,2012,,,,,0,1,1,1.38,1.48,1.58,1.58,2.68,15,0,0,11.0,0.4339,-0.901,-0.866,0.5,0.1012,-0.9949,35.0
626,626,2012-10-16,55,39,31,33,18,11238,Tuesday,4,10,2012,,,,,0,0,0,1.38,1.48,1.58,1.58,2.68,16,0,0,10.0,-0.4339,-0.901,-0.866,0.5,-0.1012,-0.9949,18.0
627,627,2012-10-17,69,36,57,51,20,11238,Wednesday,5,10,2012,,,,,0,0,0,1.38,1.48,1.58,1.58,2.68,17,0,0,9.0,-0.9749,-0.2225,-0.866,0.5,-0.2994,-0.9541,20.0
628,628,2012-10-18,71,40,46,28,29,11238,Thursday,6,10,2012,,,,,0,0,0,1.38,1.48,1.58,1.58,2.68,18,0,0,8.0,-0.7818,0.6235,-0.866,0.5,-0.4853,-0.8743,29.0
629,629,2012-10-19,80,53,67,40,23,11238,Friday,7,10,2012,,,,,0,0,0,1.38,1.48,1.58,1.58,2.68,19,0,0,7.0,-0.0,1.0,-0.866,0.5,-0.6514,-0.7588,23.0
630,630,2012-10-20,112,93,61,46,24,11239,Saturday,1,10,2012,,,,,0,0,0,1.38,1.48,1.58,1.58,2.68,20,1,0,6.0,0.7818,0.6235,-0.866,0.5,-0.7908,-0.6121,24.0
631,631,2012-10-21,84,70,52,56,36,11239,Sunday,2,10,2012,,,,,0,0,0,1.38,1.48,1.58,1.58,2.68,21,1,0,5.0,0.9749,-0.2225,-0.866,0.5,-0.8978,-0.4404,36.0
632,632,2012-10-22,81,13,50,39,18,11239,Monday,3,10,2012,,,,,0,0,0,1.38,1.48,1.58,1.58,2.68,22,0,0,4.0,0.4339,-0.901,-0.866,0.5,-0.9681,-0.2507,18.0
633,633,2012-10-23,75,32,37,39,21,11239,Tuesday,4,10,2012,,,,,0,0,0,1.38,1.48,1.58,1.58,2.68,23,0,0,3.0,-0.4339,-0.901,-0.866,0.5,-0.9987,-0.0506,21.0
634,634,2012-10-24,54,28,48,24,18,11239,Wednesday,5,10,2012,,,,,0,0,0,1.38,1.48,1.58,1.58,2.68,24,0,0,2.0,-0.9749,-0.2225,-0.866,0.5,-0.9885,0.1514,18.0
635,635,2012-10-25,55,0,32,25,14,11239,Thursday,6,10,2012,,,,,0,0,0,1.38,1.48,1.58,1.58,2.68,25,0,0,1.0,-0.7818,0.6235,-0.866,0.5,-0.9378,0.3473,14.0
636,636,2012-10-26,60,0,37,29,25,11239,Friday,7,10,2012,EidAlAdha,Religious,,,0,0,0,1.38,1.48,1.58,1.58,2.68,26,0,1,0.0,-0.0,1.0,-0.866,0.5,-0.8486,0.529,25.0
637,637,2012-10-27,73,74,62,32,27,11240,Saturday,1,10,2012,,,,,0,0,0,1.25,1.48,1.58,1.58,2.68,27,1,0,4.0,0.7818,0.6235,-0.866,0.5,-0.7248,0.689,27.0
638,638,2012-10-28,67,71,56,30,39,11240,Sunday,2,10,2012,,,,,0,0,0,1.25,1.48,1.58,1.58,2.68,28,1,0,3.0,0.9749,-0.2225,-0.866,0.5,-0.5713,0.8208,39.0
639,639,2012-10-29,44,81,22,23,17,11240,Monday,3,10,2012,,,,,0,0,0,1.25,1.48,1.58,1.58,2.68,29,0,0,2.0,0.4339,-0.901,-0.866,0.5,-0.3944,0.919,17.0
640,640,2012-10-30,64,55,45,19,15,11240,Tuesday,4,10,2012,,,,,0,0,0,1.25,1.48,1.58,1.58,2.68,30,0,0,1.0,-0.4339,-0.901,-0.866,0.5,-0.2013,0.9795,15.0
641,641,2012-10-31,53,77,45,18,22,11240,Wednesday,5,10,2012,Halloween,Cultural,,,0,0,0,1.25,1.48,1.58,1.58,2.68,31,0,1,0.0,-0.9749,-0.2225,-0.866,0.5,-0.0,1.0,22.0
642,642,2012-11-01,65,60,57,29,28,11240,Thursday,6,11,2012,,,,,1,1,0,1.25,1.48,1.58,1.58,2.68,1,0,0,10.0,-0.7818,0.6235,-0.5,0.866,0.2013,0.9795,28.0
643,643,2012-11-02,63,78,47,29,24,11240,Friday,7,11,2012,,,,,1,0,1,1.25,1.48,1.58,1.58,2.68,2,0,0,9.0,-0.0,1.0,-0.5,0.866,0.3944,0.919,24.0
644,644,2012-11-03,91,78,64,23,49,11241,Saturday,1,11,2012,,,,,1,1,1,1.25,1.48,1.58,1.58,2.68,3,1,0,8.0,0.7818,0.6235,-0.5,0.866,0.5713,0.8208,49.0
645,645,2012-11-04,82,25,54,42,41,11241,Sunday,2,11,2012,,,,,1,0,0,1.25,1.48,1.58,1.58,2.68,4,1,0,7.0,0.9749,-0.2225,-0.5,0.866,0.7248,0.689,41.0
646,646,2012-11-05,80,80,48,15,27,11241,Monday,3,11,2012,,,,,1,1,1,1.25,1.48,1.58,1.58,2.68,5,0,0,6.0,0.4339,-0.901,-0.5,0.866,0.8486,0.529,27.0
647,647,2012-11-06,43,64,29,25,30,11241,Tuesday,4,11,2012,,,,,1,1,1,1.25,1.48,1.58,1.58,2.68,6,0,0,5.0,-0.4339,-0.901,-0.5,0.866,0.9378,0.3473,30.0
648,648,2012-11-07,57,46,30,29,25,11241,Wednesday,5,11,2012,,,,,1,1,0,1.25,1.48,1.58,1.58,2.68,7,0,0,4.0,-0.9749,-0.2225,-0.5,0.866,0.9885,0.1514,25.0
649,649,2012-11-08,67,60,48,26,24,11241,Thursday,6,11,2012,,,,,1,0,1,1.25,1.48,1.58,1.58,2.68,8,0,0,3.0,-0.7818,0.6235,-0.5,0.866,0.9987,-0.0506,24.0
650,650,2012-11-09,64,128,54,28,26,11241,Friday,7,11,2012,,,,,1,1,1,1.25,1.48,1.58,1.58,2.68,9,0,0,2.0,-0.0,1.0,-0.5,0.866,0.9681,-0.2507,26.0
651,651,2012-11-10,89,66,43,36,28,11242,Saturday,1,11,2012,,,,,1,0,0,1.25,1.48,1.58,1.58,2.68,10,1,0,1.0,0.7818,0.6235,-0.5,0.866,0.8978,-0.4404,28.0
652,652,2012-11-11,89,101,50,30,42,11242,Sunday,2,11,2012,VeteransDay,National,,,0,1,1,1.25,1.48,1.58,1.58,2.68,11,1,1,0.0,0.9749,-0.2225,-0.5,0.866,0.7908,-0.6121,42.0
653,653,2012-11-12,59,59,45,16,36,11242,Monday,3,11,2012,,,,,0,1,1,1.25,1.48,1.58,1.58,2.68,12,0,0,10.0,0.4339,-0.901,-0.5,0.866,0.6514,-0.7588,36.0
654,654,2012-11-13,45,50,34,18,23,11242,Tuesday,4,11,2012,,,,,0,1,0,1.25,1.48,1.58,1.58,2.68,13,0,0,9.0,-0.4339,-0.901,-0.5,0.866,0.4853,-0.8743,23.0
655,655,2012-11-14,62,88,37,17,20,11242,Wednesday,5,11,2012,,,,,0,0,1,1.25,1.48,1.58,1.58,2.68,14,0,0,8.0,-0.9749,-0.2225,-0.5,0.866,0.2994,-0.9541,20.0
656,656,2012-11-15,56,124,45,26,37,11242,Thursday,6,11,2012,,,,,0,1,1,1.25,1.48,1.58,1.58,2.68,15,0,0,7.0,-0.7818,0.6235,-0.5,0.866,0.1012,-0.9949,37.0
657,657,2012-11-16,61,86,44,21,22,11242,Friday,7,11,2012,,,,,0,0,0,1.25,1.48,1.58,1.58,2.68,16,0,0,6.0,-0.0,1.0,-0.5,0.866,-0.1012,-0.9949,22.0
658,658,2012-11-17,89,88,62,47,55,11243,Saturday,1,11,2012,,,,,0,0,0,1.25,1.48,1.58,1.58,2.68,17,1,0,5.0,0.7818,0.6235,-0.5,0.866,-0.2994,-0.9541,55.0
659,659,2012-11-18,93,75,56,36,36,11243,Sunday,2,11,2012,,,,,0,0,0,1.25,1.48,1.58,1.58,2.68,18,1,0,4.0,0.9749,-0.2225,-0.5,0.866,-0.4853,-0.8743,36.0
660,660,2012-11-19,66,81,52,22,25,11243,Monday,3,11,2012,,,,,0,0,0,1.25,1.48,1.58,1.58,2.68,19,0,0,3.0,0.4339,-0.901,-0.5,0.866,-0.6514,-0.7588,25.0
661,661,2012-11-20,62,140,58,15,29,11243,Tuesday,4,11,2012,,,,,0,0,0,1.25,1.48,1.58,1.58,2.68,20,0,0,2.0,-0.4339,-0.901,-0.5,0.866,-0.7908,-0.6121,29.0
662,662,2012-11-21,83,220,70,35,39,11243,Wednesday,5,11,2012,,,,,0,0,0,1.25,1.48,1.58,1.58,2.68,21,0,0,1.0,-0.9749,-0.2225,-0.5,0.866,-0.8978,-0.4404,39.0
663,663,2012-11-22,136,129,121,43,9,11243,Thursday,6,11,2012,Thanksgiving,National,,,0,0,0,1.25,1.48,1.58,1.58,2.68,22,0,1,0.0,-0.7818,0.6235,-0.5,0.866,-0.9681,-0.2507,9.0
664,664,2012-11-23,102,2,79,48,29,11243,Friday,7,11,2012,,,,,0,0,0,1.25,1.48,1.58,1.58,2.68,23,0,0,23.0,-0.0,1.0,-0.5,0.866,-0.9987,-0.0506,29.0
665,665,2012-11-24,78,58,56,30,25,11244,Saturday,1,11,2012,,,,,0,0,0,1.25,1.48,1.58,1.58,2.68,24,1,0,22.0,0.7818,0.6235,-0.5,0.866,-0.9885,0.1514,25.0
666,666,2012-11-25,79,79,56,32,33,11244,Sunday,2,11,2012,,,,,0,0,0,1.25,1.48,1.58,1.58,2.68,25,1,0,21.0,0.9749,-0.2225,-0.5,0.866,-0.9378,0.3473,33.0
667,667,2012-11-26,59,78,28,18,15,11244,Monday,3,11,2012,,,,,0,0,0,1.25,1.48,1.58,1.58,2.68,26,0,0,20.0,0.4339,-0.901,-0.5,0.866,-0.8486,0.529,15.0
668,668,2012-11-27,41,29,29,15,19,11244,Tuesday,4,11,2012,,,,,0,0,0,1.25,1.48,1.58,1.58,2.68,27,0,0,19.0,-0.4339,-0.901,-0.5,0.866,-0.7248,0.689,19.0
669,669,2012-11-28,37,48,35,15,17,11244,Wednesday,5,11,2012,,,,,0,0,0,1.25,1.48,1.58,1.58,2.68,28,0,0,18.0,-0.9749,-0.2225,-0.5,0.866,-0.5713,0.8208,17.0
670,670,2012-11-29,56,50,44,20,22,11244,Thursday,6,11,2012,,,,,0,0,0,1.25,1.48,1.58,1.58,2.68,29,0,0,17.0,-0.7818,0.6235,-0.5,0.866,-0.3944,0.919,22.0
671,671,2012-11-30,72,181,36,21,17,11244,Friday,7,11,2012,,,,,0,0,0,1.25,1.48,1.58,1.58,2.68,30,0,0,16.0,-0.0,1.0,-0.5,0.866,-0.2013,0.9795,17.0
672,672,2012-12-01,95,76,70,40,45,11245,Saturday,1,12,2012,,,,,1,1,0,1.25,1.48,1.58,1.58,2.68,1,1,0,15.0,0.7818,0.6235,-0.0,1.0,0.2013,0.9795,45.0
673,673,2012-12-02,104,82,70,29,29,11245,Sunday,2,12,2012,,,,,1,0,1,1.25,1.48,1.58,1.58,2.68,2,1,0,14.0,0.9749,-0.2225,-0.0,1.0,0.3944,0.919,29.0
674,674,2012-12-03,72,70,56,17,30,11245,Monday,3,12,2012,,,,,1,1,1,1.25,1.48,1.58,1.58,2.68,3,0,0,13.0,0.4339,-0.901,-0.0,1.0,0.5713,0.8208,30.0
675,675,2012-12-04,51,16,33,25,23,11245,Tuesday,4,12,2012,,,,,1,0,0,1.25,1.48,1.58,1.58,2.68,4,0,0,12.0,-0.4339,-0.901,-0.0,1.0,0.7248,0.689,23.0
676,676,2012-12-05,49,71,44,26,30,11245,Wednesday,5,12,2012,,,,,1,1,1,1.25,1.48,1.58,1.58,2.68,5,0,0,11.0,-0.9749,-0.2225,-0.0,1.0,0.8486,0.529,30.0
677,677,2012-12-06,61,71,50,26,27,11245,Thursday,6,12,2012,,,,,1,1,1,1.25,1.48,1.58,1.58,2.68,6,0,0,10.0,-0.7818,0.6235,-0.0,1.0,0.9378,0.3473,27.0
678,678,2012-12-07,78,133,51,19,46,11245,Friday,7,12,2012,,,,,1,1,0,1.25,1.48,1.58,1.58,2.68,7,0,0,9.0,-0.0,1.0,-0.0,1.0,0.9885,0.1514,46.0
679,679,2012-12-08,102,92,46,33,42,11246,Saturday,1,12,2012,,,,,1,0,1,1.25,1.48,1.58,1.58,2.68,8,1,0,8.0,0.7818,0.6235,-0.0,1.0,0.9987,-0.0506,42.0
680,680,2012-12-09,88,61,58,44,58,11246,Sunday,2,12,2012,,,,,1,1,1,1.25,1.48,1.58,1.58,2.68,9,1,0,7.0,0.9749,-0.2225,-0.0,1.0,0.9681,-0.2507,58.0
681,681,2012-12-10,63,0,33,19,30,11246,Monday,3,12,2012,,,,,1,0,0,1.25,1.48,1.58,1.58,2.68,10,0,0,6.0,0.4339,-0.901,-0.0,1.0,0.8978,-0.4404,30.0
682,682,2012-12-11,46,25,33,15,36,11246,Tuesday,4,12,2012,,,,,0,1,1,1.25,1.48,1.58,1.58,2.68,11,0,0,5.0,-0.4339,-0.901,-0.0,1.0,0.7908,-0.6121,36.0
683,683,2012-12-12,64,122,52,28,50,11246,Wednesday,5,12,2012,,,,,0,1,1,1.25,1.48,1.58,1.58,2.68,12,0,0,4.0,-0.9749,-0.2225,-0.0,1.0,0.6514,-0.7588,50.0
684,684,2012-12-13,71,86,44,26,36,11246,Thursday,6,12,2012,,,,,0,1,0,1.25,1.48,1.58,1.58,2.68,13,0,0,3.0,-0.7818,0.6235,-0.0,1.0,0.4853,-0.8743,36.0
685,685,2012-12-14,117,61,38,28,39,11246,Friday,7,12,2012,,,,,0,0,1,1.25,1.48,1.58,1.58,2.68,14,0,0,2.0,-0.0,1.0,-0.0,1.0,0.2994,-0.9541,39.0
686,686,2012-12-15,107,95,69,36,53,11247,Saturday,1,12,2012,,,,,0,1,1,1.25,1.48,1.58,1.58,2.68,15,1,0,1.0,0.7818,0.6235,-0.0,1.0,0.1012,-0.9949,53.0
687,687,2012-12-16,100,89,59,32,46,11247,Sunday,2,12,2012,Chanukah End,Religious,,,0,0,0,1.25,1.48,1.58,1.58,2.68,16,1,1,0.0,0.9749,-0.2225,-0.0,1.0,-0.1012,-0.9949,46.0
688,688,2012-12-17,57,65,45,26,33,11247,Monday,3,12,2012,,,,,0,0,0,1.25,1.48,1.58,1.58,2.68,17,0,0,8.0,0.4339,-0.901,-0.0,1.0,-0.2994,-0.9541,33.0
689,689,2012-12-18,75,40,36,17,35,11247,Tuesday,4,12,2012,,,,,0,0,0,1.25,1.48,1.58,1.58,2.68,18,0,0,7.0,-0.4339,-0.901,-0.0,1.0,-0.4853,-0.8743,35.0
690,690,2012-12-19,83,57,53,26,20,11247,Wednesday,5,12,2012,,,,,0,0,0,1.25,1.48,1.58,1.58,2.68,19,0,0,6.0,-0.9749,-0.2225,-0.0,1.0,-0.6514,-0.7588,20.0
691,691,2012-12-20,68,73,58,23,21,11247,Thursday,6,12,2012,,,,,0,0,0,1.25,1.48,1.58,1.58,2.68,20,0,0,5.0,-0.7818,0.6235,-0.0,1.0,-0.7908,-0.6121,21.0
692,692,2012-12-21,65,109,52,24,24,11247,Friday,7,12,2012,,,,,0,0,0,1.25,1.48,1.58,1.58,2.68,21,0,0,4.0,-0.0,1.0,-0.0,1.0,-0.8978,-0.4404,24.0
693,693,2012-12-22,105,127,77,32,30,11248,Saturday,1,12,2012,,,,,0,0,0,1.25,1.48,1.58,1.58,2.68,22,1,0,3.0,0.7818,0.6235,-0.0,1.0,-0.9681,-0.2507,30.0
694,694,2012-12-23,114,158,69,40,27,11248,Sunday,2,12,2012,,,,,0,0,0,1.25,1.48,1.58,1.58,2.68,23,1,0,2.0,0.9749,-0.2225,-0.0,1.0,-0.9987,-0.0506,27.0
695,695,2012-12-24,86,180,46,26,26,11248,Monday,3,12,2012,,,,,0,0,0,1.25,1.48,1.58,1.58,2.68,24,0,0,1.0,0.4339,-0.901,-0.0,1.0,-0.9885,0.1514,26.0
696,696,2012-12-25,0,0,0,0,0,11248,Tuesday,4,12,2012,Christmas,National,,,0,0,0,1.25,1.48,1.58,1.58,2.68,25,0,1,0.0,-0.4339,-0.901,-0.0,1.0,-0.9378,0.3473,
697,697,2012-12-26,74,111,35,17,17,11248,Wednesday,5,12,2012,,,,,0,0,0,1.25,1.48,1.58,1.58,2.68,26,0,0,6.0,-0.9749,-0.2225,-0.0,1.0,-0.8486,0.529,17.0
698,698,2012-12-27,48,13,31,19,30,11248,Thursday,6,12,2012,,,,,0,0,0,1.25,1.48,1.58,1.58,2.68,27,0,0,5.0,-0.7818,0.6235,-0.0,1.0,-0.7248,0.689,30.0
699,699,2012-12-28,58,98,42,19,22,11248,Friday,7,12,2012,,,,,0,0,0,1.25,1.48,1.58,1.58,2.68,28,0,0,4.0,-0.0,1.0,-0.0,1.0,-0.5713,0.8208,22.0
700,700,2012-12-29,74,86,29,10,29,11249,Saturday,1,12,2012,,,,,0,0,0,1.25,1.48,1.58,1.58,2.68,29,1,0,3.0,0.7818,0.6235,-0.0,1.0,-0.3944,0.919,29.0
701,701,2012-12-30,52,132,50,17,34,11249,Sunday,2,12,2012,,,,,0,0,0,1.25,1.48,1.58,1.58,2.68,30,1,0,2.0,0.9749,-0.2225,-0.0,1.0,-0.2013,0.9795,34.0
702,702,2012-12-31,53,159,55,13,47,11249,Monday,3,12,2012,,,,,0,0,0,1.25,1.48,1.58,1.58,2.68,31,0,0,1.0,0.4339,-0.901,-0.0,1.0,-0.0,1.0,47.0
703,703,2013-01-01,51,56,31,17,26,11249,Tuesday,4,1,2013,NewYear,National,,,1,1,0,1.25,1.48,1.58,1.58,2.68,1,0,1,0.0,-0.4339,-0.901,0.5,0.866,0.2013,0.9795,26.0
704,704,2013-01-02,40,48,27,6,21,11249,Wednesday,5,1,2013,,,,,1,0,1,1.25,1.48,1.58,1.58,2.68,2,0,0,5.0,-0.9749,-0.2225,0.5,0.866,0.3944,0.919,21.0
705,705,2013-01-03,46,99,48,22,23,11249,Thursday,6,1,2013,,,,,1,1,1,1.25,1.48,1.58,1.58,2.68,3,0,0,4.0,-0.7818,0.6235,0.5,0.866,0.5713,0.8208,23.0
706,706,2013-01-04,35,63,40,12,15,11249,Friday,7,1,2013,,,,,1,0,0,1.25,1.48,1.58,1.58,2.68,4,0,0,3.0,-0.0,1.0,0.5,0.866,0.7248,0.689,15.0
707,707,2013-01-05,83,133,47,15,2,11250,Saturday,1,1,2013,,,,,1,1,1,1.25,1.48,1.58,1.58,2.68,5,1,0,2.0,0.7818,0.6235,0.5,0.866,0.8486,0.529,2.0
708,708,2013-01-06,63,82,29,18,24,11250,Sunday,2,1,2013,,,,,1,1,1,1.25,1.48,1.58,1.58,2.68,6,1,0,1.0,0.9749,-0.2225,0.5,0.866,0.9378,0.3473,24.0
709,709,2013-01-07,57,54,43,15,16,11250,Monday,3,1,2013,OrthodoxChristmas,Religious,,,1,1,0,1.25,1.48,1.58,1.58,2.68,7,0,1,0.0,0.4339,-0.901,0.5,0.866,0.9885,0.1514,16.0
710,710,2013-01-08,36,73,20,18,14,11250,Tuesday,4,1,2013,,,,,1,0,1,1.25,1.48,1.58,1.58,2.68,8,0,0,13.0,-0.4339,-0.901,0.5,0.866,0.9987,-0.0506,14.0
711,711,2013-01-09,49,61,35,16,21,11250,Wednesday,5,1,2013,,,,,1,1,1,1.25,1.48,1.58,1.58,2.68,9,0,0,12.0,-0.9749,-0.2225,0.5,0.866,0.9681,-0.2507,21.0
712,712,2013-01-10,57,145,30,12,24,11250,Thursday,6,1,2013,,,,,1,0,0,1.25,1.48,1.58,1.58,2.68,10,0,0,11.0,-0.7818,0.6235,0.5,0.866,0.8978,-0.4404,24.0
713,713,2013-01-11,71,66,49,23,33,11250,Friday,7,1,2013,,,,,0,1,1,1.25,1.48,1.58,1.58,2.68,11,0,0,10.0,-0.0,1.0,0.5,0.866,0.7908,-0.6121,33.0
714,714,2013-01-12,78,62,49,19,35,11251,Saturday,1,1,2013,,,,,0,1,1,1.25,1.48,1.58,1.58,2.68,12,1,0,9.0,0.7818,0.6235,0.5,0.866,0.6514,-0.7588,35.0
715,715,2013-01-13,55,128,39,22,26,11251,Sunday,2,1,2013,,,,,0,1,0,1.25,1.48,1.58,1.58,2.68,13,1,0,8.0,0.9749,-0.2225,0.5,0.866,0.4853,-0.8743,26.0
716,716,2013-01-14,47,41,31,20,29,11251,Monday,3,1,2013,,,,,0,0,1,1.25,1.48,1.58,1.58,2.68,14,0,0,7.0,0.4339,-0.901,0.5,0.866,0.2994,-0.9541,29.0
717,717,2013-01-15,49,85,27,14,29,11251,Tuesday,4,1,2013,,,,,0,1,1,1.25,1.48,1.58,1.58,2.68,15,0,0,6.0,-0.4339,-0.901,0.5,0.866,0.1012,-0.9949,29.0
718,718,2013-01-16,55,46,25,23,30,11251,Wednesday,5,1,2013,,,,,0,0,0,1.25,1.48,1.58,1.58,2.68,16,0,0,5.0,-0.9749,-0.2225,0.5,0.866,-0.1012,-0.9949,30.0
719,719,2013-01-17,55,44,37,16,15,11251,Thursday,6,1,2013,,,,,0,0,0,1.25,1.48,1.58,1.58,2.68,17,0,0,4.0,-0.7818,0.6235,0.5,0.866,-0.2994,-0.9541,15.0
720,720,2013-01-18,61,135,47,16,32,11251,Friday,7,1,2013,,,,,0,0,0,1.25,1.48,1.58,1.58,2.68,18,0,0,3.0,-0.0,1.0,0.5,0.866,-0.4853,-0.8743,32.0
721,721,2013-01-19,86,101,42,28,39,11252,Saturday,1,1,2013,,,,,0,0,0,1.25,1.48,1.58,1.58,2.68,19,1,0,2.0,0.7818,0.6235,0.5,0.866,-0.6514,-0.7588,39.0
722,722,2013-01-20,71,208,52,20,40,11252,Sunday,2,1,2013,,,,,0,0,0,1.25,1.48,1.58,1.58,2.68,20,1,0,1.0,0.9749,-0.2225,0.5,0.866,-0.7908,-0.6121,40.0
723,723,2013-01-21,52,140,41,18,49,11252,Monday,3,1,2013,MartinLutherKingDay,National,,,0,0,0,1.25,1.48,1.58,1.58,2.68,21,0,1,0.0,0.4339,-0.901,0.5,0.866,-0.8978,-0.4404,49.0
724,724,2013-01-22,43,38,20,9,49,11252,Tuesday,4,1,2013,,,,,0,0,0,1.25,1.48,1.58,1.58,2.68,22,0,0,12.0,-0.4339,-0.901,0.5,0.866,-0.9681,-0.2507,49.0
725,725,2013-01-23,57,0,36,20,30,11252,Wednesday,5,1,2013,,,,,0,0,0,1.25,1.48,1.58,1.58,2.68,23,0,0,11.0,-0.9749,-0.2225,0.5,0.866,-0.9987,-0.0506,30.0
726,726,2013-01-24,58,9,31,19,37,11252,Thursday,6,1,2013,,,,,0,0,0,1.25,1.48,1.58,1.58,2.68,24,0,0,10.0,-0.7818,0.6235,0.5,0.866,-0.9885,0.1514,37.0
727,727,2013-01-25,36,17,45,21,19,11252,Friday,7,1,2013,,,,,0,0,0,1.25,1.48,1.58,1.58,2.68,25,0,0,9.0,-0.0,1.0,0.5,0.866,-0.9378,0.3473,19.0
728,728,2013-01-26,67,131,46,32,59,11301,Saturday,1,1,2013,,,,,0,0,0,1.38,1.48,1.58,1.58,2.68,26,1,0,8.0,0.7818,0.6235,0.5,0.866,-0.8486,0.529,59.0
729,729,2013-01-27,53,116,38,36,36,11301,Sunday,2,1,2013,,,,,0,0,0,1.38,1.48,1.58,1.58,2.68,27,1,0,7.0,0.9749,-0.2225,0.5,0.866,-0.7248,0.689,36.0
730,730,2013-01-28,51,76,27,21,28,11301,Monday,3,1,2013,,,,,0,0,0,1.38,1.48,1.58,1.58,2.68,28,0,0,6.0,0.4339,-0.901,0.5,0.866,-0.5713,0.8208,28.0
731,731,2013-01-29,47,62,30,9,25,11301,Tuesday,4,1,2013,,,,,0,0,0,1.38,1.48,1.58,1.58,2.68,29,0,0,5.0,-0.4339,-0.901,0.5,0.866,-0.3944,0.919,25.0
732,732,2013-01-30,39,53,33,13,4,11301,Wednesday,5,1,2013,,,,,0,0,0,1.38,1.48,1.58,1.58,2.68,30,0,0,4.0,-0.9749,-0.2225,0.5,0.866,-0.2013,0.9795,4.0
733,733,2013-01-31,51,57,36,12,0,11301,Thursday,6,1,2013,,,,,0,0,0,1.38,1.48,1.58,1.58,2.68,31,0,0,3.0,-0.7818,0.6235,0.5,0.866,-0.0,1.0,
734,734,2013-02-01,56,87,48,32,0,11301,Friday,7,2,2013,,,,,1,1,0,1.38,1.48,1.58,1.58,2.68,1,0,0,2.0,-0.0,1.0,0.866,0.5,0.2013,0.9795,
735,735,2013-02-02,86,144,50,48,0,11302,Saturday,1,2,2013,,,,,1,0,1,1.38,1.48,1.58,1.58,2.68,2,1,0,1.0,0.7818,0.6235,0.866,0.5,0.3944,0.919,
736,736,2013-02-03,85,159,55,26,0,11302,Sunday,2,2,2013,SuperBowl,Sporting,,,1,1,1,1.38,1.48,1.58,1.58,2.68,3,1,1,0.0,0.9749,-0.2225,0.866,0.5,0.5713,0.8208,
737,737,2013-02-04,45,100,20,14,0,11302,Monday,3,2,2013,,,,,1,0,0,1.38,1.48,1.58,1.58,2.68,4,0,0,9.0,0.4339,-0.901,0.866,0.5,0.7248,0.689,
738,738,2013-02-05,55,73,39,21,0,11302,Tuesday,4,2,2013,,,,,1,1,1,1.38,1.48,1.58,1.58,2.68,5,0,0,8.0,-0.4339,-0.901,0.866,0.5,0.8486,0.529,
739,739,2013-02-06,61,50,47,24,0,11302,Wednesday,5,2,2013,,,,,1,1,1,1.38,1.48,1.58,1.58,2.68,6,0,0,7.0,-0.9749,-0.2225,0.866,0.5,0.9378,0.3473,
740,740,2013-02-07,62,64,47,25,0,11302,Thursday,6,2,2013,,,,,1,1,0,1.38,1.48,1.58,1.58,2.68,7,0,0,6.0,-0.7818,0.6235,0.866,0.5,0.9885,0.1514,
741,741,2013-02-08,66,103,50,29,0,11302,Friday,7,2,2013,,,,,1,0,1,1.38,1.48,1.58,1.58,2.68,8,0,0,5.0,-0.0,1.0,0.866,0.5,0.9987,-0.0506,
742,742,2013-02-09,90,100,43,35,0,11303,Saturday,1,2,2013,,,,,1,1,1,1.38,1.48,1.58,1.58,2.68,9,1,0,4.0,0.7818,0.6235,0.866,0.5,0.9681,-0.2507,
743,743,2013-02-10,58,89,51,33,0,11303,Sunday,2,2,2013,,,,,1,0,0,1.38,1.48,1.58,1.58,2.68,10,1,0,3.0,0.9749,-0.2225,0.866,0.5,0.8978,-0.4404,
744,744,2013-02-11,68,58,29,24,0,11303,Monday,3,2,2013,,,,,0,1,1,1.38,1.48,1.58,1.58,2.68,11,0,0,2.0,0.4339,-0.901,0.866,0.5,0.7908,-0.6121,
745,745,2013-02-12,27,52,56,28,0,11303,Tuesday,4,2,2013,,,,,0,1,1,1.38,1.48,1.58,1.58,2.68,12,0,0,1.0,-0.4339,-0.901,0.866,0.5,0.6514,-0.7588,
746,746,2013-02-13,0,95,44,34,0,11303,Wednesday,5,2,2013,LentStart,Religious,,,0,1,0,1.38,1.48,1.58,1.58,2.68,13,0,1,0.0,-0.9749,-0.2225,0.866,0.5,0.4853,-0.8743,
747,747,2013-02-14,0,0,50,21,0,11303,Thursday,6,2,2013,ValentinesDay,Cultural,,,0,0,1,1.38,1.48,1.58,1.58,2.68,14,0,1,0.0,-0.7818,0.6235,0.866,0.5,0.2994,-0.9541,
748,748,2013-02-15,39,67,44,32,0,11303,Friday,7,2,2013,,,,,0,1,1,1.38,1.48,1.58,1.58,2.68,15,0,0,3.0,-0.0,1.0,0.866,0.5,0.1012,-0.9949,
749,749,2013-02-16,85,86,53,47,0,11304,Saturday,1,2,2013,,,,,0,0,0,1.38,1.48,1.58,1.58,2.68,16,1,0,2.0,0.7818,0.6235,0.866,0.5,-0.1012,-0.9949,
750,750,2013-02-17,84,112,64,38,0,11304,Sunday,2,2,2013,,,,,0,0,0,1.38,1.48,1.58,1.58,2.68,17,1,0,1.0,0.9749,-0.2225,0.866,0.5,-0.2994,-0.9541,
751,751,2013-02-18,75,53,30,24,0,11304,Monday,3,2,2013,PresidentsDay,National,,,0,0,0,1.38,1.48,1.58,1.58,2.68,18,0,1,0.0,0.4339,-0.901,0.866,0.5,-0.4853,-0.8743,
752,752,2013-02-19,60,49,48,18,0,11304,Tuesday,4,2,2013,,,,,0,0,0,1.38,1.48,1.58,1.58,2.68,19,0,0,1.0,-0.4339,-0.901,0.866,0.5,-0.6514,-0.7588,
753,753,2013-02-20,44,81,32,15,0,11304,Wednesday,5,2,2013,LentWeek2,Religious,,,0,0,0,1.38,1.48,1.58,1.58,2.68,20,0,1,0.0,-0.9749,-0.2225,0.866,0.5,-0.7908,-0.6121,
754,754,2013-02-21,49,60,52,19,0,11304,Thursday,6,2,2013,,,,,0,0,0,1.38,1.48,1.58,1.58,2.68,21,0,0,3.0,-0.7818,0.6235,0.866,0.5,-0.8978,-0.4404,
755,755,2013-02-22,37,71,21,32,0,11304,Friday,7,2,2013,,,,,0,0,0,1.38,1.48,1.58,1.58,2.68,22,0,0,2.0,-0.0,1.0,0.866,0.5,-0.9681,-0.2507,
756,756,2013-02-23,58,67,38,33,0,11305,Saturday,1,2,2013,,,,,0,0,0,1.38,1.48,1.58,1.58,2.68,23,1,0,1.0,0.7818,0.6235,0.866,0.5,-0.9987,-0.0506,
757,757,2013-02-24,73,111,62,31,0,11305,Sunday,2,2,2013,Purim End,Religious,,,0,0,0,1.38,1.48,1.58,1.58,2.68,24,1,1,0.0,0.9749,-0.2225,0.866,0.5,-0.9885,0.1514,
758,758,2013-02-25,45,62,44,19,0,11305,Monday,3,2,2013,,,,,0,0,0,1.38,1.48,1.58,1.58,2.68,25,0,0,20.0,0.4339,-0.901,0.866,0.5,-0.9378,0.3473,
759,759,2013-02-26,57,49,35,23,0,11305,Tuesday,4,2,2013,,,,,0,0,0,1.38,1.48,1.58,1.58,2.68,26,0,0,19.0,-0.4339,-0.901,0.866,0.5,-0.8486,0.529,
760,760,2013-02-27,54,42,32,24,0,11305,Wednesday,5,2,2013,,,,,0,0,0,1.38,1.48,1.58,1.58,2.68,27,0,0,18.0,-0.9749,-0.2225,0.866,0.5,-0.7248,0.689,
761,761,2013-02-28,42,53,28,21,0,11305,Thursday,6,2,2013,,,,,0,0,0,1.38,1.48,1.58,1.58,2.68,28,0,0,17.0,-0.7818,0.6235,0.866,0.5,-0.5713,0.8208,
762,762,2013-03-01,62,120,49,17,0,11305,Friday,7,3,2013,,,,,1,1,0,1.38,1.48,1.58,1.58,2.68,1,0,0,16.0,-0.0,1.0,1.0,0.0,0.2013,0.9795,
763,763,2013-03-02,67,115,55,30,0,11306,Saturday,1,3,2013,,,,,1,0,1,1.38,1.48,1.58,1.58,2.68,2,1,0,15.0,0.7818,0.6235,1.0,0.0,0.3944,0.919,
764,764,2013-03-03,89,86,65,33,0,11306,Sunday,2,3,2013,,,,,1,1,1,1.38,1.48,1.58,1.58,2.68,3,1,0,14.0,0.9749,-0.2225,1.0,0.0,0.5713,0.8208,
765,765,2013-03-04,52,81,0,28,0,11306,Monday,3,3,2013,,,,,1,0,0,1.38,1.48,1.58,1.58,2.68,4,0,0,13.0,0.4339,-0.901,1.0,0.0,0.7248,0.689,
766,766,2013-03-05,43,41,0,16,0,11306,Tuesday,4,3,2013,,,,,1,1,1,1.38,1.48,1.58,1.58,2.68,5,0,0,12.0,-0.4339,-0.901,1.0,0.0,0.8486,0.529,
767,767,2013-03-06,81,0,0,24,0,11306,Wednesday,5,3,2013,,,,,1,1,1,1.38,1.48,1.58,1.58,2.68,6,0,0,11.0,-0.9749,-0.2225,1.0,0.0,0.9378,0.3473,
768,768,2013-03-07,51,0,0,24,0,11306,Thursday,6,3,2013,,,,,1,1,0,1.38,1.48,1.58,1.58,2.68,7,0,0,10.0,-0.7818,0.6235,1.0,0.0,0.9885,0.1514,
769,769,2013-03-08,29,0,0,13,0,11306,Friday,7,3,2013,,,,,1,0,1,1.38,1.48,1.58,1.58,2.68,8,0,0,9.0,-0.0,1.0,1.0,0.0,0.9987,-0.0506,
770,770,2013-03-09,70,0,0,41,0,11307,Saturday,1,3,2013,,,,,1,1,1,1.38,1.48,1.58,1.58,2.68,9,1,0,8.0,0.7818,0.6235,1.0,0.0,0.9681,-0.2507,
771,771,2013-03-10,50,0,0,31,0,11307,Sunday,2,3,2013,,,,,1,0,0,1.38,1.48,1.58,1.58,2.68,10,1,0,7.0,0.9749,-0.2225,1.0,0.0,0.8978,-0.4404,
772,772,2013-03-11,46,0,0,17,0,11307,Monday,3,3,2013,,,,,0,1,1,1.38,1.48,1.58,1.58,2.68,11,0,0,6.0,0.4339,-0.901,1.0,0.0,0.7908,-0.6121,
773,773,2013-03-12,53,0,0,31,0,11307,Tuesday,4,3,2013,,,,,0,1,1,1.38,1.48,1.58,1.58,2.68,12,0,0,5.0,-0.4339,-0.901,1.0,0.0,0.6514,-0.7588,
774,774,2013-03-13,4,0,0,29,0,11307,Wednesday,5,3,2013,,,,,0,1,0,1.38,1.48,1.58,1.58,2.68,13,0,0,4.0,-0.9749,-0.2225,1.0,0.0,0.4853,-0.8743,
775,775,2013-03-14,0,0,0,33,0,11307,Thursday,6,3,2013,,,,,0,0,1,1.38,1.48,1.58,1.58,2.68,14,0,0,3.0,-0.7818,0.6235,1.0,0.0,0.2994,-0.9541,
776,776,2013-03-15,0,0,0,40,0,11307,Friday,7,3,2013,,,,,0,1,1,1.38,1.48,1.58,1.58,2.68,15,0,0,2.0,-0.0,1.0,1.0,0.0,0.1012,-0.9949,
777,777,2013-03-16,0,0,0,31,0,11308,Saturday,1,3,2013,,,,,0,0,0,1.38,1.48,1.58,1.58,2.68,16,1,0,1.0,0.7818,0.6235,1.0,0.0,-0.1012,-0.9949,
778,778,2013-03-17,0,0,0,43,0,11308,Sunday,2,3,2013,StPatricksDay,Cultural,,,0,0,0,1.38,1.48,1.58,1.58,2.68,17,1,1,0.0,0.9749,-0.2225,1.0,0.0,-0.2994,-0.9541,
779,779,2013-03-18,0,0,0,46,0,11308,Monday,3,3,2013,,,,,0,0,0,1.38,1.48,1.58,1.58,2.68,18,0,0,13.0,0.4339,-0.901,1.0,0.0,-0.4853,-0.8743,
780,780,2013-03-19,0,0,0,9,0,11308,Tuesday,4,3,2013,,,,,0,0,0,1.38,1.48,1.58,1.58,2.68,19,0,0,12.0,-0.4339,-0.901,1.0,0.0,-0.6514,-0.7588,
781,781,2013-03-20,26,22,13,15,0,11308,Wednesday,5,3,2013,,,,,0,0,0,1.38,1.48,1.58,1.58,2.68,20,0,0,11.0,-0.9749,-0.2225,1.0,0.0,-0.7908,-0.6121,
782,782,2013-03-21,41,81,33,25,0,11308,Thursday,6,3,2013,,,,,0,0,0,1.38,1.48,1.58,1.58,2.68,21,0,0,10.0,-0.7818,0.6235,1.0,0.0,-0.8978,-0.4404,
783,783,2013-03-22,34,44,44,18,0,11308,Friday,7,3,2013,,,,,0,0,0,1.38,1.48,1.58,1.58,2.68,22,0,0,9.0,-0.0,1.0,1.0,0.0,-0.9681,-0.2507,
784,784,2013-03-23,56,82,51,23,0,11309,Saturday,1,3,2013,,,,,0,0,0,1.38,1.48,1.58,1.58,2.68,23,1,0,8.0,0.7818,0.6235,1.0,0.0,-0.9987,-0.0506,
785,785,2013-03-24,61,47,31,34,0,11309,Sunday,2,3,2013,,,,,0,0,0,1.38,1.48,1.58,1.58,2.68,24,1,0,7.0,0.9749,-0.2225,1.0,0.0,-0.9885,0.1514,
786,786,2013-03-25,49,24,40,18,0,11309,Monday,3,3,2013,,,,,0,0,0,1.38,1.48,1.58,1.58,2.68,25,0,0,6.0,0.4339,-0.901,1.0,0.0,-0.9378,0.3473,
787,787,2013-03-26,44,38,23,12,0,11309,Tuesday,4,3,2013,,,,,0,0,0,1.38,1.48,1.58,1.58,2.68,26,0,0,5.0,-0.4339,-0.901,1.0,0.0,-0.8486,0.529,
788,788,2013-03-27,53,42,29,25,0,11309,Wednesday,5,3,2013,,,,,0,0,0,1.38,1.48,1.58,1.58,2.68,27,0,0,4.0,-0.9749,-0.2225,1.0,0.0,-0.7248,0.689,
789,789,2013-03-28,40,54,37,14,0,11309,Thursday,6,3,2013,,,,,0,0,0,1.38,1.48,1.58,1.58,2.68,28,0,0,3.0,-0.7818,0.6235,1.0,0.0,-0.5713,0.8208,
790,790,2013-03-29,68,59,71,33,0,11309,Friday,7,3,2013,,,,,0,0,0,1.38,1.48,1.58,1.58,2.68,29,0,0,2.0,-0.0,1.0,1.0,0.0,-0.3944,0.919,
791,791,2013-03-30,76,89,54,37,0,11310,Saturday,1,3,2013,,,,,0,0,0,1.38,1.48,1.58,1.58,2.68,30,1,0,1.0,0.7818,0.6235,1.0,0.0,-0.2013,0.9795,
792,792,2013-03-31,90,106,47,40,0,11310,Sunday,2,3,2013,Easter,Cultural,,,0,0,0,1.38,1.48,1.58,1.58,2.68,31,1,1,0.0,0.9749,-0.2225,1.0,0.0,-0.0,1.0,
793,793,2013-04-01,59,44,0,19,0,11310,Monday,3,4,2013,,,,,1,1,0,1.38,1.48,1.58,1.58,2.68,1,0,0,1.0,0.4339,-0.901,0.866,-0.5,0.2013,0.9795,
794,794,2013-04-02,38,42,0,30,0,11310,Tuesday,4,4,2013,Pesach End,Religious,,,1,0,1,1.38,1.48,1.58,1.58,2.68,2,0,1,0.0,-0.4339,-0.901,0.866,-0.5,0.3944,0.919,
795,795,2013-04-03,32,57,0,22,0,11310,Wednesday,5,4,2013,,,,,1,1,1,1.38,1.48,1.58,1.58,2.68,3,0,0,32.0,-0.9749,-0.2225,0.866,-0.5,0.5713,0.8208,
796,796,2013-04-04,35,58,0,15,0,11310,Thursday,6,4,2013,,,,,1,0,0,1.38,1.48,1.58,1.58,2.68,4,0,0,31.0,-0.7818,0.6235,0.866,-0.5,0.7248,0.689,
797,797,2013-04-05,49,54,0,31,0,11310,Friday,7,4,2013,,,,,1,1,1,1.38,1.48,1.58,1.58,2.68,5,0,0,30.0,-0.0,1.0,0.866,-0.5,0.8486,0.529,
798,798,2013-04-06,55,35,0,30,0,11311,Saturday,1,4,2013,,,,,1,1,1,1.38,1.48,1.58,1.58,2.68,6,1,0,29.0,0.7818,0.6235,0.866,-0.5,0.9378,0.3473,
799,799,2013-04-07,61,12,6,46,0,11311,Sunday,2,4,2013,,,,,1,1,0,1.38,1.48,1.58,1.58,2.68,7,1,0,28.0,0.9749,-0.2225,0.866,-0.5,0.9885,0.1514,
800,800,2013-04-08,47,34,29,20,0,11311,Monday,3,4,2013,,,,,1,0,1,1.38,1.48,1.58,1.58,2.68,8,0,0,27.0,0.4339,-0.901,0.866,-0.5,0.9987,-0.0506,
801,801,2013-04-09,46,42,40,31,0,11311,Tuesday,4,4,2013,,,,,1,1,1,1.38,1.48,1.58,1.58,2.68,9,0,0,26.0,-0.4339,-0.901,0.866,-0.5,0.9681,-0.2507,
802,802,2013-04-10,46,77,25,7,0,11311,Wednesday,5,4,2013,,,,,1,0,0,1.38,1.48,1.58,1.58,2.68,10,0,0,25.0,-0.9749,-0.2225,0.866,-0.5,0.8978,-0.4404,
803,803,2013-04-11,43,54,38,22,0,11311,Thursday,6,4,2013,,,,,0,1,1,1.38,1.48,1.58,1.58,2.68,11,0,0,24.0,-0.7818,0.6235,0.866,-0.5,0.7908,-0.6121,
804,804,2013-04-12,51,48,43,31,0,11311,Friday,7,4,2013,,,,,0,1,1,1.38,1.48,1.58,1.58,2.68,12,0,0,23.0,-0.0,1.0,0.866,-0.5,0.6514,-0.7588,
805,805,2013-04-13,73,60,61,49,0,11312,Saturday,1,4,2013,,,,,0,1,0,1.38,1.48,1.58,1.58,2.68,13,1,0,22.0,0.7818,0.6235,0.866,-0.5,0.4853,-0.8743,
806,806,2013-04-14,56,0,43,31,0,11312,Sunday,2,4,2013,,,,,0,0,1,1.38,1.48,1.58,1.58,2.68,14,1,0,21.0,0.9749,-0.2225,0.866,-0.5,0.2994,-0.9541,
807,807,2013-04-15,57,30,41,32,0,11312,Monday,3,4,2013,,,,,0,1,1,1.38,1.48,1.58,1.58,2.68,15,0,0,20.0,0.4339,-0.901,0.866,-0.5,0.1012,-0.9949,
808,808,2013-04-16,28,36,24,18,0,11312,Tuesday,4,4,2013,,,,,0,0,0,1.38,1.48,1.58,1.58,2.68,16,0,0,19.0,-0.4339,-0.901,0.866,-0.5,-0.1012,-0.9949,
809,809,2013-04-17,51,35,25,9,0,11312,Wednesday,5,4,2013,,,,,0,0,0,1.38,1.48,1.58,1.58,2.68,17,0,0,18.0,-0.9749,-0.2225,0.866,-0.5,-0.2994,-0.9541,
810,810,2013-04-18,34,31,23,9,0,11312,Thursday,6,4,2013,,,,,0,0,0,1.38,1.48,1.58,1.58,2.68,18,0,0,17.0,-0.7818,0.6235,0.866,-0.5,-0.4853,-0.8743,
811,811,2013-04-19,51,41,35,28,0,11312,Friday,7,4,2013,,,,,0,0,0,1.38,1.48,1.58,1.58,2.68,19,0,0,16.0,-0.0,1.0,0.866,-0.5,-0.6514,-0.7588,
812,812,2013-04-20,65,63,37,40,0,11313,Saturday,1,4,2013,,,,,0,0,0,1.38,1.48,1.58,1.58,2.68,20,1,0,15.0,0.7818,0.6235,0.866,-0.5,-0.7908,-0.6121,
813,813,2013-04-21,53,56,45,19,0,11313,Sunday,2,4,2013,,,,,0,0,0,1.38,1.48,1.58,1.58,2.68,21,1,0,14.0,0.9749,-0.2225,0.866,-0.5,-0.8978,-0.4404,
814,814,2013-04-22,45,56,31,17,0,11313,Monday,3,4,2013,,,,,0,0,0,1.38,1.48,1.58,1.58,2.68,22,0,0,13.0,0.4339,-0.901,0.866,-0.5,-0.9681,-0.2507,
815,815,2013-04-23,42,48,31,19,0,11313,Tuesday,4,4,2013,,,,,0,0,0,1.38,1.48,1.58,1.58,2.68,23,0,0,12.0,-0.4339,-0.901,0.866,-0.5,-0.9987,-0.0506,
816,816,2013-04-24,34,30,24,22,0,11313,Wednesday,5,4,2013,,,,,0,0,0,1.38,1.48,1.58,1.58,2.68,24,0,0,11.0,-0.9749,-0.2225,0.866,-0.5,-0.9885,0.1514,
817,817,2013-04-25,52,27,43,29,0,11313,Thursday,6,4,2013,,,,,0,0,0,1.38,1.48,1.58,1.58,2.68,25,0,0,10.0,-0.7818,0.6235,0.866,-0.5,-0.9378,0.3473,
818,818,2013-04-26,41,68,29,34,0,11313,Friday,7,4,2013,,,,,0,0,0,1.38,1.48,1.58,1.58,2.68,26,0,0,9.0,-0.0,1.0,0.866,-0.5,-0.8486,0.529,
819,819,2013-04-27,44,42,37,17,0,11314,Saturday,1,4,2013,,,,,0,0,0,1.38,1.48,1.58,1.58,2.68,27,1,0,8.0,0.7818,0.6235,0.866,-0.5,-0.7248,0.689,
820,820,2013-04-28,63,53,49,33,0,11314,Sunday,2,4,2013,,,,,0,0,0,1.38,1.48,1.58,1.58,2.68,28,1,0,7.0,0.9749,-0.2225,0.866,-0.5,-0.5713,0.8208,
821,821,2013-04-29,45,38,20,18,0,11314,Monday,3,4,2013,,,,,0,0,0,1.38,1.48,1.58,1.58,2.68,29,0,0,6.0,0.4339,-0.901,0.866,-0.5,-0.3944,0.919,
822,822,2013-04-30,43,27,24,27,0,11314,Tuesday,4,4,2013,,,,,0,0,0,1.38,1.48,1.58,1.58,2.68,30,0,0,5.0,-0.4339,-0.901,0.866,-0.5,-0.2013,0.9795,
823,823,2013-05-01,56,38,47,35,0,11314,Wednesday,5,5,2013,,,,,1,1,0,1.38,1.48,1.58,1.58,2.68,1,0,0,4.0,-0.9749,-0.2225,0.5,-0.866,0.2013,0.9795,
824,824,2013-05-02,30,61,21,19,0,11314,Thursday,6,5,2013,,,,,1,0,1,1.38,1.48,1.58,1.58,2.68,2,0,0,3.0,-0.7818,0.6235,0.5,-0.866,0.3944,0.919,
825,825,2013-05-03,46,42,32,18,0,11314,Friday,7,5,2013,,,,,1,1,1,1.38,1.48,1.58,1.58,2.68,3,0,0,2.0,-0.0,1.0,0.5,-0.866,0.5713,0.8208,
826,826,2013-05-04,84,48,54,31,0,11315,Saturday,1,5,2013,,,,,1,0,0,1.38,1.48,1.58,1.58,2.68,4,1,0,1.0,0.7818,0.6235,0.5,-0.866,0.7248,0.689,
827,827,2013-05-05,67,62,50,35,0,11315,Sunday,2,5,2013,OrthodoxEaster,Religious,Cinco De Mayo,Cultural,1,1,1,1.38,1.48,1.58,1.58,2.68,5,1,1,0.0,0.9749,-0.2225,0.5,-0.866,0.8486,0.529,
828,828,2013-05-06,55,41,48,38,0,11315,Monday,3,5,2013,,,,,1,1,1,1.38,1.48,1.58,1.58,2.68,6,0,0,6.0,0.4339,-0.901,0.5,-0.866,0.9378,0.3473,
829,829,2013-05-07,54,45,26,24,0,11315,Tuesday,4,5,2013,,,,,1,1,0,1.38,1.48,1.58,1.58,2.68,7,0,0,5.0,-0.4339,-0.901,0.5,-0.866,0.9885,0.1514,
830,830,2013-05-08,45,48,28,22,0,11315,Wednesday,5,5,2013,,,,,1,0,1,1.38,1.48,1.58,1.58,2.68,8,0,0,4.0,-0.9749,-0.2225,0.5,-0.866,0.9987,-0.0506,
831,831,2013-05-09,48,46,30,40,0,11315,Thursday,6,5,2013,,,,,1,1,1,1.38,1.48,1.58,1.58,2.68,9,0,0,3.0,-0.7818,0.6235,0.5,-0.866,0.9681,-0.2507,
832,832,2013-05-10,47,44,36,36,0,11315,Friday,7,5,2013,,,,,1,0,0,1.38,1.48,1.58,1.58,2.68,10,0,0,2.0,-0.0,1.0,0.5,-0.866,0.8978,-0.4404,
833,833,2013-05-11,49,0,57,27,0,11316,Saturday,1,5,2013,,,,,0,1,1,1.0,1.48,1.58,1.58,2.68,11,1,0,1.0,0.7818,0.6235,0.5,-0.866,0.7908,-0.6121,
834,834,2013-05-12,78,0,43,43,0,11316,Sunday,2,5,2013,Mother's day,Cultural,,,0,1,1,1.0,1.48,1.58,1.58,2.68,12,1,1,0.0,0.9749,-0.2225,0.5,-0.866,0.6514,-0.7588,
835,835,2013-05-13,64,0,42,41,0,11316,Monday,3,5,2013,,,,,0,1,0,1.0,1.48,1.58,1.58,2.68,13,0,0,14.0,0.4339,-0.901,0.5,-0.866,0.4853,-0.8743,
836,836,2013-05-14,47,2,40,45,0,11316,Tuesday,4,5,2013,,,,,0,0,1,1.0,1.48,1.58,1.58,2.68,14,0,0,13.0,-0.4339,-0.901,0.5,-0.866,0.2994,-0.9541,
837,837,2013-05-15,35,91,45,21,0,11316,Wednesday,5,5,2013,,,,,0,1,1,1.0,1.48,1.58,1.58,2.68,15,0,0,12.0,-0.9749,-0.2225,0.5,-0.866,0.1012,-0.9949,
838,838,2013-05-16,50,172,34,31,0,11316,Thursday,6,5,2013,,,,,0,0,0,1.0,1.48,1.58,1.58,2.68,16,0,0,11.0,-0.7818,0.6235,0.5,-0.866,-0.1012,-0.9949,
839,839,2013-05-17,57,122,46,42,0,11316,Friday,7,5,2013,,,,,0,0,0,1.0,1.48,1.58,1.58,2.68,17,0,0,10.0,-0.0,1.0,0.5,-0.866,-0.2994,-0.9541,
840,840,2013-05-18,69,106,52,42,0,11317,Saturday,1,5,2013,,,,,0,0,0,1.0,1.48,1.58,1.58,2.68,18,1,0,9.0,0.7818,0.6235,0.5,-0.866,-0.4853,-0.8743,
841,841,2013-05-19,69,92,50,55,0,11317,Sunday,2,5,2013,,,,,0,0,0,1.0,1.48,1.58,1.58,2.68,19,1,0,8.0,0.9749,-0.2225,0.5,-0.866,-0.6514,-0.7588,
842,842,2013-05-20,47,170,33,25,0,11317,Monday,3,5,2013,,,,,0,0,0,1.0,1.48,1.58,1.58,2.68,20,0,0,7.0,0.4339,-0.901,0.5,-0.866,-0.7908,-0.6121,
843,843,2013-05-21,43,3,31,30,0,11317,Tuesday,4,5,2013,,,,,0,0,0,1.0,1.48,1.58,1.58,2.68,21,0,0,6.0,-0.4339,-0.901,0.5,-0.866,-0.8978,-0.4404,
844,844,2013-05-22,46,0,23,28,0,11317,Wednesday,5,5,2013,,,,,0,0,0,1.0,1.48,1.58,1.58,2.68,22,0,0,5.0,-0.9749,-0.2225,0.5,-0.866,-0.9681,-0.2507,
845,845,2013-05-23,57,0,43,39,0,11317,Thursday,6,5,2013,,,,,0,0,0,1.0,1.48,1.58,1.58,2.68,23,0,0,4.0,-0.7818,0.6235,0.5,-0.866,-0.9987,-0.0506,
846,846,2013-05-24,48,0,29,36,0,11317,Friday,7,5,2013,,,,,0,0,0,1.0,1.48,1.58,1.58,2.68,24,0,0,3.0,-0.0,1.0,0.5,-0.866,-0.9885,0.1514,
847,847,2013-05-25,64,66,42,35,0,11318,Saturday,1,5,2013,,,,,0,0,0,1.38,1.48,1.58,1.58,2.68,25,1,0,2.0,0.7818,0.6235,0.5,-0.866,-0.9378,0.3473,
848,848,2013-05-26,54,85,40,41,0,11318,Sunday,2,5,2013,,,,,0,0,0,1.38,1.48,1.58,1.58,2.68,26,1,0,1.0,0.9749,-0.2225,0.5,-0.866,-0.8486,0.529,
849,849,2013-05-27,43,123,45,38,0,11318,Monday,3,5,2013,MemorialDay,National,,,0,0,0,1.38,1.48,1.58,1.58,2.68,27,0,1,0.0,0.4339,-0.901,0.5,-0.866,-0.7248,0.689,
850,850,2013-05-28,51,35,28,27,0,11318,Tuesday,4,5,2013,,,,,0,0,0,1.38,1.48,1.58,1.58,2.68,28,0,0,9.0,-0.4339,-0.901,0.5,-0.866,-0.5713,0.8208,
851,851,2013-05-29,36,57,33,27,0,11318,Wednesday,5,5,2013,,,,,0,0,0,1.38,1.48,1.58,1.58,2.68,29,0,0,8.0,-0.9749,-0.2225,0.5,-0.866,-0.3944,0.919,
852,852,2013-05-30,40,29,21,28,0,11318,Thursday,6,5,2013,,,,,0,0,0,1.38,1.48,1.58,1.58,2.68,30,0,0,7.0,-0.7818,0.6235,0.5,-0.866,-0.2013,0.9795,
853,853,2013-05-31,49,57,44,26,0,11318,Friday,7,5,2013,,,,,0,0,0,1.38,1.48,1.58,1.58,2.68,31,0,0,6.0,-0.0,1.0,0.5,-0.866,-0.0,1.0,
854,854,2013-06-01,88,69,62,51,0,11319,Saturday,1,6,2013,,,,,1,1,0,1.38,1.48,1.58,1.58,2.68,1,1,0,5.0,0.7818,0.6235,0.0,-1.0,0.2013,0.9795,
855,855,2013-06-02,53,81,47,31,0,11319,Sunday,2,6,2013,,,,,1,0,1,1.38,1.48,1.58,1.58,2.68,2,1,0,4.0,0.9749,-0.2225,0.0,-1.0,0.3944,0.919,
856,856,2013-06-03,69,51,52,28,0,11319,Monday,3,6,2013,,,,,1,1,1,1.38,1.48,1.58,1.58,2.68,3,0,0,3.0,0.4339,-0.901,0.0,-1.0,0.5713,0.8208,
857,857,2013-06-04,63,13,36,43,0,11319,Tuesday,4,6,2013,,,,,1,0,0,1.38,1.48,1.58,1.58,2.68,4,0,0,2.0,-0.4339,-0.901,0.0,-1.0,0.7248,0.689,
858,858,2013-06-05,58,53,56,32,0,11319,Wednesday,5,6,2013,,,,,1,1,1,1.38,1.48,1.58,1.58,2.68,5,0,0,1.0,-0.9749,-0.2225,0.0,-1.0,0.8486,0.529,
859,859,2013-06-06,61,27,52,35,0,11319,Thursday,6,6,2013,NBAFinalsStart,Sporting,,,1,1,1,1.38,1.48,1.58,1.58,2.68,6,0,1,0.0,-0.7818,0.6235,0.0,-1.0,0.9378,0.3473,
860,860,2013-06-07,47,69,40,37,0,11319,Friday,7,6,2013,,,,,1,1,0,1.38,1.48,1.58,1.58,2.68,7,0,0,9.0,-0.0,1.0,0.0,-1.0,0.9885,0.1514,
861,861,2013-06-08,51,94,57,53,0,11320,Saturday,1,6,2013,,,,,1,0,1,1.38,1.48,1.58,1.58,2.68,8,1,0,8.0,0.7818,0.6235,0.0,-1.0,0.9987,-0.0506,
862,862,2013-06-09,65,65,54,51,0,11320,Sunday,2,6,2013,,,,,1,1,1,1.38,1.48,1.58,1.58,2.68,9,1,0,7.0,0.9749,-0.2225,0.0,-1.0,0.9681,-0.2507,
863,863,2013-06-10,67,70,46,49,0,11320,Monday,3,6,2013,,,,,1,0,0,1.38,1.48,1.58,1.58,2.68,10,0,0,6.0,0.4339,-0.901,0.0,-1.0,0.8978,-0.4404,
864,864,2013-06-11,68,57,58,48,0,11320,Tuesday,4,6,2013,,,,,0,1,1,1.38,1.48,1.58,1.58,2.68,11,0,0,5.0,-0.4339,-0.901,0.0,-1.0,0.7908,-0.6121,
865,865,2013-06-12,67,32,46,53,0,11320,Wednesday,5,6,2013,,,,,0,1,1,1.38,1.48,1.58,1.58,2.68,12,0,0,4.0,-0.9749,-0.2225,0.0,-1.0,0.6514,-0.7588,
866,866,2013-06-13,65,42,52,55,0,11320,Thursday,6,6,2013,,,,,0,1,0,1.38,1.48,1.58,1.58,2.68,13,0,0,3.0,-0.7818,0.6235,0.0,-1.0,0.4853,-0.8743,
867,867,2013-06-14,68,60,30,35,0,11320,Friday,7,6,2013,,,,,0,0,1,1.38,1.48,1.58,1.58,2.68,14,0,0,2.0,-0.0,1.0,0.0,-1.0,0.2994,-0.9541,
868,868,2013-06-15,83,75,48,61,0,11321,Saturday,1,6,2013,,,,,0,1,1,1.38,1.48,1.58,1.58,2.68,15,1,0,1.0,0.7818,0.6235,0.0,-1.0,0.1012,-0.9949,
869,869,2013-06-16,52,69,59,70,0,11321,Sunday,2,6,2013,Father's day,Cultural,,,0,0,0,1.38,1.48,1.58,1.58,2.68,16,1,1,0.0,0.9749,-0.2225,0.0,-1.0,-0.1012,-0.9949,
870,870,2013-06-17,48,29,34,48,0,11321,Monday,3,6,2013,,,,,0,0,0,1.38,1.48,1.58,1.58,2.68,17,0,0,3.0,0.4339,-0.901,0.0,-1.0,-0.2994,-0.9541,
871,871,2013-06-18,55,105,38,20,0,11321,Tuesday,4,6,2013,,,,,0,0,0,1.38,1.48,1.58,1.58,2.68,18,0,0,2.0,-0.4339,-0.901,0.0,-1.0,-0.4853,-0.8743,
872,872,2013-06-19,39,58,31,36,0,11321,Wednesday,5,6,2013,,,,,0,0,0,1.38,1.48,1.58,1.58,2.68,19,0,0,1.0,-0.9749,-0.2225,0.0,-1.0,-0.6514,-0.7588,
873,873,2013-06-20,50,56,47,48,0,11321,Thursday,6,6,2013,NBAFinalsEnd,Sporting,,,0,0,0,1.38,1.48,1.58,1.58,2.68,20,0,1,0.0,-0.7818,0.6235,0.0,-1.0,-0.7908,-0.6121,
874,874,2013-06-21,70,48,50,51,0,11321,Friday,7,6,2013,,,,,0,0,0,1.38,1.48,1.58,1.58,2.68,21,0,0,13.0,-0.0,1.0,0.0,-1.0,-0.8978,-0.4404,
875,875,2013-06-22,65,76,71,52,0,11322,Saturday,1,6,2013,,,,,0,0,0,1.38,1.48,1.58,1.58,2.68,22,1,0,12.0,0.7818,0.6235,0.0,-1.0,-0.9681,-0.2507,
876,876,2013-06-23,72,73,49,54,0,11322,Sunday,2,6,2013,,,,,0,0,0,1.38,1.48,1.58,1.58,2.68,23,1,0,11.0,0.9749,-0.2225,0.0,-1.0,-0.9987,-0.0506,
877,877,2013-06-24,46,41,31,43,0,11322,Monday,3,6,2013,,,,,0,0,0,1.38,1.48,1.58,1.58,2.68,24,0,0,10.0,0.4339,-0.901,0.0,-1.0,-0.9885,0.1514,
878,878,2013-06-25,49,23,30,30,0,11322,Tuesday,4,6,2013,,,,,0,0,0,1.38,1.48,1.58,1.58,2.68,25,0,0,9.0,-0.4339,-0.901,0.0,-1.0,-0.9378,0.3473,
879,879,2013-06-26,55,28,38,31,0,11322,Wednesday,5,6,2013,,,,,0,0,0,1.38,1.48,1.58,1.58,2.68,26,0,0,8.0,-0.9749,-0.2225,0.0,-1.0,-0.8486,0.529,
880,880,2013-06-27,48,32,28,35,0,11322,Thursday,6,6,2013,,,,,0,0,0,1.38,1.48,1.58,1.58,2.68,27,0,0,7.0,-0.7818,0.6235,0.0,-1.0,-0.7248,0.689,
881,881,2013-06-28,55,41,29,46,0,11322,Friday,7,6,2013,,,,,0,0,0,1.38,1.48,1.58,1.58,2.68,28,0,0,6.0,-0.0,1.0,0.0,-1.0,-0.5713,0.8208,
882,882,2013-06-29,69,44,62,61,0,11323,Saturday,1,6,2013,,,,,0,0,0,1.38,1.48,1.58,1.58,2.68,29,1,0,5.0,0.7818,0.6235,0.0,-1.0,-0.3944,0.919,
883,883,2013-06-30,67,78,55,62,0,11323,Sunday,2,6,2013,,,,,0,0,0,1.38,1.48,1.58,1.58,2.68,30,1,0,4.0,0.9749,-0.2225,0.0,-1.0,-0.2013,0.9795,
884,884,2013-07-01,62,60,38,40,0,11323,Monday,3,7,2013,,,,,1,1,0,1.38,1.48,1.58,1.58,2.68,1,0,0,3.0,0.4339,-0.901,-0.5,-0.866,0.2013,0.9795,
885,885,2013-07-02,47,68,26,43,0,11323,Tuesday,4,7,2013,,,,,1,0,1,1.38,1.48,1.58,1.58,2.68,2,0,0,2.0,-0.4339,-0.901,-0.5,-0.866,0.3944,0.919,
886,886,2013-07-03,33,43,30,20,0,11323,Wednesday,5,7,2013,,,,,1,1,1,1.38,1.48,1.58,1.58,2.68,3,0,0,1.0,-0.9749,-0.2225,-0.5,-0.866,0.5713,0.8208,
887,887,2013-07-04,60,61,46,38,0,11323,Thursday,6,7,2013,IndependenceDay,National,,,1,0,0,1.38,1.48,1.58,1.58,2.68,4,0,1,0.0,-0.7818,0.6235,-0.5,-0.866,0.7248,0.689,
888,888,2013-07-05,65,51,42,35,0,11323,Friday,7,7,2013,,,,,1,1,1,1.38,1.48,1.58,1.58,2.68,5,0,0,4.0,-0.0,1.0,-0.5,-0.866,0.8486,0.529,
889,889,2013-07-06,83,61,62,36,0,11324,Saturday,1,7,2013,,,,,1,1,1,1.38,1.48,1.58,1.58,2.68,6,1,0,3.0,0.7818,0.6235,-0.5,-0.866,0.9378,0.3473,
890,890,2013-07-07,62,75,52,34,0,11324,Sunday,2,7,2013,,,,,1,1,0,1.38,1.48,1.58,1.58,2.68,7,1,0,2.0,0.9749,-0.2225,-0.5,-0.866,0.9885,0.1514,
891,891,2013-07-08,32,59,25,24,0,11324,Monday,3,7,2013,,,,,1,0,1,1.38,1.48,1.58,1.58,2.68,8,0,0,1.0,0.4339,-0.901,-0.5,-0.866,0.9987,-0.0506,
892,892,2013-07-09,53,51,39,34,0,11324,Tuesday,4,7,2013,Ramadan starts,Religious,,,1,1,1,1.38,1.48,1.58,1.58,2.68,9,0,1,0.0,-0.4339,-0.901,-0.5,-0.866,0.9681,-0.2507,
893,893,2013-07-10,40,78,19,29,0,11324,Wednesday,5,7,2013,,,,,1,0,0,1.38,1.48,1.58,1.58,2.68,10,0,0,29.0,-0.9749,-0.2225,-0.5,-0.866,0.8978,-0.4404,
894,894,2013-07-11,54,49,34,35,0,11324,Thursday,6,7,2013,,,,,0,1,1,1.38,1.48,1.58,1.58,2.68,11,0,0,28.0,-0.7818,0.6235,-0.5,-0.866,0.7908,-0.6121,
895,895,2013-07-12,77,90,60,46,0,11324,Friday,7,7,2013,,,,,0,1,1,1.38,1.48,1.58,1.58,2.68,12,0,0,27.0,-0.0,1.0,-0.5,-0.866,0.6514,-0.7588,
896,896,2013-07-13,66,100,50,43,0,11325,Saturday,1,7,2013,,,,,0,1,0,1.38,1.48,1.58,1.58,2.68,13,1,0,26.0,0.7818,0.6235,-0.5,-0.866,0.4853,-0.8743,
897,897,2013-07-14,64,89,34,38,0,11325,Sunday,2,7,2013,,,,,0,0,1,1.38,1.48,1.58,1.58,2.68,14,1,0,25.0,0.9749,-0.2225,-0.5,-0.866,0.2994,-0.9541,
898,898,2013-07-15,48,62,26,28,0,11325,Monday,3,7,2013,,,,,0,1,1,1.38,1.48,1.58,1.58,2.68,15,0,0,24.0,0.4339,-0.901,-0.5,-0.866,0.1012,-0.9949,
899,899,2013-07-16,45,53,26,18,0,11325,Tuesday,4,7,2013,,,,,0,0,0,1.38,1.48,1.58,1.58,2.68,16,0,0,23.0,-0.4339,-0.901,-0.5,-0.866,-0.1012,-0.9949,
900,900,2013-07-17,47,40,22,21,0,11325,Wednesday,5,7,2013,,,,,0,0,0,1.38,1.48,1.58,1.58,2.68,17,0,0,22.0,-0.9749,-0.2225,-0.5,-0.866,-0.2994,-0.9541,
901,901,2013-07-18,45,70,25,20,0,11325,Thursday,6,7,2013,,,,,0,0,0,1.38,1.48,1.58,1.58,2.68,18,0,0,21.0,-0.7818,0.6235,-0.5,-0.866,-0.4853,-0.8743,
902,902,2013-07-19,31,40,21,21,0,11325,Friday,7,7,2013,,,,,0,0,0,1.38,1.48,1.58,1.58,2.68,19,0,0,20.0,-0.0,1.0,-0.5,-0.866,-0.6514,-0.7588,
903,903,2013-07-20,61,63,31,29,0,11326,Saturday,1,7,2013,,,,,0,0,0,1.38,1.48,1.58,1.58,2.68,20,1,0,19.0,0.7818,0.6235,-0.5,-0.866,-0.7908,-0.6121,
904,904,2013-07-21,49,54,26,43,0,11326,Sunday,2,7,2013,,,,,0,0,0,1.38,1.48,1.58,1.58,2.68,21,1,0,18.0,0.9749,-0.2225,-0.5,-0.866,-0.8978,-0.4404,
905,905,2013-07-22,50,37,22,20,0,11326,Monday,3,7,2013,,,,,0,0,0,1.38,1.48,1.58,1.58,2.68,22,0,0,17.0,0.4339,-0.901,-0.5,-0.866,-0.9681,-0.2507,
906,906,2013-07-23,37,40,27,30,0,11326,Tuesday,4,7,2013,,,,,0,0,0,1.38,1.48,1.58,1.58,2.68,23,0,0,16.0,-0.4339,-0.901,-0.5,-0.866,-0.9987,-0.0506,
907,907,2013-07-24,36,52,27,24,0,11326,Wednesday,5,7,2013,,,,,0,0,0,1.38,1.48,1.58,1.58,2.68,24,0,0,15.0,-0.9749,-0.2225,-0.5,-0.866,-0.9885,0.1514,
908,908,2013-07-25,42,39,32,29,0,11326,Thursday,6,7,2013,,,,,0,0,0,1.38,1.48,1.58,1.58,2.68,25,0,0,14.0,-0.7818,0.6235,-0.5,-0.866,-0.9378,0.3473,
909,909,2013-07-26,46,84,32,54,0,11326,Friday,7,7,2013,,,,,0,0,0,1.38,1.48,1.58,1.58,2.68,26,0,0,13.0,-0.0,1.0,-0.5,-0.866,-0.8486,0.529,
910,910,2013-07-27,68,68,49,44,0,11327,Saturday,1,7,2013,,,,,0,0,0,1.38,1.48,1.58,1.58,2.68,27,1,0,12.0,0.7818,0.6235,-0.5,-0.866,-0.7248,0.689,
911,911,2013-07-28,81,63,60,23,0,11327,Sunday,2,7,2013,,,,,0,0,0,1.38,1.48,1.58,1.58,2.68,28,1,0,11.0,0.9749,-0.2225,-0.5,-0.866,-0.5713,0.8208,
912,912,2013-07-29,68,45,44,21,0,11327,Monday,3,7,2013,,,,,0,0,0,1.38,1.48,1.58,1.58,2.68,29,0,0,10.0,0.4339,-0.901,-0.5,-0.866,-0.3944,0.919,
913,913,2013-07-30,52,40,27,27,0,11327,Tuesday,4,7,2013,,,,,0,0,0,1.38,1.48,1.58,1.58,2.68,30,0,0,9.0,-0.4339,-0.901,-0.5,-0.866,-0.2013,0.9795,
914,914,2013-07-31,49,38,33,40,0,11327,Wednesday,5,7,2013,,,,,0,0,0,1.38,1.48,1.58,1.58,2.68,31,0,0,8.0,-0.9749,-0.2225,-0.5,-0.866,-0.0,1.0,
915,915,2013-08-01,51,91,44,40,0,11327,Thursday,6,8,2013,,,,,1,1,0,1.38,1.48,1.58,1.58,2.68,1,0,0,7.0,-0.7818,0.6235,-0.866,-0.5,0.2013,0.9795,
916,916,2013-08-02,60,64,41,25,0,11327,Friday,7,8,2013,,,,,1,0,1,1.38,1.48,1.58,1.58,2.68,2,0,0,6.0,-0.0,1.0,-0.866,-0.5,0.3944,0.919,
917,917,2013-08-03,81,69,51,39,0,11328,Saturday,1,8,2013,,,,,1,1,1,1.38,1.48,1.58,1.58,2.68,3,1,0,5.0,0.7818,0.6235,-0.866,-0.5,0.5713,0.8208,
918,918,2013-08-04,103,70,42,9,0,11328,Sunday,2,8,2013,,,,,1,0,0,1.38,1.48,1.58,1.58,2.68,4,1,0,4.0,0.9749,-0.2225,-0.866,-0.5,0.7248,0.689,
919,919,2013-08-05,60,65,27,1,0,11328,Monday,3,8,2013,,,,,1,1,1,1.38,1.48,1.58,1.58,2.68,5,0,0,3.0,0.4339,-0.901,-0.866,-0.5,0.8486,0.529,
920,920,2013-08-06,62,90,21,0,0,11328,Tuesday,4,8,2013,,,,,1,1,1,1.38,1.48,1.58,1.58,2.68,6,0,0,2.0,-0.4339,-0.901,-0.866,-0.5,0.9378,0.3473,
921,921,2013-08-07,52,37,21,24,0,11328,Wednesday,5,8,2013,,,,,1,1,0,1.38,1.48,1.58,1.58,2.68,7,0,0,1.0,-0.9749,-0.2225,-0.866,-0.5,0.9885,0.1514,
922,922,2013-08-08,57,69,25,25,0,11328,Thursday,6,8,2013,Eid al-Fitr,Religious,,,1,0,1,1.38,1.48,1.58,1.58,2.68,8,0,1,0.0,-0.7818,0.6235,-0.866,-0.5,0.9987,-0.0506,
923,923,2013-08-09,70,54,52,33,0,11328,Friday,7,8,2013,,,,,1,1,1,1.38,1.48,1.58,1.58,2.68,9,0,0,24.0,-0.0,1.0,-0.866,-0.5,0.9681,-0.2507,
924,924,2013-08-10,72,39,48,41,0,11329,Saturday,1,8,2013,,,,,1,0,0,1.38,1.48,1.58,1.58,2.68,10,1,0,23.0,0.7818,0.6235,-0.866,-0.5,0.8978,-0.4404,
925,925,2013-08-11,73,65,44,39,0,11329,Sunday,2,8,2013,,,,,0,1,1,1.38,1.48,1.58,1.58,2.68,11,1,0,22.0,0.9749,-0.2225,-0.866,-0.5,0.7908,-0.6121,
926,926,2013-08-12,37,58,27,21,0,11329,Monday,3,8,2013,,,,,0,1,1,1.38,1.48,1.58,1.58,2.68,12,0,0,21.0,0.4339,-0.901,-0.866,-0.5,0.6514,-0.7588,
927,927,2013-08-13,64,73,40,23,0,11329,Tuesday,4,8,2013,,,,,0,1,0,1.38,1.48,1.58,1.58,2.68,13,0,0,20.0,-0.4339,-0.901,-0.866,-0.5,0.4853,-0.8743,
928,928,2013-08-14,60,38,36,34,0,11329,Wednesday,5,8,2013,,,,,0,0,1,1.38,1.48,1.58,1.58,2.68,14,0,0,19.0,-0.9749,-0.2225,-0.866,-0.5,0.2994,-0.9541,
929,929,2013-08-15,73,39,58,29,0,11329,Thursday,6,8,2013,,,,,0,1,1,1.38,1.48,1.58,1.58,2.68,15,0,0,18.0,-0.7818,0.6235,-0.866,-0.5,0.1012,-0.9949,
930,930,2013-08-16,36,33,24,22,0,11329,Friday,7,8,2013,,,,,0,0,0,1.38,1.48,1.58,1.58,2.68,16,0,0,17.0,-0.0,1.0,-0.866,-0.5,-0.1012,-0.9949,
931,931,2013-08-17,82,0,54,39,0,11330,Saturday,1,8,2013,,,,,0,0,0,1.0,1.48,1.58,1.58,1.87,17,1,0,16.0,0.7818,0.6235,-0.866,-0.5,-0.2994,-0.9541,
932,932,2013-08-18,73,0,57,47,0,11330,Sunday,2,8,2013,,,,,0,0,0,1.0,1.48,1.58,1.58,1.87,18,1,0,15.0,0.9749,-0.2225,-0.866,-0.5,-0.4853,-0.8743,
933,933,2013-08-19,62,44,36,37,0,11330,Monday,3,8,2013,,,,,0,0,0,1.0,1.48,1.58,1.58,1.87,19,0,0,14.0,0.4339,-0.901,-0.866,-0.5,-0.6514,-0.7588,
934,934,2013-08-20,57,198,24,25,14,11330,Tuesday,4,8,2013,,,,,0,0,0,1.0,1.48,1.58,1.58,1.87,20,0,0,13.0,-0.4339,-0.901,-0.866,-0.5,-0.7908,-0.6121,14.0
935,935,2013-08-21,60,201,15,21,22,11330,Wednesday,5,8,2013,,,,,0,0,0,1.0,1.48,1.58,1.58,1.87,21,0,0,12.0,-0.9749,-0.2225,-0.866,-0.5,-0.8978,-0.4404,22.0
936,936,2013-08-22,61,222,11,38,30,11330,Thursday,6,8,2013,,,,,0,0,0,1.0,1.48,1.58,1.58,1.87,22,0,0,11.0,-0.7818,0.6235,-0.866,-0.5,-0.9681,-0.2507,30.0
937,937,2013-08-23,47,215,34,48,60,11330,Friday,7,8,2013,,,,,0,0,0,1.0,1.48,1.58,1.58,1.87,23,0,0,10.0,-0.0,1.0,-0.866,-0.5,-0.9987,-0.0506,60.0
938,938,2013-08-24,112,402,50,53,69,11331,Saturday,1,8,2013,,,,,0,0,0,1.0,1.48,1.58,1.58,1.87,24,1,0,9.0,0.7818,0.6235,-0.866,-0.5,-0.9885,0.1514,69.0
939,939,2013-08-25,100,350,38,58,71,11331,Sunday,2,8,2013,,,,,0,0,0,1.0,1.48,1.58,1.58,1.87,25,1,0,8.0,0.9749,-0.2225,-0.866,-0.5,-0.9378,0.3473,71.0
940,940,2013-08-26,39,283,18,15,51,11331,Monday,3,8,2013,,,,,0,0,0,1.0,1.48,1.58,1.58,1.87,26,0,0,7.0,0.4339,-0.901,-0.866,-0.5,-0.8486,0.529,51.0
941,941,2013-08-27,51,102,28,21,31,11331,Tuesday,4,8,2013,,,,,0,0,0,1.0,1.48,1.58,1.58,1.87,27,0,0,6.0,-0.4339,-0.901,-0.866,-0.5,-0.7248,0.689,31.0
942,942,2013-08-28,51,203,35,28,17,11331,Wednesday,5,8,2013,,,,,0,0,0,1.0,1.48,1.58,1.58,1.87,28,0,0,5.0,-0.9749,-0.2225,-0.866,-0.5,-0.5713,0.8208,17.0
943,943,2013-08-29,44,208,31,20,21,11331,Thursday,6,8,2013,,,,,0,0,0,1.0,1.48,1.58,1.58,1.87,29,0,0,4.0,-0.7818,0.6235,-0.866,-0.5,-0.3944,0.919,21.0
944,944,2013-08-30,53,399,28,36,20,11331,Friday,7,8,2013,,,,,0,0,0,1.0,1.48,1.58,1.58,1.87,30,0,0,3.0,-0.0,1.0,-0.866,-0.5,-0.2013,0.9795,20.0
945,945,2013-08-31,74,259,48,45,19,11332,Saturday,1,8,2013,,,,,0,0,0,1.0,1.48,1.58,1.58,1.87,31,1,0,2.0,0.7818,0.6235,-0.866,-0.5,-0.0,1.0,19.0
946,946,2013-09-01,80,222,46,44,35,11332,Sunday,2,9,2013,,,,,1,1,0,1.0,1.48,1.58,1.58,1.87,1,1,0,1.0,0.9749,-0.2225,-1.0,-0.0,0.2013,0.9795,35.0
947,947,2013-09-02,72,232,43,36,26,11332,Monday,3,9,2013,LaborDay,National,,,1,0,1,1.0,1.48,1.58,1.58,1.87,2,0,1,0.0,0.4339,-0.901,-1.0,-0.0,0.3944,0.919,26.0
948,948,2013-09-03,33,157,21,22,16,11332,Tuesday,4,9,2013,,,,,1,1,1,1.0,1.48,1.58,1.58,1.87,3,0,0,41.0,-0.4339,-0.901,-1.0,-0.0,0.5713,0.8208,16.0
949,949,2013-09-04,44,172,12,13,21,11332,Wednesday,5,9,2013,,,,,1,0,0,1.0,1.48,1.58,1.58,1.87,4,0,0,40.0,-0.9749,-0.2225,-1.0,-0.0,0.7248,0.689,21.0
950,950,2013-09-05,42,192,25,19,14,11332,Thursday,6,9,2013,,,,,1,1,1,1.0,1.48,1.58,1.58,1.87,5,0,0,39.0,-0.7818,0.6235,-1.0,-0.0,0.8486,0.529,14.0
951,951,2013-09-06,28,210,30,27,15,11332,Friday,7,9,2013,,,,,1,1,1,1.0,1.48,1.58,1.58,1.87,6,0,0,38.0,-0.0,1.0,-1.0,-0.0,0.9378,0.3473,15.0
952,952,2013-09-07,43,235,38,34,30,11333,Saturday,1,9,2013,,,,,1,1,0,1.0,1.48,1.58,1.58,1.87,7,1,0,37.0,0.7818,0.6235,-1.0,-0.0,0.9885,0.1514,30.0
953,953,2013-09-08,54,211,28,16,13,11333,Sunday,2,9,2013,,,,,1,0,1,1.0,1.48,1.58,1.58,1.87,8,1,0,36.0,0.9749,-0.2225,-1.0,-0.0,0.9987,-0.0506,13.0
954,954,2013-09-09,27,108,13,16,33,11333,Monday,3,9,2013,,,,,1,1,1,1.0,1.48,1.58,1.58,1.87,9,0,0,35.0,0.4339,-0.901,-1.0,-0.0,0.9681,-0.2507,33.0
955,955,2013-09-10,44,194,16,15,21,11333,Tuesday,4,9,2013,,,,,1,0,0,1.0,1.48,1.58,1.58,1.87,10,0,0,34.0,-0.4339,-0.901,-1.0,-0.0,0.8978,-0.4404,21.0
956,956,2013-09-11,55,109,9,24,18,11333,Wednesday,5,9,2013,,,,,0,1,1,1.0,1.48,1.58,1.58,1.87,11,0,0,33.0,-0.9749,-0.2225,-1.0,-0.0,0.7908,-0.6121,18.0
957,957,2013-09-12,48,102,9,19,10,11333,Thursday,6,9,2013,,,,,0,1,1,1.0,1.48,1.58,1.58,1.87,12,0,0,32.0,-0.7818,0.6235,-1.0,-0.0,0.6514,-0.7588,10.0
958,958,2013-09-13,62,192,26,28,17,11333,Friday,7,9,2013,,,,,0,1,0,1.0,1.48,1.58,1.58,1.87,13,0,0,31.0,-0.0,1.0,-1.0,-0.0,0.4853,-0.8743,17.0
959,959,2013-09-14,88,264,29,38,36,11334,Saturday,1,9,2013,,,,,0,0,1,1.0,1.48,1.58,1.58,1.87,14,1,0,30.0,0.7818,0.6235,-1.0,-0.0,0.2994,-0.9541,36.0
960,960,2013-09-15,69,228,17,45,18,11334,Sunday,2,9,2013,,,,,0,1,1,1.0,1.48,1.58,1.58,1.87,15,1,0,29.0,0.9749,-0.2225,-1.0,-0.0,0.1012,-0.9949,18.0
961,961,2013-09-16,46,180,12,26,11,11334,Monday,3,9,2013,,,,,0,0,0,1.0,1.48,1.58,1.58,1.87,16,0,0,28.0,0.4339,-0.901,-1.0,-0.0,-0.1012,-0.9949,11.0
962,962,2013-09-17,51,167,21,22,19,11334,Tuesday,4,9,2013,,,,,0,0,0,1.0,1.48,1.58,1.58,1.87,17,0,0,27.0,-0.4339,-0.901,-1.0,-0.0,-0.2994,-0.9541,19.0
963,963,2013-09-18,44,126,14,30,13,11334,Wednesday,5,9,2013,,,,,0,0,0,1.0,1.48,1.58,1.58,1.87,18,0,0,26.0,-0.9749,-0.2225,-1.0,-0.0,-0.4853,-0.8743,13.0
964,964,2013-09-19,28,132,7,9,22,11334,Thursday,6,9,2013,,,,,0,0,0,1.0,1.48,1.58,1.58,1.87,19,0,0,25.0,-0.7818,0.6235,-1.0,-0.0,-0.6514,-0.7588,22.0
965,965,2013-09-20,31,155,7,14,16,11334,Friday,7,9,2013,,,,,0,0,0,1.0,1.48,1.58,1.58,1.87,20,0,0,24.0,-0.0,1.0,-1.0,-0.0,-0.7908,-0.6121,16.0
966,966,2013-09-21,47,218,31,25,25,11335,Saturday,1,9,2013,,,,,0,0,0,1.0,1.48,1.58,1.58,1.87,21,1,0,23.0,0.7818,0.6235,-1.0,-0.0,-0.8978,-0.4404,25.0
967,967,2013-09-22,52,277,26,29,7,11335,Sunday,2,9,2013,,,,,0,0,0,1.0,1.48,1.58,1.58,1.87,22,1,0,22.0,0.9749,-0.2225,-1.0,-0.0,-0.9681,-0.2507,7.0
968,968,2013-09-23,40,216,20,18,24,11335,Monday,3,9,2013,,,,,0,0,0,1.0,1.48,1.58,1.58,1.87,23,0,0,21.0,0.4339,-0.901,-1.0,-0.0,-0.9987,-0.0506,24.0
969,969,2013-09-24,41,149,35,23,22,11335,Tuesday,4,9,2013,,,,,0,0,0,1.0,1.48,1.58,1.58,1.87,24,0,0,20.0,-0.4339,-0.901,-1.0,-0.0,-0.9885,0.1514,22.0
970,970,2013-09-25,40,187,15,26,19,11335,Wednesday,5,9,2013,,,,,0,0,0,1.0,1.48,1.58,1.58,1.87,25,0,0,19.0,-0.9749,-0.2225,-1.0,-0.0,-0.9378,0.3473,19.0
971,971,2013-09-26,30,174,17,27,23,11335,Thursday,6,9,2013,,,,,0,0,0,1.0,1.48,1.58,1.58,1.87,26,0,0,18.0,-0.7818,0.6235,-1.0,-0.0,-0.8486,0.529,23.0
972,972,2013-09-27,30,70,14,24,16,11335,Friday,7,9,2013,,,,,0,0,0,1.0,1.48,1.58,1.58,1.87,27,0,0,17.0,-0.0,1.0,-1.0,-0.0,-0.7248,0.689,16.0
973,973,2013-09-28,52,189,22,20,31,11336,Saturday,1,9,2013,,,,,0,0,0,1.0,1.48,1.58,1.58,1.87,28,1,0,16.0,0.7818,0.6235,-1.0,-0.0,-0.5713,0.8208,31.0
974,974,2013-09-29,44,154,30,23,18,11336,Sunday,2,9,2013,,,,,0,0,0,1.0,1.48,1.58,1.58,1.87,29,1,0,15.0,0.9749,-0.2225,-1.0,-0.0,-0.3944,0.919,18.0
975,975,2013-09-30,39,28,27,21,12,11336,Monday,3,9,2013,,,,,0,0,0,1.0,1.48,1.58,1.58,1.87,30,0,0,14.0,0.4339,-0.901,-1.0,-0.0,-0.2013,0.9795,12.0
976,976,2013-10-01,44,6,12,31,19,11336,Tuesday,4,10,2013,,,,,1,1,0,1.0,1.48,1.58,1.58,1.87,1,0,0,13.0,-0.4339,-0.901,-0.866,0.5,0.2013,0.9795,19.0
977,977,2013-10-02,32,0,12,12,14,11336,Wednesday,5,10,2013,,,,,1,0,1,1.0,1.48,1.58,1.58,1.87,2,0,0,12.0,-0.9749,-0.2225,-0.866,0.5,0.3944,0.919,14.0
978,978,2013-10-03,45,0,22,13,15,11336,Thursday,6,10,2013,,,,,1,1,1,1.0,1.48,1.58,1.58,1.87,3,0,0,11.0,-0.7818,0.6235,-0.866,0.5,0.5713,0.8208,15.0
979,979,2013-10-04,38,0,17,25,22,11336,Friday,7,10,2013,,,,,1,0,0,1.0,1.48,1.58,1.58,1.87,4,0,0,10.0,-0.0,1.0,-0.866,0.5,0.7248,0.689,22.0
980,980,2013-10-05,60,86,27,27,26,11337,Saturday,1,10,2013,,,,,1,1,1,1.38,1.48,1.58,1.58,1.87,5,1,0,9.0,0.7818,0.6235,-0.866,0.5,0.8486,0.529,26.0
981,981,2013-10-06,54,100,15,15,10,11337,Sunday,2,10,2013,,,,,1,1,1,1.38,1.48,1.58,1.58,1.87,6,1,0,8.0,0.9749,-0.2225,-0.866,0.5,0.9378,0.3473,10.0
982,982,2013-10-07,32,41,14,21,19,11337,Monday,3,10,2013,,,,,1,1,0,1.38,1.48,1.58,1.58,1.87,7,0,0,7.0,0.4339,-0.901,-0.866,0.5,0.9885,0.1514,19.0
983,983,2013-10-08,20,46,11,8,17,11337,Tuesday,4,10,2013,,,,,1,0,1,1.38,1.48,1.58,1.58,1.87,8,0,0,6.0,-0.4339,-0.901,-0.866,0.5,0.9987,-0.0506,17.0
984,984,2013-10-09,24,55,10,18,16,11337,Wednesday,5,10,2013,,,,,1,1,1,1.38,1.48,1.58,1.58,1.87,9,0,0,5.0,-0.9749,-0.2225,-0.866,0.5,0.9681,-0.2507,16.0
985,985,2013-10-10,34,78,12,29,12,11337,Thursday,6,10,2013,,,,,1,0,0,1.38,1.48,1.58,1.58,1.87,10,0,0,4.0,-0.7818,0.6235,-0.866,0.5,0.8978,-0.4404,12.0
986,986,2013-10-11,47,91,25,25,23,11337,Friday,7,10,2013,,,,,0,1,1,1.38,1.48,1.58,1.58,1.87,11,0,0,3.0,-0.0,1.0,-0.866,0.5,0.7908,-0.6121,23.0
987,987,2013-10-12,72,85,37,35,24,11338,Saturday,1,10,2013,,,,,0,1,1,1.38,1.48,1.58,1.58,1.87,12,1,0,2.0,0.7818,0.6235,-0.866,0.5,0.6514,-0.7588,24.0
988,988,2013-10-13,68,76,35,36,44,11338,Sunday,2,10,2013,,,,,0,1,0,1.38,1.48,1.58,1.58,1.87,13,1,0,1.0,0.9749,-0.2225,-0.866,0.5,0.4853,-0.8743,44.0
989,989,2013-10-14,61,80,17,38,2,11338,Monday,3,10,2013,ColumbusDay,National,,,0,0,1,1.38,1.48,1.58,1.58,1.87,14,0,1,0.0,0.4339,-0.901,-0.866,0.5,0.2994,-0.9541,2.0
990,990,2013-10-15,48,68,24,26,34,11338,Tuesday,4,10,2013,EidAlAdha,Religious,,,0,1,1,1.38,1.48,1.58,1.58,1.87,15,0,1,0.0,-0.4339,-0.901,-0.866,0.5,0.1012,-0.9949,34.0
991,991,2013-10-16,56,47,25,21,38,11338,Wednesday,5,10,2013,,,,,0,0,0,1.38,1.48,1.58,1.58,1.87,16,0,0,15.0,-0.9749,-0.2225,-0.866,0.5,-0.1012,-0.9949,38.0
992,992,2013-10-17,53,42,28,23,60,11338,Thursday,6,10,2013,,,,,0,0,0,1.38,1.48,1.58,1.58,1.87,17,0,0,14.0,-0.7818,0.6235,-0.866,0.5,-0.2994,-0.9541,60.0
993,993,2013-10-18,58,65,28,23,53,11338,Friday,7,10,2013,,,,,0,0,0,1.38,1.48,1.58,1.58,1.87,18,0,0,13.0,-0.0,1.0,-0.866,0.5,-0.4853,-0.8743,53.0
994,994,2013-10-19,73,75,43,29,67,11339,Saturday,1,10,2013,,,,,0,0,0,1.38,1.48,1.58,1.58,1.87,19,1,0,12.0,0.7818,0.6235,-0.866,0.5,-0.6514,-0.7588,67.0
995,995,2013-10-20,68,73,33,41,36,11339,Sunday,2,10,2013,,,,,0,0,0,1.38,1.48,1.58,1.58,1.87,20,1,0,11.0,0.9749,-0.2225,-0.866,0.5,-0.7908,-0.6121,36.0
996,996,2013-10-21,42,58,29,17,34,11339,Monday,3,10,2013,,,,,0,0,0,1.38,1.48,1.58,1.58,1.87,21,0,0,10.0,0.4339,-0.901,-0.866,0.5,-0.8978,-0.4404,34.0
997,997,2013-10-22,45,38,21,17,26,11339,Tuesday,4,10,2013,,,,,0,0,0,1.38,1.48,1.58,1.58,1.87,22,0,0,9.0,-0.4339,-0.901,-0.866,0.5,-0.9681,-0.2507,26.0
998,998,2013-10-23,51,46,29,19,31,11339,Wednesday,5,10,2013,,,,,0,0,0,1.38,1.48,1.58,1.58,1.87,23,0,0,8.0,-0.9749,-0.2225,-0.866,0.5,-0.9987,-0.0506,31.0
999,999,2013-10-24,50,56,26,21,32,11339,Thursday,6,10,2013,,,,,0,0,0,1.38,1.48,1.58,1.58,1.87,24,0,0,7.0,-0.7818,0.6235,-0.866,0.5,-0.9885,0.1514,32.0
1000,1000,2013-10-25,58,50,38,21,41,11339,Friday,7,10,2013,,,,,0,0,0,1.38,1.48,1.58,1.58,1.87,25,0,0,6.0,-0.0,1.0,-0.866,0.5,-0.9378,0.3473,41.0
1001,1001,2013-10-26,72,73,48,28,50,11340,Saturday,1,10,2013,,,,,0,0,0,1.38,1.48,1.58,1.58,1.87,26,1,0,5.0,0.7818,0.6235,-0.866,0.5,-0.8486,0.529,50.0
1002,1002,2013-10-27,54,59,35,27,64,11340,Sunday,2,10,2013,,,,,0,0,0,1.38,1.48,1.58,1.58,1.87,27,1,0,4.0,0.9749,-0.2225,-0.866,0.5,-0.7248,0.689,64.0
1003,1003,2013-10-28,57,54,10,25,29,11340,Monday,3,10,2013,,,,,0,0,0,1.38,1.48,1.58,1.58,1.87,28,0,0,3.0,0.4339,-0.901,-0.866,0.5,-0.5713,0.8208,29.0
1004,1004,2013-10-29,47,38,27,16,27,11340,Tuesday,4,10,2013,,,,,0,0,0,1.38,1.48,1.58,1.58,1.87,29,0,0,2.0,-0.4339,-0.901,-0.866,0.5,-0.3944,0.919,27.0
1005,1005,2013-10-30,62,48,34,34,38,11340,Wednesday,5,10,2013,,,,,0,0,0,1.38,1.48,1.58,1.58,1.87,30,0,0,1.0,-0.9749,-0.2225,-0.866,0.5,-0.2013,0.9795,38.0
1006,1006,2013-10-31,38,45,17,22,31,11340,Thursday,6,10,2013,Halloween,Cultural,,,0,0,0,1.38,1.48,1.58,1.58,1.87,31,0,1,0.0,-0.7818,0.6235,-0.866,0.5,-0.0,1.0,31.0
1007,1007,2013-11-01,61,83,41,18,25,11340,Friday,7,11,2013,,,,,1,1,0,1.38,1.48,1.58,1.58,1.87,1,0,0,10.0,-0.0,1.0,-0.5,0.866,0.2013,0.9795,25.0
1008,1008,2013-11-02,47,78,25,48,33,11341,Saturday,1,11,2013,,,,,1,0,1,1.38,1.48,1.58,1.58,1.87,2,1,0,9.0,0.7818,0.6235,-0.5,0.866,0.3944,0.919,33.0
1009,1009,2013-11-03,69,84,51,31,48,11341,Sunday,2,11,2013,,,,,1,1,1,1.38,1.48,1.58,1.58,1.87,3,1,0,8.0,0.9749,-0.2225,-0.5,0.866,0.5713,0.8208,48.0
1010,1010,2013-11-04,40,40,21,14,30,11341,Monday,3,11,2013,,,,,1,0,0,1.38,1.48,1.58,1.58,1.87,4,0,0,7.0,0.4339,-0.901,-0.5,0.866,0.7248,0.689,30.0
1011,1011,2013-11-05,56,50,31,28,35,11341,Tuesday,4,11,2013,,,,,1,1,1,1.38,1.48,1.58,1.58,1.87,5,0,0,6.0,-0.4339,-0.901,-0.5,0.866,0.8486,0.529,35.0
1012,1012,2013-11-06,43,45,24,24,23,11341,Wednesday,5,11,2013,,,,,1,1,1,1.38,1.48,1.58,1.58,1.87,6,0,0,5.0,-0.9749,-0.2225,-0.5,0.866,0.9378,0.3473,23.0
1013,1013,2013-11-07,43,72,22,35,30,11341,Thursday,6,11,2013,,,,,1,1,0,1.38,1.48,1.58,1.58,1.87,7,0,0,4.0,-0.7818,0.6235,-0.5,0.866,0.9885,0.1514,30.0
1014,1014,2013-11-08,34,44,29,25,32,11341,Friday,7,11,2013,,,,,1,0,1,1.38,1.48,1.58,1.58,1.87,8,0,0,3.0,-0.0,1.0,-0.5,0.866,0.9987,-0.0506,32.0
1015,1015,2013-11-09,83,0,49,32,39,11342,Saturday,1,11,2013,,,,,1,1,1,1.0,1.48,1.58,1.58,1.87,9,1,0,2.0,0.7818,0.6235,-0.5,0.866,0.9681,-0.2507,39.0
1016,1016,2013-11-10,55,0,35,28,46,11342,Sunday,2,11,2013,,,,,1,0,0,1.0,1.48,1.58,1.58,1.87,10,1,0,1.0,0.9749,-0.2225,-0.5,0.866,0.8978,-0.4404,46.0
1017,1017,2013-11-11,52,153,23,35,32,11342,Monday,3,11,2013,VeteransDay,National,,,0,1,1,1.0,1.48,1.58,1.58,1.87,11,0,1,0.0,0.4339,-0.901,-0.5,0.866,0.7908,-0.6121,32.0
1018,1018,2013-11-12,57,121,22,12,20,11342,Tuesday,4,11,2013,,,,,0,1,1,1.0,1.48,1.58,1.58,1.87,12,0,0,16.0,-0.4339,-0.901,-0.5,0.866,0.6514,-0.7588,20.0
1019,1019,2013-11-13,55,0,30,16,26,11342,Wednesday,5,11,2013,,,,,0,1,0,1.0,1.48,1.58,1.58,1.87,13,0,0,15.0,-0.9749,-0.2225,-0.5,0.866,0.4853,-0.8743,26.0
1020,1020,2013-11-14,35,0,32,19,20,11342,Thursday,6,11,2013,,,,,0,0,1,1.0,1.48,1.58,1.58,1.87,14,0,0,14.0,-0.7818,0.6235,-0.5,0.866,0.2994,-0.9541,20.0
1021,1021,2013-11-15,43,0,44,16,29,11342,Friday,7,11,2013,,,,,0,1,1,1.0,1.48,1.58,1.58,1.87,15,0,0,13.0,-0.0,1.0,-0.5,0.866,0.1012,-0.9949,29.0
1022,1022,2013-11-16,65,0,50,29,30,11343,Saturday,1,11,2013,,,,,0,0,0,1.0,1.48,1.58,1.58,1.87,16,1,0,12.0,0.7818,0.6235,-0.5,0.866,-0.1012,-0.9949,30.0
1023,1023,2013-11-17,77,0,36,26,53,11343,Sunday,2,11,2013,,,,,0,0,0,1.0,1.48,1.58,1.58,1.87,17,1,0,11.0,0.9749,-0.2225,-0.5,0.866,-0.2994,-0.9541,53.0
1024,1024,2013-11-18,69,0,36,30,27,11343,Monday,3,11,2013,,,,,0,0,0,1.0,1.48,1.58,1.58,1.87,18,0,0,10.0,0.4339,-0.901,-0.5,0.866,-0.4853,-0.8743,27.0
1025,1025,2013-11-19,50,0,25,16,12,11343,Tuesday,4,11,2013,,,,,0,0,0,1.0,1.48,1.58,1.58,1.87,19,0,0,9.0,-0.4339,-0.901,-0.5,0.866,-0.6514,-0.7588,12.0
1026,1026,2013-11-20,38,0,32,14,26,11343,Wednesday,5,11,2013,,,,,0,0,0,1.0,1.48,1.58,1.58,1.87,20,0,0,8.0,-0.9749,-0.2225,-0.5,0.866,-0.7908,-0.6121,26.0
1027,1027,2013-11-21,38,0,30,16,30,11343,Thursday,6,11,2013,,,,,0,0,0,1.0,1.48,1.58,1.58,1.87,21,0,0,7.0,-0.7818,0.6235,-0.5,0.866,-0.8978,-0.4404,30.0
1028,1028,2013-11-22,28,0,35,22,35,11343,Friday,7,11,2013,,,,,0,0,0,1.0,1.48,1.58,1.58,1.87,22,0,0,6.0,-0.0,1.0,-0.5,0.866,-0.9681,-0.2507,35.0
1029,1029,2013-11-23,43,0,50,18,41,11344,Saturday,1,11,2013,,,,,0,0,0,1.0,1.48,1.58,1.58,1.87,23,1,0,5.0,0.7818,0.6235,-0.5,0.866,-0.9987,-0.0506,41.0
1030,1030,2013-11-24,63,0,38,29,35,11344,Sunday,2,11,2013,,,,,0,0,0,1.0,1.48,1.58,1.58,1.87,24,1,0,4.0,0.9749,-0.2225,-0.5,0.866,-0.9885,0.1514,35.0
1031,1031,2013-11-25,53,0,33,19,29,11344,Monday,3,11,2013,,,,,0,0,0,1.0,1.48,1.58,1.58,1.87,25,0,0,3.0,0.4339,-0.901,-0.5,0.866,-0.9378,0.3473,29.0
1032,1032,2013-11-26,40,0,28,13,14,11344,Tuesday,4,11,2013,,,,,0,0,0,1.0,1.48,1.58,1.58,1.87,26,0,0,2.0,-0.4339,-0.901,-0.5,0.866,-0.8486,0.529,14.0
1033,1033,2013-11-27,56,0,46,27,25,11344,Wednesday,5,11,2013,,,,,0,0,0,1.0,1.48,1.58,1.58,1.87,27,0,0,1.0,-0.9749,-0.2225,-0.5,0.866,-0.7248,0.689,25.0
1034,1034,2013-11-28,98,0,53,39,16,11344,Thursday,6,11,2013,Thanksgiving,National,,,0,0,0,1.0,1.48,1.58,1.58,1.87,28,0,1,0.0,-0.7818,0.6235,-0.5,0.866,-0.5713,0.8208,16.0
1035,1035,2013-11-29,84,0,58,25,16,11344,Friday,7,11,2013,,,,,0,0,0,1.0,1.48,1.58,1.58,1.87,29,0,0,6.0,-0.0,1.0,-0.5,0.866,-0.3944,0.919,16.0
1036,1036,2013-11-30,74,0,28,38,21,11345,Saturday,1,11,2013,,,,,0,0,0,1.0,1.48,1.58,1.58,1.87,30,1,0,5.0,0.7818,0.6235,-0.5,0.866,-0.2013,0.9795,21.0
1037,1037,2013-12-01,72,0,58,21,31,11345,Sunday,2,12,2013,,,,,1,1,0,1.0,1.48,1.58,1.58,1.87,1,1,0,4.0,0.9749,-0.2225,-0.0,1.0,0.2013,0.9795,31.0
1038,1038,2013-12-02,43,212,38,22,16,11345,Monday,3,12,2013,,,,,1,0,1,1.0,1.48,1.58,1.58,1.87,2,0,0,3.0,0.4339,-0.901,-0.0,1.0,0.3944,0.919,16.0
1039,1039,2013-12-03,82,130,30,16,18,11345,Tuesday,4,12,2013,,,,,1,1,1,1.0,1.48,1.58,1.58,1.87,3,0,0,2.0,-0.4339,-0.901,-0.0,1.0,0.5713,0.8208,18.0
1040,1040,2013-12-04,58,80,30,21,21,11345,Wednesday,5,12,2013,,,,,1,0,0,1.0,1.48,1.58,1.58,1.87,4,0,0,1.0,-0.9749,-0.2225,-0.0,1.0,0.7248,0.689,21.0
1041,1041,2013-12-05,44,88,40,14,20,11345,Thursday,6,12,2013,Chanukah End,Religious,,,1,1,1,1.0,1.48,1.58,1.58,1.87,5,0,1,0.0,-0.7818,0.6235,-0.0,1.0,0.8486,0.529,20.0
1042,1042,2013-12-06,47,76,36,22,31,11345,Friday,7,12,2013,,,,,1,1,1,1.0,1.48,1.58,1.58,1.87,6,0,0,19.0,-0.0,1.0,-0.0,1.0,0.9378,0.3473,31.0
1043,1043,2013-12-07,73,109,39,23,35,11346,Saturday,1,12,2013,,,,,1,1,0,1.0,1.48,1.58,1.58,1.87,7,1,0,18.0,0.7818,0.6235,-0.0,1.0,0.9885,0.1514,35.0
1044,1044,2013-12-08,63,0,39,26,31,11346,Sunday,2,12,2013,,,,,1,0,1,1.0,1.48,1.58,1.58,1.87,8,1,0,17.0,0.9749,-0.2225,-0.0,1.0,0.9987,-0.0506,31.0
1045,1045,2013-12-09,49,0,27,13,24,11346,Monday,3,12,2013,,,,,1,1,1,1.0,1.48,1.58,1.58,1.87,9,0,0,16.0,0.4339,-0.901,-0.0,1.0,0.9681,-0.2507,24.0
1046,1046,2013-12-10,50,0,17,14,24,11346,Tuesday,4,12,2013,,,,,1,0,0,1.0,1.48,1.58,1.58,1.87,10,0,0,15.0,-0.4339,-0.901,-0.0,1.0,0.8978,-0.4404,24.0
1047,1047,2013-12-11,60,0,26,12,30,11346,Wednesday,5,12,2013,,,,,0,1,1,1.0,1.48,1.58,1.58,1.87,11,0,0,14.0,-0.9749,-0.2225,-0.0,1.0,0.7908,-0.6121,30.0
1048,1048,2013-12-12,46,0,28,30,31,11346,Thursday,6,12,2013,,,,,0,1,1,1.0,1.48,1.58,1.58,1.87,12,0,0,13.0,-0.7818,0.6235,-0.0,1.0,0.6514,-0.7588,31.0
1049,1049,2013-12-13,41,0,29,22,23,11346,Friday,7,12,2013,,,,,0,1,0,1.0,1.48,1.58,1.58,1.87,13,0,0,12.0,-0.0,1.0,-0.0,1.0,0.4853,-0.8743,23.0
1050,1050,2013-12-14,45,0,30,20,24,11347,Saturday,1,12,2013,,,,,0,0,1,1.0,1.48,1.58,1.58,1.87,14,1,0,11.0,0.7818,0.6235,-0.0,1.0,0.2994,-0.9541,24.0
1051,1051,2013-12-15,64,0,45,28,51,11347,Sunday,2,12,2013,,,,,0,1,1,1.0,1.48,1.58,1.58,1.87,15,1,0,10.0,0.9749,-0.2225,-0.0,1.0,0.1012,-0.9949,51.0
1052,1052,2013-12-16,44,0,35,13,18,11347,Monday,3,12,2013,,,,,0,0,0,1.0,1.48,1.58,1.58,1.87,16,0,0,9.0,0.4339,-0.901,-0.0,1.0,-0.1012,-0.9949,18.0
1053,1053,2013-12-17,56,0,31,13,21,11347,Tuesday,4,12,2013,,,,,0,0,0,1.0,1.48,1.58,1.58,1.87,17,0,0,8.0,-0.4339,-0.901,-0.0,1.0,-0.2994,-0.9541,21.0
1054,1054,2013-12-18,74,0,38,24,24,11347,Wednesday,5,12,2013,,,,,0,0,0,1.0,1.48,1.58,1.58,1.87,18,0,0,7.0,-0.9749,-0.2225,-0.0,1.0,-0.4853,-0.8743,24.0
1055,1055,2013-12-19,79,0,39,23,26,11347,Thursday,6,12,2013,,,,,0,0,0,1.0,1.48,1.58,1.58,1.87,19,0,0,6.0,-0.7818,0.6235,-0.0,1.0,-0.6514,-0.7588,26.0
1056,1056,2013-12-20,54,0,65,21,20,11347,Friday,7,12,2013,,,,,0,0,0,1.0,1.48,1.58,1.58,1.87,20,0,0,5.0,-0.0,1.0,-0.0,1.0,-0.7908,-0.6121,20.0
1057,1057,2013-12-21,50,0,36,36,27,11348,Saturday,1,12,2013,,,,,0,0,0,1.38,1.48,1.58,1.58,1.87,21,1,0,4.0,0.7818,0.6235,-0.0,1.0,-0.8978,-0.4404,27.0
1058,1058,2013-12-22,56,0,42,37,16,11348,Sunday,2,12,2013,,,,,0,0,0,1.38,1.48,1.58,1.58,1.87,22,1,0,3.0,0.9749,-0.2225,-0.0,1.0,-0.9681,-0.2507,16.0
1059,1059,2013-12-23,66,0,54,19,29,11348,Monday,3,12,2013,,,,,0,0,0,1.38,1.48,1.58,1.58,1.87,23,0,0,2.0,0.4339,-0.901,-0.0,1.0,-0.9987,-0.0506,29.0
1060,1060,2013-12-24,69,0,46,25,11,11348,Tuesday,4,12,2013,,,,,0,0,0,1.38,1.48,1.58,1.58,1.87,24,0,0,1.0,-0.4339,-0.901,-0.0,1.0,-0.9885,0.1514,11.0
1061,1061,2013-12-25,0,0,1,0,0,11348,Wednesday,5,12,2013,Christmas,National,,,0,0,0,1.38,1.48,1.58,1.58,1.87,25,0,1,0.0,-0.9749,-0.2225,-0.0,1.0,-0.9378,0.3473,
1062,1062,2013-12-26,50,94,37,15,31,11348,Thursday,6,12,2013,,,,,0,0,0,1.38,1.48,1.58,1.58,1.87,26,0,0,6.0,-0.7818,0.6235,-0.0,1.0,-0.8486,0.529,31.0
1063,1063,2013-12-27,42,75,35,9,25,11348,Friday,7,12,2013,,,,,0,0,0,1.38,1.48,1.58,1.58,1.87,27,0,0,5.0,-0.0,1.0,-0.0,1.0,-0.7248,0.689,25.0
1064,1064,2013-12-28,58,76,36,24,9,11349,Saturday,1,12,2013,,,,,0,0,0,1.38,1.48,1.58,1.58,1.87,28,1,0,4.0,0.7818,0.6235,-0.0,1.0,-0.5713,0.8208,9.0
1065,1065,2013-12-29,70,122,39,31,5,11349,Sunday,2,12,2013,,,,,0,0,0,1.38,1.48,1.58,1.58,1.87,29,1,0,3.0,0.9749,-0.2225,-0.0,1.0,-0.3944,0.919,5.0
1066,1066,2013-12-30,48,136,24,8,35,11349,Monday,3,12,2013,,,,,0,0,0,1.38,1.48,1.58,1.58,1.87,30,0,0,2.0,0.4339,-0.901,-0.0,1.0,-0.2013,0.9795,35.0
1067,1067,2013-12-31,37,221,31,19,24,11349,Tuesday,4,12,2013,,,,,0,0,0,1.38,1.48,1.58,1.58,1.87,31,0,0,1.0,-0.4339,-0.901,-0.0,1.0,-0.0,1.0,24.0
1068,1068,2014-01-01,39,71,34,15,24,11349,Wednesday,5,1,2014,NewYear,National,,,1,1,0,1.38,1.48,1.58,1.58,1.87,1,0,1,0.0,-0.9749,-0.2225,0.5,0.866,0.2013,0.9795,24.0
1069,1069,2014-01-02,36,62,22,14,29,11349,Thursday,6,1,2014,,,,,1,0,1,1.38,1.48,1.58,1.58,1.87,2,0,0,5.0,-0.7818,0.6235,0.5,0.866,0.3944,0.919,29.0
1070,1070,2014-01-03,45,74,23,16,37,11349,Friday,7,1,2014,,,,,1,1,1,1.38,1.48,1.58,1.58,1.87,3,0,0,4.0,-0.0,1.0,0.5,0.866,0.5713,0.8208,37.0
1071,1071,2014-01-04,60,103,25,24,37,11350,Saturday,1,1,2014,,,,,1,0,0,1.38,1.48,1.58,1.58,1.87,4,1,0,3.0,0.7818,0.6235,0.5,0.866,0.7248,0.689,37.0
1072,1072,2014-01-05,41,97,20,22,36,11350,Sunday,2,1,2014,,,,,1,1,1,1.38,1.48,1.58,1.58,1.87,5,1,0,2.0,0.9749,-0.2225,0.5,0.866,0.8486,0.529,36.0
1073,1073,2014-01-06,30,48,13,16,33,11350,Monday,3,1,2014,,,,,1,1,1,1.38,1.48,1.58,1.58,1.87,6,0,0,1.0,0.4339,-0.901,0.5,0.866,0.9378,0.3473,33.0
1074,1074,2014-01-07,46,63,24,9,22,11350,Tuesday,4,1,2014,OrthodoxChristmas,Religious,,,1,1,0,1.38,1.48,1.58,1.58,1.87,7,0,1,0.0,-0.4339,-0.901,0.5,0.866,0.9885,0.1514,22.0
1075,1075,2014-01-08,18,14,35,16,41,11350,Wednesday,5,1,2014,,,,,1,0,1,1.38,1.48,1.58,1.58,1.87,8,0,0,12.0,-0.9749,-0.2225,0.5,0.866,0.9987,-0.0506,41.0
1076,1076,2014-01-09,37,0,28,24,22,11350,Thursday,6,1,2014,,,,,1,1,1,1.38,1.48,1.58,1.58,1.87,9,0,0,11.0,-0.7818,0.6235,0.5,0.866,0.9681,-0.2507,22.0
1077,1077,2014-01-10,40,0,21,18,35,11350,Friday,7,1,2014,,,,,1,0,0,1.38,1.48,1.58,1.58,1.87,10,0,0,10.0,-0.0,1.0,0.5,0.866,0.8978,-0.4404,35.0
1078,1078,2014-01-11,67,136,40,15,45,11351,Saturday,1,1,2014,,,,,0,1,1,1.44,1.48,1.58,1.58,1.87,11,1,0,9.0,0.7818,0.6235,0.5,0.866,0.7908,-0.6121,45.0
1079,1079,2014-01-12,46,105,36,25,49,11351,Sunday,2,1,2014,,,,,0,1,1,1.44,1.48,1.58,1.58,1.87,12,1,0,8.0,0.9749,-0.2225,0.5,0.866,0.6514,-0.7588,49.0
1080,1080,2014-01-13,28,39,21,13,24,11351,Monday,3,1,2014,,,,,0,1,0,1.44,1.48,1.58,1.58,1.87,13,0,0,7.0,0.4339,-0.901,0.5,0.866,0.4853,-0.8743,24.0
1081,1081,2014-01-14,37,54,20,15,33,11351,Tuesday,4,1,2014,,,,,0,0,1,1.44,1.48,1.58,1.58,1.87,14,0,0,6.0,-0.4339,-0.901,0.5,0.866,0.2994,-0.9541,33.0
1082,1082,2014-01-15,28,34,25,17,29,11351,Wednesday,5,1,2014,,,,,0,1,1,1.44,1.48,1.58,1.58,1.87,15,0,0,5.0,-0.9749,-0.2225,0.5,0.866,0.1012,-0.9949,29.0
1083,1083,2014-01-16,47,52,18,18,27,11351,Thursday,6,1,2014,,,,,0,0,0,1.44,1.48,1.58,1.58,1.87,16,0,0,4.0,-0.7818,0.6235,0.5,0.866,-0.1012,-0.9949,27.0
1084,1084,2014-01-17,45,67,17,10,27,11351,Friday,7,1,2014,,,,,0,0,0,1.44,1.48,1.58,1.58,1.87,17,0,0,3.0,-0.0,1.0,0.5,0.866,-0.2994,-0.9541,27.0
1085,1085,2014-01-18,20,75,21,12,32,11352,Saturday,1,1,2014,,,,,0,0,0,1.44,1.48,1.58,1.58,1.87,18,1,0,2.0,0.7818,0.6235,0.5,0.866,-0.4853,-0.8743,32.0
1086,1086,2014-01-19,43,99,20,21,43,11352,Sunday,2,1,2014,,,,,0,0,0,1.44,1.48,1.58,1.58,1.87,19,1,0,1.0,0.9749,-0.2225,0.5,0.866,-0.6514,-0.7588,43.0
1087,1087,2014-01-20,38,54,17,10,37,11352,Monday,3,1,2014,MartinLutherKingDay,National,,,0,0,0,1.44,1.48,1.58,1.58,1.87,20,0,1,0.0,0.4339,-0.901,0.5,0.866,-0.7908,-0.6121,37.0
1088,1088,2014-01-21,29,53,14,8,24,11352,Tuesday,4,1,2014,,,,,0,0,0,1.44,1.48,1.58,1.58,1.87,21,0,0,12.0,-0.4339,-0.901,0.5,0.866,-0.8978,-0.4404,24.0
1089,1089,2014-01-22,23,31,24,8,38,11352,Wednesday,5,1,2014,,,,,0,0,0,1.44,1.48,1.58,1.58,1.87,22,0,0,11.0,-0.9749,-0.2225,0.5,0.866,-0.9681,-0.2507,38.0
1090,1090,2014-01-23,33,44,13,13,40,11352,Thursday,6,1,2014,,,,,0,0,0,1.44,1.48,1.58,1.58,1.87,23,0,0,10.0,-0.7818,0.6235,0.5,0.866,-0.9987,-0.0506,40.0
1091,1091,2014-01-24,21,100,15,9,21,11352,Friday,7,1,2014,,,,,0,0,0,1.44,1.48,1.58,1.58,1.87,24,0,0,9.0,-0.0,1.0,0.5,0.866,-0.9885,0.1514,21.0
1092,1092,2014-01-25,44,46,32,10,33,11353,Saturday,1,1,2014,,,,,0,0,0,1.44,1.48,1.58,1.58,1.87,25,1,0,8.0,0.7818,0.6235,0.5,0.866,-0.9378,0.3473,33.0
1093,1093,2014-01-26,51,62,19,16,84,11353,Sunday,2,1,2014,,,,,0,0,0,1.44,1.48,1.58,1.58,1.87,26,1,0,7.0,0.9749,-0.2225,0.5,0.866,-0.8486,0.529,84.0
1094,1094,2014-01-27,20,56,24,10,50,11353,Monday,3,1,2014,,,,,0,0,0,1.44,1.48,1.58,1.58,1.87,27,0,0,6.0,0.4339,-0.901,0.5,0.866,-0.7248,0.689,50.0
1095,1095,2014-01-28,26,41,11,8,36,11353,Tuesday,4,1,2014,,,,,0,0,0,1.44,1.48,1.58,1.58,1.87,28,0,0,5.0,-0.4339,-0.901,0.5,0.866,-0.5713,0.8208,36.0
1096,1096,2014-01-29,24,39,12,9,47,11353,Wednesday,5,1,2014,,,,,0,0,0,1.44,1.48,1.58,1.58,1.87,29,0,0,4.0,-0.9749,-0.2225,0.5,0.866,-0.3944,0.919,47.0
1097,1097,2014-01-30,30,37,22,10,47,11353,Thursday,6,1,2014,,,,,0,0,0,1.44,1.48,1.58,1.58,1.87,30,0,0,3.0,-0.7818,0.6235,0.5,0.866,-0.2013,0.9795,47.0
1098,1098,2014-01-31,42,75,21,15,46,11353,Friday,7,1,2014,,,,,0,0,0,1.44,1.48,1.58,1.58,1.87,31,0,0,2.0,-0.0,1.0,0.5,0.866,-0.0,1.0,46.0
1099,1099,2014-02-01,53,119,33,13,47,11401,Saturday,1,2,2014,,,,,1,1,0,1.44,1.48,1.58,1.58,1.87,1,1,0,1.0,0.7818,0.6235,0.866,0.5,0.2013,0.9795,47.0
1100,1100,2014-02-02,55,81,23,15,31,11401,Sunday,2,2,2014,SuperBowl,Sporting,,,1,0,1,1.44,1.48,1.58,1.58,1.87,2,1,1,0.0,0.9749,-0.2225,0.866,0.5,0.3944,0.919,31.0
1101,1101,2014-02-03,49,35,21,11,17,11401,Monday,3,2,2014,,,,,1,1,1,1.44,1.48,1.58,1.58,1.87,3,0,0,11.0,0.4339,-0.901,0.866,0.5,0.5713,0.8208,17.0
1102,1102,2014-02-04,30,38,11,7,26,11401,Tuesday,4,2,2014,,,,,1,0,0,1.44,1.48,1.58,1.58,1.87,4,0,0,10.0,-0.4339,-0.901,0.866,0.5,0.7248,0.689,26.0
1103,1103,2014-02-05,24,32,18,11,35,11401,Wednesday,5,2,2014,,,,,1,1,1,1.44,1.48,1.58,1.58,1.87,5,0,0,9.0,-0.9749,-0.2225,0.866,0.5,0.8486,0.529,35.0
1104,1104,2014-02-06,28,71,11,7,39,11401,Thursday,6,2,2014,,,,,1,1,1,1.44,1.48,1.58,1.58,1.87,6,0,0,8.0,-0.7818,0.6235,0.866,0.5,0.9378,0.3473,39.0
1105,1105,2014-02-07,39,0,30,11,26,11401,Friday,7,2,2014,,,,,1,1,0,1.44,1.48,1.58,1.58,1.87,7,0,0,7.0,-0.0,1.0,0.866,0.5,0.9885,0.1514,26.0
1106,1106,2014-02-08,37,0,41,19,33,11402,Saturday,1,2,2014,,,,,1,0,1,1.44,1.48,1.58,1.58,1.87,8,1,0,6.0,0.7818,0.6235,0.866,0.5,0.9987,-0.0506,33.0
1107,1107,2014-02-09,73,0,38,32,49,11402,Sunday,2,2,2014,,,,,1,1,1,1.44,1.48,1.58,1.58,1.87,9,1,0,5.0,0.9749,-0.2225,0.866,0.5,0.9681,-0.2507,49.0
1108,1108,2014-02-10,52,0,24,15,45,11402,Monday,3,2,2014,,,,,1,0,0,1.44,1.48,1.58,1.58,1.87,10,0,0,4.0,0.4339,-0.901,0.866,0.5,0.8978,-0.4404,45.0
1109,1109,2014-02-11,37,0,21,11,73,11402,Tuesday,4,2,2014,,,,,0,1,1,1.44,1.48,1.58,1.58,1.87,11,0,0,3.0,-0.4339,-0.901,0.866,0.5,0.7908,-0.6121,73.0
1110,1110,2014-02-12,49,0,27,14,44,11402,Wednesday,5,2,2014,,,,,0,1,1,1.44,1.48,1.58,1.58,1.87,12,0,0,2.0,-0.9749,-0.2225,0.866,0.5,0.6514,-0.7588,44.0
1111,1111,2014-02-13,65,0,37,21,33,11402,Thursday,6,2,2014,,,,,0,1,0,1.44,1.48,1.58,1.58,1.87,13,0,0,1.0,-0.7818,0.6235,0.866,0.5,0.4853,-0.8743,33.0
1112,1112,2014-02-14,68,0,31,19,23,11402,Friday,7,2,2014,ValentinesDay,Cultural,,,0,0,1,1.44,1.48,1.58,1.58,1.87,14,0,1,0.0,-0.0,1.0,0.866,0.5,0.2994,-0.9541,23.0
1113,1113,2014-02-15,61,0,46,20,44,11403,Saturday,1,2,2014,,,,,0,1,1,1.44,1.48,1.58,1.58,1.87,15,1,0,2.0,0.7818,0.6235,0.866,0.5,0.1012,-0.9949,44.0
1114,1114,2014-02-16,61,0,39,35,47,11403,Sunday,2,2,2014,,,,,0,0,0,1.44,1.48,1.58,1.58,1.87,16,1,0,1.0,0.9749,-0.2225,0.866,0.5,-0.1012,-0.9949,47.0
1115,1115,2014-02-17,46,0,37,23,47,11403,Monday,3,2,2014,PresidentsDay,National,,,0,0,0,1.44,1.48,1.58,1.58,1.87,17,0,1,0.0,0.4339,-0.901,0.866,0.5,-0.2994,-0.9541,47.0
1116,1116,2014-02-18,44,0,41,19,38,11403,Tuesday,4,2,2014,,,,,0,0,0,1.44,1.48,1.58,1.58,1.87,18,0,0,15.0,-0.4339,-0.901,0.866,0.5,-0.4853,-0.8743,38.0
1117,1117,2014-02-19,34,0,25,11,36,11403,Wednesday,5,2,2014,,,,,0,0,0,1.44,1.48,1.58,1.58,1.87,19,0,0,14.0,-0.9749,-0.2225,0.866,0.5,-0.6514,-0.7588,36.0
1118,1118,2014-02-20,49,0,34,11,28,11403,Thursday,6,2,2014,,,,,0,0,0,1.44,1.48,1.58,1.58,1.87,20,0,0,13.0,-0.7818,0.6235,0.866,0.5,-0.7908,-0.6121,28.0
1119,1119,2014-02-21,41,0,31,10,19,11403,Friday,7,2,2014,,,,,0,0,0,1.44,1.48,1.58,1.58,1.87,21,0,0,12.0,-0.0,1.0,0.866,0.5,-0.8978,-0.4404,19.0
1120,1120,2014-02-22,37,0,37,26,51,11404,Saturday,1,2,2014,,,,,0,0,0,1.44,1.48,1.58,1.58,1.87,22,1,0,11.0,0.7818,0.6235,0.866,0.5,-0.9681,-0.2507,51.0
1121,1121,2014-02-23,73,0,60,36,58,11404,Sunday,2,2,2014,,,,,0,0,0,1.44,1.48,1.58,1.58,1.87,23,1,0,10.0,0.9749,-0.2225,0.866,0.5,-0.9987,-0.0506,58.0
1122,1122,2014-02-24,33,0,20,10,41,11404,Monday,3,2,2014,,,,,0,0,0,1.44,1.48,1.58,1.58,1.87,24,0,0,9.0,0.4339,-0.901,0.866,0.5,-0.9885,0.1514,41.0
1123,1123,2014-02-25,40,0,30,21,29,11404,Tuesday,4,2,2014,,,,,0,0,0,1.44,1.48,1.58,1.58,1.87,25,0,0,8.0,-0.4339,-0.901,0.866,0.5,-0.9378,0.3473,29.0
1124,1124,2014-02-26,27,0,15,9,23,11404,Wednesday,5,2,2014,,,,,0,0,0,1.44,1.48,1.58,1.58,1.87,26,0,0,7.0,-0.9749,-0.2225,0.866,0.5,-0.8486,0.529,23.0
1125,1125,2014-02-27,39,0,31,22,22,11404,Thursday,6,2,2014,,,,,0,0,0,1.44,1.48,1.58,1.58,1.87,27,0,0,6.0,-0.7818,0.6235,0.866,0.5,-0.7248,0.689,22.0
1126,1126,2014-02-28,43,0,46,22,22,11404,Friday,7,2,2014,,,,,0,0,0,1.44,1.48,1.58,1.58,1.87,28,0,0,5.0,-0.0,1.0,0.866,0.5,-0.5713,0.8208,22.0
1127,1127,2014-03-01,69,0,56,34,38,11405,Saturday,1,3,2014,,,,,1,1,0,1.44,1.48,1.58,1.58,1.87,1,1,0,4.0,0.7818,0.6235,1.0,0.0,0.2013,0.9795,38.0
1128,1128,2014-03-02,49,0,36,27,49,11405,Sunday,2,3,2014,,,,,1,0,1,1.44,1.48,1.58,1.58,1.87,2,1,0,3.0,0.9749,-0.2225,1.0,0.0,0.3944,0.919,49.0
1129,1129,2014-03-03,35,0,21,11,28,11405,Monday,3,3,2014,,,,,1,1,1,1.44,1.48,1.58,1.58,1.87,3,0,0,2.0,0.4339,-0.901,1.0,0.0,0.5713,0.8208,28.0
1130,1130,2014-03-04,25,0,13,13,25,11405,Tuesday,4,3,2014,,,,,1,0,0,1.44,1.48,1.58,1.58,1.87,4,0,0,1.0,-0.4339,-0.901,1.0,0.0,0.7248,0.689,25.0
1131,1131,2014-03-05,42,0,43,19,22,11405,Wednesday,5,3,2014,LentStart,Religious,,,1,1,1,1.44,1.48,1.58,1.58,1.87,5,0,1,0.0,-0.9749,-0.2225,1.0,0.0,0.8486,0.529,22.0
1132,1132,2014-03-06,44,0,26,18,29,11405,Thursday,6,3,2014,,,,,1,1,1,1.44,1.48,1.58,1.58,1.87,6,0,0,6.0,-0.7818,0.6235,1.0,0.0,0.9378,0.3473,29.0
1133,1133,2014-03-07,49,0,37,9,33,11405,Friday,7,3,2014,,,,,1,1,0,1.44,1.48,1.58,1.58,1.87,7,0,0,5.0,-0.0,1.0,1.0,0.0,0.9885,0.1514,33.0
1134,1134,2014-03-08,43,0,41,21,24,11406,Saturday,1,3,2014,,,,,1,0,1,1.44,1.48,1.58,1.58,1.87,8,1,0,4.0,0.7818,0.6235,1.0,0.0,0.9987,-0.0506,24.0
1135,1135,2014-03-09,50,84,31,24,44,11406,Sunday,2,3,2014,,,,,1,1,1,1.44,1.48,1.58,1.58,1.87,9,1,0,3.0,0.9749,-0.2225,1.0,0.0,0.9681,-0.2507,44.0
1136,1136,2014-03-10,58,44,37,21,44,11406,Monday,3,3,2014,,,,,1,0,0,1.44,1.48,1.58,1.58,1.87,10,0,0,2.0,0.4339,-0.901,1.0,0.0,0.8978,-0.4404,44.0
1137,1137,2014-03-11,53,58,40,35,35,11406,Tuesday,4,3,2014,,,,,0,1,1,1.44,1.48,1.58,1.58,1.87,11,0,0,1.0,-0.4339,-0.901,1.0,0.0,0.7908,-0.6121,35.0
1138,1138,2014-03-12,44,53,33,24,30,11406,Wednesday,5,3,2014,LentWeek2,Religious,,,0,1,1,1.44,1.48,1.58,1.58,1.87,12,0,1,0.0,-0.9749,-0.2225,1.0,0.0,0.6514,-0.7588,30.0
1139,1139,2014-03-13,60,79,35,19,36,11406,Thursday,6,3,2014,,,,,0,1,0,1.44,1.48,1.58,1.58,1.87,13,0,0,3.0,-0.7818,0.6235,1.0,0.0,0.4853,-0.8743,36.0
1140,1140,2014-03-14,49,43,28,21,36,11406,Friday,7,3,2014,,,,,0,0,1,1.44,1.48,1.58,1.58,1.87,14,0,0,2.0,-0.0,1.0,1.0,0.0,0.2994,-0.9541,36.0
1141,1141,2014-03-15,48,68,37,27,36,11407,Saturday,1,3,2014,,,,,0,1,1,1.44,1.48,1.58,1.58,1.87,15,1,0,1.0,0.7818,0.6235,1.0,0.0,0.1012,-0.9949,36.0
1142,1142,2014-03-16,70,50,35,24,40,11407,Sunday,2,3,2014,Purim End,Religious,,,0,0,0,1.44,1.48,1.58,1.58,1.87,16,1,1,0.0,0.9749,-0.2225,1.0,0.0,-0.1012,-0.9949,40.0
1143,1143,2014-03-17,48,31,24,22,41,11407,Monday,3,3,2014,StPatricksDay,Cultural,,,0,0,0,1.44,1.48,1.58,1.58,1.87,17,0,1,0.0,0.4339,-0.901,1.0,0.0,-0.2994,-0.9541,41.0
1144,1144,2014-03-18,51,36,31,19,17,11407,Tuesday,4,3,2014,,,,,0,0,0,1.44,1.48,1.58,1.58,1.87,18,0,0,33.0,-0.4339,-0.901,1.0,0.0,-0.4853,-0.8743,17.0
1145,1145,2014-03-19,36,39,26,27,21,11407,Wednesday,5,3,2014,,,,,0,0,0,1.44,1.48,1.58,1.58,1.87,19,0,0,32.0,-0.9749,-0.2225,1.0,0.0,-0.6514,-0.7588,21.0
1146,1146,2014-03-20,44,42,26,23,30,11407,Thursday,6,3,2014,,,,,0,0,0,1.44,1.48,1.58,1.58,1.87,20,0,0,31.0,-0.7818,0.6235,1.0,0.0,-0.7908,-0.6121,30.0
1147,1147,2014-03-21,43,57,40,25,24,11407,Friday,7,3,2014,,,,,0,0,0,1.44,1.48,1.58,1.58,1.87,21,0,0,30.0,-0.0,1.0,1.0,0.0,-0.8978,-0.4404,24.0
1148,1148,2014-03-22,56,79,38,28,31,11408,Saturday,1,3,2014,,,,,0,0,0,1.44,1.48,1.58,1.58,1.87,22,1,0,29.0,0.7818,0.6235,1.0,0.0,-0.9681,-0.2507,31.0
1149,1149,2014-03-23,62,74,21,18,43,11408,Sunday,2,3,2014,,,,,0,0,0,1.44,1.48,1.58,1.58,1.87,23,1,0,28.0,0.9749,-0.2225,1.0,0.0,-0.9987,-0.0506,43.0
1150,1150,2014-03-24,28,35,13,14,42,11408,Monday,3,3,2014,,,,,0,0,0,1.44,1.48,1.58,1.58,1.87,24,0,0,27.0,0.4339,-0.901,1.0,0.0,-0.9885,0.1514,42.0
1151,1151,2014-03-25,40,45,19,26,27,11408,Tuesday,4,3,2014,,,,,0,0,0,1.44,1.48,1.58,1.58,1.87,25,0,0,26.0,-0.4339,-0.901,1.0,0.0,-0.9378,0.3473,27.0
1152,1152,2014-03-26,26,38,14,12,21,11408,Wednesday,5,3,2014,,,,,0,0,0,1.44,1.48,1.58,1.58,1.87,26,0,0,25.0,-0.9749,-0.2225,1.0,0.0,-0.8486,0.529,21.0
1153,1153,2014-03-27,16,34,19,19,33,11408,Thursday,6,3,2014,,,,,0,0,0,1.44,1.48,1.58,1.58,1.87,27,0,0,24.0,-0.7818,0.6235,1.0,0.0,-0.7248,0.689,33.0
1154,1154,2014-03-28,50,41,22,27,25,11408,Friday,7,3,2014,,,,,0,0,0,1.44,1.48,1.58,1.58,1.87,28,0,0,23.0,-0.0,1.0,1.0,0.0,-0.5713,0.8208,25.0
1155,1155,2014-03-29,53,53,26,39,29,11409,Saturday,1,3,2014,,,,,0,0,0,1.44,1.48,1.58,1.58,1.87,29,1,0,22.0,0.7818,0.6235,1.0,0.0,-0.3944,0.919,29.0
1156,1156,2014-03-30,66,122,24,49,33,11409,Sunday,2,3,2014,,,,,0,0,0,1.44,1.48,1.58,1.58,1.87,30,1,0,21.0,0.9749,-0.2225,1.0,0.0,-0.2013,0.9795,33.0
1157,1157,2014-03-31,33,37,22,26,29,11409,Monday,3,3,2014,,,,,0,0,0,1.44,1.48,1.58,1.58,1.87,31,0,0,20.0,0.4339,-0.901,1.0,0.0,-0.0,1.0,29.0
1158,1158,2014-04-01,54,44,21,21,37,11409,Tuesday,4,4,2014,,,,,1,1,0,1.44,1.48,1.58,1.58,1.87,1,0,0,19.0,-0.4339,-0.901,0.866,-0.5,0.2013,0.9795,37.0
1159,1159,2014-04-02,37,39,20,25,20,11409,Wednesday,5,4,2014,,,,,1,0,1,1.44,1.48,1.58,1.58,1.87,2,0,0,18.0,-0.9749,-0.2225,0.866,-0.5,0.3944,0.919,20.0
1160,1160,2014-04-03,48,58,25,32,27,11409,Thursday,6,4,2014,,,,,1,1,1,1.44,1.48,1.58,1.58,1.87,3,0,0,17.0,-0.7818,0.6235,0.866,-0.5,0.5713,0.8208,27.0
1161,1161,2014-04-04,41,55,29,22,30,11409,Friday,7,4,2014,,,,,1,0,0,1.44,1.48,1.58,1.58,1.87,4,0,0,16.0,-0.0,1.0,0.866,-0.5,0.7248,0.689,30.0
1162,1162,2014-04-05,63,87,28,24,31,11410,Saturday,1,4,2014,,,,,1,1,1,1.44,1.48,1.58,1.58,1.87,5,1,0,15.0,0.7818,0.6235,0.866,-0.5,0.8486,0.529,31.0
1163,1163,2014-04-06,62,38,27,15,37,11410,Sunday,2,4,2014,,,,,1,1,1,1.44,1.48,1.58,1.58,1.87,6,1,0,14.0,0.9749,-0.2225,0.866,-0.5,0.9378,0.3473,37.0
1164,1164,2014-04-07,39,58,27,30,51,11410,Monday,3,4,2014,,,,,1,1,0,1.44,1.48,1.58,1.58,1.87,7,0,0,13.0,0.4339,-0.901,0.866,-0.5,0.9885,0.1514,51.0
1165,1165,2014-04-08,47,32,18,19,19,11410,Tuesday,4,4,2014,,,,,1,0,1,1.44,1.48,1.58,1.58,1.87,8,0,0,12.0,-0.4339,-0.901,0.866,-0.5,0.9987,-0.0506,19.0
1166,1166,2014-04-09,39,48,26,20,28,11410,Wednesday,5,4,2014,,,,,1,1,1,1.44,1.48,1.58,1.58,1.87,9,0,0,11.0,-0.9749,-0.2225,0.866,-0.5,0.9681,-0.2507,28.0
1167,1167,2014-04-10,44,43,33,21,33,11410,Thursday,6,4,2014,,,,,1,0,0,1.44,1.48,1.58,1.58,1.87,10,0,0,10.0,-0.7818,0.6235,0.866,-0.5,0.8978,-0.4404,33.0
1168,1168,2014-04-11,55,45,28,22,30,11410,Friday,7,4,2014,,,,,0,1,1,1.44,1.48,1.58,1.58,1.87,11,0,0,9.0,-0.0,1.0,0.866,-0.5,0.7908,-0.6121,30.0
1169,1169,2014-04-12,60,83,48,47,30,11411,Saturday,1,4,2014,,,,,0,1,1,1.44,1.48,1.58,1.58,1.87,12,1,0,8.0,0.7818,0.6235,0.866,-0.5,0.6514,-0.7588,30.0
1170,1170,2014-04-13,61,103,26,25,33,11411,Sunday,2,4,2014,,,,,0,1,0,1.44,1.48,1.58,1.58,1.87,13,1,0,7.0,0.9749,-0.2225,0.866,-0.5,0.4853,-0.8743,33.0
1171,1171,2014-04-14,47,35,27,17,31,11411,Monday,3,4,2014,,,,,0,0,1,1.44,1.48,1.58,1.58,1.87,14,0,0,6.0,0.4339,-0.901,0.866,-0.5,0.2994,-0.9541,31.0
1172,1172,2014-04-15,50,42,22,28,45,11411,Tuesday,4,4,2014,,,,,0,1,1,1.44,1.48,1.58,1.58,1.87,15,0,0,5.0,-0.4339,-0.901,0.866,-0.5,0.1012,-0.9949,45.0
1173,1173,2014-04-16,43,35,28,32,39,11411,Wednesday,5,4,2014,,,,,0,0,0,1.44,1.48,1.58,1.58,1.87,16,0,0,4.0,-0.9749,-0.2225,0.866,-0.5,-0.1012,-0.9949,39.0
1174,1174,2014-04-17,45,37,24,15,19,11411,Thursday,6,4,2014,,,,,0,0,0,1.44,1.48,1.58,1.58,1.87,17,0,0,3.0,-0.7818,0.6235,0.866,-0.5,-0.2994,-0.9541,19.0
1175,1175,2014-04-18,51,52,36,38,24,11411,Friday,7,4,2014,,,,,0,0,0,1.44,1.48,1.58,1.58,1.87,18,0,0,2.0,-0.0,1.0,0.866,-0.5,-0.4853,-0.8743,24.0
1176,1176,2014-04-19,61,80,44,46,35,11412,Saturday,1,4,2014,,,,,0,0,0,1.44,1.48,1.58,1.58,1.87,19,1,0,1.0,0.7818,0.6235,0.866,-0.5,-0.6514,-0.7588,35.0
1177,1177,2014-04-20,104,92,57,52,31,11412,Sunday,2,4,2014,Easter,Cultural,OrthodoxEaster,Religious,0,0,0,1.44,1.48,1.58,1.58,1.87,20,1,1,0.0,0.9749,-0.2225,0.866,-0.5,-0.7908,-0.6121,31.0
1178,1178,2014-04-21,44,53,24,18,36,11412,Monday,3,4,2014,,,,,0,0,0,1.44,1.48,1.58,1.58,1.87,21,0,0,1.0,0.4339,-0.901,0.866,-0.5,-0.8978,-0.4404,36.0
1179,1179,2014-04-22,54,36,21,6,25,11412,Tuesday,4,4,2014,Pesach End,Religious,,,0,0,0,1.44,1.48,1.58,1.58,1.87,22,0,1,0.0,-0.4339,-0.901,0.866,-0.5,-0.9681,-0.2507,25.0
1180,1180,2014-04-23,58,38,24,0,31,11412,Wednesday,5,4,2014,,,,,0,0,0,1.44,1.48,1.58,1.58,1.87,23,0,0,12.0,-0.9749,-0.2225,0.866,-0.5,-0.9987,-0.0506,31.0
1181,1181,2014-04-24,51,41,32,0,29,11412,Thursday,6,4,2014,,,,,0,0,0,1.44,1.48,1.58,1.58,1.87,24,0,0,11.0,-0.7818,0.6235,0.866,-0.5,-0.9885,0.1514,29.0
1182,1182,2014-04-25,47,109,25,0,25,11412,Friday,7,4,2014,,,,,0,0,0,1.44,1.48,1.58,1.58,1.87,25,0,0,10.0,-0.0,1.0,0.866,-0.5,-0.9378,0.3473,25.0
1183,1183,2014-04-26,47,74,27,43,39,11413,Saturday,1,4,2014,,,,,0,0,0,1.44,1.58,1.58,1.58,1.87,26,1,0,9.0,0.7818,0.6235,0.866,-0.5,-0.8486,0.529,39.0
1184,1184,2014-04-27,70,67,32,24,41,11413,Sunday,2,4,2014,,,,,0,0,0,1.44,1.58,1.58,1.58,1.87,27,1,0,8.0,0.9749,-0.2225,0.866,-0.5,-0.7248,0.689,41.0
1185,1185,2014-04-28,50,27,42,38,44,11413,Monday,3,4,2014,,,,,0,0,0,1.44,1.58,1.58,1.58,1.87,28,0,0,7.0,0.4339,-0.901,0.866,-0.5,-0.5713,0.8208,44.0
1186,1186,2014-04-29,40,18,33,23,29,11413,Tuesday,4,4,2014,,,,,0,0,0,1.44,1.58,1.58,1.58,1.87,29,0,0,6.0,-0.4339,-0.901,0.866,-0.5,-0.3944,0.919,29.0
1187,1187,2014-04-30,37,38,22,12,30,11413,Wednesday,5,4,2014,,,,,0,0,0,1.44,1.58,1.58,1.58,1.87,30,0,0,5.0,-0.9749,-0.2225,0.866,-0.5,-0.2013,0.9795,30.0
1188,1188,2014-05-01,52,60,28,27,37,11413,Thursday,6,5,2014,,,,,1,1,0,1.44,1.58,1.58,1.58,1.87,1,0,0,4.0,-0.7818,0.6235,0.5,-0.866,0.2013,0.9795,37.0
1189,1189,2014-05-02,37,9,24,27,38,11413,Friday,7,5,2014,,,,,1,0,1,1.44,1.58,1.58,1.58,1.87,2,0,0,3.0,-0.0,1.0,0.5,-0.866,0.3944,0.919,38.0
1190,1190,2014-05-03,67,65,47,54,42,11414,Saturday,1,5,2014,,,,,1,1,1,1.44,1.58,1.58,1.58,1.87,3,1,0,2.0,0.7818,0.6235,0.5,-0.866,0.5713,0.8208,42.0
1191,1191,2014-05-04,69,55,32,30,60,11414,Sunday,2,5,2014,,,,,1,0,0,1.44,1.58,1.58,1.58,1.87,4,1,0,1.0,0.9749,-0.2225,0.5,-0.866,0.7248,0.689,60.0
1192,1192,2014-05-05,61,45,22,37,41,11414,Monday,3,5,2014,Cinco De Mayo,Cultural,,,1,1,1,1.44,1.58,1.58,1.58,1.87,5,0,1,0.0,0.4339,-0.901,0.5,-0.866,0.8486,0.529,41.0
1193,1193,2014-05-06,52,40,27,24,36,11414,Tuesday,4,5,2014,,,,,1,1,1,1.44,1.58,1.58,1.58,1.87,6,0,0,5.0,-0.4339,-0.901,0.5,-0.866,0.9378,0.3473,36.0
1194,1194,2014-05-07,53,39,29,23,44,11414,Wednesday,5,5,2014,,,,,1,1,0,1.44,1.58,1.58,1.58,1.87,7,0,0,4.0,-0.9749,-0.2225,0.5,-0.866,0.9885,0.1514,44.0
1195,1195,2014-05-08,51,36,28,9,23,11414,Thursday,6,5,2014,,,,,1,0,1,1.44,1.58,1.58,1.58,1.87,8,0,0,3.0,-0.7818,0.6235,0.5,-0.866,0.9987,-0.0506,23.0
1196,1196,2014-05-09,61,49,20,28,35,11414,Friday,7,5,2014,,,,,1,1,1,1.44,1.58,1.58,1.58,1.87,9,0,0,2.0,-0.0,1.0,0.5,-0.866,0.9681,-0.2507,35.0
1197,1197,2014-05-10,77,79,31,36,32,11415,Saturday,1,5,2014,,,,,1,0,0,1.44,1.58,1.58,1.58,1.87,10,1,0,1.0,0.7818,0.6235,0.5,-0.866,0.8978,-0.4404,32.0
1198,1198,2014-05-11,60,94,43,44,31,11415,Sunday,2,5,2014,Mother's day,Cultural,,,0,1,1,1.44,1.58,1.58,1.58,1.87,11,1,1,0.0,0.9749,-0.2225,0.5,-0.866,0.7908,-0.6121,31.0
1199,1199,2014-05-12,49,37,41,35,40,11415,Monday,3,5,2014,,,,,0,1,1,1.44,1.58,1.58,1.58,1.87,12,0,0,14.0,0.4339,-0.901,0.5,-0.866,0.6514,-0.7588,40.0
1200,1200,2014-05-13,46,0,33,20,33,11415,Tuesday,4,5,2014,,,,,0,1,0,1.44,1.58,1.58,1.58,1.87,13,0,0,13.0,-0.4339,-0.901,0.5,-0.866,0.4853,-0.8743,33.0
1201,1201,2014-05-14,38,0,28,12,22,11415,Wednesday,5,5,2014,,,,,0,0,1,1.44,1.58,1.58,1.58,1.87,14,0,0,12.0,-0.9749,-0.2225,0.5,-0.866,0.2994,-0.9541,22.0
1202,1202,2014-05-15,36,0,29,25,35,11415,Thursday,6,5,2014,,,,,0,1,1,1.44,1.58,1.58,1.58,1.87,15,0,0,11.0,-0.7818,0.6235,0.5,-0.866,0.1012,-0.9949,35.0
1203,1203,2014-05-16,45,0,23,28,27,11415,Friday,7,5,2014,,,,,0,0,0,1.44,1.58,1.58,1.58,1.87,16,0,0,10.0,-0.0,1.0,0.5,-0.866,-0.1012,-0.9949,27.0
1204,1204,2014-05-17,59,0,32,58,27,11416,Saturday,1,5,2014,,,,,0,0,0,1.44,1.58,1.58,1.58,1.87,17,1,0,9.0,0.7818,0.6235,0.5,-0.866,-0.2994,-0.9541,27.0
1205,1205,2014-05-18,45,0,30,31,44,11416,Sunday,2,5,2014,,,,,0,0,0,1.44,1.58,1.58,1.58,1.87,18,1,0,8.0,0.9749,-0.2225,0.5,-0.866,-0.4853,-0.8743,44.0
1206,1206,2014-05-19,46,0,26,14,38,11416,Monday,3,5,2014,,,,,0,0,0,1.44,1.58,1.58,1.58,1.87,19,0,0,7.0,0.4339,-0.901,0.5,-0.866,-0.6514,-0.7588,38.0
1207,1207,2014-05-20,56,0,28,28,36,11416,Tuesday,4,5,2014,,,,,0,0,0,1.44,1.58,1.58,1.58,1.87,20,0,0,6.0,-0.4339,-0.901,0.5,-0.866,-0.7908,-0.6121,36.0
1208,1208,2014-05-21,57,0,18,22,29,11416,Wednesday,5,5,2014,,,,,0,0,0,1.44,1.58,1.58,1.58,1.87,21,0,0,5.0,-0.9749,-0.2225,0.5,-0.866,-0.8978,-0.4404,29.0
1209,1209,2014-05-22,49,0,17,26,32,11416,Thursday,6,5,2014,,,,,0,0,0,1.44,1.58,1.58,1.58,1.87,22,0,0,4.0,-0.7818,0.6235,0.5,-0.866,-0.9681,-0.2507,32.0
1210,1210,2014-05-23,55,0,26,41,29,11416,Friday,7,5,2014,,,,,0,0,0,1.44,1.58,1.58,1.58,1.87,23,0,0,3.0,-0.0,1.0,0.5,-0.866,-0.9987,-0.0506,29.0
1211,1211,2014-05-24,63,0,47,43,27,11417,Saturday,1,5,2014,,,,,0,0,0,1.44,1.58,1.58,1.58,1.87,24,1,0,2.0,0.7818,0.6235,0.5,-0.866,-0.9885,0.1514,27.0
1212,1212,2014-05-25,68,0,44,38,32,11417,Sunday,2,5,2014,,,,,0,0,0,1.44,1.58,1.58,1.58,1.87,25,1,0,1.0,0.9749,-0.2225,0.5,-0.866,-0.9378,0.3473,32.0
1213,1213,2014-05-26,30,0,24,25,29,11417,Monday,3,5,2014,MemorialDay,National,,,0,0,0,1.44,1.58,1.58,1.58,1.87,26,0,1,0.0,0.4339,-0.901,0.5,-0.866,-0.8486,0.529,29.0
1214,1214,2014-05-27,40,0,16,11,32,11417,Tuesday,4,5,2014,,,,,0,0,0,1.44,1.58,1.58,1.58,1.87,27,0,0,9.0,-0.4339,-0.901,0.5,-0.866,-0.7248,0.689,32.0
1215,1215,2014-05-28,45,0,18,18,24,11417,Wednesday,5,5,2014,,,,,0,0,0,1.44,1.58,1.58,1.58,1.87,28,0,0,8.0,-0.9749,-0.2225,0.5,-0.866,-0.5713,0.8208,24.0
1216,1216,2014-05-29,34,0,25,26,42,11417,Thursday,6,5,2014,,,,,0,0,0,1.44,1.58,1.58,1.58,1.87,29,0,0,7.0,-0.7818,0.6235,0.5,-0.866,-0.3944,0.919,42.0
1217,1217,2014-05-30,50,0,33,30,27,11417,Friday,7,5,2014,,,,,0,0,0,1.44,1.58,1.58,1.58,1.87,30,0,0,6.0,-0.0,1.0,0.5,-0.866,-0.2013,0.9795,27.0
1218,1218,2014-05-31,52,0,50,26,37,11418,Saturday,1,5,2014,,,,,0,0,0,1.44,1.58,1.58,1.58,1.87,31,1,0,5.0,0.7818,0.6235,0.5,-0.866,-0.0,1.0,37.0
1219,1219,2014-06-01,83,0,35,30,39,11418,Sunday,2,6,2014,,,,,1,1,0,1.44,1.58,1.58,1.58,1.87,1,1,0,4.0,0.9749,-0.2225,0.0,-1.0,0.2013,0.9795,39.0
1220,1220,2014-06-02,46,0,30,37,36,11418,Monday,3,6,2014,,,,,1,0,1,1.44,1.58,1.58,1.58,1.87,2,0,0,3.0,0.4339,-0.901,0.0,-1.0,0.3944,0.919,36.0
1221,1221,2014-06-03,40,0,27,25,18,11418,Tuesday,4,6,2014,,,,,1,1,1,1.44,1.58,1.58,1.58,1.87,3,0,0,2.0,-0.4339,-0.901,0.0,-1.0,0.5713,0.8208,18.0
1222,1222,2014-06-04,56,0,19,42,36,11418,Wednesday,5,6,2014,,,,,1,0,0,1.44,1.58,1.58,1.58,1.87,4,0,0,1.0,-0.9749,-0.2225,0.0,-1.0,0.7248,0.689,36.0
1223,1223,2014-06-05,67,0,30,26,43,11418,Thursday,6,6,2014,NBAFinalsStart,Sporting,,,1,1,1,1.44,1.58,1.58,1.58,1.87,5,0,1,0.0,-0.7818,0.6235,0.0,-1.0,0.8486,0.529,43.0
1224,1224,2014-06-06,54,0,39,44,42,11418,Friday,7,6,2014,,,,,1,1,1,1.44,1.58,1.58,1.58,1.87,6,0,0,9.0,-0.0,1.0,0.0,-1.0,0.9378,0.3473,42.0
1225,1225,2014-06-07,56,0,33,33,46,11419,Saturday,1,6,2014,,,,,1,1,0,1.44,1.58,1.58,1.58,1.87,7,1,0,8.0,0.7818,0.6235,0.0,-1.0,0.9885,0.1514,46.0
1226,1226,2014-06-08,67,0,27,27,49,11419,Sunday,2,6,2014,,,,,1,0,1,1.44,1.58,1.58,1.58,1.87,8,1,0,7.0,0.9749,-0.2225,0.0,-1.0,0.9987,-0.0506,49.0
1227,1227,2014-06-09,52,0,27,20,51,11419,Monday,3,6,2014,,,,,1,1,1,1.44,1.58,1.58,1.58,1.87,9,0,0,6.0,0.4339,-0.901,0.0,-1.0,0.9681,-0.2507,51.0
1228,1228,2014-06-10,48,0,25,44,29,11419,Tuesday,4,6,2014,,,,,1,0,0,1.44,1.58,1.58,1.58,1.87,10,0,0,5.0,-0.4339,-0.901,0.0,-1.0,0.8978,-0.4404,29.0
1229,1229,2014-06-11,44,41,22,34,36,11419,Wednesday,5,6,2014,,,,,0,1,1,1.44,1.58,1.58,1.58,1.87,11,0,0,4.0,-0.9749,-0.2225,0.0,-1.0,0.7908,-0.6121,36.0
1230,1230,2014-06-12,34,46,20,33,31,11419,Thursday,6,6,2014,,,,,0,1,1,1.44,1.58,1.58,1.58,1.87,12,0,0,3.0,-0.7818,0.6235,0.0,-1.0,0.6514,-0.7588,31.0
1231,1231,2014-06-13,52,24,25,24,37,11419,Friday,7,6,2014,,,,,0,1,0,1.44,1.58,1.58,1.58,1.87,13,0,0,2.0,-0.0,1.0,0.0,-1.0,0.4853,-0.8743,37.0
1232,1232,2014-06-14,56,67,40,44,38,11420,Saturday,1,6,2014,,,,,0,0,1,1.44,1.58,1.58,1.58,1.87,14,1,0,1.0,0.7818,0.6235,0.0,-1.0,0.2994,-0.9541,38.0
1233,1233,2014-06-15,50,65,52,36,51,11420,Sunday,2,6,2014,NBAFinalsEnd,Sporting,Father's day,Cultural,0,1,1,1.44,1.58,1.58,1.58,1.87,15,1,1,0.0,0.9749,-0.2225,0.0,-1.0,0.1012,-0.9949,51.0
1234,1234,2014-06-16,67,47,42,43,30,11420,Monday,3,6,2014,,,,,0,0,0,1.44,1.58,1.58,1.58,1.87,16,0,0,13.0,0.4339,-0.901,0.0,-1.0,-0.1012,-0.9949,30.0
1235,1235,2014-06-17,41,24,14,23,31,11420,Tuesday,4,6,2014,,,,,0,0,0,1.44,1.58,1.58,1.58,1.87,17,0,0,12.0,-0.4339,-0.901,0.0,-1.0,-0.2994,-0.9541,31.0
1236,1236,2014-06-18,46,47,12,23,33,11420,Wednesday,5,6,2014,,,,,0,0,0,1.44,1.58,1.58,1.58,1.87,18,0,0,11.0,-0.9749,-0.2225,0.0,-1.0,-0.4853,-0.8743,33.0
1237,1237,2014-06-19,56,30,31,19,27,11420,Thursday,6,6,2014,,,,,0,0,0,1.44,1.58,1.58,1.58,1.87,19,0,0,10.0,-0.7818,0.6235,0.0,-1.0,-0.6514,-0.7588,27.0
1238,1238,2014-06-20,52,46,24,29,40,11420,Friday,7,6,2014,,,,,0,0,0,1.44,1.58,1.58,1.58,1.87,20,0,0,9.0,-0.0,1.0,0.0,-1.0,-0.7908,-0.6121,40.0
1239,1239,2014-06-21,58,66,38,38,27,11421,Saturday,1,6,2014,,,,,0,0,0,1.44,1.58,1.58,1.58,1.87,21,1,0,8.0,0.7818,0.6235,0.0,-1.0,-0.8978,-0.4404,27.0
1240,1240,2014-06-22,66,73,33,27,59,11421,Sunday,2,6,2014,,,,,0,0,0,1.44,1.58,1.58,1.58,1.87,22,1,0,7.0,0.9749,-0.2225,0.0,-1.0,-0.9681,-0.2507,59.0
1241,1241,2014-06-23,40,30,17,32,37,11421,Monday,3,6,2014,,,,,0,0,0,1.44,1.58,1.58,1.58,1.87,23,0,0,6.0,0.4339,-0.901,0.0,-1.0,-0.9987,-0.0506,37.0
1242,1242,2014-06-24,39,49,24,22,35,11421,Tuesday,4,6,2014,,,,,0,0,0,1.44,1.58,1.58,1.58,1.87,24,0,0,5.0,-0.4339,-0.901,0.0,-1.0,-0.9885,0.1514,35.0
1243,1243,2014-06-25,30,31,15,20,17,11421,Wednesday,5,6,2014,,,,,0,0,0,1.44,1.58,1.58,1.58,1.87,25,0,0,4.0,-0.9749,-0.2225,0.0,-1.0,-0.9378,0.3473,17.0
1244,1244,2014-06-26,20,48,18,17,27,11421,Thursday,6,6,2014,,,,,0,0,0,1.44,1.58,1.58,1.58,1.87,26,0,0,3.0,-0.7818,0.6235,0.0,-1.0,-0.8486,0.529,27.0
1245,1245,2014-06-27,34,66,21,18,26,11421,Friday,7,6,2014,,,,,0,0,0,1.44,1.58,1.58,1.58,1.87,27,0,0,2.0,-0.0,1.0,0.0,-1.0,-0.7248,0.689,26.0
1246,1246,2014-06-28,39,67,33,27,36,11422,Saturday,1,6,2014,,,,,0,0,0,1.44,1.58,1.58,1.58,1.87,28,1,0,1.0,0.7818,0.6235,0.0,-1.0,-0.5713,0.8208,36.0
1247,1247,2014-06-29,51,67,29,27,54,11422,Sunday,2,6,2014,Ramadan starts,Religious,,,0,0,0,1.44,1.58,1.58,1.58,1.87,29,1,1,0.0,0.9749,-0.2225,0.0,-1.0,-0.3944,0.919,54.0
1248,1248,2014-06-30,61,42,22,24,32,11422,Monday,3,6,2014,,,,,0,0,0,1.44,1.58,1.58,1.58,1.87,30,0,0,4.0,0.4339,-0.901,0.0,-1.0,-0.2013,0.9795,32.0
1249,1249,2014-07-01,61,42,39,35,44,11422,Tuesday,4,7,2014,,,,,1,1,0,1.44,1.58,1.58,1.58,1.87,1,0,0,3.0,-0.4339,-0.901,-0.5,-0.866,0.2013,0.9795,44.0
1250,1250,2014-07-02,56,42,27,25,28,11422,Wednesday,5,7,2014,,,,,1,0,1,1.44,1.58,1.58,1.58,1.87,2,0,0,2.0,-0.9749,-0.2225,-0.5,-0.866,0.3944,0.919,28.0
1251,1251,2014-07-03,56,49,20,33,35,11422,Thursday,6,7,2014,,,,,1,1,1,1.44,1.58,1.58,1.58,1.87,3,0,0,1.0,-0.7818,0.6235,-0.5,-0.866,0.5713,0.8208,35.0
1252,1252,2014-07-04,61,2,30,33,26,11422,Friday,7,7,2014,IndependenceDay,National,,,1,0,0,1.44,1.58,1.58,1.58,1.87,4,0,1,0.0,-0.0,1.0,-0.5,-0.866,0.7248,0.689,26.0
1253,1253,2014-07-05,54,24,23,14,32,11423,Saturday,1,7,2014,,,,,1,1,1,1.44,1.58,1.58,1.58,1.87,5,1,0,24.0,0.7818,0.6235,-0.5,-0.866,0.8486,0.529,32.0
1254,1254,2014-07-06,72,59,36,28,18,11423,Sunday,2,7,2014,,,,,1,1,1,1.44,1.58,1.58,1.58,1.87,6,1,0,23.0,0.9749,-0.2225,-0.5,-0.866,0.9378,0.3473,18.0
1255,1255,2014-07-07,44,52,26,19,0,11423,Monday,3,7,2014,,,,,1,1,0,1.44,1.58,1.58,1.58,1.87,7,0,0,22.0,0.4339,-0.901,-0.5,-0.866,0.9885,0.1514,
1256,1256,2014-07-08,49,38,24,24,32,11423,Tuesday,4,7,2014,,,,,1,0,1,1.44,1.58,1.58,1.58,1.87,8,0,0,21.0,-0.4339,-0.901,-0.5,-0.866,0.9987,-0.0506,32.0
1257,1257,2014-07-09,41,52,32,59,62,11423,Wednesday,5,7,2014,,,,,1,1,1,1.44,1.58,1.58,1.58,1.87,9,0,0,20.0,-0.9749,-0.2225,-0.5,-0.866,0.9681,-0.2507,62.0
1258,1258,2014-07-10,34,62,29,46,60,11423,Thursday,6,7,2014,,,,,1,0,0,1.44,1.58,1.58,1.58,1.87,10,0,0,19.0,-0.7818,0.6235,-0.5,-0.866,0.8978,-0.4404,60.0
1259,1259,2014-07-11,18,60,41,42,79,11423,Friday,7,7,2014,,,,,0,1,1,1.44,1.58,1.58,1.58,1.87,11,0,0,18.0,-0.0,1.0,-0.5,-0.866,0.7908,-0.6121,79.0
1260,1260,2014-07-12,62,91,42,46,79,11424,Saturday,1,7,2014,,,,,0,1,1,1.44,1.58,1.58,1.58,1.87,12,1,0,17.0,0.7818,0.6235,-0.5,-0.866,0.6514,-0.7588,79.0
1261,1261,2014-07-13,72,72,52,38,87,11424,Sunday,2,7,2014,,,,,0,1,0,1.44,1.58,1.58,1.58,1.87,13,1,0,16.0,0.9749,-0.2225,-0.5,-0.866,0.4853,-0.8743,87.0
1262,1262,2014-07-14,62,61,24,34,65,11424,Monday,3,7,2014,,,,,0,0,1,1.44,1.58,1.58,1.58,1.87,14,0,0,15.0,0.4339,-0.901,-0.5,-0.866,0.2994,-0.9541,65.0
1263,1263,2014-07-15,73,45,15,36,69,11424,Tuesday,4,7,2014,,,,,0,1,1,1.44,1.58,1.58,1.58,1.87,15,0,0,14.0,-0.4339,-0.901,-0.5,-0.866,0.1012,-0.9949,69.0
1264,1264,2014-07-16,56,49,25,16,67,11424,Wednesday,5,7,2014,,,,,0,0,0,1.44,1.58,1.58,1.58,1.87,16,0,0,13.0,-0.9749,-0.2225,-0.5,-0.866,-0.1012,-0.9949,67.0
1265,1265,2014-07-17,44,47,36,16,33,11424,Thursday,6,7,2014,,,,,0,0,0,1.44,1.58,1.58,1.58,1.87,17,0,0,12.0,-0.7818,0.6235,-0.5,-0.866,-0.2994,-0.9541,33.0
1266,1266,2014-07-18,62,43,37,20,34,11424,Friday,7,7,2014,,,,,0,0,0,1.44,1.58,1.58,1.58,1.87,18,0,0,11.0,-0.0,1.0,-0.5,-0.866,-0.4853,-0.8743,34.0
1267,1267,2014-07-19,93,61,41,31,49,11425,Saturday,1,7,2014,,,,,0,0,0,1.44,1.58,1.58,1.58,1.87,19,1,0,10.0,0.7818,0.6235,-0.5,-0.866,-0.6514,-0.7588,49.0
1268,1268,2014-07-20,103,58,53,35,37,11425,Sunday,2,7,2014,,,,,0,0,0,1.44,1.58,1.58,1.58,1.87,20,1,0,9.0,0.9749,-0.2225,-0.5,-0.866,-0.7908,-0.6121,37.0
1269,1269,2014-07-21,60,25,31,35,30,11425,Monday,3,7,2014,,,,,0,0,0,1.44,1.58,1.58,1.58,1.87,21,0,0,8.0,0.4339,-0.901,-0.5,-0.866,-0.8978,-0.4404,30.0
1270,1270,2014-07-22,56,31,31,34,30,11425,Tuesday,4,7,2014,,,,,0,0,0,1.44,1.58,1.58,1.58,1.87,22,0,0,7.0,-0.4339,-0.901,-0.5,-0.866,-0.9681,-0.2507,30.0
1271,1271,2014-07-23,51,74,21,26,33,11425,Wednesday,5,7,2014,,,,,0,0,0,1.44,1.58,1.58,1.58,1.87,23,0,0,6.0,-0.9749,-0.2225,-0.5,-0.866,-0.9987,-0.0506,33.0
1272,1272,2014-07-24,60,58,23,22,37,11425,Thursday,6,7,2014,,,,,0,0,0,1.44,1.58,1.58,1.58,1.87,24,0,0,5.0,-0.7818,0.6235,-0.5,-0.866,-0.9885,0.1514,37.0
1273,1273,2014-07-25,92,43,38,27,18,11425,Friday,7,7,2014,,,,,0,0,0,1.44,1.58,1.58,1.58,1.87,25,0,0,4.0,-0.0,1.0,-0.5,-0.866,-0.9378,0.3473,18.0
1274,1274,2014-07-26,63,53,18,38,33,11426,Saturday,1,7,2014,,,,,0,0,0,1.44,1.58,1.68,1.68,1.87,26,1,0,3.0,0.7818,0.6235,-0.5,-0.866,-0.8486,0.529,33.0
1275,1275,2014-07-27,94,63,33,38,45,11426,Sunday,2,7,2014,,,,,0,0,0,1.44,1.58,1.68,1.68,1.87,27,1,0,2.0,0.9749,-0.2225,-0.5,-0.866,-0.7248,0.689,45.0
1276,1276,2014-07-28,78,47,27,32,29,11426,Monday,3,7,2014,,,,,0,0,0,1.44,1.58,1.68,1.68,1.87,28,0,0,1.0,0.4339,-0.901,-0.5,-0.866,-0.5713,0.8208,29.0
1277,1277,2014-07-29,50,44,21,22,34,11426,Tuesday,4,7,2014,Eid al-Fitr,Religious,,,0,0,0,1.44,1.58,1.68,1.68,1.87,29,0,1,0.0,-0.4339,-0.901,-0.5,-0.866,-0.3944,0.919,34.0
1278,1278,2014-07-30,66,36,22,24,32,11426,Wednesday,5,7,2014,,,,,0,0,0,1.44,1.58,1.68,1.68,1.87,30,0,0,33.0,-0.9749,-0.2225,-0.5,-0.866,-0.2013,0.9795,32.0
1279,1279,2014-07-31,74,57,16,18,27,11426,Thursday,6,7,2014,,,,,0,0,0,1.44,1.58,1.68,1.68,1.87,31,0,0,32.0,-0.7818,0.6235,-0.5,-0.866,-0.0,1.0,27.0
1280,1280,2014-08-01,89,52,34,29,43,11426,Friday,7,8,2014,,,,,1,1,0,1.44,1.58,1.68,1.68,1.87,1,0,0,31.0,-0.0,1.0,-0.866,-0.5,0.2013,0.9795,43.0
1281,1281,2014-08-02,100,122,35,29,34,11427,Saturday,1,8,2014,,,,,1,0,1,1.44,1.58,1.68,1.68,1.87,2,1,0,30.0,0.7818,0.6235,-0.866,-0.5,0.3944,0.919,34.0
1282,1282,2014-08-03,77,78,23,41,40,11427,Sunday,2,8,2014,,,,,1,1,1,1.44,1.58,1.68,1.68,1.87,3,1,0,29.0,0.9749,-0.2225,-0.866,-0.5,0.5713,0.8208,40.0
1283,1283,2014-08-04,66,25,14,30,24,11427,Monday,3,8,2014,,,,,1,0,0,1.44,1.58,1.68,1.68,1.87,4,0,0,28.0,0.4339,-0.901,-0.866,-0.5,0.7248,0.689,24.0
1284,1284,2014-08-05,94,56,15,32,45,11427,Tuesday,4,8,2014,,,,,1,1,1,1.44,1.58,1.68,1.68,1.87,5,0,0,27.0,-0.4339,-0.901,-0.866,-0.5,0.8486,0.529,45.0
1285,1285,2014-08-06,60,52,5,30,55,11427,Wednesday,5,8,2014,,,,,1,1,1,1.44,1.58,1.68,1.68,1.87,6,0,0,26.0,-0.9749,-0.2225,-0.866,-0.5,0.9378,0.3473,55.0
1286,1286,2014-08-07,72,64,9,40,30,11427,Thursday,6,8,2014,,,,,1,1,0,1.44,1.58,1.68,1.68,1.87,7,0,0,25.0,-0.7818,0.6235,-0.866,-0.5,0.9885,0.1514,30.0
1287,1287,2014-08-08,89,53,20,41,19,11427,Friday,7,8,2014,,,,,1,0,1,1.44,1.58,1.68,1.68,1.87,8,0,0,24.0,-0.0,1.0,-0.866,-0.5,0.9987,-0.0506,19.0
1288,1288,2014-08-09,106,43,27,45,38,11428,Saturday,1,8,2014,,,,,1,1,1,1.44,1.58,1.68,1.68,1.87,9,1,0,23.0,0.7818,0.6235,-0.866,-0.5,0.9681,-0.2507,38.0
1289,1289,2014-08-10,99,48,7,30,30,11428,Sunday,2,8,2014,,,,,1,0,0,1.44,1.58,1.68,1.68,1.87,10,1,0,22.0,0.9749,-0.2225,-0.866,-0.5,0.8978,-0.4404,30.0
1290,1290,2014-08-11,81,67,1,38,29,11428,Monday,3,8,2014,,,,,0,1,1,1.44,1.58,1.68,1.68,1.87,11,0,0,21.0,0.4339,-0.901,-0.866,-0.5,0.7908,-0.6121,29.0
1291,1291,2014-08-12,49,43,8,39,28,11428,Tuesday,4,8,2014,,,,,0,1,1,1.44,1.58,1.68,1.68,1.87,12,0,0,20.0,-0.4339,-0.901,-0.866,-0.5,0.6514,-0.7588,28.0
1292,1292,2014-08-13,61,55,22,24,66,11428,Wednesday,5,8,2014,,,,,0,1,0,1.44,1.58,1.68,1.68,1.87,13,0,0,19.0,-0.9749,-0.2225,-0.866,-0.5,0.4853,-0.8743,66.0
1293,1293,2014-08-14,54,56,33,31,37,11428,Thursday,6,8,2014,,,,,0,0,1,1.44,1.58,1.68,1.68,1.87,14,0,0,18.0,-0.7818,0.6235,-0.866,-0.5,0.2994,-0.9541,37.0
1294,1294,2014-08-15,60,94,34,38,44,11428,Friday,7,8,2014,,,,,0,1,1,1.44,1.58,1.68,1.68,1.87,15,0,0,17.0,-0.0,1.0,-0.866,-0.5,0.1012,-0.9949,44.0
1295,1295,2014-08-16,74,61,31,42,55,11429,Saturday,1,8,2014,,,,,0,0,0,1.44,1.58,1.68,1.68,1.87,16,1,0,16.0,0.7818,0.6235,-0.866,-0.5,-0.1012,-0.9949,55.0
1296,1296,2014-08-17,76,48,49,56,65,11429,Sunday,2,8,2014,,,,,0,0,0,1.44,1.58,1.68,1.68,1.87,17,1,0,15.0,0.9749,-0.2225,-0.866,-0.5,-0.2994,-0.9541,65.0
1297,1297,2014-08-18,43,33,25,34,41,11429,Monday,3,8,2014,,,,,0,0,0,1.44,1.58,1.68,1.68,1.87,18,0,0,14.0,0.4339,-0.901,-0.866,-0.5,-0.4853,-0.8743,41.0
1298,1298,2014-08-19,43,30,14,20,60,11429,Tuesday,4,8,2014,,,,,0,0,0,1.44,1.58,1.68,1.68,1.87,19,0,0,13.0,-0.4339,-0.901,-0.866,-0.5,-0.6514,-0.7588,60.0
1299,1299,2014-08-20,45,40,23,25,50,11429,Wednesday,5,8,2014,,,,,0,0,0,1.44,1.58,1.68,1.68,1.87,20,0,0,12.0,-0.9749,-0.2225,-0.866,-0.5,-0.7908,-0.6121,50.0
1300,1300,2014-08-21,45,48,25,31,42,11429,Thursday,6,8,2014,,,,,0,0,0,1.44,1.58,1.68,1.68,1.87,21,0,0,11.0,-0.7818,0.6235,-0.866,-0.5,-0.8978,-0.4404,42.0
1301,1301,2014-08-22,70,85,17,36,61,11429,Friday,7,8,2014,,,,,0,0,0,1.44,1.58,1.68,1.68,1.87,22,0,0,10.0,-0.0,1.0,-0.866,-0.5,-0.9681,-0.2507,61.0
1302,1302,2014-08-23,108,48,42,57,70,11430,Saturday,1,8,2014,,,,,0,0,0,1.44,1.58,1.68,1.68,1.87,23,1,0,9.0,0.7818,0.6235,-0.866,-0.5,-0.9987,-0.0506,70.0
1303,1303,2014-08-24,112,48,36,51,69,11430,Sunday,2,8,2014,,,,,0,0,0,1.44,1.58,1.68,1.68,1.87,24,1,0,8.0,0.9749,-0.2225,-0.866,-0.5,-0.9885,0.1514,69.0
1304,1304,2014-08-25,64,49,3,17,53,11430,Monday,3,8,2014,,,,,0,0,0,1.44,1.58,1.68,1.68,1.87,25,0,0,7.0,0.4339,-0.901,-0.866,-0.5,-0.9378,0.3473,53.0
1305,1305,2014-08-26,54,46,10,35,40,11430,Tuesday,4,8,2014,,,,,0,0,0,1.44,1.58,1.68,1.68,1.87,26,0,0,6.0,-0.4339,-0.901,-0.866,-0.5,-0.8486,0.529,40.0
1306,1306,2014-08-27,51,47,13,32,40,11430,Wednesday,5,8,2014,,,,,0,0,0,1.44,1.58,1.68,1.68,1.87,27,0,0,5.0,-0.9749,-0.2225,-0.866,-0.5,-0.7248,0.689,40.0
1307,1307,2014-08-28,59,35,22,27,40,11430,Thursday,6,8,2014,,,,,0,0,0,1.44,1.58,1.68,1.68,1.87,28,0,0,4.0,-0.7818,0.6235,-0.866,-0.5,-0.5713,0.8208,40.0
1308,1308,2014-08-29,63,56,29,22,32,11430,Friday,7,8,2014,,,,,0,0,0,1.44,1.58,1.68,1.68,1.87,29,0,0,3.0,-0.0,1.0,-0.866,-0.5,-0.3944,0.919,32.0
1309,1309,2014-08-30,85,55,31,47,41,11431,Saturday,1,8,2014,,,,,0,0,0,1.44,1.58,1.68,1.68,1.87,30,1,0,2.0,0.7818,0.6235,-0.866,-0.5,-0.2013,0.9795,41.0
1310,1310,2014-08-31,78,59,22,26,48,11431,Sunday,2,8,2014,,,,,0,0,0,1.44,1.58,1.68,1.68,1.87,31,1,0,1.0,0.9749,-0.2225,-0.866,-0.5,-0.0,1.0,48.0
1311,1311,2014-09-01,91,64,49,61,56,11431,Monday,3,9,2014,LaborDay,National,,,1,1,0,1.44,1.58,1.68,1.68,1.87,1,0,1,0.0,0.4339,-0.901,-1.0,-0.0,0.2013,0.9795,56.0
1312,1312,2014-09-02,80,34,29,33,38,11431,Tuesday,4,9,2014,,,,,1,0,1,1.44,1.58,1.68,1.68,1.87,2,0,0,32.0,-0.4339,-0.901,-1.0,-0.0,0.3944,0.919,38.0
1313,1313,2014-09-03,74,48,22,20,63,11431,Wednesday,5,9,2014,,,,,1,1,1,1.44,1.58,1.68,1.68,1.87,3,0,0,31.0,-0.9749,-0.2225,-1.0,-0.0,0.5713,0.8208,63.0
1314,1314,2014-09-04,78,45,24,35,30,11431,Thursday,6,9,2014,,,,,1,0,0,1.44,1.58,1.68,1.68,1.87,4,0,0,30.0,-0.7818,0.6235,-1.0,-0.0,0.7248,0.689,30.0
1315,1315,2014-09-05,69,67,20,24,40,11431,Friday,7,9,2014,,,,,1,1,1,1.44,1.58,1.68,1.68,1.87,5,0,0,29.0,-0.0,1.0,-1.0,-0.0,0.8486,0.529,40.0
1316,1316,2014-09-06,72,68,39,55,43,11432,Saturday,1,9,2014,,,,,1,1,1,1.44,1.58,1.68,1.68,1.87,6,1,0,28.0,0.7818,0.6235,-1.0,-0.0,0.9378,0.3473,43.0
1317,1317,2014-09-07,61,47,20,34,50,11432,Sunday,2,9,2014,,,,,1,1,0,1.44,1.58,1.68,1.68,1.87,7,1,0,27.0,0.9749,-0.2225,-1.0,-0.0,0.9885,0.1514,50.0
1318,1318,2014-09-08,60,51,25,21,48,11432,Monday,3,9,2014,,,,,1,0,1,1.44,1.58,1.68,1.68,1.87,8,0,0,26.0,0.4339,-0.901,-1.0,-0.0,0.9987,-0.0506,48.0
1319,1319,2014-09-09,60,63,24,30,54,11432,Tuesday,4,9,2014,,,,,1,1,1,1.44,1.58,1.68,1.68,1.87,9,0,0,25.0,-0.4339,-0.901,-1.0,-0.0,0.9681,-0.2507,54.0
1320,1320,2014-09-10,61,68,14,43,33,11432,Wednesday,5,9,2014,,,,,1,0,0,1.44,1.58,1.68,1.68,1.87,10,0,0,24.0,-0.9749,-0.2225,-1.0,-0.0,0.8978,-0.4404,33.0
1321,1321,2014-09-11,50,64,27,32,32,11432,Thursday,6,9,2014,,,,,0,1,1,1.44,1.58,1.68,1.68,1.87,11,0,0,23.0,-0.7818,0.6235,-1.0,-0.0,0.7908,-0.6121,32.0
1322,1322,2014-09-12,44,52,27,29,49,11432,Friday,7,9,2014,,,,,0,1,1,1.44,1.58,1.68,1.68,1.87,12,0,0,22.0,-0.0,1.0,-1.0,-0.0,0.6514,-0.7588,49.0
1323,1323,2014-09-13,62,99,33,24,66,11433,Saturday,1,9,2014,,,,,0,1,0,1.44,1.58,1.68,1.68,1.87,13,1,0,21.0,0.7818,0.6235,-1.0,-0.0,0.4853,-0.8743,66.0
1324,1324,2014-09-14,74,54,30,34,55,11433,Sunday,2,9,2014,,,,,0,0,1,1.44,1.58,1.68,1.68,1.87,14,1,0,20.0,0.9749,-0.2225,-1.0,-0.0,0.2994,-0.9541,55.0
1325,1325,2014-09-15,59,50,24,27,56,11433,Monday,3,9,2014,,,,,0,1,1,1.44,1.58,1.68,1.68,1.87,15,0,0,19.0,0.4339,-0.901,-1.0,-0.0,0.1012,-0.9949,56.0
1326,1326,2014-09-16,51,33,32,15,31,11433,Tuesday,4,9,2014,,,,,0,0,0,1.44,1.58,1.68,1.68,1.87,16,0,0,18.0,-0.4339,-0.901,-1.0,-0.0,-0.1012,-0.9949,31.0
1327,1327,2014-09-17,34,35,14,13,41,11433,Wednesday,5,9,2014,,,,,0,0,0,1.44,1.58,1.68,1.68,1.87,17,0,0,17.0,-0.9749,-0.2225,-1.0,-0.0,-0.2994,-0.9541,41.0
1328,1328,2014-09-18,44,40,16,16,30,11433,Thursday,6,9,2014,,,,,0,0,0,1.44,1.58,1.68,1.68,1.87,18,0,0,16.0,-0.7818,0.6235,-1.0,-0.0,-0.4853,-0.8743,30.0
1329,1329,2014-09-19,75,59,29,22,33,11433,Friday,7,9,2014,,,,,0,0,0,1.44,1.58,1.68,1.68,1.87,19,0,0,15.0,-0.0,1.0,-1.0,-0.0,-0.6514,-0.7588,33.0
1330,1330,2014-09-20,75,86,36,35,51,11434,Saturday,1,9,2014,,,,,0,0,0,1.44,1.58,1.68,1.68,1.87,20,1,0,14.0,0.7818,0.6235,-1.0,-0.0,-0.7908,-0.6121,51.0
1331,1331,2014-09-21,93,62,35,40,77,11434,Sunday,2,9,2014,,,,,0,0,0,1.44,1.58,1.68,1.68,1.87,21,1,0,13.0,0.9749,-0.2225,-1.0,-0.0,-0.8978,-0.4404,77.0
1332,1332,2014-09-22,35,31,21,23,39,11434,Monday,3,9,2014,,,,,0,0,0,1.44,1.58,1.68,1.68,1.87,22,0,0,12.0,0.4339,-0.901,-1.0,-0.0,-0.9681,-0.2507,39.0
1333,1333,2014-09-23,36,29,12,27,39,11434,Tuesday,4,9,2014,,,,,0,0,0,1.44,1.58,1.68,1.68,1.87,23,0,0,11.0,-0.4339,-0.901,-1.0,-0.0,-0.9987,-0.0506,39.0
1334,1334,2014-09-24,38,62,24,22,32,11434,Wednesday,5,9,2014,,,,,0,0,0,1.44,1.58,1.68,1.68,1.87,24,0,0,10.0,-0.9749,-0.2225,-1.0,-0.0,-0.9885,0.1514,32.0
1335,1335,2014-09-25,60,40,18,27,57,11434,Thursday,6,9,2014,,,,,0,0,0,1.44,1.58,1.68,1.68,1.87,25,0,0,9.0,-0.7818,0.6235,-1.0,-0.0,-0.9378,0.3473,57.0
1336,1336,2014-09-26,43,42,24,33,30,11434,Friday,7,9,2014,,,,,0,0,0,1.44,1.58,1.68,1.68,1.87,26,0,0,8.0,-0.0,1.0,-1.0,-0.0,-0.8486,0.529,30.0
1337,1337,2014-09-27,62,56,34,20,57,11435,Saturday,1,9,2014,,,,,0,0,0,1.44,1.58,1.68,1.68,1.87,27,1,0,7.0,0.7818,0.6235,-1.0,-0.0,-0.7248,0.689,57.0
1338,1338,2014-09-28,72,97,40,29,54,11435,Sunday,2,9,2014,,,,,0,0,0,1.44,1.58,1.68,1.68,1.87,28,1,0,6.0,0.9749,-0.2225,-1.0,-0.0,-0.5713,0.8208,54.0
1339,1339,2014-09-29,43,45,18,19,47,11435,Monday,3,9,2014,,,,,0,0,0,1.44,1.58,1.68,1.68,1.87,29,0,0,5.0,0.4339,-0.901,-1.0,-0.0,-0.3944,0.919,47.0
1340,1340,2014-09-30,41,44,14,21,47,11435,Tuesday,4,9,2014,,,,,0,0,0,1.44,1.58,1.68,1.68,1.87,30,0,0,4.0,-0.4339,-0.901,-1.0,-0.0,-0.2013,0.9795,47.0
1341,1341,2014-10-01,78,55,21,40,64,11435,Wednesday,5,10,2014,,,,,1,1,0,1.44,1.58,1.68,1.68,1.87,1,0,0,3.0,-0.9749,-0.2225,-0.866,0.5,0.2013,0.9795,64.0
1342,1342,2014-10-02,49,48,16,43,40,11435,Thursday,6,10,2014,,,,,1,0,1,1.44,1.58,1.68,1.68,1.87,2,0,0,2.0,-0.7818,0.6235,-0.866,0.5,0.3944,0.919,40.0
1343,1343,2014-10-03,49,70,13,35,76,11435,Friday,7,10,2014,,,,,1,1,1,1.44,1.58,1.68,1.68,1.87,3,0,0,1.0,-0.0,1.0,-0.866,0.5,0.5713,0.8208,76.0
1344,1344,2014-10-04,69,70,13,35,79,11436,Saturday,1,10,2014,EidAlAdha,Religious,,,1,0,0,1.44,1.58,1.68,1.68,1.87,4,1,1,0.0,0.7818,0.6235,-0.866,0.5,0.7248,0.689,79.0
1345,1345,2014-10-05,72,80,22,19,84,11436,Sunday,2,10,2014,,,,,1,1,1,1.44,1.58,1.68,1.68,1.87,5,1,0,8.0,0.9749,-0.2225,-0.866,0.5,0.8486,0.529,84.0
1346,1346,2014-10-06,39,40,10,31,62,11436,Monday,3,10,2014,,,,,1,1,1,1.44,1.58,1.68,1.68,1.87,6,0,0,7.0,0.4339,-0.901,-0.866,0.5,0.9378,0.3473,62.0
1347,1347,2014-10-07,46,50,25,39,52,11436,Tuesday,4,10,2014,,,,,1,1,0,1.44,1.58,1.68,1.68,1.87,7,0,0,6.0,-0.4339,-0.901,-0.866,0.5,0.9885,0.1514,52.0
1348,1348,2014-10-08,47,38,25,25,38,11436,Wednesday,5,10,2014,,,,,1,0,1,1.44,1.58,1.68,1.68,1.87,8,0,0,5.0,-0.9749,-0.2225,-0.866,0.5,0.9987,-0.0506,38.0
1349,1349,2014-10-09,57,41,26,27,46,11436,Thursday,6,10,2014,,,,,1,1,1,1.44,1.58,1.68,1.68,1.87,9,0,0,4.0,-0.7818,0.6235,-0.866,0.5,0.9681,-0.2507,46.0
1350,1350,2014-10-10,69,50,10,47,45,11436,Friday,7,10,2014,,,,,1,0,0,1.44,1.58,1.68,1.68,1.87,10,0,0,3.0,-0.0,1.0,-0.866,0.5,0.8978,-0.4404,45.0
1351,1351,2014-10-11,73,50,27,49,57,11437,Saturday,1,10,2014,,,,,0,1,1,1.44,1.58,1.68,1.68,1.87,11,1,0,2.0,0.7818,0.6235,-0.866,0.5,0.7908,-0.6121,57.0
1352,1352,2014-10-12,63,89,18,45,71,11437,Sunday,2,10,2014,,,,,0,1,1,1.44,1.58,1.68,1.68,1.87,12,1,0,1.0,0.9749,-0.2225,-0.866,0.5,0.6514,-0.7588,71.0
1353,1353,2014-10-13,56,54,26,15,68,11437,Monday,3,10,2014,ColumbusDay,National,,,0,1,0,1.44,1.58,1.68,1.68,1.87,13,0,1,0.0,0.4339,-0.901,-0.866,0.5,0.4853,-0.8743,68.0
1354,1354,2014-10-14,51,20,17,30,40,11437,Tuesday,4,10,2014,,,,,0,0,1,1.44,1.58,1.68,1.68,1.87,14,0,0,17.0,-0.4339,-0.901,-0.866,0.5,0.2994,-0.9541,40.0
1355,1355,2014-10-15,57,0,16,24,53,11437,Wednesday,5,10,2014,,,,,0,1,1,1.44,1.58,1.68,1.68,1.87,15,0,0,16.0,-0.9749,-0.2225,-0.866,0.5,0.1012,-0.9949,53.0
1356,1356,2014-10-16,53,0,22,24,40,11437,Thursday,6,10,2014,,,,,0,0,0,1.44,1.58,1.68,1.68,1.87,16,0,0,15.0,-0.7818,0.6235,-0.866,0.5,-0.1012,-0.9949,40.0
1357,1357,2014-10-17,51,0,18,39,40,11437,Friday,7,10,2014,,,,,0,0,0,1.44,1.58,1.68,1.68,1.87,17,0,0,14.0,-0.0,1.0,-0.866,0.5,-0.2994,-0.9541,40.0
1358,1358,2014-10-18,79,67,25,45,31,11438,Saturday,1,10,2014,,,,,0,0,0,1.48,1.58,1.68,1.68,1.87,18,1,0,13.0,0.7818,0.6235,-0.866,0.5,-0.4853,-0.8743,31.0
1359,1359,2014-10-19,79,64,38,25,35,11438,Sunday,2,10,2014,,,,,0,0,0,1.48,1.58,1.68,1.68,1.87,19,1,0,12.0,0.9749,-0.2225,-0.866,0.5,-0.6514,-0.7588,35.0
1360,1360,2014-10-20,76,34,19,18,32,11438,Monday,3,10,2014,,,,,0,0,0,1.48,1.58,1.68,1.68,1.87,20,0,0,11.0,0.4339,-0.901,-0.866,0.5,-0.7908,-0.6121,32.0
1361,1361,2014-10-21,62,29,12,21,28,11438,Tuesday,4,10,2014,,,,,0,0,0,1.48,1.58,1.68,1.68,1.87,21,0,0,10.0,-0.4339,-0.901,-0.866,0.5,-0.8978,-0.4404,28.0
1362,1362,2014-10-22,48,45,27,19,33,11438,Wednesday,5,10,2014,,,,,0,0,0,1.48,1.58,1.68,1.68,1.87,22,0,0,9.0,-0.9749,-0.2225,-0.866,0.5,-0.9681,-0.2507,33.0
1363,1363,2014-10-23,77,28,8,20,17,11438,Thursday,6,10,2014,,,,,0,0,0,1.48,1.58,1.68,1.68,1.87,23,0,0,8.0,-0.7818,0.6235,-0.866,0.5,-0.9987,-0.0506,17.0
1364,1364,2014-10-24,71,52,11,16,31,11438,Friday,7,10,2014,,,,,0,0,0,1.48,1.58,1.68,1.68,1.87,24,0,0,7.0,-0.0,1.0,-0.866,0.5,-0.9885,0.1514,31.0
1365,1365,2014-10-25,75,64,10,35,40,11439,Saturday,1,10,2014,,,,,0,0,0,1.48,1.58,1.68,1.68,1.87,25,1,0,6.0,0.7818,0.6235,-0.866,0.5,-0.9378,0.3473,40.0
1366,1366,2014-10-26,66,52,19,27,34,11439,Sunday,2,10,2014,,,,,0,0,0,1.48,1.58,1.68,1.68,1.87,26,1,0,5.0,0.9749,-0.2225,-0.866,0.5,-0.8486,0.529,34.0
1367,1367,2014-10-27,50,28,13,7,36,11439,Monday,3,10,2014,,,,,0,0,0,1.48,1.58,1.68,1.68,1.87,27,0,0,4.0,0.4339,-0.901,-0.866,0.5,-0.7248,0.689,36.0
1368,1368,2014-10-28,60,36,8,18,35,11439,Tuesday,4,10,2014,,,,,0,0,0,1.48,1.58,1.68,1.68,1.87,28,0,0,3.0,-0.4339,-0.901,-0.866,0.5,-0.5713,0.8208,35.0
1369,1369,2014-10-29,66,29,13,15,46,11439,Wednesday,5,10,2014,,,,,0,0,0,1.48,1.58,1.68,1.68,1.87,29,0,0,2.0,-0.9749,-0.2225,-0.866,0.5,-0.3944,0.919,46.0
1370,1370,2014-10-30,68,45,14,23,45,11439,Thursday,6,10,2014,,,,,0,0,0,1.48,1.58,1.68,1.68,1.87,30,0,0,1.0,-0.7818,0.6235,-0.866,0.5,-0.2013,0.9795,45.0
1371,1371,2014-10-31,76,38,41,32,37,11439,Friday,7,10,2014,Halloween,Cultural,,,0,0,0,1.48,1.58,1.68,1.68,1.87,31,0,1,0.0,-0.0,1.0,-0.866,0.5,-0.0,1.0,37.0
1372,1372,2014-11-01,76,52,28,26,42,11440,Saturday,1,11,2014,,,,,1,1,0,1.48,1.58,1.68,1.68,1.87,1,1,0,10.0,0.7818,0.6235,-0.5,0.866,0.2013,0.9795,42.0
1373,1373,2014-11-02,58,48,17,20,67,11440,Sunday,2,11,2014,,,,,1,0,1,1.48,1.58,1.68,1.68,1.87,2,1,0,9.0,0.9749,-0.2225,-0.5,0.866,0.3944,0.919,67.0
1374,1374,2014-11-03,49,42,31,21,50,11440,Monday,3,11,2014,,,,,1,1,1,1.48,1.58,1.68,1.68,1.87,3,0,0,8.0,0.4339,-0.901,-0.5,0.866,0.5713,0.8208,50.0
1375,1375,2014-11-04,37,36,30,17,42,11440,Tuesday,4,11,2014,,,,,1,0,0,1.48,1.58,1.68,1.68,1.87,4,0,0,7.0,-0.4339,-0.901,-0.5,0.866,0.7248,0.689,42.0
1376,1376,2014-11-05,31,37,16,11,58,11440,Wednesday,5,11,2014,,,,,1,1,1,1.48,1.58,1.68,1.68,1.87,5,0,0,6.0,-0.9749,-0.2225,-0.5,0.866,0.8486,0.529,58.0
1377,1377,2014-11-06,45,31,21,13,47,11440,Thursday,6,11,2014,,,,,1,1,1,1.48,1.58,1.68,1.68,1.87,6,0,0,5.0,-0.7818,0.6235,-0.5,0.866,0.9378,0.3473,47.0
1378,1378,2014-11-07,57,60,22,23,40,11440,Friday,7,11,2014,,,,,1,1,0,1.48,1.58,1.68,1.68,1.87,7,0,0,4.0,-0.0,1.0,-0.5,0.866,0.9885,0.1514,40.0
1379,1379,2014-11-08,71,53,33,33,52,11441,Saturday,1,11,2014,,,,,1,0,1,1.48,1.58,1.68,1.68,1.87,8,1,0,3.0,0.7818,0.6235,-0.5,0.866,0.9987,-0.0506,52.0
1380,1380,2014-11-09,66,65,32,24,76,11441,Sunday,2,11,2014,,,,,1,1,1,1.48,1.58,1.68,1.68,1.87,9,1,0,2.0,0.9749,-0.2225,-0.5,0.866,0.9681,-0.2507,76.0
1381,1381,2014-11-10,42,33,30,17,14,11441,Monday,3,11,2014,,,,,1,0,0,1.48,1.58,1.68,1.68,1.87,10,0,0,1.0,0.4339,-0.901,-0.5,0.866,0.8978,-0.4404,14.0
1382,1382,2014-11-11,54,33,30,13,23,11441,Tuesday,4,11,2014,VeteransDay,National,,,0,1,1,1.48,1.58,1.68,1.68,1.87,11,0,1,0.0,-0.4339,-0.901,-0.5,0.866,0.7908,-0.6121,23.0
1383,1383,2014-11-12,37,34,25,18,44,11441,Wednesday,5,11,2014,,,,,0,1,1,1.48,1.58,1.68,1.68,1.87,12,0,0,15.0,-0.9749,-0.2225,-0.5,0.866,0.6514,-0.7588,44.0
1384,1384,2014-11-13,37,27,18,12,26,11441,Thursday,6,11,2014,,,,,0,1,0,1.48,1.58,1.68,1.68,1.87,13,0,0,14.0,-0.7818,0.6235,-0.5,0.866,0.4853,-0.8743,26.0
1385,1385,2014-11-14,49,33,19,8,30,11441,Friday,7,11,2014,,,,,0,0,1,1.48,1.58,1.68,1.68,1.87,14,0,0,13.0,-0.0,1.0,-0.5,0.866,0.2994,-0.9541,30.0
1386,1386,2014-11-15,52,46,19,22,64,11442,Saturday,1,11,2014,,,,,0,1,1,1.48,1.58,1.68,1.68,1.87,15,1,0,12.0,0.7818,0.6235,-0.5,0.866,0.1012,-0.9949,64.0
1387,1387,2014-11-16,46,38,24,11,42,11442,Sunday,2,11,2014,,,,,0,0,0,1.48,1.58,1.68,1.68,1.87,16,1,0,11.0,0.9749,-0.2225,-0.5,0.866,-0.1012,-0.9949,42.0
1388,1388,2014-11-17,49,22,19,13,33,11442,Monday,3,11,2014,,,,,0,0,0,1.48,1.58,1.68,1.68,1.87,17,0,0,10.0,0.4339,-0.901,-0.5,0.866,-0.2994,-0.9541,33.0
1389,1389,2014-11-18,34,23,18,10,41,11442,Tuesday,4,11,2014,,,,,0,0,0,1.48,1.58,1.68,1.68,1.87,18,0,0,9.0,-0.4339,-0.901,-0.5,0.866,-0.4853,-0.8743,41.0
1390,1390,2014-11-19,43,24,20,12,17,11442,Wednesday,5,11,2014,,,,,0,0,0,1.48,1.58,1.68,1.68,1.87,19,0,0,8.0,-0.9749,-0.2225,-0.5,0.866,-0.6514,-0.7588,17.0
1391,1391,2014-11-20,25,42,17,17,31,11442,Thursday,6,11,2014,,,,,0,0,0,1.48,1.58,1.68,1.68,1.87,20,0,0,7.0,-0.7818,0.6235,-0.5,0.866,-0.7908,-0.6121,31.0
1392,1392,2014-11-21,43,57,19,18,27,11442,Friday,7,11,2014,,,,,0,0,0,1.48,1.58,1.68,1.68,1.87,21,0,0,6.0,-0.0,1.0,-0.5,0.866,-0.8978,-0.4404,27.0
1393,1393,2014-11-22,50,55,36,36,44,11443,Saturday,1,11,2014,,,,,0,0,0,1.48,1.58,1.68,1.68,1.87,22,1,0,5.0,0.7818,0.6235,-0.5,0.866,-0.9681,-0.2507,44.0
1394,1394,2014-11-23,70,75,42,35,46,11443,Sunday,2,11,2014,,,,,0,0,0,1.48,1.58,1.68,1.68,1.87,23,1,0,4.0,0.9749,-0.2225,-0.5,0.866,-0.9987,-0.0506,46.0
1395,1395,2014-11-24,50,63,27,13,23,11443,Monday,3,11,2014,,,,,0,0,0,1.48,1.58,1.68,1.68,1.87,24,0,0,3.0,0.4339,-0.901,-0.5,0.866,-0.9885,0.1514,23.0
1396,1396,2014-11-25,43,82,31,19,25,11443,Tuesday,4,11,2014,,,,,0,0,0,1.48,1.58,1.68,1.68,1.87,25,0,0,2.0,-0.4339,-0.901,-0.5,0.866,-0.9378,0.3473,25.0
1397,1397,2014-11-26,54,143,39,12,36,11443,Wednesday,5,11,2014,,,,,0,0,0,1.48,1.58,1.68,1.68,1.87,26,0,0,1.0,-0.9749,-0.2225,-0.5,0.866,-0.8486,0.529,36.0
1398,1398,2014-11-27,77,162,37,32,17,11443,Thursday,6,11,2014,Thanksgiving,National,,,0,0,0,1.48,1.58,1.68,1.68,1.87,27,0,1,0.0,-0.7818,0.6235,-0.5,0.866,-0.7248,0.689,17.0
1399,1399,2014-11-28,75,57,19,21,14,11443,Friday,7,11,2014,,,,,0,0,0,1.48,1.58,1.68,1.68,1.87,28,0,0,26.0,-0.0,1.0,-0.5,0.866,-0.5713,0.8208,14.0
1400,1400,2014-11-29,58,34,12,11,38,11444,Saturday,1,11,2014,,,,,0,0,0,1.48,1.58,1.68,1.68,1.87,29,1,0,25.0,0.7818,0.6235,-0.5,0.866,-0.3944,0.919,38.0
1401,1401,2014-11-30,54,51,4,18,45,11444,Sunday,2,11,2014,,,,,0,0,0,1.48,1.58,1.68,1.68,1.87,30,1,0,24.0,0.9749,-0.2225,-0.5,0.866,-0.2013,0.9795,45.0
1402,1402,2014-12-01,43,0,11,11,32,11444,Monday,3,12,2014,,,,,1,1,0,1.48,1.58,1.68,1.68,1.87,1,0,0,23.0,0.4339,-0.901,-0.0,1.0,0.2013,0.9795,32.0
1403,1403,2014-12-02,31,0,20,10,38,11444,Tuesday,4,12,2014,,,,,1,0,1,1.48,1.58,1.68,1.68,1.87,2,0,0,22.0,-0.4339,-0.901,-0.0,1.0,0.3944,0.919,38.0
1404,1404,2014-12-03,45,0,25,15,25,11444,Wednesday,5,12,2014,,,,,1,1,1,1.48,1.58,1.68,1.68,1.87,3,0,0,21.0,-0.9749,-0.2225,-0.0,1.0,0.5713,0.8208,25.0
1405,1405,2014-12-04,41,0,15,17,23,11444,Thursday,6,12,2014,,,,,1,0,0,1.48,1.58,1.68,1.68,1.87,4,0,0,20.0,-0.7818,0.6235,-0.0,1.0,0.7248,0.689,23.0
1406,1406,2014-12-05,54,0,35,15,36,11444,Friday,7,12,2014,,,,,1,1,1,1.48,1.58,1.68,1.68,1.87,5,0,0,19.0,-0.0,1.0,-0.0,1.0,0.8486,0.529,36.0
1407,1407,2014-12-06,37,0,32,43,45,11445,Saturday,1,12,2014,,,,,1,1,1,1.48,1.58,1.68,1.68,1.87,6,1,0,18.0,0.7818,0.6235,-0.0,1.0,0.9378,0.3473,45.0
1408,1408,2014-12-07,53,0,30,31,59,11445,Sunday,2,12,2014,,,,,1,1,0,1.48,1.58,1.68,1.68,1.87,7,1,0,17.0,0.9749,-0.2225,-0.0,1.0,0.9885,0.1514,59.0
1409,1409,2014-12-08,38,0,12,19,33,11445,Monday,3,12,2014,,,,,1,0,1,1.48,1.58,1.68,1.68,1.87,8,0,0,16.0,0.4339,-0.901,-0.0,1.0,0.9987,-0.0506,33.0
1410,1410,2014-12-09,31,0,19,24,30,11445,Tuesday,4,12,2014,,,,,1,1,1,1.48,1.58,1.68,1.68,1.87,9,0,0,15.0,-0.4339,-0.901,-0.0,1.0,0.9681,-0.2507,30.0
1411,1411,2014-12-10,45,0,23,18,29,11445,Wednesday,5,12,2014,,,,,1,0,0,1.48,1.58,1.68,1.68,1.87,10,0,0,14.0,-0.9749,-0.2225,-0.0,1.0,0.8978,-0.4404,29.0
1412,1412,2014-12-11,47,0,16,26,30,11445,Thursday,6,12,2014,,,,,0,1,1,1.48,1.58,1.68,1.68,1.87,11,0,0,13.0,-0.7818,0.6235,-0.0,1.0,0.7908,-0.6121,30.0
1413,1413,2014-12-12,62,0,26,26,39,11445,Friday,7,12,2014,,,,,0,1,1,1.48,1.58,1.68,1.68,1.87,12,0,0,12.0,-0.0,1.0,-0.0,1.0,0.6514,-0.7588,39.0
1414,1414,2014-12-13,64,0,42,31,41,11446,Saturday,1,12,2014,,,,,0,1,0,1.48,1.58,1.68,1.68,1.87,13,1,0,11.0,0.7818,0.6235,-0.0,1.0,0.4853,-0.8743,41.0
1415,1415,2014-12-14,54,0,36,26,37,11446,Sunday,2,12,2014,,,,,0,0,1,1.48,1.58,1.68,1.68,1.87,14,1,0,10.0,0.9749,-0.2225,-0.0,1.0,0.2994,-0.9541,37.0
1416,1416,2014-12-15,65,0,19,28,44,11446,Monday,3,12,2014,,,,,0,1,1,1.48,1.58,1.68,1.68,1.87,15,0,0,9.0,0.4339,-0.901,-0.0,1.0,0.1012,-0.9949,44.0
1417,1417,2014-12-16,37,0,26,25,30,11446,Tuesday,4,12,2014,,,,,0,0,0,1.48,1.58,1.68,1.68,1.87,16,0,0,8.0,-0.4339,-0.901,-0.0,1.0,-0.1012,-0.9949,30.0
1418,1418,2014-12-17,35,0,26,19,30,11446,Wednesday,5,12,2014,,,,,0,0,0,1.48,1.58,1.68,1.68,1.87,17,0,0,7.0,-0.9749,-0.2225,-0.0,1.0,-0.2994,-0.9541,30.0
1419,1419,2014-12-18,59,0,25,36,36,11446,Thursday,6,12,2014,,,,,0,0,0,1.48,1.58,1.68,1.68,1.87,18,0,0,6.0,-0.7818,0.6235,-0.0,1.0,-0.4853,-0.8743,36.0
1420,1420,2014-12-19,56,0,26,26,31,11446,Friday,7,12,2014,,,,,0,0,0,1.48,1.58,1.68,1.68,1.87,19,0,0,5.0,-0.0,1.0,-0.0,1.0,-0.6514,-0.7588,31.0
1421,1421,2014-12-20,59,0,38,35,32,11447,Saturday,1,12,2014,,,,,0,0,0,1.48,1.58,1.68,1.68,1.87,20,1,0,4.0,0.7818,0.6235,-0.0,1.0,-0.7908,-0.6121,32.0
1422,1422,2014-12-21,80,0,27,27,45,11447,Sunday,2,12,2014,,,,,0,0,0,1.48,1.58,1.68,1.68,1.87,21,1,0,3.0,0.9749,-0.2225,-0.0,1.0,-0.8978,-0.4404,45.0
1423,1423,2014-12-22,56,0,27,22,25,11447,Monday,3,12,2014,,,,,0,0,0,1.48,1.58,1.68,1.68,1.87,22,0,0,2.0,0.4339,-0.901,-0.0,1.0,-0.9681,-0.2507,25.0
1424,1424,2014-12-23,66,0,32,28,37,11447,Tuesday,4,12,2014,,,,,0,0,0,1.48,1.58,1.68,1.68,1.87,23,0,0,1.0,-0.4339,-0.901,-0.0,1.0,-0.9987,-0.0506,37.0
1425,1425,2014-12-24,62,0,23,28,17,11447,Wednesday,5,12,2014,Chanukah End,Religious,,,0,0,0,1.48,1.58,1.68,1.68,1.87,24,0,1,0.0,-0.9749,-0.2225,-0.0,1.0,-0.9885,0.1514,17.0
1426,1426,2014-12-25,0,0,0,0,0,11447,Thursday,6,12,2014,Christmas,National,,,0,0,0,1.48,1.58,1.68,1.68,1.87,25,0,1,0.0,-0.7818,0.6235,-0.0,1.0,-0.9378,0.3473,
1427,1427,2014-12-26,66,0,34,34,35,11447,Friday,7,12,2014,,,,,0,0,0,1.48,1.58,1.68,1.68,1.87,26,0,0,6.0,-0.0,1.0,-0.0,1.0,-0.8486,0.529,35.0
1428,1428,2014-12-27,48,0,18,29,38,11448,Saturday,1,12,2014,,,,,0,0,0,1.48,1.58,1.68,1.68,1.87,27,1,0,5.0,0.7818,0.6235,-0.0,1.0,-0.7248,0.689,38.0
1429,1429,2014-12-28,43,0,6,14,43,11448,Sunday,2,12,2014,,,,,0,0,0,1.48,1.58,1.68,1.68,1.87,28,1,0,4.0,0.9749,-0.2225,-0.0,1.0,-0.5713,0.8208,43.0
1430,1430,2014-12-29,38,0,11,10,38,11448,Monday,3,12,2014,,,,,0,0,0,1.48,1.58,1.68,1.68,1.87,29,0,0,3.0,0.4339,-0.901,-0.0,1.0,-0.3944,0.919,38.0
1431,1431,2014-12-30,41,0,19,17,25,11448,Tuesday,4,12,2014,,,,,0,0,0,1.48,1.58,1.68,1.68,1.87,30,0,0,2.0,-0.4339,-0.901,-0.0,1.0,-0.2013,0.9795,25.0
1432,1432,2014-12-31,46,0,20,15,23,11448,Wednesday,5,12,2014,,,,,0,0,0,1.48,1.58,1.68,1.68,1.87,31,0,0,1.0,-0.9749,-0.2225,-0.0,1.0,-0.0,1.0,23.0
1433,1433,2015-01-01,24,0,14,7,32,11448,Thursday,6,1,2015,NewYear,National,,,1,1,0,1.48,1.58,1.68,1.68,1.87,1,0,1,0.0,-0.7818,0.6235,0.5,0.866,0.2013,0.9795,32.0
1434,1434,2015-01-02,38,0,21,27,34,11448,Friday,7,1,2015,,,,,1,0,1,1.48,1.58,1.68,1.68,1.87,2,0,0,5.0,-0.0,1.0,0.5,0.866,0.3944,0.919,34.0
1435,1435,2015-01-03,41,0,25,19,52,11449,Saturday,1,1,2015,,,,,1,1,1,1.48,1.58,1.68,1.68,1.87,3,1,0,4.0,0.7818,0.6235,0.5,0.866,0.5713,0.8208,52.0
1436,1436,2015-01-04,36,73,26,18,40,11449,Sunday,2,1,2015,,,,,1,0,0,1.48,1.58,1.68,1.68,1.87,4,1,0,3.0,0.9749,-0.2225,0.5,0.866,0.7248,0.689,40.0
1437,1437,2015-01-05,25,51,15,23,44,11449,Monday,3,1,2015,,,,,1,1,1,1.48,1.58,1.68,1.68,1.87,5,0,0,2.0,0.4339,-0.901,0.5,0.866,0.8486,0.529,44.0
1438,1438,2015-01-06,44,54,21,18,40,11449,Tuesday,4,1,2015,,,,,1,1,1,1.48,1.58,1.68,1.68,1.87,6,0,0,1.0,-0.4339,-0.901,0.5,0.866,0.9378,0.3473,40.0
1439,1439,2015-01-07,42,157,17,22,33,11449,Wednesday,5,1,2015,OrthodoxChristmas,Religious,,,1,1,0,1.48,1.58,1.68,1.68,1.87,7,0,1,0.0,-0.9749,-0.2225,0.5,0.866,0.9885,0.1514,33.0
1440,1440,2015-01-08,32,53,15,16,13,11449,Thursday,6,1,2015,,,,,1,0,1,1.48,1.58,1.68,1.68,1.87,8,0,0,11.0,-0.7818,0.6235,0.5,0.866,0.9987,-0.0506,13.0
1441,1441,2015-01-09,41,53,16,8,43,11449,Friday,7,1,2015,,,,,1,1,1,1.48,1.58,1.68,1.68,1.87,9,0,0,10.0,-0.0,1.0,0.5,0.866,0.9681,-0.2507,43.0
1442,1442,2015-01-10,38,78,17,25,41,11450,Saturday,1,1,2015,,,,,1,0,0,1.48,1.58,1.68,1.68,1.87,10,1,0,9.0,0.7818,0.6235,0.5,0.866,0.8978,-0.4404,41.0
1443,1443,2015-01-11,49,81,19,28,43,11450,Sunday,2,1,2015,,,,,0,1,1,1.48,1.58,1.68,1.68,1.87,11,1,0,8.0,0.9749,-0.2225,0.5,0.866,0.7908,-0.6121,43.0
1444,1444,2015-01-12,39,28,18,12,31,11450,Monday,3,1,2015,,,,,0,1,1,1.48,1.58,1.68,1.68,1.87,12,0,0,7.0,0.4339,-0.901,0.5,0.866,0.6514,-0.7588,31.0
1445,1445,2015-01-13,33,49,16,15,31,11450,Tuesday,4,1,2015,,,,,0,1,0,1.48,1.58,1.68,1.68,1.87,13,0,0,6.0,-0.4339,-0.901,0.5,0.866,0.4853,-0.8743,31.0
1446,1446,2015-01-14,29,39,13,14,23,11450,Wednesday,5,1,2015,,,,,0,0,1,1.48,1.58,1.68,1.68,1.87,14,0,0,5.0,-0.9749,-0.2225,0.5,0.866,0.2994,-0.9541,23.0
1447,1447,2015-01-15,44,31,20,15,16,11450,Thursday,6,1,2015,,,,,0,1,1,1.48,1.58,1.68,1.68,1.87,15,0,0,4.0,-0.7818,0.6235,0.5,0.866,0.1012,-0.9949,16.0
1448,1448,2015-01-16,35,45,27,23,0,11450,Friday,7,1,2015,,,,,0,0,0,1.48,1.58,1.68,1.68,1.87,16,0,0,3.0,-0.0,1.0,0.5,0.866,-0.1012,-0.9949,
1449,1449,2015-01-17,46,85,31,16,48,11451,Saturday,1,1,2015,,,,,0,0,0,1.48,1.58,1.68,1.68,1.87,17,1,0,2.0,0.7818,0.6235,0.5,0.866,-0.2994,-0.9541,48.0
1450,1450,2015-01-18,55,64,34,25,28,11451,Sunday,2,1,2015,,,,,0,0,0,1.48,1.58,1.68,1.68,1.87,18,1,0,1.0,0.9749,-0.2225,0.5,0.866,-0.4853,-0.8743,28.0
1451,1451,2015-01-19,41,64,25,29,41,11451,Monday,3,1,2015,MartinLutherKingDay,National,,,0,0,0,1.48,1.58,1.68,1.68,1.87,19,0,1,0.0,0.4339,-0.901,0.5,0.866,-0.6514,-0.7588,41.0
1452,1452,2015-01-20,23,42,15,16,33,11451,Tuesday,4,1,2015,,,,,0,0,0,1.48,1.58,1.68,1.68,1.87,20,0,0,12.0,-0.4339,-0.901,0.5,0.866,-0.7908,-0.6121,33.0
1453,1453,2015-01-21,28,47,17,10,34,11451,Wednesday,5,1,2015,,,,,0,0,0,1.48,1.58,1.68,1.68,1.87,21,0,0,11.0,-0.9749,-0.2225,0.5,0.866,-0.8978,-0.4404,34.0
1454,1454,2015-01-22,27,23,14,15,22,11451,Thursday,6,1,2015,,,,,0,0,0,1.48,1.58,1.68,1.68,1.87,22,0,0,10.0,-0.7818,0.6235,0.5,0.866,-0.9681,-0.2507,22.0
1455,1455,2015-01-23,44,55,19,14,38,11451,Friday,7,1,2015,,,,,0,0,0,1.48,1.58,1.68,1.68,1.87,23,0,0,9.0,-0.0,1.0,0.5,0.866,-0.9987,-0.0506,38.0
1456,1456,2015-01-24,54,64,15,18,22,11452,Saturday,1,1,2015,,,,,0,0,0,1.48,1.58,1.68,1.68,1.87,24,1,0,8.0,0.7818,0.6235,0.5,0.866,-0.9885,0.1514,22.0
1457,1457,2015-01-25,54,50,26,25,38,11452,Sunday,2,1,2015,,,,,0,0,0,1.48,1.58,1.68,1.68,1.87,25,1,0,7.0,0.9749,-0.2225,0.5,0.866,-0.9378,0.3473,38.0
1458,1458,2015-01-26,37,37,12,17,27,11452,Monday,3,1,2015,,,,,0,0,0,1.48,1.58,1.68,1.68,1.87,26,0,0,6.0,0.4339,-0.901,0.5,0.866,-0.8486,0.529,27.0
1459,1459,2015-01-27,31,28,16,15,32,11452,Tuesday,4,1,2015,,,,,0,0,0,1.48,1.58,1.68,1.68,1.87,27,0,0,5.0,-0.4339,-0.901,0.5,0.866,-0.7248,0.689,32.0
1460,1460,2015-01-28,41,46,17,14,22,11452,Wednesday,5,1,2015,,,,,0,0,0,1.48,1.58,1.68,1.68,1.87,28,0,0,4.0,-0.9749,-0.2225,0.5,0.866,-0.5713,0.8208,22.0
1461,1461,2015-01-29,43,38,15,13,31,11452,Thursday,6,1,2015,,,,,0,0,0,1.48,1.58,1.68,1.68,1.87,29,0,0,3.0,-0.7818,0.6235,0.5,0.866,-0.3944,0.919,31.0
1462,1462,2015-01-30,39,46,19,23,39,11452,Friday,7,1,2015,,,,,0,0,0,1.48,1.58,1.68,1.68,1.87,30,0,0,2.0,-0.0,1.0,0.5,0.866,-0.2013,0.9795,39.0
1463,1463,2015-01-31,46,57,26,33,49,11501,Saturday,1,1,2015,,,,,0,0,0,1.48,1.58,1.68,1.68,1.87,31,1,0,1.0,0.7818,0.6235,0.5,0.866,-0.0,1.0,49.0
1464,1464,2015-02-01,56,82,35,24,44,11501,Sunday,2,2,2015,SuperBowl,Sporting,,,1,1,0,1.48,1.58,1.68,1.68,1.87,1,1,1,0.0,0.9749,-0.2225,0.866,0.5,0.2013,0.9795,44.0
1465,1465,2015-02-02,36,31,18,18,29,11501,Monday,3,2,2015,,,,,1,0,1,1.48,1.58,1.68,1.68,1.87,2,0,0,12.0,0.4339,-0.901,0.866,0.5,0.3944,0.919,29.0
1466,1466,2015-02-03,37,43,17,20,33,11501,Tuesday,4,2,2015,,,,,1,1,1,1.48,1.58,1.68,1.68,1.87,3,0,0,11.0,-0.4339,-0.901,0.866,0.5,0.5713,0.8208,33.0
1467,1467,2015-02-04,34,50,16,22,27,11501,Wednesday,5,2,2015,,,,,1,0,0,1.48,1.58,1.68,1.68,1.87,4,0,0,10.0,-0.9749,-0.2225,0.866,0.5,0.7248,0.689,27.0
1468,1468,2015-02-05,41,28,20,13,37,11501,Thursday,6,2,2015,,,,,1,1,1,1.48,1.58,1.68,1.68,1.87,5,0,0,9.0,-0.7818,0.6235,0.866,0.5,0.8486,0.529,37.0
1469,1469,2015-02-06,57,53,26,34,44,11501,Friday,7,2,2015,,,,,1,1,1,1.48,1.58,1.68,1.68,1.87,6,0,0,8.0,-0.0,1.0,0.866,0.5,0.9378,0.3473,44.0
1470,1470,2015-02-07,57,80,34,24,37,11502,Saturday,1,2,2015,,,,,1,1,0,1.48,1.58,1.68,1.68,1.87,7,1,0,7.0,0.7818,0.6235,0.866,0.5,0.9885,0.1514,37.0
1471,1471,2015-02-08,75,72,42,35,36,11502,Sunday,2,2,2015,,,,,1,0,1,1.48,1.58,1.68,1.68,1.87,8,1,0,6.0,0.9749,-0.2225,0.866,0.5,0.9987,-0.0506,36.0
1472,1472,2015-02-09,46,48,26,19,38,11502,Monday,3,2,2015,,,,,1,1,1,1.48,1.58,1.68,1.68,1.87,9,0,0,5.0,0.4339,-0.901,0.866,0.5,0.9681,-0.2507,38.0
1473,1473,2015-02-10,43,57,19,17,30,11502,Tuesday,4,2,2015,,,,,1,0,0,1.48,1.58,1.68,1.68,1.87,10,0,0,4.0,-0.4339,-0.901,0.866,0.5,0.8978,-0.4404,30.0
1474,1474,2015-02-11,46,66,22,34,26,11502,Wednesday,5,2,2015,,,,,0,1,1,1.48,1.58,1.68,1.68,1.87,11,0,0,3.0,-0.9749,-0.2225,0.866,0.5,0.7908,-0.6121,26.0
1475,1475,2015-02-12,57,0,30,14,35,11502,Thursday,6,2,2015,,,,,0,1,1,1.48,1.58,1.68,1.68,1.87,12,0,0,2.0,-0.7818,0.6235,0.866,0.5,0.6514,-0.7588,35.0
1476,1476,2015-02-13,39,0,26,23,32,11502,Friday,7,2,2015,,,,,0,1,0,1.48,1.58,1.68,1.68,1.87,13,0,0,1.0,-0.0,1.0,0.866,0.5,0.4853,-0.8743,32.0
1477,1477,2015-02-14,45,0,34,27,43,11503,Saturday,1,2,2015,ValentinesDay,Cultural,,,0,0,1,1.48,1.58,1.68,1.68,1.87,14,1,1,0.0,0.7818,0.6235,0.866,0.5,0.2994,-0.9541,43.0
1478,1478,2015-02-15,51,0,29,39,44,11503,Sunday,2,2,2015,,,,,0,1,1,1.48,1.58,1.68,1.68,1.87,15,1,0,1.0,0.9749,-0.2225,0.866,0.5,0.1012,-0.9949,44.0
1479,1479,2015-02-16,32,0,13,24,40,11503,Monday,3,2,2015,PresidentsDay,National,,,0,0,0,1.48,1.58,1.68,1.68,1.87,16,0,1,0.0,0.4339,-0.901,0.866,0.5,-0.1012,-0.9949,40.0
1480,1480,2015-02-17,43,0,19,22,38,11503,Tuesday,4,2,2015,,,,,0,0,0,1.48,1.58,1.68,1.68,1.87,17,0,0,1.0,-0.4339,-0.901,0.866,0.5,-0.2994,-0.9541,38.0
1481,1481,2015-02-18,30,0,20,19,29,11503,Wednesday,5,2,2015,LentStart,Religious,,,0,0,0,1.48,1.58,1.68,1.68,1.87,18,0,1,0.0,-0.9749,-0.2225,0.866,0.5,-0.4853,-0.8743,29.0
1482,1482,2015-02-19,48,0,16,30,31,11503,Thursday,6,2,2015,,,,,0,0,0,1.48,1.58,1.68,1.68,1.87,19,0,0,6.0,-0.7818,0.6235,0.866,0.5,-0.6514,-0.7588,31.0
1483,1483,2015-02-20,56,0,22,25,29,11503,Friday,7,2,2015,,,,,0,0,0,1.48,1.58,1.68,1.68,1.87,20,0,0,5.0,-0.0,1.0,0.866,0.5,-0.7908,-0.6121,29.0
1484,1484,2015-02-21,74,0,29,37,56,11504,Saturday,1,2,2015,,,,,0,0,0,1.48,1.58,1.68,1.68,1.87,21,1,0,4.0,0.7818,0.6235,0.866,0.5,-0.8978,-0.4404,56.0
1485,1485,2015-02-22,64,0,36,42,51,11504,Sunday,2,2,2015,,,,,0,0,0,1.48,1.58,1.68,1.68,1.87,22,1,0,3.0,0.9749,-0.2225,0.866,0.5,-0.9681,-0.2507,51.0
1486,1486,2015-02-23,35,0,25,14,15,11504,Monday,3,2,2015,,,,,0,0,0,1.48,1.58,1.68,1.68,1.87,23,0,0,2.0,0.4339,-0.901,0.866,0.5,-0.9987,-0.0506,15.0
1487,1487,2015-02-24,33,0,10,18,0,11504,Tuesday,4,2,2015,,,,,0,0,0,1.48,1.58,1.68,1.68,1.87,24,0,0,1.0,-0.4339,-0.901,0.866,0.5,-0.9885,0.1514,
1488,1488,2015-02-25,39,0,9,19,0,11504,Wednesday,5,2,2015,LentWeek2,Religious,,,0,0,0,1.48,1.58,1.68,1.68,1.87,25,0,1,0.0,-0.9749,-0.2225,0.866,0.5,-0.9378,0.3473,
1489,1489,2015-02-26,31,0,19,32,0,11504,Thursday,6,2,2015,,,,,0,0,0,1.48,1.58,1.68,1.68,1.87,26,0,0,7.0,-0.7818,0.6235,0.866,0.5,-0.8486,0.529,
1490,1490,2015-02-27,35,0,25,20,0,11504,Friday,7,2,2015,,,,,0,0,0,1.48,1.58,1.68,1.68,1.87,27,0,0,6.0,-0.0,1.0,0.866,0.5,-0.7248,0.689,
1491,1491,2015-02-28,51,0,27,36,22,11505,Saturday,1,2,2015,,,,,0,0,0,1.48,1.58,1.68,1.68,2.48,28,1,0,5.0,0.7818,0.6235,0.866,0.5,-0.5713,0.8208,22.0
1492,1492,2015-03-01,50,0,26,35,40,11505,Sunday,2,3,2015,,,,,1,1,0,1.48,1.58,1.68,1.68,2.48,1,1,0,4.0,0.9749,-0.2225,1.0,0.0,0.2013,0.9795,40.0
1493,1493,2015-03-02,45,0,19,9,15,11505,Monday,3,3,2015,,,,,1,0,1,1.48,1.58,1.68,1.68,2.48,2,0,0,3.0,0.4339,-0.901,1.0,0.0,0.3944,0.919,15.0
1494,1494,2015-03-03,41,0,18,28,15,11505,Tuesday,4,3,2015,,,,,1,1,1,1.48,1.58,1.68,1.68,2.48,3,0,0,2.0,-0.4339,-0.901,1.0,0.0,0.5713,0.8208,15.0
1495,1495,2015-03-04,42,0,9,26,16,11505,Wednesday,5,3,2015,,,,,1,0,0,1.48,1.58,1.68,1.68,2.48,4,0,0,1.0,-0.9749,-0.2225,1.0,0.0,0.7248,0.689,16.0
1496,1496,2015-03-05,23,0,12,12,15,11505,Thursday,6,3,2015,Purim End,Religious,,,1,1,1,1.48,1.58,1.68,1.68,2.48,5,0,1,0.0,-0.7818,0.6235,1.0,0.0,0.8486,0.529,15.0
1497,1497,2015-03-06,46,0,21,16,21,11505,Friday,7,3,2015,,,,,1,1,1,1.48,1.58,1.68,1.68,2.48,6,0,0,11.0,-0.0,1.0,1.0,0.0,0.9378,0.3473,21.0
1498,1498,2015-03-07,72,0,32,35,37,11506,Saturday,1,3,2015,,,,,1,1,0,1.48,1.58,1.68,1.68,2.48,7,1,0,10.0,0.7818,0.6235,1.0,0.0,0.9885,0.1514,37.0
1499,1499,2015-03-08,51,0,24,20,25,11506,Sunday,2,3,2015,,,,,1,0,1,1.48,1.58,1.68,1.68,2.48,8,1,0,9.0,0.9749,-0.2225,1.0,0.0,0.9987,-0.0506,25.0
1500,1500,2015-03-09,39,0,24,22,18,11506,Monday,3,3,2015,,,,,1,1,1,1.48,1.58,1.68,1.68,2.48,9,0,0,8.0,0.4339,-0.901,1.0,0.0,0.9681,-0.2507,18.0
1501,1501,2015-03-10,23,0,22,24,34,11506,Tuesday,4,3,2015,,,,,1,0,0,1.48,1.58,1.68,1.68,2.48,10,0,0,7.0,-0.4339,-0.901,1.0,0.0,0.8978,-0.4404,34.0
1502,1502,2015-03-11,39,0,17,31,18,11506,Wednesday,5,3,2015,,,,,0,1,1,1.48,1.58,1.68,1.68,2.48,11,0,0,6.0,-0.9749,-0.2225,1.0,0.0,0.7908,-0.6121,18.0
1503,1503,2015-03-12,35,34,21,15,39,11506,Thursday,6,3,2015,,,,,0,1,1,1.48,1.58,1.68,1.68,2.48,12,0,0,5.0,-0.7818,0.6235,1.0,0.0,0.6514,-0.7588,39.0
1504,1504,2015-03-13,54,48,31,35,17,11506,Friday,7,3,2015,,,,,0,1,0,1.48,1.58,1.68,1.68,2.48,13,0,0,4.0,-0.0,1.0,1.0,0.0,0.4853,-0.8743,17.0
1505,1505,2015-03-14,62,61,38,30,23,11507,Saturday,1,3,2015,,,,,0,0,1,1.48,1.58,1.68,1.68,2.48,14,1,0,3.0,0.7818,0.6235,1.0,0.0,0.2994,-0.9541,23.0
1506,1506,2015-03-15,45,69,29,50,29,11507,Sunday,2,3,2015,,,,,0,1,1,1.48,1.58,1.68,1.68,2.48,15,1,0,2.0,0.9749,-0.2225,1.0,0.0,0.1012,-0.9949,29.0
1507,1507,2015-03-16,57,37,19,29,29,11507,Monday,3,3,2015,,,,,0,0,0,1.48,1.58,1.68,1.68,2.48,16,0,0,1.0,0.4339,-0.901,1.0,0.0,-0.1012,-0.9949,29.0
1508,1508,2015-03-17,35,55,23,21,19,11507,Tuesday,4,3,2015,StPatricksDay,Cultural,,,0,0,0,1.48,1.58,1.68,1.68,2.48,17,0,1,0.0,-0.4339,-0.901,1.0,0.0,-0.2994,-0.9541,19.0
1509,1509,2015-03-18,32,73,11,41,28,11507,Wednesday,5,3,2015,,,,,0,0,0,1.48,1.58,1.68,1.68,2.48,18,0,0,18.0,-0.9749,-0.2225,1.0,0.0,-0.4853,-0.8743,28.0
1510,1510,2015-03-19,51,51,30,25,17,11507,Thursday,6,3,2015,,,,,0,0,0,1.48,1.58,1.68,1.68,2.48,19,0,0,17.0,-0.7818,0.6235,1.0,0.0,-0.6514,-0.7588,17.0
1511,1511,2015-03-20,53,48,21,38,23,11507,Friday,7,3,2015,,,,,0,0,0,1.48,1.58,1.68,1.68,2.48,20,0,0,16.0,-0.0,1.0,1.0,0.0,-0.7908,-0.6121,23.0
1512,1512,2015-03-21,49,63,28,26,25,11508,Saturday,1,3,2015,,,,,0,0,0,1.48,1.58,1.68,1.68,2.48,21,1,0,15.0,0.7818,0.6235,1.0,0.0,-0.8978,-0.4404,25.0
1513,1513,2015-03-22,48,52,30,46,40,11508,Sunday,2,3,2015,,,,,0,0,0,1.48,1.58,1.68,1.68,2.48,22,1,0,14.0,0.9749,-0.2225,1.0,0.0,-0.9681,-0.2507,40.0
1514,1514,2015-03-23,34,39,15,32,17,11508,Monday,3,3,2015,,,,,0,0,0,1.48,1.58,1.68,1.68,2.48,23,0,0,13.0,0.4339,-0.901,1.0,0.0,-0.9987,-0.0506,17.0
1515,1515,2015-03-24,44,39,10,32,25,11508,Tuesday,4,3,2015,,,,,0,0,0,1.48,1.58,1.68,1.68,2.48,24,0,0,12.0,-0.4339,-0.901,1.0,0.0,-0.9885,0.1514,25.0
1516,1516,2015-03-25,42,36,16,33,17,11508,Wednesday,5,3,2015,,,,,0,0,0,1.48,1.58,1.68,1.68,2.48,25,0,0,11.0,-0.9749,-0.2225,1.0,0.0,-0.9378,0.3473,17.0
1517,1517,2015-03-26,34,46,17,25,14,11508,Thursday,6,3,2015,,,,,0,0,0,1.48,1.58,1.68,1.68,2.48,26,0,0,10.0,-0.7818,0.6235,1.0,0.0,-0.8486,0.529,14.0
1518,1518,2015-03-27,35,39,19,30,7,11508,Friday,7,3,2015,,,,,0,0,0,1.48,1.58,1.68,1.68,2.48,27,0,0,9.0,-0.0,1.0,1.0,0.0,-0.7248,0.689,7.0
1519,1519,2015-03-28,65,66,22,44,16,11509,Saturday,1,3,2015,,,,,0,0,0,1.48,1.58,1.68,1.68,2.48,28,1,0,8.0,0.7818,0.6235,1.0,0.0,-0.5713,0.8208,16.0
1520,1520,2015-03-29,48,29,26,33,40,11509,Sunday,2,3,2015,,,,,0,0,0,1.48,1.58,1.68,1.68,2.48,29,1,0,7.0,0.9749,-0.2225,1.0,0.0,-0.3944,0.919,40.0
1521,1521,2015-03-30,55,26,20,22,18,11509,Monday,3,3,2015,,,,,0,0,0,1.48,1.58,1.68,1.68,2.48,30,0,0,6.0,0.4339,-0.901,1.0,0.0,-0.2013,0.9795,18.0
1522,1522,2015-03-31,44,19,18,12,25,11509,Tuesday,4,3,2015,,,,,0,0,0,1.48,1.58,1.68,1.68,2.48,31,0,0,5.0,-0.4339,-0.901,1.0,0.0,-0.0,1.0,25.0
1523,1523,2015-04-01,46,22,24,10,13,11509,Wednesday,5,4,2015,,,,,1,1,0,1.48,1.58,1.68,1.68,2.48,1,0,0,4.0,-0.9749,-0.2225,0.866,-0.5,0.2013,0.9795,13.0
1524,1524,2015-04-02,45,37,32,4,21,11509,Thursday,6,4,2015,,,,,1,0,1,1.48,1.58,1.68,1.68,2.48,2,0,0,3.0,-0.7818,0.6235,0.866,-0.5,0.3944,0.919,21.0
1525,1525,2015-04-03,62,46,30,34,19,11509,Friday,7,4,2015,,,,,1,1,1,1.48,1.58,1.68,1.68,2.48,3,0,0,2.0,-0.0,1.0,0.866,-0.5,0.5713,0.8208,19.0
1526,1526,2015-04-04,64,47,29,59,25,11510,Saturday,1,4,2015,,,,,1,0,0,1.48,1.58,1.68,1.68,2.48,4,1,0,1.0,0.7818,0.6235,0.866,-0.5,0.7248,0.689,25.0
1527,1527,2015-04-05,56,111,28,38,28,11510,Sunday,2,4,2015,Easter,Cultural,,,1,1,1,1.48,1.58,1.68,1.68,2.48,5,1,1,0.0,0.9749,-0.2225,0.866,-0.5,0.8486,0.529,28.0
1528,1528,2015-04-06,51,40,29,36,14,11510,Monday,3,4,2015,,,,,1,1,1,1.48,1.58,1.68,1.68,2.48,6,0,0,5.0,0.4339,-0.901,0.866,-0.5,0.9378,0.3473,14.0
1529,1529,2015-04-07,49,50,18,24,19,11510,Tuesday,4,4,2015,,,,,1,1,0,1.48,1.58,1.68,1.68,2.48,7,0,0,4.0,-0.4339,-0.901,0.866,-0.5,0.9885,0.1514,19.0
1530,1530,2015-04-08,42,27,25,29,17,11510,Wednesday,5,4,2015,,,,,1,0,1,1.48,1.58,1.68,1.68,2.48,8,0,0,3.0,-0.9749,-0.2225,0.866,-0.5,0.9987,-0.0506,17.0
1531,1531,2015-04-09,42,36,20,28,25,11510,Thursday,6,4,2015,,,,,1,1,1,1.48,1.58,1.68,1.68,2.48,9,0,0,2.0,-0.7818,0.6235,0.866,-0.5,0.9681,-0.2507,25.0
1532,1532,2015-04-10,29,49,23,22,16,11510,Friday,7,4,2015,,,,,1,0,0,1.48,1.58,1.68,1.68,2.48,10,0,0,1.0,-0.0,1.0,0.866,-0.5,0.8978,-0.4404,16.0
1533,1533,2015-04-11,49,69,31,33,26,11511,Saturday,1,4,2015,Pesach End,Religious,,,0,1,1,1.48,1.58,1.68,1.68,2.48,11,1,1,0.0,0.7818,0.6235,0.866,-0.5,0.7908,-0.6121,26.0
1534,1534,2015-04-12,56,82,22,25,31,11511,Sunday,2,4,2015,OrthodoxEaster,Religious,,,0,1,1,1.48,1.58,1.68,1.68,2.48,12,1,1,0.0,0.9749,-0.2225,0.866,-0.5,0.6514,-0.7588,31.0
1535,1535,2015-04-13,46,50,24,31,28,11511,Monday,3,4,2015,,,,,0,1,0,1.48,1.58,1.68,1.68,2.48,13,0,0,22.0,0.4339,-0.901,0.866,-0.5,0.4853,-0.8743,28.0
1536,1536,2015-04-14,39,44,16,30,17,11511,Tuesday,4,4,2015,,,,,0,0,1,1.48,1.58,1.68,1.68,2.48,14,0,0,21.0,-0.4339,-0.901,0.866,-0.5,0.2994,-0.9541,17.0
1537,1537,2015-04-15,45,47,29,34,20,11511,Wednesday,5,4,2015,,,,,0,1,1,1.48,1.58,1.68,1.68,2.48,15,0,0,20.0,-0.9749,-0.2225,0.866,-0.5,0.1012,-0.9949,20.0
1538,1538,2015-04-16,36,43,22,29,17,11511,Thursday,6,4,2015,,,,,0,0,0,1.48,1.58,1.68,1.68,2.48,16,0,0,19.0,-0.7818,0.6235,0.866,-0.5,-0.1012,-0.9949,17.0
1539,1539,2015-04-17,45,41,20,27,10,11511,Friday,7,4,2015,,,,,0,0,0,1.48,1.58,1.68,1.68,2.48,17,0,0,18.0,-0.0,1.0,0.866,-0.5,-0.2994,-0.9541,10.0
1540,1540,2015-04-18,58,84,25,31,26,11512,Saturday,1,4,2015,,,,,0,0,0,1.48,1.58,1.68,1.68,2.48,18,1,0,17.0,0.7818,0.6235,0.866,-0.5,-0.4853,-0.8743,26.0
1541,1541,2015-04-19,58,60,34,66,23,11512,Sunday,2,4,2015,,,,,0,0,0,1.48,1.58,1.68,1.68,2.48,19,1,0,16.0,0.9749,-0.2225,0.866,-0.5,-0.6514,-0.7588,23.0
1542,1542,2015-04-20,29,43,19,28,40,11512,Monday,3,4,2015,,,,,0,0,0,1.48,1.58,1.68,1.68,2.48,20,0,0,15.0,0.4339,-0.901,0.866,-0.5,-0.7908,-0.6121,40.0
1543,1543,2015-04-21,28,51,14,18,13,11512,Tuesday,4,4,2015,,,,,0,0,0,1.48,1.58,1.68,1.68,2.48,21,0,0,14.0,-0.4339,-0.901,0.866,-0.5,-0.8978,-0.4404,13.0
1544,1544,2015-04-22,38,52,8,26,15,11512,Wednesday,5,4,2015,,,,,0,0,0,1.48,1.58,1.68,1.68,2.48,22,0,0,13.0,-0.9749,-0.2225,0.866,-0.5,-0.9681,-0.2507,15.0
1545,1545,2015-04-23,54,56,17,34,21,11512,Thursday,6,4,2015,,,,,0,0,0,1.48,1.58,1.68,1.68,2.48,23,0,0,12.0,-0.7818,0.6235,0.866,-0.5,-0.9987,-0.0506,21.0
1546,1546,2015-04-24,27,59,14,34,24,11512,Friday,7,4,2015,,,,,0,0,0,1.48,1.58,1.68,1.68,2.48,24,0,0,11.0,-0.0,1.0,0.866,-0.5,-0.9885,0.1514,24.0
1547,1547,2015-04-25,56,86,20,36,23,11513,Saturday,1,4,2015,,,,,0,0,0,1.48,1.58,1.68,1.68,2.48,25,1,0,10.0,0.7818,0.6235,0.866,-0.5,-0.9378,0.3473,23.0
1548,1548,2015-04-26,51,63,22,37,33,11513,Sunday,2,4,2015,,,,,0,0,0,1.48,1.58,1.68,1.68,2.48,26,1,0,9.0,0.9749,-0.2225,0.866,-0.5,-0.8486,0.529,33.0
1549,1549,2015-04-27,44,44,11,13,12,11513,Monday,3,4,2015,,,,,0,0,0,1.48,1.58,1.68,1.68,2.48,27,0,0,8.0,0.4339,-0.901,0.866,-0.5,-0.7248,0.689,12.0
1550,1550,2015-04-28,32,31,13,14,12,11513,Tuesday,4,4,2015,,,,,0,0,0,1.48,1.58,1.68,1.68,2.48,28,0,0,7.0,-0.4339,-0.901,0.866,-0.5,-0.5713,0.8208,12.0
1551,1551,2015-04-29,31,44,16,20,23,11513,Wednesday,5,4,2015,,,,,0,0,0,1.48,1.58,1.68,1.68,2.48,29,0,0,6.0,-0.9749,-0.2225,0.866,-0.5,-0.3944,0.919,23.0
1552,1552,2015-04-30,31,53,17,35,14,11513,Thursday,6,4,2015,,,,,0,0,0,1.48,1.58,1.68,1.68,2.48,30,0,0,5.0,-0.7818,0.6235,0.866,-0.5,-0.2013,0.9795,14.0
1553,1553,2015-05-01,57,65,17,24,17,11513,Friday,7,5,2015,,,,,1,1,0,1.48,1.58,1.68,1.68,2.48,1,0,0,4.0,-0.0,1.0,0.5,-0.866,0.2013,0.9795,17.0
1554,1554,2015-05-02,71,110,25,40,26,11514,Saturday,1,5,2015,,,,,1,0,1,1.48,1.58,1.68,1.68,2.48,2,1,0,3.0,0.7818,0.6235,0.5,-0.866,0.3944,0.919,26.0
1555,1555,2015-05-03,52,80,29,40,41,11514,Sunday,2,5,2015,,,,,1,1,1,1.48,1.58,1.68,1.68,2.48,3,1,0,2.0,0.9749,-0.2225,0.5,-0.866,0.5713,0.8208,41.0
1556,1556,2015-05-04,29,59,20,16,27,11514,Monday,3,5,2015,,,,,1,0,0,1.48,1.58,1.68,1.68,2.48,4,0,0,1.0,0.4339,-0.901,0.5,-0.866,0.7248,0.689,27.0
1557,1557,2015-05-05,44,75,13,23,31,11514,Tuesday,4,5,2015,Cinco De Mayo,Cultural,,,1,1,1,1.48,1.58,1.68,1.68,2.48,5,0,1,0.0,-0.4339,-0.901,0.5,-0.866,0.8486,0.529,31.0
1558,1558,2015-05-06,49,35,22,16,29,11514,Wednesday,5,5,2015,,,,,1,1,1,1.48,1.58,1.68,1.68,2.48,6,0,0,4.0,-0.9749,-0.2225,0.5,-0.866,0.9378,0.3473,29.0
1559,1559,2015-05-07,41,54,18,31,24,11514,Thursday,6,5,2015,,,,,1,1,0,1.48,1.58,1.68,1.68,2.48,7,0,0,3.0,-0.7818,0.6235,0.5,-0.866,0.9885,0.1514,24.0
1560,1560,2015-05-08,53,45,13,23,25,11514,Friday,7,5,2015,,,,,1,0,1,1.48,1.58,1.68,1.68,2.48,8,0,0,2.0,-0.0,1.0,0.5,-0.866,0.9987,-0.0506,25.0
1561,1561,2015-05-09,44,53,27,18,27,11515,Saturday,1,5,2015,,,,,1,1,1,1.48,1.58,1.68,1.68,2.48,9,1,0,1.0,0.7818,0.6235,0.5,-0.866,0.9681,-0.2507,27.0
1562,1562,2015-05-10,57,75,27,19,19,11515,Sunday,2,5,2015,Mother's day,Cultural,,,1,0,0,1.48,1.58,1.68,1.68,2.48,10,1,1,0.0,0.9749,-0.2225,0.5,-0.866,0.8978,-0.4404,19.0
1563,1563,2015-05-11,61,51,34,37,32,11515,Monday,3,5,2015,,,,,0,1,1,1.48,1.58,1.68,1.68,2.48,11,0,0,14.0,0.4339,-0.901,0.5,-0.866,0.7908,-0.6121,32.0
1564,1564,2015-05-12,48,49,16,14,20,11515,Tuesday,4,5,2015,,,,,0,1,1,1.48,1.58,1.68,1.68,2.48,12,0,0,13.0,-0.4339,-0.901,0.5,-0.866,0.6514,-0.7588,20.0
1565,1565,2015-05-13,58,56,20,14,18,11515,Wednesday,5,5,2015,,,,,0,1,0,1.48,1.58,1.68,1.68,2.48,13,0,0,12.0,-0.9749,-0.2225,0.5,-0.866,0.4853,-0.8743,18.0
1566,1566,2015-05-14,37,0,7,26,19,11515,Thursday,6,5,2015,,,,,0,0,1,1.48,1.58,1.68,1.68,2.48,14,0,0,11.0,-0.7818,0.6235,0.5,-0.866,0.2994,-0.9541,19.0
1567,1567,2015-05-15,41,0,21,30,23,11515,Friday,7,5,2015,,,,,0,1,1,1.48,1.58,1.68,1.68,2.48,15,0,0,10.0,-0.0,1.0,0.5,-0.866,0.1012,-0.9949,23.0
1568,1568,2015-05-16,83,0,46,26,24,11516,Saturday,1,5,2015,,,,,0,0,0,1.48,1.58,1.68,1.68,2.48,16,1,0,9.0,0.7818,0.6235,0.5,-0.866,-0.1012,-0.9949,24.0
1569,1569,2015-05-17,45,0,21,26,27,11516,Sunday,2,5,2015,,,,,0,0,0,1.48,1.58,1.68,1.68,2.48,17,1,0,8.0,0.9749,-0.2225,0.5,-0.866,-0.2994,-0.9541,27.0
1570,1570,2015-05-18,53,0,18,18,20,11516,Monday,3,5,2015,,,,,0,0,0,1.48,1.58,1.68,1.68,2.48,18,0,0,7.0,0.4339,-0.901,0.5,-0.866,-0.4853,-0.8743,20.0
1571,1571,2015-05-19,59,0,14,27,33,11516,Tuesday,4,5,2015,,,,,0,0,0,1.48,1.58,1.68,1.68,2.48,19,0,0,6.0,-0.4339,-0.901,0.5,-0.866,-0.6514,-0.7588,33.0
1572,1572,2015-05-20,45,0,14,26,26,11516,Wednesday,5,5,2015,,,,,0,0,0,1.48,1.58,1.68,1.68,2.48,20,0,0,5.0,-0.9749,-0.2225,0.5,-0.866,-0.7908,-0.6121,26.0
1573,1573,2015-05-21,34,0,14,29,12,11516,Thursday,6,5,2015,,,,,0,0,0,1.48,1.58,1.68,1.68,2.48,21,0,0,4.0,-0.7818,0.6235,0.5,-0.866,-0.8978,-0.4404,12.0
1574,1574,2015-05-22,36,0,18,30,14,11516,Friday,7,5,2015,,,,,0,0,0,1.48,1.58,1.68,1.68,2.48,22,0,0,3.0,-0.0,1.0,0.5,-0.866,-0.9681,-0.2507,14.0
1575,1575,2015-05-23,45,0,27,43,21,11517,Saturday,1,5,2015,,,,,0,0,0,1.48,1.58,1.68,1.68,2.48,23,1,0,2.0,0.7818,0.6235,0.5,-0.866,-0.9987,-0.0506,21.0
1576,1576,2015-05-24,52,0,31,26,25,11517,Sunday,2,5,2015,,,,,0,0,0,1.48,1.58,1.68,1.68,2.48,24,1,0,1.0,0.9749,-0.2225,0.5,-0.866,-0.9885,0.1514,25.0
1577,1577,2015-05-25,37,0,26,39,16,11517,Monday,3,5,2015,MemorialDay,National,,,0,0,0,1.48,1.58,1.68,1.68,2.48,25,0,1,0.0,0.4339,-0.901,0.5,-0.866,-0.9378,0.3473,16.0
1578,1578,2015-05-26,38,0,13,20,27,11517,Tuesday,4,5,2015,,,,,0,0,0,1.48,1.58,1.68,1.68,2.48,26,0,0,9.0,-0.4339,-0.901,0.5,-0.866,-0.8486,0.529,27.0
1579,1579,2015-05-27,32,0,15,14,26,11517,Wednesday,5,5,2015,,,,,0,0,0,1.48,1.58,1.68,1.68,2.48,27,0,0,8.0,-0.9749,-0.2225,0.5,-0.866,-0.7248,0.689,26.0
1580,1580,2015-05-28,41,0,15,19,19,11517,Thursday,6,5,2015,,,,,0,0,0,1.48,1.58,1.68,1.68,2.48,28,0,0,7.0,-0.7818,0.6235,0.5,-0.866,-0.5713,0.8208,19.0
1581,1581,2015-05-29,49,0,13,25,27,11517,Friday,7,5,2015,,,,,0,0,0,1.48,1.58,1.68,1.68,2.48,29,0,0,6.0,-0.0,1.0,0.5,-0.866,-0.3944,0.919,27.0
1582,1582,2015-05-30,35,0,37,23,16,11518,Saturday,1,5,2015,,,,,0,0,0,1.48,1.58,1.68,1.68,2.48,30,1,0,5.0,0.7818,0.6235,0.5,-0.866,-0.2013,0.9795,16.0
1583,1583,2015-05-31,43,0,23,26,23,11518,Sunday,2,5,2015,,,,,0,0,0,1.48,1.58,1.68,1.68,2.48,31,1,0,4.0,0.9749,-0.2225,0.5,-0.866,-0.0,1.0,23.0
1584,1584,2015-06-01,47,0,25,35,37,11518,Monday,3,6,2015,,,,,1,1,0,1.48,1.58,1.68,1.68,2.48,1,0,0,3.0,0.4339,-0.901,0.0,-1.0,0.2013,0.9795,37.0
1585,1585,2015-06-02,34,0,11,23,30,11518,Tuesday,4,6,2015,,,,,1,0,1,1.48,1.58,1.68,1.68,2.48,2,0,0,2.0,-0.4339,-0.901,0.0,-1.0,0.3944,0.919,30.0
1586,1586,2015-06-03,46,0,13,13,42,11518,Wednesday,5,6,2015,,,,,1,1,1,1.48,1.58,1.68,1.68,2.48,3,0,0,1.0,-0.9749,-0.2225,0.0,-1.0,0.5713,0.8208,42.0
1587,1587,2015-06-04,41,0,14,16,27,11518,Thursday,6,6,2015,NBAFinalsStart,Sporting,,,1,0,0,1.48,1.58,1.68,1.68,2.48,4,0,1,0.0,-0.7818,0.6235,0.0,-1.0,0.7248,0.689,27.0
1588,1588,2015-06-05,40,0,15,7,30,11518,Friday,7,6,2015,,,,,1,1,1,1.48,1.58,1.68,1.68,2.48,5,0,0,11.0,-0.0,1.0,0.0,-1.0,0.8486,0.529,30.0
1589,1589,2015-06-06,61,0,18,14,42,11519,Saturday,1,6,2015,,,,,1,1,1,1.48,1.58,1.68,1.68,2.48,6,1,0,10.0,0.7818,0.6235,0.0,-1.0,0.9378,0.3473,42.0
1590,1590,2015-06-07,83,0,15,34,41,11519,Sunday,2,6,2015,,,,,1,1,0,1.48,1.58,1.68,1.68,2.48,7,1,0,9.0,0.9749,-0.2225,0.0,-1.0,0.9885,0.1514,41.0
1591,1591,2015-06-08,66,0,22,28,37,11519,Monday,3,6,2015,,,,,1,0,1,1.48,1.58,1.68,1.68,2.48,8,0,0,8.0,0.4339,-0.901,0.0,-1.0,0.9987,-0.0506,37.0
1592,1592,2015-06-09,39,0,18,15,41,11519,Tuesday,4,6,2015,,,,,1,1,1,1.48,1.58,1.68,1.68,2.48,9,0,0,7.0,-0.4339,-0.901,0.0,-1.0,0.9681,-0.2507,41.0
1593,1593,2015-06-10,62,0,29,2,40,11519,Wednesday,5,6,2015,,,,,1,0,0,1.48,1.58,1.68,1.68,2.48,10,0,0,6.0,-0.9749,-0.2225,0.0,-1.0,0.8978,-0.4404,40.0
1594,1594,2015-06-11,45,0,24,14,25,11519,Thursday,6,6,2015,,,,,0,1,1,1.48,1.58,1.68,1.68,2.48,11,0,0,5.0,-0.7818,0.6235,0.0,-1.0,0.7908,-0.6121,25.0
1595,1595,2015-06-12,48,0,25,41,36,11519,Friday,7,6,2015,,,,,0,1,1,1.48,1.58,1.68,1.68,2.48,12,0,0,4.0,-0.0,1.0,0.0,-1.0,0.6514,-0.7588,36.0
1596,1596,2015-06-13,48,0,16,27,39,11520,Saturday,1,6,2015,,,,,0,1,0,1.48,1.58,1.68,1.68,2.48,13,1,0,3.0,0.7818,0.6235,0.0,-1.0,0.4853,-0.8743,39.0
1597,1597,2015-06-14,40,81,19,32,61,11520,Sunday,2,6,2015,,,,,0,0,1,1.48,1.58,1.68,1.68,2.48,14,1,0,2.0,0.9749,-0.2225,0.0,-1.0,0.2994,-0.9541,61.0
1598,1598,2015-06-15,43,69,17,17,61,11520,Monday,3,6,2015,,,,,0,1,1,1.48,1.58,1.68,1.68,2.48,15,0,0,1.0,0.4339,-0.901,0.0,-1.0,0.1012,-0.9949,61.0
1599,1599,2015-06-16,45,41,18,9,37,11520,Tuesday,4,6,2015,NBAFinalsEnd,Sporting,,,0,0,0,1.48,1.58,1.68,1.68,2.48,16,0,1,0.0,-0.4339,-0.901,0.0,-1.0,-0.1012,-0.9949,37.0
1600,1600,2015-06-17,34,40,12,3,21,11520,Wednesday,5,6,2015,,,,,0,0,0,1.48,1.58,1.68,1.68,2.48,17,0,0,1.0,-0.9749,-0.2225,0.0,-1.0,-0.2994,-0.9541,21.0
1601,1601,2015-06-18,48,40,18,22,22,11520,Thursday,6,6,2015,Ramadan starts,Religious,,,0,0,0,1.48,1.58,1.68,1.68,2.48,18,0,1,0.0,-0.7818,0.6235,0.0,-1.0,-0.4853,-0.8743,22.0
1602,1602,2015-06-19,37,43,17,40,30,11520,Friday,7,6,2015,,,,,0,0,0,1.48,1.58,1.68,1.68,2.48,19,0,0,2.0,-0.0,1.0,0.0,-1.0,-0.6514,-0.7588,30.0
1603,1603,2015-06-20,43,49,20,41,42,11521,Saturday,1,6,2015,,,,,0,0,0,1.48,1.58,1.68,1.68,2.48,20,1,0,1.0,0.7818,0.6235,0.0,-1.0,-0.7908,-0.6121,42.0
1604,1604,2015-06-21,58,100,21,29,36,11521,Sunday,2,6,2015,Father's day,Cultural,,,0,0,0,1.48,1.58,1.68,1.68,2.48,21,1,1,0.0,0.9749,-0.2225,0.0,-1.0,-0.8978,-0.4404,36.0
1605,1605,2015-06-22,35,36,6,14,21,11521,Monday,3,6,2015,,,,,0,0,0,1.48,1.58,1.68,1.68,2.48,22,0,0,12.0,0.4339,-0.901,0.0,-1.0,-0.9681,-0.2507,21.0
1606,1606,2015-06-23,27,42,22,29,30,11521,Tuesday,4,6,2015,,,,,0,0,0,1.48,1.58,1.68,1.68,2.48,23,0,0,11.0,-0.4339,-0.901,0.0,-1.0,-0.9987,-0.0506,30.0
1607,1607,2015-06-24,40,66,20,36,18,11521,Wednesday,5,6,2015,,,,,0,0,0,1.48,1.58,1.68,1.68,2.48,24,0,0,10.0,-0.9749,-0.2225,0.0,-1.0,-0.9885,0.1514,18.0
1608,1608,2015-06-25,37,81,17,26,25,11521,Thursday,6,6,2015,,,,,0,0,0,1.48,1.58,1.68,1.68,2.48,25,0,0,9.0,-0.7818,0.6235,0.0,-1.0,-0.9378,0.3473,25.0
1609,1609,2015-06-26,41,49,25,27,27,11521,Friday,7,6,2015,,,,,0,0,0,1.48,1.58,1.68,1.68,2.48,26,0,0,8.0,-0.0,1.0,0.0,-1.0,-0.8486,0.529,27.0
1610,1610,2015-06-27,47,65,24,40,38,11522,Saturday,1,6,2015,,,,,0,0,0,1.48,1.58,1.68,1.68,2.48,27,1,0,7.0,0.7818,0.6235,0.0,-1.0,-0.7248,0.689,38.0
1611,1611,2015-06-28,59,53,17,23,30,11522,Sunday,2,6,2015,,,,,0,0,0,1.48,1.58,1.68,1.68,2.48,28,1,0,6.0,0.9749,-0.2225,0.0,-1.0,-0.5713,0.8208,30.0
1612,1612,2015-06-29,38,41,18,14,21,11522,Monday,3,6,2015,,,,,0,0,0,1.48,1.58,1.68,1.68,2.48,29,0,0,5.0,0.4339,-0.901,0.0,-1.0,-0.3944,0.919,21.0
1613,1613,2015-06-30,34,40,11,6,20,11522,Tuesday,4,6,2015,,,,,0,0,0,1.48,1.58,1.68,1.68,2.48,30,0,0,4.0,-0.4339,-0.901,0.0,-1.0,-0.2013,0.9795,20.0
1614,1614,2015-07-01,42,42,10,15,23,11522,Wednesday,5,7,2015,,,,,1,1,0,1.48,1.58,1.68,1.68,2.48,1,0,0,3.0,-0.9749,-0.2225,-0.5,-0.866,0.2013,0.9795,23.0
1615,1615,2015-07-02,46,48,19,20,27,11522,Thursday,6,7,2015,,,,,1,0,1,1.48,1.58,1.68,1.68,2.48,2,0,0,2.0,-0.7818,0.6235,-0.5,-0.866,0.3944,0.919,27.0
1616,1616,2015-07-03,74,64,27,40,57,11522,Friday,7,7,2015,,,,,1,1,1,1.48,1.58,1.68,1.68,2.48,3,0,0,1.0,-0.0,1.0,-0.5,-0.866,0.5713,0.8208,57.0
1617,1617,2015-07-04,48,78,21,24,31,11523,Saturday,1,7,2015,IndependenceDay,National,,,1,0,0,1.48,1.58,1.68,1.68,2.48,4,1,1,0.0,0.7818,0.6235,-0.5,-0.866,0.7248,0.689,31.0
1618,1618,2015-07-05,46,73,26,37,28,11523,Sunday,2,7,2015,,,,,1,1,1,1.48,1.58,1.68,1.68,2.48,5,1,0,13.0,0.9749,-0.2225,-0.5,-0.866,0.8486,0.529,28.0
1619,1619,2015-07-06,42,41,30,29,32,11523,Monday,3,7,2015,,,,,1,1,1,1.48,1.58,1.68,1.68,2.48,6,0,0,12.0,0.4339,-0.901,-0.5,-0.866,0.9378,0.3473,32.0
1620,1620,2015-07-07,59,44,24,23,36,11523,Tuesday,4,7,2015,,,,,1,1,0,1.48,1.58,1.68,1.68,2.48,7,0,0,11.0,-0.4339,-0.901,-0.5,-0.866,0.9885,0.1514,36.0
1621,1621,2015-07-08,37,37,15,41,28,11523,Wednesday,5,7,2015,,,,,1,0,1,1.48,1.58,1.68,1.68,2.48,8,0,0,10.0,-0.9749,-0.2225,-0.5,-0.866,0.9987,-0.0506,28.0
1622,1622,2015-07-09,48,54,18,34,24,11523,Thursday,6,7,2015,,,,,1,1,1,1.48,1.58,1.68,1.68,2.48,9,0,0,9.0,-0.7818,0.6235,-0.5,-0.866,0.9681,-0.2507,24.0
1623,1623,2015-07-10,65,86,10,21,31,11523,Friday,7,7,2015,,,,,1,0,0,1.48,1.58,1.68,1.68,2.48,10,0,0,8.0,-0.0,1.0,-0.5,-0.866,0.8978,-0.4404,31.0
1624,1624,2015-07-11,60,73,31,39,38,11524,Saturday,1,7,2015,,,,,0,1,1,1.48,1.58,1.68,1.68,2.48,11,1,0,7.0,0.7818,0.6235,-0.5,-0.866,0.7908,-0.6121,38.0
1625,1625,2015-07-12,73,58,34,46,33,11524,Sunday,2,7,2015,,,,,0,1,1,1.48,1.58,1.68,1.68,2.48,12,1,0,6.0,0.9749,-0.2225,-0.5,-0.866,0.6514,-0.7588,33.0
1626,1626,2015-07-13,55,53,10,33,47,11524,Monday,3,7,2015,,,,,0,1,0,1.48,1.58,1.68,1.68,2.48,13,0,0,5.0,0.4339,-0.901,-0.5,-0.866,0.4853,-0.8743,47.0
1627,1627,2015-07-14,54,49,24,44,39,11524,Tuesday,4,7,2015,,,,,0,0,1,1.48,1.58,1.68,1.68,2.48,14,0,0,4.0,-0.4339,-0.901,-0.5,-0.866,0.2994,-0.9541,39.0
1628,1628,2015-07-15,57,59,35,25,34,11524,Wednesday,5,7,2015,,,,,0,1,1,1.48,1.58,1.68,1.68,2.48,15,0,0,3.0,-0.9749,-0.2225,-0.5,-0.866,0.1012,-0.9949,34.0
1629,1629,2015-07-16,48,51,22,32,40,11524,Thursday,6,7,2015,,,,,0,0,0,1.48,1.58,1.68,1.68,2.48,16,0,0,2.0,-0.7818,0.6235,-0.5,-0.866,-0.1012,-0.9949,40.0
1630,1630,2015-07-17,55,74,29,40,41,11524,Friday,7,7,2015,,,,,0,0,0,1.48,1.58,1.68,1.68,2.48,17,0,0,1.0,-0.0,1.0,-0.5,-0.866,-0.2994,-0.9541,41.0
1631,1631,2015-07-18,58,66,41,49,50,11525,Saturday,1,7,2015,Eid al-Fitr,Religious,,,0,0,0,1.48,1.58,1.68,1.68,2.48,18,1,1,0.0,0.7818,0.6235,-0.5,-0.866,-0.4853,-0.8743,50.0
1632,1632,2015-07-19,68,69,34,67,43,11525,Sunday,2,7,2015,,,,,0,0,0,1.48,1.58,1.68,1.68,2.48,19,1,0,50.0,0.9749,-0.2225,-0.5,-0.866,-0.6514,-0.7588,43.0
1633,1633,2015-07-20,59,55,24,31,32,11525,Monday,3,7,2015,,,,,0,0,0,1.48,1.58,1.68,1.68,2.48,20,0,0,49.0,0.4339,-0.901,-0.5,-0.866,-0.7908,-0.6121,32.0
1634,1634,2015-07-21,69,50,22,34,28,11525,Tuesday,4,7,2015,,,,,0,0,0,1.48,1.58,1.68,1.68,2.48,21,0,0,48.0,-0.4339,-0.901,-0.5,-0.866,-0.8978,-0.4404,28.0
1635,1635,2015-07-22,54,32,28,38,28,11525,Wednesday,5,7,2015,,,,,0,0,0,1.48,1.58,1.68,1.68,2.48,22,0,0,47.0,-0.9749,-0.2225,-0.5,-0.866,-0.9681,-0.2507,28.0
1636,1636,2015-07-23,59,53,29,58,19,11525,Thursday,6,7,2015,,,,,0,0,0,1.48,1.58,1.68,1.68,2.48,23,0,0,46.0,-0.7818,0.6235,-0.5,-0.866,-0.9987,-0.0506,19.0
1637,1637,2015-07-24,84,45,32,64,37,11525,Friday,7,7,2015,,,,,0,0,0,1.48,1.58,1.68,1.68,2.48,24,0,0,45.0,-0.0,1.0,-0.5,-0.866,-0.9885,0.1514,37.0
1638,1638,2015-07-25,90,81,36,66,50,11526,Saturday,1,7,2015,,,,,0,0,0,1.48,1.58,1.68,1.68,2.48,25,1,0,44.0,0.7818,0.6235,-0.5,-0.866,-0.9378,0.3473,50.0
1639,1639,2015-07-26,84,73,43,85,51,11526,Sunday,2,7,2015,,,,,0,0,0,1.48,1.58,1.68,1.68,2.48,26,1,0,43.0,0.9749,-0.2225,-0.5,-0.866,-0.8486,0.529,51.0
1640,1640,2015-07-27,47,42,29,43,33,11526,Monday,3,7,2015,,,,,0,0,0,1.48,1.58,1.68,1.68,2.48,27,0,0,42.0,0.4339,-0.901,-0.5,-0.866,-0.7248,0.689,33.0
1641,1641,2015-07-28,58,29,23,38,27,11526,Tuesday,4,7,2015,,,,,0,0,0,1.48,1.58,1.68,1.68,2.48,28,0,0,41.0,-0.4339,-0.901,-0.5,-0.866,-0.5713,0.8208,27.0
1642,1642,2015-07-29,46,30,28,49,26,11526,Wednesday,5,7,2015,,,,,0,0,0,1.48,1.58,1.68,1.68,2.48,29,0,0,40.0,-0.9749,-0.2225,-0.5,-0.866,-0.3944,0.919,26.0
1643,1643,2015-07-30,50,28,27,26,24,11526,Thursday,6,7,2015,,,,,0,0,0,1.48,1.58,1.68,1.68,2.48,30,0,0,39.0,-0.7818,0.6235,-0.5,-0.866,-0.2013,0.9795,24.0
1644,1644,2015-07-31,59,42,26,52,37,11526,Friday,7,7,2015,,,,,0,0,0,1.48,1.58,1.68,1.68,2.48,31,0,0,38.0,-0.0,1.0,-0.5,-0.866,-0.0,1.0,37.0
1645,1645,2015-08-01,86,66,36,75,35,11527,Saturday,1,8,2015,,,,,1,1,0,1.48,1.58,1.68,1.68,2.48,1,1,0,37.0,0.7818,0.6235,-0.866,-0.5,0.2013,0.9795,35.0
1646,1646,2015-08-02,82,73,36,67,32,11527,Sunday,2,8,2015,,,,,1,0,1,1.48,1.58,1.68,1.68,2.48,2,1,0,36.0,0.9749,-0.2225,-0.866,-0.5,0.3944,0.919,32.0
1647,1647,2015-08-03,70,48,25,36,35,11527,Monday,3,8,2015,,,,,1,1,1,1.48,1.58,1.68,1.68,2.48,3,0,0,35.0,0.4339,-0.901,-0.866,-0.5,0.5713,0.8208,35.0
1648,1648,2015-08-04,48,29,20,30,10,11527,Tuesday,4,8,2015,,,,,1,0,0,1.48,1.58,1.68,1.68,2.48,4,0,0,34.0,-0.4339,-0.901,-0.866,-0.5,0.7248,0.689,10.0
1649,1649,2015-08-05,49,36,25,46,15,11527,Wednesday,5,8,2015,,,,,1,1,1,1.48,1.58,1.68,1.68,2.48,5,0,0,33.0,-0.9749,-0.2225,-0.866,-0.5,0.8486,0.529,15.0
1650,1650,2015-08-06,49,55,14,44,34,11527,Thursday,6,8,2015,,,,,1,1,1,1.48,1.58,1.68,1.68,2.48,6,0,0,32.0,-0.7818,0.6235,-0.866,-0.5,0.9378,0.3473,34.0
1651,1651,2015-08-07,55,46,41,64,27,11527,Friday,7,8,2015,,,,,1,1,0,1.48,1.58,1.68,1.68,2.48,7,0,0,31.0,-0.0,1.0,-0.866,-0.5,0.9885,0.1514,27.0
1652,1652,2015-08-08,89,64,43,89,29,11528,Saturday,1,8,2015,,,,,1,0,1,1.48,1.58,1.68,1.68,2.48,8,1,0,30.0,0.7818,0.6235,-0.866,-0.5,0.9987,-0.0506,29.0
1653,1653,2015-08-09,110,65,50,109,38,11528,Sunday,2,8,2015,,,,,1,1,1,1.48,1.58,1.68,1.68,2.48,9,1,0,29.0,0.9749,-0.2225,-0.866,-0.5,0.9681,-0.2507,38.0
1654,1654,2015-08-10,49,52,28,33,31,11528,Monday,3,8,2015,,,,,1,0,0,1.48,1.58,1.68,1.68,2.48,10,0,0,28.0,0.4339,-0.901,-0.866,-0.5,0.8978,-0.4404,31.0
1655,1655,2015-08-11,53,30,21,53,23,11528,Tuesday,4,8,2015,,,,,0,1,1,1.48,1.58,1.68,1.68,2.48,11,0,0,27.0,-0.4339,-0.901,-0.866,-0.5,0.7908,-0.6121,23.0
1656,1656,2015-08-12,71,76,23,61,32,11528,Wednesday,5,8,2015,,,,,0,1,1,1.48,1.58,1.68,1.68,2.48,12,0,0,26.0,-0.9749,-0.2225,-0.866,-0.5,0.6514,-0.7588,32.0
1657,1657,2015-08-13,51,33,39,18,28,11528,Thursday,6,8,2015,,,,,0,1,0,1.48,1.58,1.68,1.68,2.48,13,0,0,25.0,-0.7818,0.6235,-0.866,-0.5,0.4853,-0.8743,28.0
1658,1658,2015-08-14,76,55,27,49,15,11528,Friday,7,8,2015,,,,,0,0,1,1.48,1.58,1.68,1.68,2.48,14,0,0,24.0,-0.0,1.0,-0.866,-0.5,0.2994,-0.9541,15.0
1659,1659,2015-08-15,77,65,30,55,31,11529,Saturday,1,8,2015,,,,,0,1,1,1.48,1.58,1.68,1.68,2.48,15,1,0,23.0,0.7818,0.6235,-0.866,-0.5,0.1012,-0.9949,31.0
1660,1660,2015-08-16,82,105,29,63,38,11529,Sunday,2,8,2015,,,,,0,0,0,1.48,1.58,1.68,1.68,2.48,16,1,0,22.0,0.9749,-0.2225,-0.866,-0.5,-0.1012,-0.9949,38.0
1661,1661,2015-08-17,58,80,36,45,29,11529,Monday,3,8,2015,,,,,0,0,0,1.48,1.58,1.68,1.68,2.48,17,0,0,21.0,0.4339,-0.901,-0.866,-0.5,-0.2994,-0.9541,29.0
1662,1662,2015-08-18,69,33,37,42,40,11529,Tuesday,4,8,2015,,,,,0,0,0,1.48,1.58,1.68,1.68,2.48,18,0,0,20.0,-0.4339,-0.901,-0.866,-0.5,-0.4853,-0.8743,40.0
1663,1663,2015-08-19,45,37,24,31,26,11529,Wednesday,5,8,2015,,,,,0,0,0,1.48,1.58,1.68,1.68,2.48,19,0,0,19.0,-0.9749,-0.2225,-0.866,-0.5,-0.6514,-0.7588,26.0
1664,1664,2015-08-20,41,37,25,29,24,11529,Thursday,6,8,2015,,,,,0,0,0,1.48,1.58,1.68,1.68,2.48,20,0,0,18.0,-0.7818,0.6235,-0.866,-0.5,-0.7908,-0.6121,24.0
1665,1665,2015-08-21,60,61,29,40,28,11529,Friday,7,8,2015,,,,,0,0,0,1.48,1.58,1.68,1.68,2.48,21,0,0,17.0,-0.0,1.0,-0.866,-0.5,-0.8978,-0.4404,28.0
1666,1666,2015-08-22,87,43,47,87,43,11530,Saturday,1,8,2015,,,,,0,0,0,1.48,1.58,1.68,1.68,2.48,22,1,0,16.0,0.7818,0.6235,-0.866,-0.5,-0.9681,-0.2507,43.0
1667,1667,2015-08-23,119,60,34,45,29,11530,Sunday,2,8,2015,,,,,0,0,0,1.48,1.58,1.68,1.68,2.48,23,1,0,15.0,0.9749,-0.2225,-0.866,-0.5,-0.9987,-0.0506,29.0
1668,1668,2015-08-24,72,46,32,52,43,11530,Monday,3,8,2015,,,,,0,0,0,1.48,1.58,1.68,1.68,2.48,24,0,0,14.0,0.4339,-0.901,-0.866,-0.5,-0.9885,0.1514,43.0
1669,1669,2015-08-25,45,22,21,29,20,11530,Tuesday,4,8,2015,,,,,0,0,0,1.48,1.58,1.68,1.68,2.48,25,0,0,13.0,-0.4339,-0.901,-0.866,-0.5,-0.9378,0.3473,20.0
1670,1670,2015-08-26,34,36,23,46,19,11530,Wednesday,5,8,2015,,,,,0,0,0,1.48,1.58,1.68,1.68,2.48,26,0,0,12.0,-0.9749,-0.2225,-0.866,-0.5,-0.8486,0.529,19.0
1671,1671,2015-08-27,53,28,14,32,36,11530,Thursday,6,8,2015,,,,,0,0,0,1.48,1.58,1.68,1.68,2.48,27,0,0,11.0,-0.7818,0.6235,-0.866,-0.5,-0.7248,0.689,36.0
1672,1672,2015-08-28,42,45,16,39,34,11530,Friday,7,8,2015,,,,,0,0,0,1.48,1.58,1.68,1.68,2.48,28,0,0,10.0,-0.0,1.0,-0.866,-0.5,-0.5713,0.8208,34.0
1673,1673,2015-08-29,88,54,18,47,35,11531,Saturday,1,8,2015,,,,,0,0,0,1.48,1.58,1.68,1.68,2.48,29,1,0,9.0,0.7818,0.6235,-0.866,-0.5,-0.3944,0.919,35.0
1674,1674,2015-08-30,79,64,35,51,52,11531,Sunday,2,8,2015,,,,,0,0,0,1.48,1.58,1.68,1.68,2.48,30,1,0,8.0,0.9749,-0.2225,-0.866,-0.5,-0.2013,0.9795,52.0
1675,1675,2015-08-31,45,29,22,30,26,11531,Monday,3,8,2015,,,,,0,0,0,1.48,1.58,1.68,1.68,2.48,31,0,0,7.0,0.4339,-0.901,-0.866,-0.5,-0.0,1.0,26.0
1676,1676,2015-09-01,46,27,19,29,32,11531,Tuesday,4,9,2015,,,,,1,1,0,1.48,1.58,1.68,1.68,2.48,1,0,0,6.0,-0.4339,-0.901,-1.0,-0.0,0.2013,0.9795,32.0
1677,1677,2015-09-02,60,31,19,24,28,11531,Wednesday,5,9,2015,,,,,1,0,1,1.48,1.58,1.68,1.68,2.48,2,0,0,5.0,-0.9749,-0.2225,-1.0,-0.0,0.3944,0.919,28.0
1678,1678,2015-09-03,45,39,28,34,34,11531,Thursday,6,9,2015,,,,,1,1,1,1.48,1.58,1.68,1.68,2.48,3,0,0,4.0,-0.7818,0.6235,-1.0,-0.0,0.5713,0.8208,34.0
1679,1679,2015-09-04,41,49,27,31,18,11531,Friday,7,9,2015,,,,,1,0,0,1.48,1.58,1.68,1.68,2.48,4,0,0,3.0,-0.0,1.0,-1.0,-0.0,0.7248,0.689,18.0
1680,1680,2015-09-05,66,43,28,49,47,11532,Saturday,1,9,2015,,,,,1,1,1,1.48,1.58,1.68,1.68,2.48,5,1,0,2.0,0.7818,0.6235,-1.0,-0.0,0.8486,0.529,47.0
1681,1681,2015-09-06,69,97,37,67,47,11532,Sunday,2,9,2015,,,,,1,1,1,1.48,1.58,1.68,1.68,2.48,6,1,0,1.0,0.9749,-0.2225,-1.0,-0.0,0.9378,0.3473,47.0
1682,1682,2015-09-07,51,65,23,44,34,11532,Monday,3,9,2015,LaborDay,National,,,1,1,0,1.48,1.58,1.68,1.68,2.48,7,0,1,0.0,0.4339,-0.901,-1.0,-0.0,0.9885,0.1514,34.0
1683,1683,2015-09-08,51,37,17,24,35,11532,Tuesday,4,9,2015,,,,,1,0,1,1.48,1.58,1.68,1.68,2.48,8,0,0,16.0,-0.4339,-0.901,-1.0,-0.0,0.9987,-0.0506,35.0
1684,1684,2015-09-09,38,49,17,24,44,11532,Wednesday,5,9,2015,,,,,1,1,1,1.48,1.58,1.68,1.68,2.48,9,0,0,15.0,-0.9749,-0.2225,-1.0,-0.0,0.9681,-0.2507,44.0
1685,1685,2015-09-10,41,32,17,19,14,11532,Thursday,6,9,2015,,,,,1,0,0,1.48,1.58,1.68,1.68,2.48,10,0,0,14.0,-0.7818,0.6235,-1.0,-0.0,0.8978,-0.4404,14.0
1686,1686,2015-09-11,38,47,17,16,34,11532,Friday,7,9,2015,,,,,0,1,1,1.48,1.58,1.68,1.68,2.48,11,0,0,13.0,-0.0,1.0,-1.0,-0.0,0.7908,-0.6121,34.0
1687,1687,2015-09-12,63,66,24,50,37,11533,Saturday,1,9,2015,,,,,0,1,1,1.48,1.58,1.68,1.68,2.48,12,1,0,12.0,0.7818,0.6235,-1.0,-0.0,0.6514,-0.7588,37.0
1688,1688,2015-09-13,67,49,41,43,55,11533,Sunday,2,9,2015,,,,,0,1,0,1.48,1.58,1.68,1.68,2.48,13,1,0,11.0,0.9749,-0.2225,-1.0,-0.0,0.4853,-0.8743,55.0
1689,1689,2015-09-14,47,69,23,17,24,11533,Monday,3,9,2015,,,,,0,0,1,1.48,1.58,1.68,1.68,2.48,14,0,0,10.0,0.4339,-0.901,-1.0,-0.0,0.2994,-0.9541,24.0
1690,1690,2015-09-15,56,42,23,30,26,11533,Tuesday,4,9,2015,,,,,0,1,1,1.48,1.58,1.68,1.68,2.48,15,0,0,9.0,-0.4339,-0.901,-1.0,-0.0,0.1012,-0.9949,26.0
1691,1691,2015-09-16,49,29,22,42,21,11533,Wednesday,5,9,2015,,,,,0,0,0,1.48,1.58,1.68,1.68,2.48,16,0,0,8.0,-0.9749,-0.2225,-1.0,-0.0,-0.1012,-0.9949,21.0
1692,1692,2015-09-17,55,33,25,24,24,11533,Thursday,6,9,2015,,,,,0,0,0,1.48,1.58,1.68,1.68,2.48,17,0,0,7.0,-0.7818,0.6235,-1.0,-0.0,-0.2994,-0.9541,24.0
1693,1693,2015-09-18,54,56,30,31,24,11533,Friday,7,9,2015,,,,,0,0,0,1.48,1.58,1.68,1.68,2.48,18,0,0,6.0,-0.0,1.0,-1.0,-0.0,-0.4853,-0.8743,24.0
1694,1694,2015-09-19,75,50,28,39,50,11534,Saturday,1,9,2015,,,,,0,0,0,1.48,1.58,1.68,1.68,2.48,19,1,0,5.0,0.7818,0.6235,-1.0,-0.0,-0.6514,-0.7588,50.0
1695,1695,2015-09-20,58,98,28,45,63,11534,Sunday,2,9,2015,,,,,0,0,0,1.48,1.58,1.68,1.68,2.48,20,1,0,4.0,0.9749,-0.2225,-1.0,-0.0,-0.7908,-0.6121,63.0
1696,1696,2015-09-21,48,67,12,28,38,11534,Monday,3,9,2015,,,,,0,0,0,1.48,1.58,1.68,1.68,2.48,21,0,0,3.0,0.4339,-0.901,-1.0,-0.0,-0.8978,-0.4404,38.0
1697,1697,2015-09-22,48,42,22,23,30,11534,Tuesday,4,9,2015,,,,,0,0,0,1.48,1.58,1.68,1.68,2.48,22,0,0,2.0,-0.4339,-0.901,-1.0,-0.0,-0.9681,-0.2507,30.0
1698,1698,2015-09-23,47,42,25,29,23,11534,Wednesday,5,9,2015,,,,,0,0,0,1.48,1.58,1.68,1.68,2.48,23,0,0,1.0,-0.9749,-0.2225,-1.0,-0.0,-0.9987,-0.0506,23.0
1699,1699,2015-09-24,38,30,30,30,26,11534,Thursday,6,9,2015,EidAlAdha,Religious,,,0,0,0,1.48,1.58,1.68,1.68,2.48,24,0,1,0.0,-0.7818,0.6235,-1.0,-0.0,-0.9885,0.1514,26.0
1700,1700,2015-09-25,54,61,24,42,20,11534,Friday,7,9,2015,,,,,0,0,0,1.48,1.58,1.68,1.68,2.48,25,0,0,17.0,-0.0,1.0,-1.0,-0.0,-0.9378,0.3473,20.0
1701,1701,2015-09-26,55,55,30,49,38,11535,Saturday,1,9,2015,,,,,0,0,0,1.48,1.58,1.68,1.68,2.48,26,1,0,16.0,0.7818,0.6235,-1.0,-0.0,-0.8486,0.529,38.0
1702,1702,2015-09-27,59,40,23,26,44,11535,Sunday,2,9,2015,,,,,0,0,0,1.48,1.58,1.68,1.68,2.48,27,1,0,15.0,0.9749,-0.2225,-1.0,-0.0,-0.7248,0.689,44.0
1703,1703,2015-09-28,36,37,12,14,18,11535,Monday,3,9,2015,,,,,0,0,0,1.48,1.58,1.68,1.68,2.48,28,0,0,14.0,0.4339,-0.901,-1.0,-0.0,-0.5713,0.8208,18.0
1704,1704,2015-09-29,37,58,25,30,19,11535,Tuesday,4,9,2015,,,,,0,0,0,1.48,1.58,1.68,1.68,2.48,29,0,0,13.0,-0.4339,-0.901,-1.0,-0.0,-0.3944,0.919,19.0
1705,1705,2015-09-30,31,51,18,26,27,11535,Wednesday,5,9,2015,,,,,0,0,0,1.48,1.58,1.68,1.68,2.48,30,0,0,12.0,-0.9749,-0.2225,-1.0,-0.0,-0.2013,0.9795,27.0
1706,1706,2015-10-01,36,45,24,41,30,11535,Thursday,6,10,2015,,,,,1,1,0,1.48,1.58,1.68,1.68,2.48,1,0,0,11.0,-0.7818,0.6235,-0.866,0.5,0.2013,0.9795,30.0
1707,1707,2015-10-02,60,46,26,30,27,11535,Friday,7,10,2015,,,,,1,0,1,1.48,1.58,1.68,1.68,2.48,2,0,0,10.0,-0.0,1.0,-0.866,0.5,0.3944,0.919,27.0
1708,1708,2015-10-03,71,74,38,50,40,11536,Saturday,1,10,2015,,,,,1,1,1,1.48,1.58,1.68,1.68,2.48,3,1,0,9.0,0.7818,0.6235,-0.866,0.5,0.5713,0.8208,40.0
1709,1709,2015-10-04,86,49,28,48,21,11536,Sunday,2,10,2015,,,,,1,0,0,1.48,1.58,1.68,1.68,2.48,4,1,0,8.0,0.9749,-0.2225,-0.866,0.5,0.7248,0.689,21.0
1710,1710,2015-10-05,41,39,29,30,22,11536,Monday,3,10,2015,,,,,1,1,1,1.48,1.58,1.68,1.68,2.48,5,0,0,7.0,0.4339,-0.901,-0.866,0.5,0.8486,0.529,22.0
1711,1711,2015-10-06,48,43,24,30,35,11536,Tuesday,4,10,2015,,,,,1,1,1,1.48,1.58,1.68,1.68,2.48,6,0,0,6.0,-0.4339,-0.901,-0.866,0.5,0.9378,0.3473,35.0
1712,1712,2015-10-07,49,35,22,30,33,11536,Wednesday,5,10,2015,,,,,1,1,0,1.48,1.58,1.68,1.68,2.48,7,0,0,5.0,-0.9749,-0.2225,-0.866,0.5,0.9885,0.1514,33.0
1713,1713,2015-10-08,47,45,27,28,17,11536,Thursday,6,10,2015,,,,,1,0,1,1.48,1.58,1.68,1.68,2.48,8,0,0,4.0,-0.7818,0.6235,-0.866,0.5,0.9987,-0.0506,17.0
1714,1714,2015-10-09,59,54,46,47,49,11536,Friday,7,10,2015,,,,,1,1,1,1.48,1.58,1.68,1.68,2.48,9,0,0,3.0,-0.0,1.0,-0.866,0.5,0.9681,-0.2507,49.0
1715,1715,2015-10-10,86,63,45,48,38,11537,Saturday,1,10,2015,,,,,1,0,0,1.48,1.58,1.68,1.68,2.48,10,1,0,2.0,0.7818,0.6235,-0.866,0.5,0.8978,-0.4404,38.0
1716,1716,2015-10-11,90,68,30,49,39,11537,Sunday,2,10,2015,,,,,0,1,1,1.48,1.58,1.68,1.68,2.48,11,1,0,1.0,0.9749,-0.2225,-0.866,0.5,0.7908,-0.6121,39.0
1717,1717,2015-10-12,68,60,32,32,33,11537,Monday,3,10,2015,ColumbusDay,National,,,0,1,1,1.48,1.58,1.68,1.68,2.48,12,0,1,0.0,0.4339,-0.901,-0.866,0.5,0.6514,-0.7588,33.0
1718,1718,2015-10-13,44,41,26,34,24,11537,Tuesday,4,10,2015,,,,,0,1,0,1.48,1.58,1.68,1.68,2.48,13,0,0,18.0,-0.4339,-0.901,-0.866,0.5,0.4853,-0.8743,24.0
1719,1719,2015-10-14,59,31,25,32,13,11537,Wednesday,5,10,2015,,,,,0,0,1,1.48,1.58,1.68,1.68,2.48,14,0,0,17.0,-0.9749,-0.2225,-0.866,0.5,0.2994,-0.9541,13.0
1720,1720,2015-10-15,50,4,19,37,16,11537,Thursday,6,10,2015,,,,,0,1,1,1.48,1.58,1.68,1.68,2.48,15,0,0,16.0,-0.7818,0.6235,-0.866,0.5,0.1012,-0.9949,16.0
1721,1721,2015-10-16,53,0,30,41,18,11537,Friday,7,10,2015,,,,,0,0,0,1.48,1.58,1.68,1.68,2.48,16,0,0,15.0,-0.0,1.0,-0.866,0.5,-0.1012,-0.9949,18.0
1722,1722,2015-10-17,62,59,30,50,36,11538,Saturday,1,10,2015,,,,,0,0,0,1.5,1.58,1.68,1.68,2.48,17,1,0,14.0,0.7818,0.6235,-0.866,0.5,-0.2994,-0.9541,36.0
1723,1723,2015-10-18,56,111,28,32,28,11538,Sunday,2,10,2015,,,,,0,0,0,1.5,1.58,1.68,1.68,2.48,18,1,0,13.0,0.9749,-0.2225,-0.866,0.5,-0.4853,-0.8743,28.0
1724,1724,2015-10-19,44,50,21,10,19,11538,Monday,3,10,2015,,,,,0,0,0,1.5,1.58,1.68,1.68,2.48,19,0,0,12.0,0.4339,-0.901,-0.866,0.5,-0.6514,-0.7588,19.0
1725,1725,2015-10-20,34,30,18,17,9,11538,Tuesday,4,10,2015,,,,,0,0,0,1.5,1.58,1.68,1.68,2.48,20,0,0,11.0,-0.4339,-0.901,-0.866,0.5,-0.7908,-0.6121,9.0
1726,1726,2015-10-21,39,26,26,23,25,11538,Wednesday,5,10,2015,,,,,0,0,0,1.5,1.58,1.68,1.68,2.48,21,0,0,10.0,-0.9749,-0.2225,-0.866,0.5,-0.8978,-0.4404,25.0
1727,1727,2015-10-22,45,44,18,38,26,11538,Thursday,6,10,2015,,,,,0,0,0,1.5,1.58,1.68,1.68,2.48,22,0,0,9.0,-0.7818,0.6235,-0.866,0.5,-0.9681,-0.2507,26.0
1728,1728,2015-10-23,56,52,34,39,27,11538,Friday,7,10,2015,,,,,0,0,0,1.5,1.58,1.68,1.68,2.48,23,0,0,8.0,-0.0,1.0,-0.866,0.5,-0.9987,-0.0506,27.0
1729,1729,2015-10-24,42,72,26,28,33,11539,Saturday,1,10,2015,,,,,0,0,0,1.5,1.58,1.68,1.68,2.48,24,1,0,7.0,0.7818,0.6235,-0.866,0.5,-0.9885,0.1514,33.0
1730,1730,2015-10-25,62,90,26,35,25,11539,Sunday,2,10,2015,,,,,0,0,0,1.5,1.58,1.68,1.68,2.48,25,1,0,6.0,0.9749,-0.2225,-0.866,0.5,-0.9378,0.3473,25.0
1731,1731,2015-10-26,66,28,26,19,33,11539,Monday,3,10,2015,,,,,0,0,0,1.5,1.58,1.68,1.68,2.48,26,0,0,5.0,0.4339,-0.901,-0.866,0.5,-0.8486,0.529,33.0
1732,1732,2015-10-27,63,48,42,31,12,11539,Tuesday,4,10,2015,,,,,0,0,0,1.5,1.58,1.68,1.68,2.48,27,0,0,4.0,-0.4339,-0.901,-0.866,0.5,-0.7248,0.689,12.0
1733,1733,2015-10-28,56,43,26,31,10,11539,Wednesday,5,10,2015,,,,,0,0,0,1.5,1.58,1.68,1.68,2.48,28,0,0,3.0,-0.9749,-0.2225,-0.866,0.5,-0.5713,0.8208,10.0
1734,1734,2015-10-29,65,48,44,29,12,11539,Thursday,6,10,2015,,,,,0,0,0,1.5,1.58,1.68,1.68,2.48,29,0,0,2.0,-0.7818,0.6235,-0.866,0.5,-0.3944,0.919,12.0
1735,1735,2015-10-30,58,65,29,29,25,11539,Friday,7,10,2015,,,,,0,0,0,1.5,1.58,1.68,1.68,2.48,30,0,0,1.0,-0.0,1.0,-0.866,0.5,-0.2013,0.9795,25.0
1736,1736,2015-10-31,66,89,38,49,17,11540,Saturday,1,10,2015,Halloween,Cultural,,,0,0,0,1.5,1.58,1.68,1.68,2.48,31,1,1,0.0,0.7818,0.6235,-0.866,0.5,-0.0,1.0,17.0
1737,1737,2015-11-01,58,66,39,20,32,11540,Sunday,2,11,2015,,,,,1,1,0,1.5,1.58,1.68,1.68,2.48,1,1,0,10.0,0.9749,-0.2225,-0.5,0.866,0.2013,0.9795,32.0
1738,1738,2015-11-02,32,41,21,23,17,11540,Monday,3,11,2015,,,,,1,0,1,1.5,1.58,1.68,1.68,2.48,2,0,0,9.0,0.4339,-0.901,-0.5,0.866,0.3944,0.919,17.0
1739,1739,2015-11-03,50,40,20,19,19,11540,Tuesday,4,11,2015,,,,,1,1,1,1.5,1.58,1.68,1.68,2.48,3,0,0,8.0,-0.4339,-0.901,-0.5,0.866,0.5713,0.8208,19.0
1740,1740,2015-11-04,43,32,24,19,24,11540,Wednesday,5,11,2015,,,,,1,0,0,1.5,1.58,1.68,1.68,2.48,4,0,0,7.0,-0.9749,-0.2225,-0.5,0.866,0.7248,0.689,24.0
1741,1741,2015-11-05,63,33,18,25,18,11540,Thursday,6,11,2015,,,,,1,1,1,1.5,1.58,1.68,1.68,2.48,5,0,0,6.0,-0.7818,0.6235,-0.5,0.866,0.8486,0.529,18.0
1742,1742,2015-11-06,53,60,15,23,21,11540,Friday,7,11,2015,,,,,1,1,1,1.5,1.58,1.68,1.68,2.48,6,0,0,5.0,-0.0,1.0,-0.5,0.866,0.9378,0.3473,21.0
1743,1743,2015-11-07,55,73,17,35,35,11541,Saturday,1,11,2015,,,,,1,1,0,1.5,1.58,1.68,1.68,2.48,7,1,0,4.0,0.7818,0.6235,-0.5,0.866,0.9885,0.1514,35.0
1744,1744,2015-11-08,65,58,25,43,28,11541,Sunday,2,11,2015,,,,,1,0,1,1.5,1.58,1.68,1.68,2.48,8,1,0,3.0,0.9749,-0.2225,-0.5,0.866,0.9987,-0.0506,28.0
1745,1745,2015-11-09,52,30,18,30,17,11541,Monday,3,11,2015,,,,,1,1,1,1.5,1.58,1.68,1.68,2.48,9,0,0,2.0,0.4339,-0.901,-0.5,0.866,0.9681,-0.2507,17.0
1746,1746,2015-11-10,37,29,24,16,20,11541,Tuesday,4,11,2015,,,,,1,0,0,1.5,1.58,1.68,1.68,2.48,10,0,0,1.0,-0.4339,-0.901,-0.5,0.866,0.8978,-0.4404,20.0
1747,1747,2015-11-11,45,30,20,39,14,11541,Wednesday,5,11,2015,VeteransDay,National,,,0,1,1,1.5,1.58,1.68,1.68,2.48,11,0,1,0.0,-0.9749,-0.2225,-0.5,0.866,0.7908,-0.6121,14.0
1748,1748,2015-11-12,54,41,16,20,16,11541,Thursday,6,11,2015,,,,,0,1,1,1.5,1.58,1.68,1.68,2.48,12,0,0,14.0,-0.7818,0.6235,-0.5,0.866,0.6514,-0.7588,16.0
1749,1749,2015-11-13,57,47,20,26,11,11541,Friday,7,11,2015,,,,,0,1,0,1.5,1.58,1.68,1.68,2.48,13,0,0,13.0,-0.0,1.0,-0.5,0.866,0.4853,-0.8743,11.0
1750,1750,2015-11-14,62,77,31,36,21,11542,Saturday,1,11,2015,,,,,0,0,1,1.5,1.58,1.68,1.68,2.48,14,1,0,12.0,0.7818,0.6235,-0.5,0.866,0.2994,-0.9541,21.0
1751,1751,2015-11-15,59,62,28,36,24,11542,Sunday,2,11,2015,,,,,0,1,1,1.5,1.58,1.68,1.68,2.48,15,1,0,11.0,0.9749,-0.2225,-0.5,0.866,0.1012,-0.9949,24.0
1752,1752,2015-11-16,37,44,16,19,32,11542,Monday,3,11,2015,,,,,0,0,0,1.5,1.58,1.68,1.68,2.48,16,0,0,10.0,0.4339,-0.901,-0.5,0.866,-0.1012,-0.9949,32.0
1753,1753,2015-11-17,43,43,18,19,23,11542,Tuesday,4,11,2015,,,,,0,0,0,1.5,1.58,1.68,1.68,2.48,17,0,0,9.0,-0.4339,-0.901,-0.5,0.866,-0.2994,-0.9541,23.0
1754,1754,2015-11-18,48,38,27,20,17,11542,Wednesday,5,11,2015,,,,,0,0,0,1.5,1.58,1.68,1.68,2.48,18,0,0,8.0,-0.9749,-0.2225,-0.5,0.866,-0.4853,-0.8743,17.0
1755,1755,2015-11-19,47,66,27,26,20,11542,Thursday,6,11,2015,,,,,0,0,0,1.5,1.58,1.68,1.68,2.48,19,0,0,7.0,-0.7818,0.6235,-0.5,0.866,-0.6514,-0.7588,20.0
1756,1756,2015-11-20,49,65,24,24,22,11542,Friday,7,11,2015,,,,,0,0,0,1.5,1.58,1.68,1.68,2.48,20,0,0,6.0,-0.0,1.0,-0.5,0.866,-0.7908,-0.6121,22.0
1757,1757,2015-11-21,64,68,21,36,27,11543,Saturday,1,11,2015,,,,,0,0,0,1.5,1.58,1.68,1.68,2.48,21,1,0,5.0,0.7818,0.6235,-0.5,0.866,-0.8978,-0.4404,27.0
1758,1758,2015-11-22,88,79,42,43,21,11543,Sunday,2,11,2015,,,,,0,0,0,1.5,1.58,1.68,1.68,2.48,22,1,0,4.0,0.9749,-0.2225,-0.5,0.866,-0.9681,-0.2507,21.0
1759,1759,2015-11-23,51,47,33,42,15,11543,Monday,3,11,2015,,,,,0,0,0,1.5,1.58,1.68,1.68,2.48,23,0,0,3.0,0.4339,-0.901,-0.5,0.866,-0.9987,-0.0506,15.0
1760,1760,2015-11-24,52,62,23,39,14,11543,Tuesday,4,11,2015,,,,,0,0,0,1.5,1.58,1.68,1.68,2.48,24,0,0,2.0,-0.4339,-0.901,-0.5,0.866,-0.9885,0.1514,14.0
1761,1761,2015-11-25,63,115,29,21,19,11543,Wednesday,5,11,2015,,,,,0,0,0,1.5,1.58,1.68,1.68,2.48,25,0,0,1.0,-0.9749,-0.2225,-0.5,0.866,-0.9378,0.3473,19.0
1762,1762,2015-11-26,74,140,39,62,16,11543,Thursday,6,11,2015,Thanksgiving,National,,,0,0,0,1.5,1.58,1.68,1.68,2.48,26,0,1,0.0,-0.7818,0.6235,-0.5,0.866,-0.8486,0.529,16.0
1763,1763,2015-11-27,98,31,23,41,12,11543,Friday,7,11,2015,,,,,0,0,0,1.5,1.58,1.68,1.68,2.48,27,0,0,17.0,-0.0,1.0,-0.5,0.866,-0.7248,0.689,12.0
1764,1764,2015-11-28,50,46,18,33,21,11544,Saturday,1,11,2015,,,,,0,0,0,1.5,1.58,1.68,1.68,2.48,28,1,0,16.0,0.7818,0.6235,-0.5,0.866,-0.5713,0.8208,21.0
1765,1765,2015-11-29,67,46,26,44,26,11544,Sunday,2,11,2015,,,,,0,0,0,1.5,1.58,1.68,1.68,2.48,29,1,0,15.0,0.9749,-0.2225,-0.5,0.866,-0.3944,0.919,26.0
1766,1766,2015-11-30,39,46,16,29,16,11544,Monday,3,11,2015,,,,,0,0,0,1.5,1.58,1.68,1.68,2.48,30,0,0,14.0,0.4339,-0.901,-0.5,0.866,-0.2013,0.9795,16.0
1767,1767,2015-12-01,58,27,41,32,18,11544,Tuesday,4,12,2015,,,,,1,1,0,1.5,1.58,1.68,1.68,2.48,1,0,0,13.0,-0.4339,-0.901,-0.0,1.0,0.2013,0.9795,18.0
1768,1768,2015-12-02,50,50,24,33,19,11544,Wednesday,5,12,2015,,,,,1,0,1,1.5,1.58,1.68,1.68,2.48,2,0,0,12.0,-0.9749,-0.2225,-0.0,1.0,0.3944,0.919,19.0
1769,1769,2015-12-03,49,0,25,32,23,11544,Thursday,6,12,2015,,,,,1,1,1,1.5,1.58,1.68,1.68,2.48,3,0,0,11.0,-0.7818,0.6235,-0.0,1.0,0.5713,0.8208,23.0
1770,1770,2015-12-04,39,0,17,42,14,11544,Friday,7,12,2015,,,,,1,0,0,1.5,1.58,1.68,1.68,2.48,4,0,0,10.0,-0.0,1.0,-0.0,1.0,0.7248,0.689,14.0
1771,1771,2015-12-05,79,0,23,52,22,11545,Saturday,1,12,2015,,,,,1,1,1,1.5,1.58,1.68,1.68,2.48,5,1,0,9.0,0.7818,0.6235,-0.0,1.0,0.8486,0.529,22.0
1772,1772,2015-12-06,77,0,23,30,36,11545,Sunday,2,12,2015,,,,,1,1,1,1.5,1.58,1.68,1.68,2.48,6,1,0,8.0,0.9749,-0.2225,-0.0,1.0,0.9378,0.3473,36.0
1773,1773,2015-12-07,32,0,18,36,29,11545,Monday,3,12,2015,,,,,1,1,0,1.5,1.58,1.68,1.68,2.48,7,0,0,7.0,0.4339,-0.901,-0.0,1.0,0.9885,0.1514,29.0
1774,1774,2015-12-08,41,0,24,20,22,11545,Tuesday,4,12,2015,,,,,1,0,1,1.5,1.58,1.68,1.68,2.48,8,0,0,6.0,-0.4339,-0.901,-0.0,1.0,0.9987,-0.0506,22.0
1775,1775,2015-12-09,46,0,21,15,21,11545,Wednesday,5,12,2015,,,,,1,1,1,1.5,1.58,1.68,1.68,2.48,9,0,0,5.0,-0.9749,-0.2225,-0.0,1.0,0.9681,-0.2507,21.0
1776,1776,2015-12-10,47,0,28,30,22,11545,Thursday,6,12,2015,,,,,1,0,0,1.5,1.58,1.68,1.68,2.48,10,0,0,4.0,-0.7818,0.6235,-0.0,1.0,0.8978,-0.4404,22.0
1777,1777,2015-12-11,67,0,23,37,19,11545,Friday,7,12,2015,,,,,0,1,1,1.5,1.58,1.68,1.68,2.48,11,0,0,3.0,-0.0,1.0,-0.0,1.0,0.7908,-0.6121,19.0
1778,1778,2015-12-12,78,0,23,46,24,11546,Saturday,1,12,2015,,,,,0,1,1,1.5,1.58,1.68,1.68,2.48,12,1,0,2.0,0.7818,0.6235,-0.0,1.0,0.6514,-0.7588,24.0
1779,1779,2015-12-13,76,0,46,40,30,11546,Sunday,2,12,2015,,,,,0,1,0,1.5,1.58,1.68,1.68,2.48,13,1,0,1.0,0.9749,-0.2225,-0.0,1.0,0.4853,-0.8743,30.0
1780,1780,2015-12-14,61,0,14,47,20,11546,Monday,3,12,2015,Chanukah End,Religious,,,0,0,1,1.5,1.58,1.68,1.68,2.48,14,0,1,0.0,0.4339,-0.901,-0.0,1.0,0.2994,-0.9541,20.0
1781,1781,2015-12-15,64,0,21,21,27,11546,Tuesday,4,12,2015,,,,,0,1,1,1.5,1.58,1.68,1.68,2.48,15,0,0,10.0,-0.4339,-0.901,-0.0,1.0,0.1012,-0.9949,27.0
1782,1782,2015-12-16,54,0,32,23,20,11546,Wednesday,5,12,2015,,,,,0,0,0,1.5,1.58,1.68,1.68,2.48,16,0,0,9.0,-0.9749,-0.2225,-0.0,1.0,-0.1012,-0.9949,20.0
1783,1783,2015-12-17,51,0,25,40,29,11546,Thursday,6,12,2015,,,,,0,0,0,1.5,1.58,1.68,1.68,2.48,17,0,0,8.0,-0.7818,0.6235,-0.0,1.0,-0.2994,-0.9541,29.0
1784,1784,2015-12-18,46,0,27,25,24,11546,Friday,7,12,2015,,,,,0,0,0,1.5,1.58,1.68,1.68,2.48,18,0,0,7.0,-0.0,1.0,-0.0,1.0,-0.4853,-0.8743,24.0
1785,1785,2015-12-19,52,0,30,24,31,11547,Saturday,1,12,2015,,,,,0,0,0,1.5,1.58,1.68,1.68,2.48,19,1,0,6.0,0.7818,0.6235,-0.0,1.0,-0.6514,-0.7588,31.0
1786,1786,2015-12-20,65,0,27,35,38,11547,Sunday,2,12,2015,,,,,0,0,0,1.5,1.58,1.68,1.68,2.48,20,1,0,5.0,0.9749,-0.2225,-0.0,1.0,-0.7908,-0.6121,38.0
1787,1787,2015-12-21,48,0,18,30,28,11547,Monday,3,12,2015,,,,,0,0,0,1.5,1.58,1.68,1.68,2.48,21,0,0,4.0,0.4339,-0.901,-0.0,1.0,-0.8978,-0.4404,28.0
1788,1788,2015-12-22,50,0,22,28,30,11547,Tuesday,4,12,2015,,,,,0,0,0,1.5,1.58,1.68,1.68,2.48,22,0,0,3.0,-0.4339,-0.901,-0.0,1.0,-0.9681,-0.2507,30.0
1789,1789,2015-12-23,57,0,26,40,36,11547,Wednesday,5,12,2015,,,,,0,0,0,1.5,1.58,1.68,1.68,2.48,23,0,0,2.0,-0.9749,-0.2225,-0.0,1.0,-0.9987,-0.0506,36.0
1790,1790,2015-12-24,55,0,31,31,38,11547,Thursday,6,12,2015,,,,,0,0,0,1.5,1.58,1.68,1.68,2.48,24,0,0,1.0,-0.7818,0.6235,-0.0,1.0,-0.9885,0.1514,38.0
1791,1791,2015-12-25,0,0,0,1,0,11547,Friday,7,12,2015,Christmas,National,,,0,0,0,1.5,1.58,1.68,1.68,2.48,25,0,1,0.0,-0.0,1.0,-0.0,1.0,-0.9378,0.3473,
1792,1792,2015-12-26,52,0,26,40,54,11548,Saturday,1,12,2015,,,,,0,0,0,1.5,1.58,1.68,1.68,2.48,26,1,0,6.0,0.7818,0.6235,-0.0,1.0,-0.8486,0.529,54.0
1793,1793,2015-12-27,41,0,9,30,22,11548,Sunday,2,12,2015,,,,,0,0,0,1.5,1.58,1.68,1.68,2.48,27,1,0,5.0,0.9749,-0.2225,-0.0,1.0,-0.7248,0.689,22.0
1794,1794,2015-12-28,36,0,16,17,13,11548,Monday,3,12,2015,,,,,0,0,0,1.5,1.58,1.68,1.68,2.48,28,0,0,4.0,0.4339,-0.901,-0.0,1.0,-0.5713,0.8208,13.0
1795,1795,2015-12-29,26,0,21,28,36,11548,Tuesday,4,12,2015,,,,,0,0,0,1.5,1.58,1.68,1.68,2.48,29,0,0,3.0,-0.4339,-0.901,-0.0,1.0,-0.3944,0.919,36.0
1796,1796,2015-12-30,28,0,24,23,23,11548,Wednesday,5,12,2015,,,,,0,0,0,1.5,1.58,1.68,1.68,2.48,30,0,0,2.0,-0.9749,-0.2225,-0.0,1.0,-0.2013,0.9795,23.0
1797,1797,2015-12-31,38,0,23,18,20,11548,Thursday,6,12,2015,,,,,0,0,0,1.5,1.58,1.68,1.68,2.48,31,0,0,1.0,-0.7818,0.6235,-0.0,1.0,-0.0,1.0,20.0
1798,1798,2016-01-01,35,0,29,21,5,11548,Friday,7,1,2016,NewYear,National,,,1,1,0,1.5,1.58,1.68,1.68,2.48,1,0,1,0.0,-0.0,1.0,0.5,0.866,0.2013,0.9795,5.0
1799,1799,2016-01-02,46,0,26,22,0,11549,Saturday,1,1,2016,,,,,1,0,1,1.5,1.58,1.68,1.68,2.48,2,1,0,5.0,0.7818,0.6235,0.5,0.866,0.3944,0.919,
1800,1800,2016-01-03,65,0,21,39,0,11549,Sunday,2,1,2016,,,,,1,1,1,1.5,1.58,1.68,1.68,2.48,3,1,0,4.0,0.9749,-0.2225,0.5,0.866,0.5713,0.8208,
1801,1801,2016-01-04,33,0,15,17,0,11549,Monday,3,1,2016,,,,,1,0,0,1.5,1.58,1.68,1.68,2.48,4,0,0,3.0,0.4339,-0.901,0.5,0.866,0.7248,0.689,
1802,1802,2016-01-05,42,0,18,12,0,11549,Tuesday,4,1,2016,,,,,1,1,1,1.5,1.58,1.68,1.68,2.48,5,0,0,2.0,-0.4339,-0.901,0.5,0.866,0.8486,0.529,
1803,1803,2016-01-06,34,0,20,20,0,11549,Wednesday,5,1,2016,,,,,1,1,1,1.5,1.58,1.68,1.68,2.48,6,0,0,1.0,-0.9749,-0.2225,0.5,0.866,0.9378,0.3473,
1804,1804,2016-01-07,58,81,20,17,0,11549,Thursday,6,1,2016,OrthodoxChristmas,Religious,,,1,1,0,1.5,1.58,1.68,1.68,2.48,7,0,1,0.0,-0.7818,0.6235,0.5,0.866,0.9885,0.1514,
1805,1805,2016-01-08,57,110,24,20,0,11549,Friday,7,1,2016,,,,,1,0,1,1.5,1.58,1.68,1.68,2.48,8,0,0,10.0,-0.0,1.0,0.5,0.866,0.9987,-0.0506,
1806,1806,2016-01-09,59,111,26,22,12,11550,Saturday,1,1,2016,,,,,1,1,1,1.5,1.58,1.68,1.68,2.48,9,1,0,9.0,0.7818,0.6235,0.5,0.866,0.9681,-0.2507,12.0
1807,1807,2016-01-10,62,97,23,28,36,11550,Sunday,2,1,2016,,,,,1,0,0,1.5,1.58,1.68,1.68,2.48,10,1,0,8.0,0.9749,-0.2225,0.5,0.866,0.8978,-0.4404,36.0
1808,1808,2016-01-11,58,62,32,20,27,11550,Monday,3,1,2016,,,,,0,1,1,1.5,1.58,1.68,1.68,2.48,11,0,0,7.0,0.4339,-0.901,0.5,0.866,0.7908,-0.6121,27.0
1809,1809,2016-01-12,53,53,24,7,40,11550,Tuesday,4,1,2016,,,,,0,1,1,1.5,1.58,1.68,1.68,2.48,12,0,0,6.0,-0.4339,-0.901,0.5,0.866,0.6514,-0.7588,40.0
1810,1810,2016-01-13,56,58,16,26,25,11550,Wednesday,5,1,2016,,,,,0,1,0,1.5,1.58,1.68,1.68,2.48,13,0,0,5.0,-0.9749,-0.2225,0.5,0.866,0.4853,-0.8743,25.0
1811,1811,2016-01-14,55,49,19,26,27,11550,Thursday,6,1,2016,,,,,0,0,1,1.5,1.58,1.68,1.68,2.48,14,0,0,4.0,-0.7818,0.6235,0.5,0.866,0.2994,-0.9541,27.0
1812,1812,2016-01-15,55,77,38,37,43,11550,Friday,7,1,2016,,,,,0,1,1,1.5,1.58,1.68,1.68,2.48,15,0,0,3.0,-0.0,1.0,0.5,0.866,0.1012,-0.9949,43.0
1813,1813,2016-01-16,23,75,22,17,35,11551,Saturday,1,1,2016,,,,,0,0,0,1.5,1.58,1.68,1.68,2.48,16,1,0,2.0,0.7818,0.6235,0.5,0.866,-0.1012,-0.9949,35.0
1814,1814,2016-01-17,55,126,33,31,38,11551,Sunday,2,1,2016,,,,,0,0,0,1.5,1.58,1.68,1.68,2.48,17,1,0,1.0,0.9749,-0.2225,0.5,0.866,-0.2994,-0.9541,38.0
1815,1815,2016-01-18,58,77,20,31,29,11551,Monday,3,1,2016,MartinLutherKingDay,National,,,0,0,0,1.5,1.58,1.68,1.68,2.48,18,0,1,0.0,0.4339,-0.901,0.5,0.866,-0.4853,-0.8743,29.0
1816,1816,2016-01-19,56,50,17,15,27,11551,Tuesday,4,1,2016,,,,,0,0,0,1.5,1.58,1.68,1.68,2.48,19,0,0,19.0,-0.4339,-0.901,0.5,0.866,-0.6514,-0.7588,27.0
1817,1817,2016-01-20,43,58,16,20,33,11551,Wednesday,5,1,2016,,,,,0,0,0,1.5,1.58,1.68,1.68,2.48,20,0,0,18.0,-0.9749,-0.2225,0.5,0.866,-0.7908,-0.6121,33.0
1818,1818,2016-01-21,44,49,17,11,20,11551,Thursday,6,1,2016,,,,,0,0,0,1.5,1.58,1.68,1.68,2.48,21,0,0,17.0,-0.7818,0.6235,0.5,0.866,-0.8978,-0.4404,20.0
1819,1819,2016-01-22,42,54,19,25,33,11551,Friday,7,1,2016,,,,,0,0,0,1.5,1.58,1.68,1.68,2.48,22,0,0,16.0,-0.0,1.0,0.5,0.866,-0.9681,-0.2507,33.0
1820,1820,2016-01-23,47,58,19,19,27,11552,Saturday,1,1,2016,,,,,0,0,0,1.5,1.58,1.68,1.68,2.48,23,1,0,15.0,0.7818,0.6235,0.5,0.866,-0.9987,-0.0506,27.0
1821,1821,2016-01-24,60,65,31,25,40,11552,Sunday,2,1,2016,,,,,0,0,0,1.5,1.58,1.68,1.68,2.48,24,1,0,14.0,0.9749,-0.2225,0.5,0.866,-0.9885,0.1514,40.0
1822,1822,2016-01-25,48,30,20,19,35,11552,Monday,3,1,2016,,,,,0,0,0,1.5,1.58,1.68,1.68,2.48,25,0,0,13.0,0.4339,-0.901,0.5,0.866,-0.9378,0.3473,35.0
1823,1823,2016-01-26,41,46,10,8,24,11552,Tuesday,4,1,2016,,,,,0,0,0,1.5,1.58,1.68,1.68,2.48,26,0,0,12.0,-0.4339,-0.901,0.5,0.866,-0.8486,0.529,24.0
1824,1824,2016-01-27,48,30,20,14,25,11552,Wednesday,5,1,2016,,,,,0,0,0,1.5,1.58,1.68,1.68,2.48,27,0,0,11.0,-0.9749,-0.2225,0.5,0.866,-0.7248,0.689,25.0
1825,1825,2016-01-28,35,34,16,20,20,11552,Thursday,6,1,2016,,,,,0,0,0,1.5,1.58,1.68,1.68,2.48,28,0,0,10.0,-0.7818,0.6235,0.5,0.866,-0.5713,0.8208,20.0
1826,1826,2016-01-29,39,53,21,21,27,11552,Friday,7,1,2016,,,,,0,0,0,1.5,1.58,1.68,1.68,2.48,29,0,0,9.0,-0.0,1.0,0.5,0.866,-0.3944,0.919,27.0
1827,1827,2016-01-30,61,85,29,28,44,11601,Saturday,1,1,2016,,,,,0,0,0,1.5,1.58,1.68,1.68,2.48,30,1,0,8.0,0.7818,0.6235,0.5,0.866,-0.2013,0.9795,44.0
1828,1828,2016-01-31,56,69,35,31,29,11601,Sunday,2,1,2016,,,,,0,0,0,1.5,1.58,1.68,1.68,2.48,31,1,0,7.0,0.9749,-0.2225,0.5,0.866,-0.0,1.0,29.0
1829,1829,2016-02-01,48,54,21,15,35,11601,Monday,3,2,2016,,,,,1,1,0,1.5,1.58,1.68,1.68,2.48,1,0,0,6.0,0.4339,-0.901,0.866,0.5,0.2013,0.9795,35.0
1830,1830,2016-02-02,35,51,12,19,35,11601,Tuesday,4,2,2016,,,,,1,0,1,1.5,1.58,1.68,1.68,2.48,2,0,0,5.0,-0.4339,-0.901,0.866,0.5,0.3944,0.919,35.0
1831,1831,2016-02-03,47,33,26,25,33,11601,Wednesday,5,2,2016,,,,,1,1,1,1.5,1.58,1.68,1.68,2.48,3,0,0,4.0,-0.9749,-0.2225,0.866,0.5,0.5713,0.8208,33.0
1832,1832,2016-02-04,46,32,21,18,27,11601,Thursday,6,2,2016,,,,,1,0,0,1.5,1.58,1.68,1.68,2.48,4,0,0,3.0,-0.7818,0.6235,0.866,0.5,0.7248,0.689,27.0
1833,1833,2016-02-05,37,73,22,25,34,11601,Friday,7,2,2016,,,,,1,1,1,1.5,1.58,1.68,1.68,2.48,5,0,0,2.0,-0.0,1.0,0.866,0.5,0.8486,0.529,34.0
1834,1834,2016-02-06,52,77,27,37,30,11602,Saturday,1,2,2016,,,,,1,1,1,1.5,1.58,1.68,1.68,2.48,6,1,0,1.0,0.7818,0.6235,0.866,0.5,0.9378,0.3473,30.0
1835,1835,2016-02-07,47,71,25,34,35,11602,Sunday,2,2,2016,SuperBowl,Sporting,,,1,1,0,1.5,1.58,1.68,1.68,2.48,7,1,1,0.0,0.9749,-0.2225,0.866,0.5,0.9885,0.1514,35.0
1836,1836,2016-02-08,39,35,22,14,44,11602,Monday,3,2,2016,,,,,1,0,1,1.5,1.58,1.68,1.68,2.48,8,0,0,2.0,0.4339,-0.901,0.866,0.5,0.9987,-0.0506,44.0
1837,1837,2016-02-09,41,33,14,18,46,11602,Tuesday,4,2,2016,,,,,1,1,1,1.5,1.58,1.68,1.68,2.48,9,0,0,1.0,-0.4339,-0.901,0.866,0.5,0.9681,-0.2507,46.0
1838,1838,2016-02-10,45,46,20,22,38,11602,Wednesday,5,2,2016,LentStart,Religious,,,1,0,0,1.5,1.58,1.68,1.68,2.48,10,0,1,0.0,-0.9749,-0.2225,0.866,0.5,0.8978,-0.4404,38.0
1839,1839,2016-02-11,56,48,25,31,39,11602,Thursday,6,2,2016,,,,,0,1,1,1.5,1.58,1.68,1.68,2.48,11,0,0,3.0,-0.7818,0.6235,0.866,0.5,0.7908,-0.6121,39.0
1840,1840,2016-02-12,68,57,17,35,41,11602,Friday,7,2,2016,,,,,0,1,1,1.5,1.58,1.68,1.68,2.48,12,0,0,2.0,-0.0,1.0,0.866,0.5,0.6514,-0.7588,41.0
1841,1841,2016-02-13,85,86,34,47,39,11603,Saturday,1,2,2016,,,,,0,1,0,1.5,1.58,1.68,1.68,2.48,13,1,0,1.0,0.7818,0.6235,0.866,0.5,0.4853,-0.8743,39.0
1842,1842,2016-02-14,82,78,40,45,32,11603,Sunday,2,2,2016,ValentinesDay,Cultural,,,0,0,1,1.5,1.58,1.68,1.68,2.48,14,1,1,0.0,0.9749,-0.2225,0.866,0.5,0.2994,-0.9541,32.0
1843,1843,2016-02-15,60,49,24,22,29,11603,Monday,3,2,2016,PresidentsDay,National,,,0,1,1,1.5,1.58,1.68,1.68,2.48,15,0,1,0.0,0.4339,-0.901,0.866,0.5,0.1012,-0.9949,29.0
1844,1844,2016-02-16,45,39,31,31,24,11603,Tuesday,4,2,2016,,,,,0,0,0,1.5,1.58,1.68,1.68,2.48,16,0,0,1.0,-0.4339,-0.901,0.866,0.5,-0.1012,-0.9949,24.0
1845,1845,2016-02-17,51,145,27,39,21,11603,Wednesday,5,2,2016,LentWeek2,Religious,,,0,0,0,1.5,1.58,1.68,1.68,2.48,17,0,1,0.0,-0.9749,-0.2225,0.866,0.5,-0.2994,-0.9541,21.0
1846,1846,2016-02-18,48,48,21,34,30,11603,Thursday,6,2,2016,,,,,0,0,0,1.5,1.58,1.68,1.68,2.48,18,0,0,28.0,-0.7818,0.6235,0.866,0.5,-0.4853,-0.8743,30.0
1847,1847,2016-02-19,46,58,21,48,28,11603,Friday,7,2,2016,,,,,0,0,0,1.5,1.58,1.68,1.68,2.48,19,0,0,27.0,-0.0,1.0,0.866,0.5,-0.6514,-0.7588,28.0
1848,1848,2016-02-20,60,56,31,35,30,11604,Saturday,1,2,2016,,,,,0,0,0,1.5,1.58,1.68,1.68,2.48,20,1,0,26.0,0.7818,0.6235,0.866,0.5,-0.7908,-0.6121,30.0
1849,1849,2016-02-21,66,75,27,37,59,11604,Sunday,2,2,2016,,,,,0,0,0,1.5,1.58,1.68,1.68,2.48,21,1,0,25.0,0.9749,-0.2225,0.866,0.5,-0.8978,-0.4404,59.0
1850,1850,2016-02-22,37,33,26,25,41,11604,Monday,3,2,2016,,,,,0,0,0,1.5,1.58,1.68,1.68,2.48,22,0,0,24.0,0.4339,-0.901,0.866,0.5,-0.9681,-0.2507,41.0
1851,1851,2016-02-23,33,31,21,22,20,11604,Tuesday,4,2,2016,,,,,0,0,0,1.5,1.58,1.68,1.68,2.48,23,0,0,23.0,-0.4339,-0.901,0.866,0.5,-0.9987,-0.0506,20.0
1852,1852,2016-02-24,42,24,24,18,22,11604,Wednesday,5,2,2016,,,,,0,0,0,1.5,1.58,1.68,1.68,2.48,24,0,0,22.0,-0.9749,-0.2225,0.866,0.5,-0.9885,0.1514,22.0
1853,1853,2016-02-25,52,46,22,23,35,11604,Thursday,6,2,2016,,,,,0,0,0,1.5,1.58,1.68,1.68,2.48,25,0,0,21.0,-0.7818,0.6235,0.866,0.5,-0.9378,0.3473,35.0
1854,1854,2016-02-26,42,59,29,26,32,11604,Friday,7,2,2016,,,,,0,0,0,1.5,1.58,1.68,1.68,2.48,26,0,0,20.0,-0.0,1.0,0.866,0.5,-0.8486,0.529,32.0
1855,1855,2016-02-27,54,56,26,30,39,11605,Saturday,1,2,2016,,,,,0,0,0,1.5,1.58,1.68,1.68,2.48,27,1,0,19.0,0.7818,0.6235,0.866,0.5,-0.7248,0.689,39.0
1856,1856,2016-02-28,56,69,34,27,58,11605,Sunday,2,2,2016,,,,,0,0,0,1.5,1.58,1.68,1.68,2.48,28,1,0,18.0,0.9749,-0.2225,0.866,0.5,-0.5713,0.8208,58.0
1857,1857,2016-02-29,41,42,21,15,26,11605,Monday,3,2,2016,,,,,0,0,0,1.5,1.58,1.68,1.68,2.48,29,0,0,17.0,0.4339,-0.901,0.866,0.5,-0.3944,0.919,26.0
1858,1858,2016-03-01,38,72,10,4,36,11605,Tuesday,4,3,2016,,,,,1,1,0,1.5,1.58,1.68,1.68,2.48,1,0,0,16.0,-0.4339,-0.901,1.0,0.0,0.2013,0.9795,36.0
1859,1859,2016-03-02,46,36,13,14,25,11605,Wednesday,5,3,2016,,,,,1,0,1,1.5,1.58,1.68,1.68,2.48,2,0,0,15.0,-0.9749,-0.2225,1.0,0.0,0.3944,0.919,25.0
1860,1860,2016-03-03,51,39,32,31,35,11605,Thursday,6,3,2016,,,,,1,1,1,1.5,1.58,1.68,1.68,2.48,3,0,0,14.0,-0.7818,0.6235,1.0,0.0,0.5713,0.8208,35.0
1861,1861,2016-03-04,33,65,22,21,35,11605,Friday,7,3,2016,,,,,1,0,0,1.5,1.58,1.68,1.68,2.48,4,0,0,13.0,-0.0,1.0,1.0,0.0,0.7248,0.689,35.0
1862,1862,2016-03-05,56,57,23,37,27,11606,Saturday,1,3,2016,,,,,1,1,1,1.5,1.58,1.68,1.68,2.48,5,1,0,12.0,0.7818,0.6235,1.0,0.0,0.8486,0.529,27.0
1863,1863,2016-03-06,55,96,30,28,55,11606,Sunday,2,3,2016,,,,,1,1,1,1.5,1.58,1.68,1.68,2.48,6,1,0,11.0,0.9749,-0.2225,1.0,0.0,0.9378,0.3473,55.0
1864,1864,2016-03-07,44,55,28,15,32,11606,Monday,3,3,2016,,,,,1,1,0,1.5,1.58,1.68,1.68,2.48,7,0,0,10.0,0.4339,-0.901,1.0,0.0,0.9885,0.1514,32.0
1865,1865,2016-03-08,36,41,28,13,36,11606,Tuesday,4,3,2016,,,,,1,0,1,1.5,1.58,1.68,1.68,2.48,8,0,0,9.0,-0.4339,-0.901,1.0,0.0,0.9987,-0.0506,36.0
1866,1866,2016-03-09,35,75,18,13,26,11606,Wednesday,5,3,2016,,,,,1,1,1,1.5,1.58,1.68,1.68,2.48,9,0,0,8.0,-0.9749,-0.2225,1.0,0.0,0.9681,-0.2507,26.0
1867,1867,2016-03-10,49,43,26,33,33,11606,Thursday,6,3,2016,,,,,1,0,0,1.5,1.58,1.68,1.68,2.48,10,0,0,7.0,-0.7818,0.6235,1.0,0.0,0.8978,-0.4404,33.0
1868,1868,2016-03-11,44,44,26,44,42,11606,Friday,7,3,2016,,,,,0,1,1,1.5,1.58,1.68,1.68,2.48,11,0,0,6.0,-0.0,1.0,1.0,0.0,0.7908,-0.6121,42.0
1869,1869,2016-03-12,60,99,40,42,46,11607,Saturday,1,3,2016,,,,,0,1,1,1.5,1.58,1.68,1.68,2.48,12,1,0,5.0,0.7818,0.6235,1.0,0.0,0.6514,-0.7588,46.0
1870,1870,2016-03-13,55,64,37,50,53,11607,Sunday,2,3,2016,,,,,0,1,0,1.5,1.58,1.68,1.68,2.48,13,1,0,4.0,0.9749,-0.2225,1.0,0.0,0.4853,-0.8743,53.0
1871,1871,2016-03-14,43,60,32,30,34,11607,Monday,3,3,2016,,,,,0,0,1,1.5,1.58,1.68,1.68,2.48,14,0,0,3.0,0.4339,-0.901,1.0,0.0,0.2994,-0.9541,34.0
1872,1872,2016-03-15,55,39,24,34,19,11607,Tuesday,4,3,2016,,,,,0,1,1,1.5,1.58,1.68,1.68,2.48,15,0,0,2.0,-0.4339,-0.901,1.0,0.0,0.1012,-0.9949,19.0
1873,1873,2016-03-16,40,40,18,23,49,11607,Wednesday,5,3,2016,,,,,0,0,0,1.5,1.58,1.68,1.68,2.48,16,0,0,1.0,-0.9749,-0.2225,1.0,0.0,-0.1012,-0.9949,49.0
1874,1874,2016-03-17,54,45,30,36,21,11607,Thursday,6,3,2016,StPatricksDay,Cultural,,,0,0,0,1.5,1.58,1.68,1.68,2.48,17,0,1,0.0,-0.7818,0.6235,1.0,0.0,-0.2994,-0.9541,21.0
1875,1875,2016-03-18,49,56,29,27,25,11607,Friday,7,3,2016,,,,,0,0,0,1.5,1.58,1.68,1.68,2.48,18,0,0,6.0,-0.0,1.0,1.0,0.0,-0.4853,-0.8743,25.0
1876,1876,2016-03-19,44,48,21,36,33,11608,Saturday,1,3,2016,,,,,0,0,0,1.5,1.58,1.68,1.68,2.48,19,1,0,5.0,0.7818,0.6235,1.0,0.0,-0.6514,-0.7588,33.0
1877,1877,2016-03-20,39,58,31,36,34,11608,Sunday,2,3,2016,,,,,0,0,0,1.5,1.58,1.68,1.68,2.48,20,1,0,4.0,0.9749,-0.2225,1.0,0.0,-0.7908,-0.6121,34.0
1878,1878,2016-03-21,36,30,20,27,25,11608,Monday,3,3,2016,,,,,0,0,0,1.5,1.58,1.68,1.68,2.48,21,0,0,3.0,0.4339,-0.901,1.0,0.0,-0.8978,-0.4404,25.0
1879,1879,2016-03-22,44,46,17,21,46,11608,Tuesday,4,3,2016,,,,,0,0,0,1.5,1.58,1.68,1.68,2.48,22,0,0,2.0,-0.4339,-0.901,1.0,0.0,-0.9681,-0.2507,46.0
1880,1880,2016-03-23,68,43,37,28,31,11608,Wednesday,5,3,2016,,,,,0,0,0,1.5,1.58,1.68,1.68,2.48,23,0,0,1.0,-0.9749,-0.2225,1.0,0.0,-0.9987,-0.0506,31.0
1881,1881,2016-03-24,46,48,33,31,28,11608,Thursday,6,3,2016,Purim End,Religious,,,0,0,0,1.5,1.58,1.68,1.68,2.48,24,0,1,0.0,-0.7818,0.6235,1.0,0.0,-0.9885,0.1514,28.0
1882,1882,2016-03-25,64,73,34,35,37,11608,Friday,7,3,2016,,,,,0,0,0,1.5,1.58,1.68,1.68,2.48,25,0,0,2.0,-0.0,1.0,1.0,0.0,-0.9378,0.3473,37.0
1883,1883,2016-03-26,75,67,30,55,38,11609,Saturday,1,3,2016,,,,,0,0,0,1.5,1.58,1.68,1.68,2.48,26,1,0,1.0,0.7818,0.6235,1.0,0.0,-0.8486,0.529,38.0
1884,1884,2016-03-27,68,113,43,56,46,11609,Sunday,2,3,2016,Easter,Cultural,,,0,0,0,1.5,1.58,1.68,1.68,2.48,27,1,1,0.0,0.9749,-0.2225,1.0,0.0,-0.7248,0.689,46.0
1885,1885,2016-03-28,54,36,23,26,22,11609,Monday,3,3,2016,,,,,0,0,0,1.5,1.58,1.68,1.68,2.48,28,0,0,,0.4339,-0.901,1.0,0.0,-0.5713,0.8208,22.0
1886,1886,2016-03-29,22,35,13,9,27,11609,Tuesday,4,3,2016,,,,,0,0,0,1.5,1.58,1.68,1.68,2.48,29,0,0,,-0.4339,-0.901,1.0,0.0,-0.3944,0.919,27.0
1887,1887,2016-03-30,38,43,15,12,24,11609,Wednesday,5,3,2016,,,,,0,0,0,1.5,1.58,1.68,1.68,2.48,30,0,0,,-0.9749,-0.2225,1.0,0.0,-0.2013,0.9795,24.0
1888,1888,2016-03-31,44,57,35,34,11,11609,Thursday,6,3,2016,,,,,0,0,0,1.5,1.58,1.68,1.68,2.48,31,0,0,,-0.7818,0.6235,1.0,0.0,-0.0,1.0,11.0
1889,1889,2016-04-01,40,44,28,32,12,11609,Friday,7,4,2016,,,,,1,1,0,1.5,1.58,1.68,1.68,2.48,1,0,0,,-0.0,1.0,0.866,-0.5,0.2013,0.9795,12.0
1890,1890,2016-04-02,55,81,44,36,22,11610,Saturday,1,4,2016,,,,,1,0,1,1.5,1.58,1.68,1.68,2.48,2,1,0,,0.7818,0.6235,0.866,-0.5,0.3944,0.919,22.0
1891,1891,2016-04-03,74,67,32,35,21,11610,Sunday,2,4,2016,,,,,1,1,1,1.5,1.58,1.68,1.68,2.48,3,1,0,,0.9749,-0.2225,0.866,-0.5,0.5713,0.8208,21.0
1892,1892,2016-04-04,61,56,23,28,16,11610,Monday,3,4,2016,,,,,1,0,0,1.5,1.58,1.68,1.68,2.48,4,0,0,,0.4339,-0.901,0.866,-0.5,0.7248,0.689,16.0
1893,1893,2016-04-05,65,50,31,32,19,11610,Tuesday,4,4,2016,,,,,1,1,1,1.5,1.58,1.68,1.68,2.48,5,0,0,,-0.4339,-0.901,0.866,-0.5,0.8486,0.529,19.0
1894,1894,2016-04-06,44,43,30,30,15,11610,Wednesday,5,4,2016,,,,,1,1,1,1.5,1.58,1.68,1.68,2.48,6,0,0,,-0.9749,-0.2225,0.866,-0.5,0.9378,0.3473,15.0
1895,1895,2016-04-07,74,42,37,37,22,11610,Thursday,6,4,2016,,,,,1,1,0,1.5,1.58,1.68,1.68,2.48,7,0,0,,-0.7818,0.6235,0.866,-0.5,0.9885,0.1514,22.0
1896,1896,2016-04-08,54,59,38,27,32,11610,Friday,7,4,2016,,,,,1,0,1,1.5,1.58,1.68,1.68,2.48,8,0,0,,-0.0,1.0,0.866,-0.5,0.9987,-0.0506,32.0
1897,1897,2016-04-09,52,64,34,55,32,11611,Saturday,1,4,2016,,,,,1,1,1,1.5,1.58,1.68,1.68,2.48,9,1,0,,0.7818,0.6235,0.866,-0.5,0.9681,-0.2507,32.0
1898,1898,2016-04-10,75,79,34,38,24,11611,Sunday,2,4,2016,,,,,1,0,0,1.5,1.58,1.68,1.68,2.48,10,1,0,,0.9749,-0.2225,0.866,-0.5,0.8978,-0.4404,24.0
1899,1899,2016-04-11,38,55,19,23,29,11611,Monday,3,4,2016,,,,,0,1,1,1.5,1.58,1.68,1.68,2.48,11,0,0,,0.4339,-0.901,0.866,-0.5,0.7908,-0.6121,29.0
1900,1900,2016-04-12,39,35,26,23,32,11611,Tuesday,4,4,2016,,,,,0,1,1,1.5,1.58,1.68,1.68,2.48,12,0,0,,-0.4339,-0.901,0.866,-0.5,0.6514,-0.7588,32.0
1901,1901,2016-04-13,47,35,21,26,29,11611,Wednesday,5,4,2016,,,,,0,1,0,1.5,1.58,1.68,1.68,2.48,13,0,0,,-0.9749,-0.2225,0.866,-0.5,0.4853,-0.8743,29.0
1902,1902,2016-04-14,42,36,25,26,24,11611,Thursday,6,4,2016,,,,,0,0,1,1.5,1.58,1.68,1.68,2.48,14,0,0,,-0.7818,0.6235,0.866,-0.5,0.2994,-0.9541,24.0
1903,1903,2016-04-15,53,60,30,27,38,11611,Friday,7,4,2016,,,,,0,1,1,1.5,1.58,1.68,1.68,2.48,15,0,0,,-0.0,1.0,0.866,-0.5,0.1012,-0.9949,38.0
1904,1904,2016-04-16,50,68,19,31,24,11612,Saturday,1,4,2016,,,,,0,0,0,1.5,1.58,1.68,1.68,2.48,16,1,0,,0.7818,0.6235,0.866,-0.5,-0.1012,-0.9949,24.0
1905,1905,2016-04-17,68,69,32,35,16,11612,Sunday,2,4,2016,,,,,0,0,0,1.5,1.58,1.68,1.68,2.48,17,1,0,,0.9749,-0.2225,0.866,-0.5,-0.2994,-0.9541,16.0
1906,1906,2016-04-18,72,48,32,17,23,11612,Monday,3,4,2016,,,,,0,0,0,1.5,1.58,1.68,1.68,2.48,18,0,0,,0.4339,-0.901,0.866,-0.5,-0.4853,-0.8743,23.0
1907,1907,2016-04-19,81,34,35,31,28,11612,Tuesday,4,4,2016,,,,,0,0,0,1.5,1.58,1.68,1.68,2.48,19,0,0,,-0.4339,-0.901,0.866,-0.5,-0.6514,-0.7588,28.0
1908,1908,2016-04-20,45,49,26,36,21,11612,Wednesday,5,4,2016,,,,,0,0,0,1.5,1.58,1.68,1.68,2.48,20,0,0,,-0.9749,-0.2225,0.866,-0.5,-0.7908,-0.6121,21.0
1909,1909,2016-04-21,59,39,26,32,17,11612,Thursday,6,4,2016,,,,,0,0,0,1.5,1.58,1.68,1.68,2.48,21,0,0,,-0.7818,0.6235,0.866,-0.5,-0.8978,-0.4404,17.0
1910,1910,2016-04-22,50,59,30,17,17,11612,Friday,7,4,2016,,,,,0,0,0,1.5,1.58,1.68,1.68,2.48,22,0,0,,-0.0,1.0,0.866,-0.5,-0.9681,-0.2507,17.0
1911,1911,2016-04-23,56,45,38,55,32,11613,Saturday,1,4,2016,,,,,0,0,0,1.5,1.58,1.68,1.68,2.48,23,1,0,,0.7818,0.6235,0.866,-0.5,-0.9987,-0.0506,32.0
1912,1912,2016-04-24,58,58,28,35,24,11613,Sunday,2,4,2016,,,,,0,0,0,1.5,1.58,1.68,1.68,2.48,24,1,0,,0.9749,-0.2225,0.866,-0.5,-0.9885,0.1514,24.0
