2025-07-10 17:56:57,368:WARNING:
'prophet' is a soft dependency and not included in the pycaret installation. Please run: `pip install prophet` to install.
2025-07-10 17:58:58,519:INFO:PyCaret TSForecastingExperiment
2025-07-10 17:58:58,519:INFO:Logging name: ts-default-name
2025-07-10 17:58:58,519:INFO:ML Usecase: MLUsecase.TIME_SERIES
2025-07-10 17:58:58,519:INFO:version 3.3.2
2025-07-10 17:58:58,520:INFO:Initializing setup()
2025-07-10 17:58:58,520:INFO:self.USI: aa00
2025-07-10 17:58:58,520:INFO:self._variable_keys: {'approach_type', 'log_plots_param', 'fold_param', 'enforce_pi', 'y_train_transformed', 'pipeline', 'X_test', 'y_test_transformed', '_ml_usecase', 'fh', 'html_param', 'idx', 'seasonality_present', 'model_engines', 'logging_param', 'seed', 'X_train', 'exogenous_present', 'USI', '_available_plots', 'significant_sps', 'y', 'strictly_positive', 'all_sps_to_use', 'exp_name_log', 'X_train_transformed', 'gpu_param', 'gpu_n_jobs_param', 'fold_generator', 'candidate_sps', 'X', 'X_test_transformed', 'enforce_exogenous', 'data', 'index_type', 'memory', 'y_train', 'significant_sps_no_harmonics', 'X_transformed', 'y_transformed', 'y_test', 'primary_sp_to_use', 'exp_id', 'n_jobs_param'}
2025-07-10 17:58:58,520:INFO:Checking environment
2025-07-10 17:58:58,520:INFO:python_version: 3.10.18
2025-07-10 17:58:58,520:INFO:python_build: ('main', 'Jun  5 2025 13:14:17')
2025-07-10 17:58:58,520:INFO:machine: x86_64
2025-07-10 17:58:58,520:INFO:platform: Linux-6.12.34-1-MANJARO-x86_64-with-glibc2.41
2025-07-10 17:58:58,520:INFO:Memory: svmem(total=24909271040, available=12060549120, percent=51.6, used=10092519424, free=2611286016, active=11180077056, inactive=7209213952, buffers=552894464, cached=11652571136, shared=2342801408, slab=1024708608)
2025-07-10 17:58:58,520:INFO:Physical Core: 6
2025-07-10 17:58:58,521:INFO:Logical Core: 12
2025-07-10 17:58:58,521:INFO:Checking libraries
2025-07-10 17:58:58,521:INFO:System:
2025-07-10 17:58:58,521:INFO:    python: 3.10.18 (main, Jun  5 2025, 13:14:17) [GCC 11.2.0]
2025-07-10 17:58:58,521:INFO:executable: /home/leon/.conda/envs/bd_inv_predict/bin/python
2025-07-10 17:58:58,521:INFO:   machine: Linux-6.12.34-1-MANJARO-x86_64-with-glibc2.41
2025-07-10 17:58:58,521:INFO:PyCaret required dependencies:
2025-07-10 17:58:58,545:INFO:                 pip: 25.1
2025-07-10 17:58:58,545:INFO:          setuptools: 78.1.1
2025-07-10 17:58:58,545:INFO:             pycaret: 3.3.2
2025-07-10 17:58:58,545:INFO:             IPython: 8.30.0
2025-07-10 17:58:58,545:INFO:          ipywidgets: 8.1.5
2025-07-10 17:58:58,545:INFO:                tqdm: 4.67.1
2025-07-10 17:58:58,545:INFO:               numpy: 1.26.4
2025-07-10 17:58:58,545:INFO:              pandas: 2.1.4
2025-07-10 17:58:58,545:INFO:              jinja2: 3.1.6
2025-07-10 17:58:58,545:INFO:               scipy: 1.11.4
2025-07-10 17:58:58,545:INFO:              joblib: 1.3.2
2025-07-10 17:58:58,545:INFO:             sklearn: 1.4.2
2025-07-10 17:58:58,545:INFO:                pyod: 2.0.5
2025-07-10 17:58:58,545:INFO:            imblearn: 0.13.0
2025-07-10 17:58:58,545:INFO:   category_encoders: 2.7.0
2025-07-10 17:58:58,545:INFO:            lightgbm: 4.6.0
2025-07-10 17:58:58,545:INFO:               numba: 0.61.2
2025-07-10 17:58:58,545:INFO:            requests: 2.32.4
2025-07-10 17:58:58,545:INFO:          matplotlib: 3.7.5
2025-07-10 17:58:58,545:INFO:          scikitplot: 0.3.7
2025-07-10 17:58:58,545:INFO:         yellowbrick: 1.5
2025-07-10 17:58:58,545:INFO:              plotly: 5.24.1
2025-07-10 17:58:58,545:INFO:    plotly-resampler: Not installed
2025-07-10 17:58:58,545:INFO:             kaleido: 1.0.0
2025-07-10 17:58:58,545:INFO:           schemdraw: 0.15
2025-07-10 17:58:58,545:INFO:         statsmodels: 0.14.5
2025-07-10 17:58:58,545:INFO:              sktime: 0.26.0
2025-07-10 17:58:58,545:INFO:               tbats: 1.1.3
2025-07-10 17:58:58,545:INFO:            pmdarima: 2.0.4
2025-07-10 17:58:58,545:INFO:              psutil: 5.9.0
2025-07-10 17:58:58,545:INFO:          markupsafe: 3.0.2
2025-07-10 17:58:58,545:INFO:             pickle5: Not installed
2025-07-10 17:58:58,545:INFO:         cloudpickle: 3.1.1
2025-07-10 17:58:58,545:INFO:         deprecation: 2.1.0
2025-07-10 17:58:58,545:INFO:              xxhash: 3.5.0
2025-07-10 17:58:58,545:INFO:           wurlitzer: 3.1.1
2025-07-10 17:58:58,545:INFO:PyCaret optional dependencies:
2025-07-10 17:58:58,553:INFO:                shap: Not installed
2025-07-10 17:58:58,553:INFO:           interpret: Not installed
2025-07-10 17:58:58,553:INFO:                umap: Not installed
2025-07-10 17:58:58,553:INFO:     ydata_profiling: Not installed
2025-07-10 17:58:58,553:INFO:  explainerdashboard: Not installed
2025-07-10 17:58:58,553:INFO:             autoviz: Not installed
2025-07-10 17:58:58,553:INFO:           fairlearn: Not installed
2025-07-10 17:58:58,553:INFO:          deepchecks: Not installed
2025-07-10 17:58:58,553:INFO:             xgboost: Not installed
2025-07-10 17:58:58,553:INFO:            catboost: Not installed
2025-07-10 17:58:58,553:INFO:              kmodes: Not installed
2025-07-10 17:58:58,553:INFO:             mlxtend: Not installed
2025-07-10 17:58:58,553:INFO:       statsforecast: Not installed
2025-07-10 17:58:58,553:INFO:        tune_sklearn: Not installed
2025-07-10 17:58:58,553:INFO:                 ray: Not installed
2025-07-10 17:58:58,553:INFO:            hyperopt: Not installed
2025-07-10 17:58:58,553:INFO:              optuna: Not installed
2025-07-10 17:58:58,553:INFO:               skopt: Not installed
2025-07-10 17:58:58,553:INFO:              mlflow: Not installed
2025-07-10 17:58:58,553:INFO:              gradio: Not installed
2025-07-10 17:58:58,553:INFO:             fastapi: Not installed
2025-07-10 17:58:58,553:INFO:             uvicorn: Not installed
2025-07-10 17:58:58,553:INFO:              m2cgen: Not installed
2025-07-10 17:58:58,553:INFO:           evidently: Not installed
2025-07-10 17:58:58,554:INFO:               fugue: Not installed
2025-07-10 17:58:58,554:INFO:           streamlit: Not installed
2025-07-10 17:58:58,554:INFO:             prophet: Not installed
2025-07-10 17:58:58,554:INFO:None
2025-07-10 17:58:58,559:INFO:Set Forecast Horizon.
2025-07-10 17:58:58,560:INFO:Set up Train-Test Splits.
2025-07-10 17:58:58,604:INFO:Finished creating preprocessing pipeline.
2025-07-10 17:58:58,606:INFO:Pipeline: ForecastingPipeline(steps=[('forecaster',
                            TransformedTargetForecaster(steps=[('model',
                                                                DummyForecaster())]))])
2025-07-10 17:58:58,606:INFO:Set up Seasonal Period.
2025-07-10 17:58:58,620:INFO:Setting the seasonal component type - 'add' or 'mul'.
2025-07-10 17:58:58,620:INFO:Checking if data is strictly positive.
2025-07-10 17:58:58,662:INFO:Creating final display dataframe.
2025-07-10 17:58:58,669:INFO:Setup Display Container:                                          Description  \
0                                         session_id   
1                                             Target   
2                                           Approach   
3                                Exogenous Variables   
4                                Original data shape   
5                             Transformed data shape   
6                        Transformed train set shape   
7                         Transformed test set shape   
8                           Rows with missing values   
9                                     Fold Generator   
10                                       Fold Number   
11                       Enforce Prediction Interval   
12                   Splits used for hyperparameters   
13                   User Defined Seasonal Period(s)   
14                           Ignore Seasonality Test   
15                        Seasonality Detection Algo   
16                            Max Period to Consider   
17                         Seasonal Period(s) Tested   
18                    Significant Seasonal Period(s)   
19  Significant Seasonal Period(s) without Harmonics   
20                                  Remove Harmonics   
21                            Harmonics Order Method   
22                          Num Seasonalities to Use   
23                          All Seasonalities to Use   
24                               Primary Seasonality   
25                               Seasonality Present   
26                                  Seasonality Type   
27                          Target Strictly Positive   
28                                Target White Noise   
29                                     Recommended d   
30                            Recommended Seasonal D   
31                                        Preprocess   
32                                          CPU Jobs   
33                                           Use GPU   
34                                    Log Experiment   
35                                   Experiment Name   
36                                               USI   

                                                Value  
0                                                 123  
1                             FOODS_3_586_amount_sold  
2                                          Univariate  
3                                             Present  
4                                          (1530, 11)  
5                                          (1530, 11)  
6                                          (1516, 11)  
7                                            (14, 11)  
8                                                0.0%  
9                               SlidingWindowSplitter  
10                                                  1  
11                                              False  
12                                                all  
13                                               None  
14                                              False  
15                                               auto  
16                                                 60  
17  [14, 28, 35, 49, 56, 21, 42, 7, 8, 6, 41, 20, ...  
18  [14, 28, 35, 49, 56, 21, 42, 7, 8, 6, 41, 20, ...  
19                   [56, 35, 49, 42, 41, 20, 50, 29]  
20                                              False  
21                                       harmonic_max  
22                                                  1  
23                                               [14]  
24                                                 14  
25                                               True  
26                                                add  
27                                              False  
28                                                 No  
29                                                  1  
30                                                  0  
31                                              False  
32                                                 -1  
33                                              False  
34                                              False  
35                                    ts-default-name  
36                                               aa00  
2025-07-10 17:58:58,679:INFO:Engine successfully changes for model 'auto_arima' to 'pmdarima'.
2025-07-10 17:58:58,696:WARNING:
'prophet' is a soft dependency and not included in the pycaret installation. Please run: `pip install prophet` to install.
2025-07-10 17:58:58,697:INFO:Engine for model 'lr_cds_dt' has not been set explicitly, hence returning None.
2025-07-10 17:58:58,697:INFO:Engine for model 'en_cds_dt' has not been set explicitly, hence returning None.
2025-07-10 17:58:58,697:INFO:Engine for model 'ridge_cds_dt' has not been set explicitly, hence returning None.
2025-07-10 17:58:58,698:INFO:Engine for model 'lasso_cds_dt' has not been set explicitly, hence returning None.
2025-07-10 17:58:58,698:INFO:Engine for model 'llar_cds_dt' has not been set explicitly, hence returning None.
2025-07-10 17:58:58,699:INFO:Engine for model 'br_cds_dt' has not been set explicitly, hence returning None.
2025-07-10 17:58:58,699:INFO:Engine for model 'huber_cds_dt' has not been set explicitly, hence returning None.
2025-07-10 17:58:58,702:INFO:Engine for model 'omp_cds_dt' has not been set explicitly, hence returning None.
2025-07-10 17:58:58,705:INFO:Engine for model 'knn_cds_dt' has not been set explicitly, hence returning None.
2025-07-10 17:58:58,706:INFO:Engine for model 'dt_cds_dt' has not been set explicitly, hence returning None.
2025-07-10 17:58:58,706:INFO:Engine for model 'rf_cds_dt' has not been set explicitly, hence returning None.
2025-07-10 17:58:58,706:INFO:Engine for model 'et_cds_dt' has not been set explicitly, hence returning None.
2025-07-10 17:58:58,707:INFO:Engine for model 'gbr_cds_dt' has not been set explicitly, hence returning None.
2025-07-10 17:58:58,707:INFO:Engine for model 'ada_cds_dt' has not been set explicitly, hence returning None.
2025-07-10 17:58:58,708:INFO:Engine for model 'xgboost_cds_dt' has not been set explicitly, hence returning None.
2025-07-10 17:58:58,708:WARNING:
'xgboost' is a soft dependency and not included in the pycaret installation. Please run: `pip install xgboost` to install.
Alternately, you can install this by running `pip install pycaret[models]`
2025-07-10 17:58:58,708:WARNING:
'xgboost' is a soft dependency and not included in the pycaret installation. Please run: `pip install xgboost` to install.
Alternately, you can install this by running `pip install pycaret[models]`
2025-07-10 17:58:58,708:INFO:Engine for model 'lightgbm_cds_dt' has not been set explicitly, hence returning None.
2025-07-10 17:58:58,708:INFO:Engine for model 'catboost_cds_dt' has not been set explicitly, hence returning None.
2025-07-10 17:58:58,708:WARNING:
'catboost' is a soft dependency and not included in the pycaret installation. Please run: `pip install catboost` to install.
Alternately, you can install this by running `pip install pycaret[models]`
2025-07-10 17:58:58,708:WARNING:
'catboost' is a soft dependency and not included in the pycaret installation. Please run: `pip install catboost` to install.
Alternately, you can install this by running `pip install pycaret[models]`
2025-07-10 17:58:58,712:WARNING:
'prophet' is a soft dependency and not included in the pycaret installation. Please run: `pip install prophet` to install.
2025-07-10 17:58:58,712:INFO:Engine for model 'lr_cds_dt' has not been set explicitly, hence returning None.
2025-07-10 17:58:58,713:INFO:Engine for model 'en_cds_dt' has not been set explicitly, hence returning None.
2025-07-10 17:58:58,713:INFO:Engine for model 'ridge_cds_dt' has not been set explicitly, hence returning None.
2025-07-10 17:58:58,713:INFO:Engine for model 'lasso_cds_dt' has not been set explicitly, hence returning None.
2025-07-10 17:58:58,714:INFO:Engine for model 'llar_cds_dt' has not been set explicitly, hence returning None.
2025-07-10 17:58:58,714:INFO:Engine for model 'br_cds_dt' has not been set explicitly, hence returning None.
2025-07-10 17:58:58,714:INFO:Engine for model 'huber_cds_dt' has not been set explicitly, hence returning None.
2025-07-10 17:58:58,718:INFO:Engine for model 'omp_cds_dt' has not been set explicitly, hence returning None.
2025-07-10 17:58:58,720:INFO:Engine for model 'knn_cds_dt' has not been set explicitly, hence returning None.
2025-07-10 17:58:58,721:INFO:Engine for model 'dt_cds_dt' has not been set explicitly, hence returning None.
2025-07-10 17:58:58,721:INFO:Engine for model 'rf_cds_dt' has not been set explicitly, hence returning None.
2025-07-10 17:58:58,722:INFO:Engine for model 'et_cds_dt' has not been set explicitly, hence returning None.
2025-07-10 17:58:58,722:INFO:Engine for model 'gbr_cds_dt' has not been set explicitly, hence returning None.
2025-07-10 17:58:58,722:INFO:Engine for model 'ada_cds_dt' has not been set explicitly, hence returning None.
2025-07-10 17:58:58,723:INFO:Engine for model 'xgboost_cds_dt' has not been set explicitly, hence returning None.
2025-07-10 17:58:58,723:WARNING:
'xgboost' is a soft dependency and not included in the pycaret installation. Please run: `pip install xgboost` to install.
Alternately, you can install this by running `pip install pycaret[models]`
2025-07-10 17:58:58,723:WARNING:
'xgboost' is a soft dependency and not included in the pycaret installation. Please run: `pip install xgboost` to install.
Alternately, you can install this by running `pip install pycaret[models]`
2025-07-10 17:58:58,723:INFO:Engine for model 'lightgbm_cds_dt' has not been set explicitly, hence returning None.
2025-07-10 17:58:58,723:INFO:Engine for model 'catboost_cds_dt' has not been set explicitly, hence returning None.
2025-07-10 17:58:58,723:WARNING:
'catboost' is a soft dependency and not included in the pycaret installation. Please run: `pip install catboost` to install.
Alternately, you can install this by running `pip install pycaret[models]`
2025-07-10 17:58:58,723:WARNING:
'catboost' is a soft dependency and not included in the pycaret installation. Please run: `pip install catboost` to install.
Alternately, you can install this by running `pip install pycaret[models]`
2025-07-10 17:58:58,723:INFO:Engine successfully changes for model 'lr_cds_dt' to 'sklearn'.
2025-07-10 17:58:58,727:WARNING:
'prophet' is a soft dependency and not included in the pycaret installation. Please run: `pip install prophet` to install.
2025-07-10 17:58:58,728:INFO:Engine for model 'en_cds_dt' has not been set explicitly, hence returning None.
2025-07-10 17:58:58,728:INFO:Engine for model 'ridge_cds_dt' has not been set explicitly, hence returning None.
2025-07-10 17:58:58,728:INFO:Engine for model 'lasso_cds_dt' has not been set explicitly, hence returning None.
2025-07-10 17:58:58,729:INFO:Engine for model 'llar_cds_dt' has not been set explicitly, hence returning None.
2025-07-10 17:58:58,729:INFO:Engine for model 'br_cds_dt' has not been set explicitly, hence returning None.
2025-07-10 17:58:58,729:INFO:Engine for model 'huber_cds_dt' has not been set explicitly, hence returning None.
2025-07-10 17:58:58,732:INFO:Engine for model 'omp_cds_dt' has not been set explicitly, hence returning None.
2025-07-10 17:58:58,736:INFO:Engine for model 'knn_cds_dt' has not been set explicitly, hence returning None.
2025-07-10 17:58:58,736:INFO:Engine for model 'dt_cds_dt' has not been set explicitly, hence returning None.
2025-07-10 17:58:58,737:INFO:Engine for model 'rf_cds_dt' has not been set explicitly, hence returning None.
2025-07-10 17:58:58,737:INFO:Engine for model 'et_cds_dt' has not been set explicitly, hence returning None.
2025-07-10 17:58:58,738:INFO:Engine for model 'gbr_cds_dt' has not been set explicitly, hence returning None.
2025-07-10 17:58:58,738:INFO:Engine for model 'ada_cds_dt' has not been set explicitly, hence returning None.
2025-07-10 17:58:58,738:INFO:Engine for model 'xgboost_cds_dt' has not been set explicitly, hence returning None.
2025-07-10 17:58:58,738:WARNING:
'xgboost' is a soft dependency and not included in the pycaret installation. Please run: `pip install xgboost` to install.
Alternately, you can install this by running `pip install pycaret[models]`
2025-07-10 17:58:58,738:WARNING:
'xgboost' is a soft dependency and not included in the pycaret installation. Please run: `pip install xgboost` to install.
Alternately, you can install this by running `pip install pycaret[models]`
2025-07-10 17:58:58,739:INFO:Engine for model 'lightgbm_cds_dt' has not been set explicitly, hence returning None.
2025-07-10 17:58:58,739:INFO:Engine for model 'catboost_cds_dt' has not been set explicitly, hence returning None.
2025-07-10 17:58:58,739:WARNING:
'catboost' is a soft dependency and not included in the pycaret installation. Please run: `pip install catboost` to install.
Alternately, you can install this by running `pip install pycaret[models]`
2025-07-10 17:58:58,739:WARNING:
'catboost' is a soft dependency and not included in the pycaret installation. Please run: `pip install catboost` to install.
Alternately, you can install this by running `pip install pycaret[models]`
2025-07-10 17:58:58,743:WARNING:
'prophet' is a soft dependency and not included in the pycaret installation. Please run: `pip install prophet` to install.
2025-07-10 17:58:58,743:INFO:Engine for model 'en_cds_dt' has not been set explicitly, hence returning None.
2025-07-10 17:58:58,744:INFO:Engine for model 'ridge_cds_dt' has not been set explicitly, hence returning None.
2025-07-10 17:58:58,744:INFO:Engine for model 'lasso_cds_dt' has not been set explicitly, hence returning None.
2025-07-10 17:58:58,744:INFO:Engine for model 'llar_cds_dt' has not been set explicitly, hence returning None.
2025-07-10 17:58:58,745:INFO:Engine for model 'br_cds_dt' has not been set explicitly, hence returning None.
2025-07-10 17:58:58,745:INFO:Engine for model 'huber_cds_dt' has not been set explicitly, hence returning None.
2025-07-10 17:58:58,748:INFO:Engine for model 'omp_cds_dt' has not been set explicitly, hence returning None.
2025-07-10 17:58:58,751:INFO:Engine for model 'knn_cds_dt' has not been set explicitly, hence returning None.
2025-07-10 17:58:58,752:INFO:Engine for model 'dt_cds_dt' has not been set explicitly, hence returning None.
2025-07-10 17:58:58,752:INFO:Engine for model 'rf_cds_dt' has not been set explicitly, hence returning None.
2025-07-10 17:58:58,753:INFO:Engine for model 'et_cds_dt' has not been set explicitly, hence returning None.
2025-07-10 17:58:58,753:INFO:Engine for model 'gbr_cds_dt' has not been set explicitly, hence returning None.
2025-07-10 17:58:58,754:INFO:Engine for model 'ada_cds_dt' has not been set explicitly, hence returning None.
2025-07-10 17:58:58,754:INFO:Engine for model 'xgboost_cds_dt' has not been set explicitly, hence returning None.
2025-07-10 17:58:58,754:WARNING:
'xgboost' is a soft dependency and not included in the pycaret installation. Please run: `pip install xgboost` to install.
Alternately, you can install this by running `pip install pycaret[models]`
2025-07-10 17:58:58,754:WARNING:
'xgboost' is a soft dependency and not included in the pycaret installation. Please run: `pip install xgboost` to install.
Alternately, you can install this by running `pip install pycaret[models]`
2025-07-10 17:58:58,754:INFO:Engine for model 'lightgbm_cds_dt' has not been set explicitly, hence returning None.
2025-07-10 17:58:58,754:INFO:Engine for model 'catboost_cds_dt' has not been set explicitly, hence returning None.
2025-07-10 17:58:58,754:WARNING:
'catboost' is a soft dependency and not included in the pycaret installation. Please run: `pip install catboost` to install.
Alternately, you can install this by running `pip install pycaret[models]`
2025-07-10 17:58:58,754:WARNING:
'catboost' is a soft dependency and not included in the pycaret installation. Please run: `pip install catboost` to install.
Alternately, you can install this by running `pip install pycaret[models]`
2025-07-10 17:58:58,755:INFO:Engine successfully changes for model 'en_cds_dt' to 'sklearn'.
2025-07-10 17:58:58,758:WARNING:
'prophet' is a soft dependency and not included in the pycaret installation. Please run: `pip install prophet` to install.
2025-07-10 17:58:58,758:INFO:Engine for model 'ridge_cds_dt' has not been set explicitly, hence returning None.
2025-07-10 17:58:58,758:INFO:Engine for model 'lasso_cds_dt' has not been set explicitly, hence returning None.
2025-07-10 17:58:58,758:INFO:Engine for model 'llar_cds_dt' has not been set explicitly, hence returning None.
2025-07-10 17:58:58,759:INFO:Engine for model 'br_cds_dt' has not been set explicitly, hence returning None.
2025-07-10 17:58:58,759:INFO:Engine for model 'huber_cds_dt' has not been set explicitly, hence returning None.
2025-07-10 17:58:58,761:INFO:Engine for model 'omp_cds_dt' has not been set explicitly, hence returning None.
2025-07-10 17:58:58,763:INFO:Engine for model 'knn_cds_dt' has not been set explicitly, hence returning None.
2025-07-10 17:58:58,763:INFO:Engine for model 'dt_cds_dt' has not been set explicitly, hence returning None.
2025-07-10 17:58:58,763:INFO:Engine for model 'rf_cds_dt' has not been set explicitly, hence returning None.
2025-07-10 17:58:58,763:INFO:Engine for model 'et_cds_dt' has not been set explicitly, hence returning None.
2025-07-10 17:58:58,763:INFO:Engine for model 'gbr_cds_dt' has not been set explicitly, hence returning None.
2025-07-10 17:58:58,764:INFO:Engine for model 'ada_cds_dt' has not been set explicitly, hence returning None.
2025-07-10 17:58:58,764:INFO:Engine for model 'xgboost_cds_dt' has not been set explicitly, hence returning None.
2025-07-10 17:58:58,764:WARNING:
'xgboost' is a soft dependency and not included in the pycaret installation. Please run: `pip install xgboost` to install.
Alternately, you can install this by running `pip install pycaret[models]`
2025-07-10 17:58:58,764:WARNING:
'xgboost' is a soft dependency and not included in the pycaret installation. Please run: `pip install xgboost` to install.
Alternately, you can install this by running `pip install pycaret[models]`
2025-07-10 17:58:58,764:INFO:Engine for model 'lightgbm_cds_dt' has not been set explicitly, hence returning None.
2025-07-10 17:58:58,764:INFO:Engine for model 'catboost_cds_dt' has not been set explicitly, hence returning None.
2025-07-10 17:58:58,764:WARNING:
'catboost' is a soft dependency and not included in the pycaret installation. Please run: `pip install catboost` to install.
Alternately, you can install this by running `pip install pycaret[models]`
2025-07-10 17:58:58,764:WARNING:
'catboost' is a soft dependency and not included in the pycaret installation. Please run: `pip install catboost` to install.
Alternately, you can install this by running `pip install pycaret[models]`
2025-07-10 17:58:58,766:WARNING:
'prophet' is a soft dependency and not included in the pycaret installation. Please run: `pip install prophet` to install.
2025-07-10 17:58:58,767:INFO:Engine for model 'ridge_cds_dt' has not been set explicitly, hence returning None.
2025-07-10 17:58:58,767:INFO:Engine for model 'lasso_cds_dt' has not been set explicitly, hence returning None.
2025-07-10 17:58:58,767:INFO:Engine for model 'llar_cds_dt' has not been set explicitly, hence returning None.
2025-07-10 17:58:58,767:INFO:Engine for model 'br_cds_dt' has not been set explicitly, hence returning None.
2025-07-10 17:58:58,768:INFO:Engine for model 'huber_cds_dt' has not been set explicitly, hence returning None.
2025-07-10 17:58:58,770:INFO:Engine for model 'omp_cds_dt' has not been set explicitly, hence returning None.
2025-07-10 17:58:58,771:INFO:Engine for model 'knn_cds_dt' has not been set explicitly, hence returning None.
2025-07-10 17:58:58,771:INFO:Engine for model 'dt_cds_dt' has not been set explicitly, hence returning None.
2025-07-10 17:58:58,772:INFO:Engine for model 'rf_cds_dt' has not been set explicitly, hence returning None.
2025-07-10 17:58:58,772:INFO:Engine for model 'et_cds_dt' has not been set explicitly, hence returning None.
2025-07-10 17:58:58,772:INFO:Engine for model 'gbr_cds_dt' has not been set explicitly, hence returning None.
2025-07-10 17:58:58,772:INFO:Engine for model 'ada_cds_dt' has not been set explicitly, hence returning None.
2025-07-10 17:58:58,773:INFO:Engine for model 'xgboost_cds_dt' has not been set explicitly, hence returning None.
2025-07-10 17:58:58,773:WARNING:
'xgboost' is a soft dependency and not included in the pycaret installation. Please run: `pip install xgboost` to install.
Alternately, you can install this by running `pip install pycaret[models]`
2025-07-10 17:58:58,773:WARNING:
'xgboost' is a soft dependency and not included in the pycaret installation. Please run: `pip install xgboost` to install.
Alternately, you can install this by running `pip install pycaret[models]`
2025-07-10 17:58:58,773:INFO:Engine for model 'lightgbm_cds_dt' has not been set explicitly, hence returning None.
2025-07-10 17:58:58,773:INFO:Engine for model 'catboost_cds_dt' has not been set explicitly, hence returning None.
2025-07-10 17:58:58,773:WARNING:
'catboost' is a soft dependency and not included in the pycaret installation. Please run: `pip install catboost` to install.
Alternately, you can install this by running `pip install pycaret[models]`
2025-07-10 17:58:58,773:WARNING:
'catboost' is a soft dependency and not included in the pycaret installation. Please run: `pip install catboost` to install.
Alternately, you can install this by running `pip install pycaret[models]`
2025-07-10 17:58:58,773:INFO:Engine successfully changes for model 'ridge_cds_dt' to 'sklearn'.
2025-07-10 17:58:58,775:WARNING:
'prophet' is a soft dependency and not included in the pycaret installation. Please run: `pip install prophet` to install.
2025-07-10 17:58:58,776:INFO:Engine for model 'lasso_cds_dt' has not been set explicitly, hence returning None.
2025-07-10 17:58:58,776:INFO:Engine for model 'llar_cds_dt' has not been set explicitly, hence returning None.
2025-07-10 17:58:58,776:INFO:Engine for model 'br_cds_dt' has not been set explicitly, hence returning None.
2025-07-10 17:58:58,776:INFO:Engine for model 'huber_cds_dt' has not been set explicitly, hence returning None.
2025-07-10 17:58:58,778:INFO:Engine for model 'omp_cds_dt' has not been set explicitly, hence returning None.
2025-07-10 17:58:58,780:INFO:Engine for model 'knn_cds_dt' has not been set explicitly, hence returning None.
2025-07-10 17:58:58,780:INFO:Engine for model 'dt_cds_dt' has not been set explicitly, hence returning None.
2025-07-10 17:58:58,780:INFO:Engine for model 'rf_cds_dt' has not been set explicitly, hence returning None.
2025-07-10 17:58:58,780:INFO:Engine for model 'et_cds_dt' has not been set explicitly, hence returning None.
2025-07-10 17:58:58,781:INFO:Engine for model 'gbr_cds_dt' has not been set explicitly, hence returning None.
2025-07-10 17:58:58,781:INFO:Engine for model 'ada_cds_dt' has not been set explicitly, hence returning None.
2025-07-10 17:58:58,781:INFO:Engine for model 'xgboost_cds_dt' has not been set explicitly, hence returning None.
2025-07-10 17:58:58,781:WARNING:
'xgboost' is a soft dependency and not included in the pycaret installation. Please run: `pip install xgboost` to install.
Alternately, you can install this by running `pip install pycaret[models]`
2025-07-10 17:58:58,781:WARNING:
'xgboost' is a soft dependency and not included in the pycaret installation. Please run: `pip install xgboost` to install.
Alternately, you can install this by running `pip install pycaret[models]`
2025-07-10 17:58:58,781:INFO:Engine for model 'lightgbm_cds_dt' has not been set explicitly, hence returning None.
2025-07-10 17:58:58,782:INFO:Engine for model 'catboost_cds_dt' has not been set explicitly, hence returning None.
2025-07-10 17:58:58,782:WARNING:
'catboost' is a soft dependency and not included in the pycaret installation. Please run: `pip install catboost` to install.
Alternately, you can install this by running `pip install pycaret[models]`
2025-07-10 17:58:58,782:WARNING:
'catboost' is a soft dependency and not included in the pycaret installation. Please run: `pip install catboost` to install.
Alternately, you can install this by running `pip install pycaret[models]`
2025-07-10 17:58:58,784:WARNING:
'prophet' is a soft dependency and not included in the pycaret installation. Please run: `pip install prophet` to install.
2025-07-10 17:58:58,784:INFO:Engine for model 'lasso_cds_dt' has not been set explicitly, hence returning None.
2025-07-10 17:58:58,785:INFO:Engine for model 'llar_cds_dt' has not been set explicitly, hence returning None.
2025-07-10 17:58:58,785:INFO:Engine for model 'br_cds_dt' has not been set explicitly, hence returning None.
2025-07-10 17:58:58,785:INFO:Engine for model 'huber_cds_dt' has not been set explicitly, hence returning None.
2025-07-10 17:58:58,787:INFO:Engine for model 'omp_cds_dt' has not been set explicitly, hence returning None.
2025-07-10 17:58:58,789:INFO:Engine for model 'knn_cds_dt' has not been set explicitly, hence returning None.
2025-07-10 17:58:58,789:INFO:Engine for model 'dt_cds_dt' has not been set explicitly, hence returning None.
2025-07-10 17:58:58,789:INFO:Engine for model 'rf_cds_dt' has not been set explicitly, hence returning None.
2025-07-10 17:58:58,789:INFO:Engine for model 'et_cds_dt' has not been set explicitly, hence returning None.
2025-07-10 17:58:58,790:INFO:Engine for model 'gbr_cds_dt' has not been set explicitly, hence returning None.
2025-07-10 17:58:58,790:INFO:Engine for model 'ada_cds_dt' has not been set explicitly, hence returning None.
2025-07-10 17:58:58,790:INFO:Engine for model 'xgboost_cds_dt' has not been set explicitly, hence returning None.
2025-07-10 17:58:58,790:WARNING:
'xgboost' is a soft dependency and not included in the pycaret installation. Please run: `pip install xgboost` to install.
Alternately, you can install this by running `pip install pycaret[models]`
2025-07-10 17:58:58,790:WARNING:
'xgboost' is a soft dependency and not included in the pycaret installation. Please run: `pip install xgboost` to install.
Alternately, you can install this by running `pip install pycaret[models]`
2025-07-10 17:58:58,790:INFO:Engine for model 'lightgbm_cds_dt' has not been set explicitly, hence returning None.
2025-07-10 17:58:58,791:INFO:Engine for model 'catboost_cds_dt' has not been set explicitly, hence returning None.
2025-07-10 17:58:58,791:WARNING:
'catboost' is a soft dependency and not included in the pycaret installation. Please run: `pip install catboost` to install.
Alternately, you can install this by running `pip install pycaret[models]`
2025-07-10 17:58:58,791:WARNING:
'catboost' is a soft dependency and not included in the pycaret installation. Please run: `pip install catboost` to install.
Alternately, you can install this by running `pip install pycaret[models]`
2025-07-10 17:58:58,791:INFO:Engine successfully changes for model 'lasso_cds_dt' to 'sklearn'.
2025-07-10 17:58:58,793:WARNING:
'prophet' is a soft dependency and not included in the pycaret installation. Please run: `pip install prophet` to install.
2025-07-10 17:58:58,794:INFO:Engine for model 'llar_cds_dt' has not been set explicitly, hence returning None.
2025-07-10 17:58:58,794:INFO:Engine for model 'br_cds_dt' has not been set explicitly, hence returning None.
2025-07-10 17:58:58,794:INFO:Engine for model 'huber_cds_dt' has not been set explicitly, hence returning None.
2025-07-10 17:58:58,796:INFO:Engine for model 'omp_cds_dt' has not been set explicitly, hence returning None.
2025-07-10 17:58:58,797:INFO:Engine for model 'knn_cds_dt' has not been set explicitly, hence returning None.
2025-07-10 17:58:58,798:INFO:Engine for model 'dt_cds_dt' has not been set explicitly, hence returning None.
2025-07-10 17:58:58,798:INFO:Engine for model 'rf_cds_dt' has not been set explicitly, hence returning None.
2025-07-10 17:58:58,798:INFO:Engine for model 'et_cds_dt' has not been set explicitly, hence returning None.
2025-07-10 17:58:58,798:INFO:Engine for model 'gbr_cds_dt' has not been set explicitly, hence returning None.
2025-07-10 17:58:58,798:INFO:Engine for model 'ada_cds_dt' has not been set explicitly, hence returning None.
2025-07-10 17:58:58,799:INFO:Engine for model 'xgboost_cds_dt' has not been set explicitly, hence returning None.
2025-07-10 17:58:58,799:WARNING:
'xgboost' is a soft dependency and not included in the pycaret installation. Please run: `pip install xgboost` to install.
Alternately, you can install this by running `pip install pycaret[models]`
2025-07-10 17:58:58,799:WARNING:
'xgboost' is a soft dependency and not included in the pycaret installation. Please run: `pip install xgboost` to install.
Alternately, you can install this by running `pip install pycaret[models]`
2025-07-10 17:58:58,799:INFO:Engine for model 'lightgbm_cds_dt' has not been set explicitly, hence returning None.
2025-07-10 17:58:58,799:INFO:Engine for model 'catboost_cds_dt' has not been set explicitly, hence returning None.
2025-07-10 17:58:58,799:WARNING:
'catboost' is a soft dependency and not included in the pycaret installation. Please run: `pip install catboost` to install.
Alternately, you can install this by running `pip install pycaret[models]`
2025-07-10 17:58:58,799:WARNING:
'catboost' is a soft dependency and not included in the pycaret installation. Please run: `pip install catboost` to install.
Alternately, you can install this by running `pip install pycaret[models]`
2025-07-10 17:58:58,801:WARNING:
'prophet' is a soft dependency and not included in the pycaret installation. Please run: `pip install prophet` to install.
2025-07-10 17:58:58,802:INFO:Engine for model 'llar_cds_dt' has not been set explicitly, hence returning None.
2025-07-10 17:58:58,802:INFO:Engine for model 'br_cds_dt' has not been set explicitly, hence returning None.
2025-07-10 17:58:58,802:INFO:Engine for model 'huber_cds_dt' has not been set explicitly, hence returning None.
2025-07-10 17:58:58,804:INFO:Engine for model 'omp_cds_dt' has not been set explicitly, hence returning None.
2025-07-10 17:58:58,806:INFO:Engine for model 'knn_cds_dt' has not been set explicitly, hence returning None.
2025-07-10 17:58:58,806:INFO:Engine for model 'dt_cds_dt' has not been set explicitly, hence returning None.
2025-07-10 17:58:58,806:INFO:Engine for model 'rf_cds_dt' has not been set explicitly, hence returning None.
2025-07-10 17:58:58,807:INFO:Engine for model 'et_cds_dt' has not been set explicitly, hence returning None.
2025-07-10 17:58:58,807:INFO:Engine for model 'gbr_cds_dt' has not been set explicitly, hence returning None.
2025-07-10 17:58:58,807:INFO:Engine for model 'ada_cds_dt' has not been set explicitly, hence returning None.
2025-07-10 17:58:58,807:INFO:Engine for model 'xgboost_cds_dt' has not been set explicitly, hence returning None.
2025-07-10 17:58:58,807:WARNING:
'xgboost' is a soft dependency and not included in the pycaret installation. Please run: `pip install xgboost` to install.
Alternately, you can install this by running `pip install pycaret[models]`
2025-07-10 17:58:58,807:WARNING:
'xgboost' is a soft dependency and not included in the pycaret installation. Please run: `pip install xgboost` to install.
Alternately, you can install this by running `pip install pycaret[models]`
2025-07-10 17:58:58,807:INFO:Engine for model 'lightgbm_cds_dt' has not been set explicitly, hence returning None.
2025-07-10 17:58:58,808:INFO:Engine for model 'catboost_cds_dt' has not been set explicitly, hence returning None.
2025-07-10 17:58:58,808:WARNING:
'catboost' is a soft dependency and not included in the pycaret installation. Please run: `pip install catboost` to install.
Alternately, you can install this by running `pip install pycaret[models]`
2025-07-10 17:58:58,808:WARNING:
'catboost' is a soft dependency and not included in the pycaret installation. Please run: `pip install catboost` to install.
Alternately, you can install this by running `pip install pycaret[models]`
2025-07-10 17:58:58,808:INFO:Engine successfully changes for model 'lar_cds_dt' to 'sklearn'.
2025-07-10 17:58:58,810:WARNING:
'prophet' is a soft dependency and not included in the pycaret installation. Please run: `pip install prophet` to install.
2025-07-10 17:58:58,811:INFO:Engine for model 'llar_cds_dt' has not been set explicitly, hence returning None.
2025-07-10 17:58:58,811:INFO:Engine for model 'br_cds_dt' has not been set explicitly, hence returning None.
2025-07-10 17:58:58,811:INFO:Engine for model 'huber_cds_dt' has not been set explicitly, hence returning None.
2025-07-10 17:58:58,813:INFO:Engine for model 'omp_cds_dt' has not been set explicitly, hence returning None.
2025-07-10 17:58:58,814:INFO:Engine for model 'knn_cds_dt' has not been set explicitly, hence returning None.
2025-07-10 17:58:58,815:INFO:Engine for model 'dt_cds_dt' has not been set explicitly, hence returning None.
2025-07-10 17:58:58,815:INFO:Engine for model 'rf_cds_dt' has not been set explicitly, hence returning None.
2025-07-10 17:58:58,815:INFO:Engine for model 'et_cds_dt' has not been set explicitly, hence returning None.
2025-07-10 17:58:58,815:INFO:Engine for model 'gbr_cds_dt' has not been set explicitly, hence returning None.
2025-07-10 17:58:58,816:INFO:Engine for model 'ada_cds_dt' has not been set explicitly, hence returning None.
2025-07-10 17:58:58,816:INFO:Engine for model 'xgboost_cds_dt' has not been set explicitly, hence returning None.
2025-07-10 17:58:58,816:WARNING:
'xgboost' is a soft dependency and not included in the pycaret installation. Please run: `pip install xgboost` to install.
Alternately, you can install this by running `pip install pycaret[models]`
2025-07-10 17:58:58,816:WARNING:
'xgboost' is a soft dependency and not included in the pycaret installation. Please run: `pip install xgboost` to install.
Alternately, you can install this by running `pip install pycaret[models]`
2025-07-10 17:58:58,816:INFO:Engine for model 'lightgbm_cds_dt' has not been set explicitly, hence returning None.
2025-07-10 17:58:58,816:INFO:Engine for model 'catboost_cds_dt' has not been set explicitly, hence returning None.
2025-07-10 17:58:58,816:WARNING:
'catboost' is a soft dependency and not included in the pycaret installation. Please run: `pip install catboost` to install.
Alternately, you can install this by running `pip install pycaret[models]`
2025-07-10 17:58:58,816:WARNING:
'catboost' is a soft dependency and not included in the pycaret installation. Please run: `pip install catboost` to install.
Alternately, you can install this by running `pip install pycaret[models]`
2025-07-10 17:58:58,819:WARNING:
'prophet' is a soft dependency and not included in the pycaret installation. Please run: `pip install prophet` to install.
2025-07-10 17:58:58,819:INFO:Engine for model 'llar_cds_dt' has not been set explicitly, hence returning None.
2025-07-10 17:58:58,820:INFO:Engine for model 'br_cds_dt' has not been set explicitly, hence returning None.
2025-07-10 17:58:58,820:INFO:Engine for model 'huber_cds_dt' has not been set explicitly, hence returning None.
2025-07-10 17:58:58,822:INFO:Engine for model 'omp_cds_dt' has not been set explicitly, hence returning None.
2025-07-10 17:58:58,824:INFO:Engine for model 'knn_cds_dt' has not been set explicitly, hence returning None.
2025-07-10 17:58:58,825:INFO:Engine for model 'dt_cds_dt' has not been set explicitly, hence returning None.
2025-07-10 17:58:58,825:INFO:Engine for model 'rf_cds_dt' has not been set explicitly, hence returning None.
2025-07-10 17:58:58,825:INFO:Engine for model 'et_cds_dt' has not been set explicitly, hence returning None.
2025-07-10 17:58:58,826:INFO:Engine for model 'gbr_cds_dt' has not been set explicitly, hence returning None.
2025-07-10 17:58:58,826:INFO:Engine for model 'ada_cds_dt' has not been set explicitly, hence returning None.
2025-07-10 17:58:58,827:INFO:Engine for model 'xgboost_cds_dt' has not been set explicitly, hence returning None.
2025-07-10 17:58:58,827:WARNING:
'xgboost' is a soft dependency and not included in the pycaret installation. Please run: `pip install xgboost` to install.
Alternately, you can install this by running `pip install pycaret[models]`
2025-07-10 17:58:58,827:WARNING:
'xgboost' is a soft dependency and not included in the pycaret installation. Please run: `pip install xgboost` to install.
Alternately, you can install this by running `pip install pycaret[models]`
2025-07-10 17:58:58,827:INFO:Engine for model 'lightgbm_cds_dt' has not been set explicitly, hence returning None.
2025-07-10 17:58:58,827:INFO:Engine for model 'catboost_cds_dt' has not been set explicitly, hence returning None.
2025-07-10 17:58:58,827:WARNING:
'catboost' is a soft dependency and not included in the pycaret installation. Please run: `pip install catboost` to install.
Alternately, you can install this by running `pip install pycaret[models]`
2025-07-10 17:58:58,827:WARNING:
'catboost' is a soft dependency and not included in the pycaret installation. Please run: `pip install catboost` to install.
Alternately, you can install this by running `pip install pycaret[models]`
2025-07-10 17:58:58,827:INFO:Engine successfully changes for model 'llar_cds_dt' to 'sklearn'.
2025-07-10 17:58:58,830:WARNING:
'prophet' is a soft dependency and not included in the pycaret installation. Please run: `pip install prophet` to install.
2025-07-10 17:58:58,830:INFO:Engine for model 'br_cds_dt' has not been set explicitly, hence returning None.
2025-07-10 17:58:58,831:INFO:Engine for model 'huber_cds_dt' has not been set explicitly, hence returning None.
2025-07-10 17:58:58,833:INFO:Engine for model 'omp_cds_dt' has not been set explicitly, hence returning None.
2025-07-10 17:58:58,834:INFO:Engine for model 'knn_cds_dt' has not been set explicitly, hence returning None.
2025-07-10 17:58:58,835:INFO:Engine for model 'dt_cds_dt' has not been set explicitly, hence returning None.
2025-07-10 17:58:58,835:INFO:Engine for model 'rf_cds_dt' has not been set explicitly, hence returning None.
2025-07-10 17:58:58,835:INFO:Engine for model 'et_cds_dt' has not been set explicitly, hence returning None.
2025-07-10 17:58:58,835:INFO:Engine for model 'gbr_cds_dt' has not been set explicitly, hence returning None.
2025-07-10 17:58:58,836:INFO:Engine for model 'ada_cds_dt' has not been set explicitly, hence returning None.
2025-07-10 17:58:58,836:INFO:Engine for model 'xgboost_cds_dt' has not been set explicitly, hence returning None.
2025-07-10 17:58:58,836:WARNING:
'xgboost' is a soft dependency and not included in the pycaret installation. Please run: `pip install xgboost` to install.
Alternately, you can install this by running `pip install pycaret[models]`
2025-07-10 17:58:58,836:WARNING:
'xgboost' is a soft dependency and not included in the pycaret installation. Please run: `pip install xgboost` to install.
Alternately, you can install this by running `pip install pycaret[models]`
2025-07-10 17:58:58,836:INFO:Engine for model 'lightgbm_cds_dt' has not been set explicitly, hence returning None.
2025-07-10 17:58:58,836:INFO:Engine for model 'catboost_cds_dt' has not been set explicitly, hence returning None.
2025-07-10 17:58:58,836:WARNING:
'catboost' is a soft dependency and not included in the pycaret installation. Please run: `pip install catboost` to install.
Alternately, you can install this by running `pip install pycaret[models]`
2025-07-10 17:58:58,836:WARNING:
'catboost' is a soft dependency and not included in the pycaret installation. Please run: `pip install catboost` to install.
Alternately, you can install this by running `pip install pycaret[models]`
2025-07-10 17:58:58,838:WARNING:
'prophet' is a soft dependency and not included in the pycaret installation. Please run: `pip install prophet` to install.
2025-07-10 17:58:58,839:INFO:Engine for model 'br_cds_dt' has not been set explicitly, hence returning None.
2025-07-10 17:58:58,839:INFO:Engine for model 'huber_cds_dt' has not been set explicitly, hence returning None.
2025-07-10 17:58:58,841:INFO:Engine for model 'omp_cds_dt' has not been set explicitly, hence returning None.
2025-07-10 17:58:58,843:INFO:Engine for model 'knn_cds_dt' has not been set explicitly, hence returning None.
2025-07-10 17:58:58,843:INFO:Engine for model 'dt_cds_dt' has not been set explicitly, hence returning None.
2025-07-10 17:58:58,843:INFO:Engine for model 'rf_cds_dt' has not been set explicitly, hence returning None.
2025-07-10 17:58:58,844:INFO:Engine for model 'et_cds_dt' has not been set explicitly, hence returning None.
2025-07-10 17:58:58,844:INFO:Engine for model 'gbr_cds_dt' has not been set explicitly, hence returning None.
2025-07-10 17:58:58,844:INFO:Engine for model 'ada_cds_dt' has not been set explicitly, hence returning None.
2025-07-10 17:58:58,844:INFO:Engine for model 'xgboost_cds_dt' has not been set explicitly, hence returning None.
2025-07-10 17:58:58,844:WARNING:
'xgboost' is a soft dependency and not included in the pycaret installation. Please run: `pip install xgboost` to install.
Alternately, you can install this by running `pip install pycaret[models]`
2025-07-10 17:58:58,844:WARNING:
'xgboost' is a soft dependency and not included in the pycaret installation. Please run: `pip install xgboost` to install.
Alternately, you can install this by running `pip install pycaret[models]`
2025-07-10 17:58:58,844:INFO:Engine for model 'lightgbm_cds_dt' has not been set explicitly, hence returning None.
2025-07-10 17:58:58,845:INFO:Engine for model 'catboost_cds_dt' has not been set explicitly, hence returning None.
2025-07-10 17:58:58,845:WARNING:
'catboost' is a soft dependency and not included in the pycaret installation. Please run: `pip install catboost` to install.
Alternately, you can install this by running `pip install pycaret[models]`
2025-07-10 17:58:58,845:WARNING:
'catboost' is a soft dependency and not included in the pycaret installation. Please run: `pip install catboost` to install.
Alternately, you can install this by running `pip install pycaret[models]`
2025-07-10 17:58:58,845:INFO:Engine successfully changes for model 'br_cds_dt' to 'sklearn'.
2025-07-10 17:58:58,847:WARNING:
'prophet' is a soft dependency and not included in the pycaret installation. Please run: `pip install prophet` to install.
2025-07-10 17:58:58,848:INFO:Engine for model 'huber_cds_dt' has not been set explicitly, hence returning None.
2025-07-10 17:58:58,850:INFO:Engine for model 'omp_cds_dt' has not been set explicitly, hence returning None.
2025-07-10 17:58:58,852:INFO:Engine for model 'knn_cds_dt' has not been set explicitly, hence returning None.
2025-07-10 17:58:58,852:INFO:Engine for model 'dt_cds_dt' has not been set explicitly, hence returning None.
2025-07-10 17:58:58,852:INFO:Engine for model 'rf_cds_dt' has not been set explicitly, hence returning None.
2025-07-10 17:58:58,852:INFO:Engine for model 'et_cds_dt' has not been set explicitly, hence returning None.
2025-07-10 17:58:58,852:INFO:Engine for model 'gbr_cds_dt' has not been set explicitly, hence returning None.
2025-07-10 17:58:58,853:INFO:Engine for model 'ada_cds_dt' has not been set explicitly, hence returning None.
2025-07-10 17:58:58,853:INFO:Engine for model 'xgboost_cds_dt' has not been set explicitly, hence returning None.
2025-07-10 17:58:58,853:WARNING:
'xgboost' is a soft dependency and not included in the pycaret installation. Please run: `pip install xgboost` to install.
Alternately, you can install this by running `pip install pycaret[models]`
2025-07-10 17:58:58,853:WARNING:
'xgboost' is a soft dependency and not included in the pycaret installation. Please run: `pip install xgboost` to install.
Alternately, you can install this by running `pip install pycaret[models]`
2025-07-10 17:58:58,853:INFO:Engine for model 'lightgbm_cds_dt' has not been set explicitly, hence returning None.
2025-07-10 17:58:58,853:INFO:Engine for model 'catboost_cds_dt' has not been set explicitly, hence returning None.
2025-07-10 17:58:58,853:WARNING:
'catboost' is a soft dependency and not included in the pycaret installation. Please run: `pip install catboost` to install.
Alternately, you can install this by running `pip install pycaret[models]`
2025-07-10 17:58:58,853:WARNING:
'catboost' is a soft dependency and not included in the pycaret installation. Please run: `pip install catboost` to install.
Alternately, you can install this by running `pip install pycaret[models]`
2025-07-10 17:58:58,856:WARNING:
'prophet' is a soft dependency and not included in the pycaret installation. Please run: `pip install prophet` to install.
2025-07-10 17:58:58,857:INFO:Engine for model 'huber_cds_dt' has not been set explicitly, hence returning None.
2025-07-10 17:58:58,859:INFO:Engine for model 'omp_cds_dt' has not been set explicitly, hence returning None.
2025-07-10 17:58:58,861:INFO:Engine for model 'knn_cds_dt' has not been set explicitly, hence returning None.
2025-07-10 17:58:58,861:INFO:Engine for model 'dt_cds_dt' has not been set explicitly, hence returning None.
2025-07-10 17:58:58,861:INFO:Engine for model 'rf_cds_dt' has not been set explicitly, hence returning None.
2025-07-10 17:58:58,861:INFO:Engine for model 'et_cds_dt' has not been set explicitly, hence returning None.
2025-07-10 17:58:58,861:INFO:Engine for model 'gbr_cds_dt' has not been set explicitly, hence returning None.
2025-07-10 17:58:58,862:INFO:Engine for model 'ada_cds_dt' has not been set explicitly, hence returning None.
2025-07-10 17:58:58,862:INFO:Engine for model 'xgboost_cds_dt' has not been set explicitly, hence returning None.
2025-07-10 17:58:58,862:WARNING:
'xgboost' is a soft dependency and not included in the pycaret installation. Please run: `pip install xgboost` to install.
Alternately, you can install this by running `pip install pycaret[models]`
2025-07-10 17:58:58,862:WARNING:
'xgboost' is a soft dependency and not included in the pycaret installation. Please run: `pip install xgboost` to install.
Alternately, you can install this by running `pip install pycaret[models]`
2025-07-10 17:58:58,862:INFO:Engine for model 'lightgbm_cds_dt' has not been set explicitly, hence returning None.
2025-07-10 17:58:58,862:INFO:Engine for model 'catboost_cds_dt' has not been set explicitly, hence returning None.
2025-07-10 17:58:58,862:WARNING:
'catboost' is a soft dependency and not included in the pycaret installation. Please run: `pip install catboost` to install.
Alternately, you can install this by running `pip install pycaret[models]`
2025-07-10 17:58:58,862:WARNING:
'catboost' is a soft dependency and not included in the pycaret installation. Please run: `pip install catboost` to install.
Alternately, you can install this by running `pip install pycaret[models]`
2025-07-10 17:58:58,862:INFO:Engine successfully changes for model 'huber_cds_dt' to 'sklearn'.
2025-07-10 17:58:58,864:WARNING:
'prophet' is a soft dependency and not included in the pycaret installation. Please run: `pip install prophet` to install.
2025-07-10 17:58:58,867:INFO:Engine for model 'omp_cds_dt' has not been set explicitly, hence returning None.
2025-07-10 17:58:58,869:INFO:Engine for model 'knn_cds_dt' has not been set explicitly, hence returning None.
2025-07-10 17:58:58,869:INFO:Engine for model 'dt_cds_dt' has not been set explicitly, hence returning None.
2025-07-10 17:58:58,869:INFO:Engine for model 'rf_cds_dt' has not been set explicitly, hence returning None.
2025-07-10 17:58:58,870:INFO:Engine for model 'et_cds_dt' has not been set explicitly, hence returning None.
2025-07-10 17:58:58,870:INFO:Engine for model 'gbr_cds_dt' has not been set explicitly, hence returning None.
2025-07-10 17:58:58,870:INFO:Engine for model 'ada_cds_dt' has not been set explicitly, hence returning None.
2025-07-10 17:58:58,870:INFO:Engine for model 'xgboost_cds_dt' has not been set explicitly, hence returning None.
2025-07-10 17:58:58,870:WARNING:
'xgboost' is a soft dependency and not included in the pycaret installation. Please run: `pip install xgboost` to install.
Alternately, you can install this by running `pip install pycaret[models]`
2025-07-10 17:58:58,870:WARNING:
'xgboost' is a soft dependency and not included in the pycaret installation. Please run: `pip install xgboost` to install.
Alternately, you can install this by running `pip install pycaret[models]`
2025-07-10 17:58:58,870:INFO:Engine for model 'lightgbm_cds_dt' has not been set explicitly, hence returning None.
2025-07-10 17:58:58,871:INFO:Engine for model 'catboost_cds_dt' has not been set explicitly, hence returning None.
2025-07-10 17:58:58,871:WARNING:
'catboost' is a soft dependency and not included in the pycaret installation. Please run: `pip install catboost` to install.
Alternately, you can install this by running `pip install pycaret[models]`
2025-07-10 17:58:58,871:WARNING:
'catboost' is a soft dependency and not included in the pycaret installation. Please run: `pip install catboost` to install.
Alternately, you can install this by running `pip install pycaret[models]`
2025-07-10 17:58:58,873:WARNING:
'prophet' is a soft dependency and not included in the pycaret installation. Please run: `pip install prophet` to install.
2025-07-10 17:58:58,876:INFO:Engine for model 'omp_cds_dt' has not been set explicitly, hence returning None.
2025-07-10 17:58:58,878:INFO:Engine for model 'knn_cds_dt' has not been set explicitly, hence returning None.
2025-07-10 17:58:58,878:INFO:Engine for model 'dt_cds_dt' has not been set explicitly, hence returning None.
2025-07-10 17:58:58,878:INFO:Engine for model 'rf_cds_dt' has not been set explicitly, hence returning None.
2025-07-10 17:58:58,879:INFO:Engine for model 'et_cds_dt' has not been set explicitly, hence returning None.
2025-07-10 17:58:58,879:INFO:Engine for model 'gbr_cds_dt' has not been set explicitly, hence returning None.
2025-07-10 17:58:58,879:INFO:Engine for model 'ada_cds_dt' has not been set explicitly, hence returning None.
2025-07-10 17:58:58,879:INFO:Engine for model 'xgboost_cds_dt' has not been set explicitly, hence returning None.
2025-07-10 17:58:58,879:WARNING:
'xgboost' is a soft dependency and not included in the pycaret installation. Please run: `pip install xgboost` to install.
Alternately, you can install this by running `pip install pycaret[models]`
2025-07-10 17:58:58,879:WARNING:
'xgboost' is a soft dependency and not included in the pycaret installation. Please run: `pip install xgboost` to install.
Alternately, you can install this by running `pip install pycaret[models]`
2025-07-10 17:58:58,879:INFO:Engine for model 'lightgbm_cds_dt' has not been set explicitly, hence returning None.
2025-07-10 17:58:58,880:INFO:Engine for model 'catboost_cds_dt' has not been set explicitly, hence returning None.
2025-07-10 17:58:58,880:WARNING:
'catboost' is a soft dependency and not included in the pycaret installation. Please run: `pip install catboost` to install.
Alternately, you can install this by running `pip install pycaret[models]`
2025-07-10 17:58:58,880:WARNING:
'catboost' is a soft dependency and not included in the pycaret installation. Please run: `pip install catboost` to install.
Alternately, you can install this by running `pip install pycaret[models]`
2025-07-10 17:58:58,880:INFO:Engine successfully changes for model 'par_cds_dt' to 'sklearn'.
2025-07-10 17:58:58,882:WARNING:
'prophet' is a soft dependency and not included in the pycaret installation. Please run: `pip install prophet` to install.
2025-07-10 17:58:58,885:INFO:Engine for model 'omp_cds_dt' has not been set explicitly, hence returning None.
2025-07-10 17:58:58,887:INFO:Engine for model 'knn_cds_dt' has not been set explicitly, hence returning None.
2025-07-10 17:58:58,887:INFO:Engine for model 'dt_cds_dt' has not been set explicitly, hence returning None.
2025-07-10 17:58:58,887:INFO:Engine for model 'rf_cds_dt' has not been set explicitly, hence returning None.
2025-07-10 17:58:58,887:INFO:Engine for model 'et_cds_dt' has not been set explicitly, hence returning None.
2025-07-10 17:58:58,888:INFO:Engine for model 'gbr_cds_dt' has not been set explicitly, hence returning None.
2025-07-10 17:58:58,888:INFO:Engine for model 'ada_cds_dt' has not been set explicitly, hence returning None.
2025-07-10 17:58:58,888:INFO:Engine for model 'xgboost_cds_dt' has not been set explicitly, hence returning None.
2025-07-10 17:58:58,888:WARNING:
'xgboost' is a soft dependency and not included in the pycaret installation. Please run: `pip install xgboost` to install.
Alternately, you can install this by running `pip install pycaret[models]`
2025-07-10 17:58:58,888:WARNING:
'xgboost' is a soft dependency and not included in the pycaret installation. Please run: `pip install xgboost` to install.
Alternately, you can install this by running `pip install pycaret[models]`
2025-07-10 17:58:58,888:INFO:Engine for model 'lightgbm_cds_dt' has not been set explicitly, hence returning None.
2025-07-10 17:58:58,888:INFO:Engine for model 'catboost_cds_dt' has not been set explicitly, hence returning None.
2025-07-10 17:58:58,888:WARNING:
'catboost' is a soft dependency and not included in the pycaret installation. Please run: `pip install catboost` to install.
Alternately, you can install this by running `pip install pycaret[models]`
2025-07-10 17:58:58,888:WARNING:
'catboost' is a soft dependency and not included in the pycaret installation. Please run: `pip install catboost` to install.
Alternately, you can install this by running `pip install pycaret[models]`
2025-07-10 17:58:58,891:WARNING:
'prophet' is a soft dependency and not included in the pycaret installation. Please run: `pip install prophet` to install.
2025-07-10 17:58:58,894:INFO:Engine for model 'omp_cds_dt' has not been set explicitly, hence returning None.
2025-07-10 17:58:58,895:INFO:Engine for model 'knn_cds_dt' has not been set explicitly, hence returning None.
2025-07-10 17:58:58,895:INFO:Engine for model 'dt_cds_dt' has not been set explicitly, hence returning None.
2025-07-10 17:58:58,896:INFO:Engine for model 'rf_cds_dt' has not been set explicitly, hence returning None.
2025-07-10 17:58:58,896:INFO:Engine for model 'et_cds_dt' has not been set explicitly, hence returning None.
2025-07-10 17:58:58,896:INFO:Engine for model 'gbr_cds_dt' has not been set explicitly, hence returning None.
2025-07-10 17:58:58,896:INFO:Engine for model 'ada_cds_dt' has not been set explicitly, hence returning None.
2025-07-10 17:58:58,897:INFO:Engine for model 'xgboost_cds_dt' has not been set explicitly, hence returning None.
2025-07-10 17:58:58,897:WARNING:
'xgboost' is a soft dependency and not included in the pycaret installation. Please run: `pip install xgboost` to install.
Alternately, you can install this by running `pip install pycaret[models]`
2025-07-10 17:58:58,897:WARNING:
'xgboost' is a soft dependency and not included in the pycaret installation. Please run: `pip install xgboost` to install.
Alternately, you can install this by running `pip install pycaret[models]`
2025-07-10 17:58:58,897:INFO:Engine for model 'lightgbm_cds_dt' has not been set explicitly, hence returning None.
2025-07-10 17:58:58,897:INFO:Engine for model 'catboost_cds_dt' has not been set explicitly, hence returning None.
2025-07-10 17:58:58,897:WARNING:
'catboost' is a soft dependency and not included in the pycaret installation. Please run: `pip install catboost` to install.
Alternately, you can install this by running `pip install pycaret[models]`
2025-07-10 17:58:58,897:WARNING:
'catboost' is a soft dependency and not included in the pycaret installation. Please run: `pip install catboost` to install.
Alternately, you can install this by running `pip install pycaret[models]`
2025-07-10 17:58:58,897:INFO:Engine successfully changes for model 'omp_cds_dt' to 'sklearn'.
2025-07-10 17:58:58,899:WARNING:
'prophet' is a soft dependency and not included in the pycaret installation. Please run: `pip install prophet` to install.
2025-07-10 17:58:58,904:INFO:Engine for model 'knn_cds_dt' has not been set explicitly, hence returning None.
2025-07-10 17:58:58,904:INFO:Engine for model 'dt_cds_dt' has not been set explicitly, hence returning None.
2025-07-10 17:58:58,904:INFO:Engine for model 'rf_cds_dt' has not been set explicitly, hence returning None.
2025-07-10 17:58:58,905:INFO:Engine for model 'et_cds_dt' has not been set explicitly, hence returning None.
2025-07-10 17:58:58,905:INFO:Engine for model 'gbr_cds_dt' has not been set explicitly, hence returning None.
2025-07-10 17:58:58,905:INFO:Engine for model 'ada_cds_dt' has not been set explicitly, hence returning None.
2025-07-10 17:58:58,905:INFO:Engine for model 'xgboost_cds_dt' has not been set explicitly, hence returning None.
2025-07-10 17:58:58,905:WARNING:
'xgboost' is a soft dependency and not included in the pycaret installation. Please run: `pip install xgboost` to install.
Alternately, you can install this by running `pip install pycaret[models]`
2025-07-10 17:58:58,905:WARNING:
'xgboost' is a soft dependency and not included in the pycaret installation. Please run: `pip install xgboost` to install.
Alternately, you can install this by running `pip install pycaret[models]`
2025-07-10 17:58:58,905:INFO:Engine for model 'lightgbm_cds_dt' has not been set explicitly, hence returning None.
2025-07-10 17:58:58,905:INFO:Engine for model 'catboost_cds_dt' has not been set explicitly, hence returning None.
2025-07-10 17:58:58,906:WARNING:
'catboost' is a soft dependency and not included in the pycaret installation. Please run: `pip install catboost` to install.
Alternately, you can install this by running `pip install pycaret[models]`
2025-07-10 17:58:58,906:WARNING:
'catboost' is a soft dependency and not included in the pycaret installation. Please run: `pip install catboost` to install.
Alternately, you can install this by running `pip install pycaret[models]`
2025-07-10 17:58:58,908:WARNING:
'prophet' is a soft dependency and not included in the pycaret installation. Please run: `pip install prophet` to install.
2025-07-10 17:58:58,912:INFO:Engine for model 'knn_cds_dt' has not been set explicitly, hence returning None.
2025-07-10 17:58:58,913:INFO:Engine for model 'dt_cds_dt' has not been set explicitly, hence returning None.
2025-07-10 17:58:58,913:INFO:Engine for model 'rf_cds_dt' has not been set explicitly, hence returning None.
2025-07-10 17:58:58,913:INFO:Engine for model 'et_cds_dt' has not been set explicitly, hence returning None.
2025-07-10 17:58:58,914:INFO:Engine for model 'gbr_cds_dt' has not been set explicitly, hence returning None.
2025-07-10 17:58:58,914:INFO:Engine for model 'ada_cds_dt' has not been set explicitly, hence returning None.
2025-07-10 17:58:58,914:INFO:Engine for model 'xgboost_cds_dt' has not been set explicitly, hence returning None.
2025-07-10 17:58:58,914:WARNING:
'xgboost' is a soft dependency and not included in the pycaret installation. Please run: `pip install xgboost` to install.
Alternately, you can install this by running `pip install pycaret[models]`
2025-07-10 17:58:58,914:WARNING:
'xgboost' is a soft dependency and not included in the pycaret installation. Please run: `pip install xgboost` to install.
Alternately, you can install this by running `pip install pycaret[models]`
2025-07-10 17:58:58,914:INFO:Engine for model 'lightgbm_cds_dt' has not been set explicitly, hence returning None.
2025-07-10 17:58:58,914:INFO:Engine for model 'catboost_cds_dt' has not been set explicitly, hence returning None.
2025-07-10 17:58:58,914:WARNING:
'catboost' is a soft dependency and not included in the pycaret installation. Please run: `pip install catboost` to install.
Alternately, you can install this by running `pip install pycaret[models]`
2025-07-10 17:58:58,914:WARNING:
'catboost' is a soft dependency and not included in the pycaret installation. Please run: `pip install catboost` to install.
Alternately, you can install this by running `pip install pycaret[models]`
2025-07-10 17:58:58,915:INFO:Engine successfully changes for model 'knn_cds_dt' to 'sklearn'.
2025-07-10 17:58:58,917:WARNING:
'prophet' is a soft dependency and not included in the pycaret installation. Please run: `pip install prophet` to install.
2025-07-10 17:58:58,923:INFO:Engine for model 'dt_cds_dt' has not been set explicitly, hence returning None.
2025-07-10 17:58:58,924:INFO:Engine for model 'rf_cds_dt' has not been set explicitly, hence returning None.
2025-07-10 17:58:58,924:INFO:Engine for model 'et_cds_dt' has not been set explicitly, hence returning None.
2025-07-10 17:58:58,924:INFO:Engine for model 'gbr_cds_dt' has not been set explicitly, hence returning None.
2025-07-10 17:58:58,925:INFO:Engine for model 'ada_cds_dt' has not been set explicitly, hence returning None.
2025-07-10 17:58:58,925:INFO:Engine for model 'xgboost_cds_dt' has not been set explicitly, hence returning None.
2025-07-10 17:58:58,925:WARNING:
'xgboost' is a soft dependency and not included in the pycaret installation. Please run: `pip install xgboost` to install.
Alternately, you can install this by running `pip install pycaret[models]`
2025-07-10 17:58:58,925:WARNING:
'xgboost' is a soft dependency and not included in the pycaret installation. Please run: `pip install xgboost` to install.
Alternately, you can install this by running `pip install pycaret[models]`
2025-07-10 17:58:58,925:INFO:Engine for model 'lightgbm_cds_dt' has not been set explicitly, hence returning None.
2025-07-10 17:58:58,926:INFO:Engine for model 'catboost_cds_dt' has not been set explicitly, hence returning None.
2025-07-10 17:58:58,926:WARNING:
'catboost' is a soft dependency and not included in the pycaret installation. Please run: `pip install catboost` to install.
Alternately, you can install this by running `pip install pycaret[models]`
2025-07-10 17:58:58,926:WARNING:
'catboost' is a soft dependency and not included in the pycaret installation. Please run: `pip install catboost` to install.
Alternately, you can install this by running `pip install pycaret[models]`
2025-07-10 17:58:58,929:WARNING:
'prophet' is a soft dependency and not included in the pycaret installation. Please run: `pip install prophet` to install.
2025-07-10 17:58:58,934:INFO:Engine for model 'dt_cds_dt' has not been set explicitly, hence returning None.
2025-07-10 17:58:58,934:INFO:Engine for model 'rf_cds_dt' has not been set explicitly, hence returning None.
2025-07-10 17:58:58,934:INFO:Engine for model 'et_cds_dt' has not been set explicitly, hence returning None.
2025-07-10 17:58:58,934:INFO:Engine for model 'gbr_cds_dt' has not been set explicitly, hence returning None.
2025-07-10 17:58:58,935:INFO:Engine for model 'ada_cds_dt' has not been set explicitly, hence returning None.
2025-07-10 17:58:58,935:INFO:Engine for model 'xgboost_cds_dt' has not been set explicitly, hence returning None.
2025-07-10 17:58:58,935:WARNING:
'xgboost' is a soft dependency and not included in the pycaret installation. Please run: `pip install xgboost` to install.
Alternately, you can install this by running `pip install pycaret[models]`
2025-07-10 17:58:58,935:WARNING:
'xgboost' is a soft dependency and not included in the pycaret installation. Please run: `pip install xgboost` to install.
Alternately, you can install this by running `pip install pycaret[models]`
2025-07-10 17:58:58,935:INFO:Engine for model 'lightgbm_cds_dt' has not been set explicitly, hence returning None.
2025-07-10 17:58:58,935:INFO:Engine for model 'catboost_cds_dt' has not been set explicitly, hence returning None.
2025-07-10 17:58:58,935:WARNING:
'catboost' is a soft dependency and not included in the pycaret installation. Please run: `pip install catboost` to install.
Alternately, you can install this by running `pip install pycaret[models]`
2025-07-10 17:58:58,935:WARNING:
'catboost' is a soft dependency and not included in the pycaret installation. Please run: `pip install catboost` to install.
Alternately, you can install this by running `pip install pycaret[models]`
2025-07-10 17:58:58,935:INFO:Engine successfully changes for model 'dt_cds_dt' to 'sklearn'.
2025-07-10 17:58:58,937:WARNING:
'prophet' is a soft dependency and not included in the pycaret installation. Please run: `pip install prophet` to install.
2025-07-10 17:58:58,943:INFO:Engine for model 'rf_cds_dt' has not been set explicitly, hence returning None.
2025-07-10 17:58:58,943:INFO:Engine for model 'et_cds_dt' has not been set explicitly, hence returning None.
2025-07-10 17:58:58,943:INFO:Engine for model 'gbr_cds_dt' has not been set explicitly, hence returning None.
2025-07-10 17:58:58,943:INFO:Engine for model 'ada_cds_dt' has not been set explicitly, hence returning None.
2025-07-10 17:58:58,943:INFO:Engine for model 'xgboost_cds_dt' has not been set explicitly, hence returning None.
2025-07-10 17:58:58,944:WARNING:
'xgboost' is a soft dependency and not included in the pycaret installation. Please run: `pip install xgboost` to install.
Alternately, you can install this by running `pip install pycaret[models]`
2025-07-10 17:58:58,944:WARNING:
'xgboost' is a soft dependency and not included in the pycaret installation. Please run: `pip install xgboost` to install.
Alternately, you can install this by running `pip install pycaret[models]`
2025-07-10 17:58:58,944:INFO:Engine for model 'lightgbm_cds_dt' has not been set explicitly, hence returning None.
2025-07-10 17:58:58,944:INFO:Engine for model 'catboost_cds_dt' has not been set explicitly, hence returning None.
2025-07-10 17:58:58,944:WARNING:
'catboost' is a soft dependency and not included in the pycaret installation. Please run: `pip install catboost` to install.
Alternately, you can install this by running `pip install pycaret[models]`
2025-07-10 17:58:58,944:WARNING:
'catboost' is a soft dependency and not included in the pycaret installation. Please run: `pip install catboost` to install.
Alternately, you can install this by running `pip install pycaret[models]`
2025-07-10 17:58:58,946:WARNING:
'prophet' is a soft dependency and not included in the pycaret installation. Please run: `pip install prophet` to install.
2025-07-10 17:58:58,951:INFO:Engine for model 'rf_cds_dt' has not been set explicitly, hence returning None.
2025-07-10 17:58:58,952:INFO:Engine for model 'et_cds_dt' has not been set explicitly, hence returning None.
2025-07-10 17:58:58,952:INFO:Engine for model 'gbr_cds_dt' has not been set explicitly, hence returning None.
2025-07-10 17:58:58,952:INFO:Engine for model 'ada_cds_dt' has not been set explicitly, hence returning None.
2025-07-10 17:58:58,952:INFO:Engine for model 'xgboost_cds_dt' has not been set explicitly, hence returning None.
2025-07-10 17:58:58,952:WARNING:
'xgboost' is a soft dependency and not included in the pycaret installation. Please run: `pip install xgboost` to install.
Alternately, you can install this by running `pip install pycaret[models]`
2025-07-10 17:58:58,952:WARNING:
'xgboost' is a soft dependency and not included in the pycaret installation. Please run: `pip install xgboost` to install.
Alternately, you can install this by running `pip install pycaret[models]`
2025-07-10 17:58:58,952:INFO:Engine for model 'lightgbm_cds_dt' has not been set explicitly, hence returning None.
2025-07-10 17:58:58,953:INFO:Engine for model 'catboost_cds_dt' has not been set explicitly, hence returning None.
2025-07-10 17:58:58,953:WARNING:
'catboost' is a soft dependency and not included in the pycaret installation. Please run: `pip install catboost` to install.
Alternately, you can install this by running `pip install pycaret[models]`
2025-07-10 17:58:58,953:WARNING:
'catboost' is a soft dependency and not included in the pycaret installation. Please run: `pip install catboost` to install.
Alternately, you can install this by running `pip install pycaret[models]`
2025-07-10 17:58:58,953:INFO:Engine successfully changes for model 'rf_cds_dt' to 'sklearn'.
2025-07-10 17:58:58,955:WARNING:
'prophet' is a soft dependency and not included in the pycaret installation. Please run: `pip install prophet` to install.
2025-07-10 17:58:58,960:INFO:Engine for model 'et_cds_dt' has not been set explicitly, hence returning None.
2025-07-10 17:58:58,961:INFO:Engine for model 'gbr_cds_dt' has not been set explicitly, hence returning None.
2025-07-10 17:58:58,961:INFO:Engine for model 'ada_cds_dt' has not been set explicitly, hence returning None.
2025-07-10 17:58:58,961:INFO:Engine for model 'xgboost_cds_dt' has not been set explicitly, hence returning None.
2025-07-10 17:58:58,961:WARNING:
'xgboost' is a soft dependency and not included in the pycaret installation. Please run: `pip install xgboost` to install.
Alternately, you can install this by running `pip install pycaret[models]`
2025-07-10 17:58:58,961:WARNING:
'xgboost' is a soft dependency and not included in the pycaret installation. Please run: `pip install xgboost` to install.
Alternately, you can install this by running `pip install pycaret[models]`
2025-07-10 17:58:58,961:INFO:Engine for model 'lightgbm_cds_dt' has not been set explicitly, hence returning None.
2025-07-10 17:58:58,962:INFO:Engine for model 'catboost_cds_dt' has not been set explicitly, hence returning None.
2025-07-10 17:58:58,962:WARNING:
'catboost' is a soft dependency and not included in the pycaret installation. Please run: `pip install catboost` to install.
Alternately, you can install this by running `pip install pycaret[models]`
2025-07-10 17:58:58,962:WARNING:
'catboost' is a soft dependency and not included in the pycaret installation. Please run: `pip install catboost` to install.
Alternately, you can install this by running `pip install pycaret[models]`
2025-07-10 17:58:58,964:WARNING:
'prophet' is a soft dependency and not included in the pycaret installation. Please run: `pip install prophet` to install.
2025-07-10 17:58:58,969:INFO:Engine for model 'et_cds_dt' has not been set explicitly, hence returning None.
2025-07-10 17:58:58,970:INFO:Engine for model 'gbr_cds_dt' has not been set explicitly, hence returning None.
2025-07-10 17:58:58,970:INFO:Engine for model 'ada_cds_dt' has not been set explicitly, hence returning None.
2025-07-10 17:58:58,970:INFO:Engine for model 'xgboost_cds_dt' has not been set explicitly, hence returning None.
2025-07-10 17:58:58,970:WARNING:
'xgboost' is a soft dependency and not included in the pycaret installation. Please run: `pip install xgboost` to install.
Alternately, you can install this by running `pip install pycaret[models]`
2025-07-10 17:58:58,970:WARNING:
'xgboost' is a soft dependency and not included in the pycaret installation. Please run: `pip install xgboost` to install.
Alternately, you can install this by running `pip install pycaret[models]`
2025-07-10 17:58:58,970:INFO:Engine for model 'lightgbm_cds_dt' has not been set explicitly, hence returning None.
2025-07-10 17:58:58,970:INFO:Engine for model 'catboost_cds_dt' has not been set explicitly, hence returning None.
2025-07-10 17:58:58,970:WARNING:
'catboost' is a soft dependency and not included in the pycaret installation. Please run: `pip install catboost` to install.
Alternately, you can install this by running `pip install pycaret[models]`
2025-07-10 17:58:58,970:WARNING:
'catboost' is a soft dependency and not included in the pycaret installation. Please run: `pip install catboost` to install.
Alternately, you can install this by running `pip install pycaret[models]`
2025-07-10 17:58:58,971:INFO:Engine successfully changes for model 'et_cds_dt' to 'sklearn'.
2025-07-10 17:58:58,973:WARNING:
'prophet' is a soft dependency and not included in the pycaret installation. Please run: `pip install prophet` to install.
2025-07-10 17:58:58,978:INFO:Engine for model 'gbr_cds_dt' has not been set explicitly, hence returning None.
2025-07-10 17:58:58,978:INFO:Engine for model 'ada_cds_dt' has not been set explicitly, hence returning None.
2025-07-10 17:58:58,979:INFO:Engine for model 'xgboost_cds_dt' has not been set explicitly, hence returning None.
2025-07-10 17:58:58,979:WARNING:
'xgboost' is a soft dependency and not included in the pycaret installation. Please run: `pip install xgboost` to install.
Alternately, you can install this by running `pip install pycaret[models]`
2025-07-10 17:58:58,979:WARNING:
'xgboost' is a soft dependency and not included in the pycaret installation. Please run: `pip install xgboost` to install.
Alternately, you can install this by running `pip install pycaret[models]`
2025-07-10 17:58:58,979:INFO:Engine for model 'lightgbm_cds_dt' has not been set explicitly, hence returning None.
2025-07-10 17:58:58,979:INFO:Engine for model 'catboost_cds_dt' has not been set explicitly, hence returning None.
2025-07-10 17:58:58,979:WARNING:
'catboost' is a soft dependency and not included in the pycaret installation. Please run: `pip install catboost` to install.
Alternately, you can install this by running `pip install pycaret[models]`
2025-07-10 17:58:58,979:WARNING:
'catboost' is a soft dependency and not included in the pycaret installation. Please run: `pip install catboost` to install.
Alternately, you can install this by running `pip install pycaret[models]`
2025-07-10 17:58:58,981:WARNING:
'prophet' is a soft dependency and not included in the pycaret installation. Please run: `pip install prophet` to install.
2025-07-10 17:58:58,986:INFO:Engine for model 'gbr_cds_dt' has not been set explicitly, hence returning None.
2025-07-10 17:58:58,987:INFO:Engine for model 'ada_cds_dt' has not been set explicitly, hence returning None.
2025-07-10 17:58:58,987:INFO:Engine for model 'xgboost_cds_dt' has not been set explicitly, hence returning None.
2025-07-10 17:58:58,987:WARNING:
'xgboost' is a soft dependency and not included in the pycaret installation. Please run: `pip install xgboost` to install.
Alternately, you can install this by running `pip install pycaret[models]`
2025-07-10 17:58:58,987:WARNING:
'xgboost' is a soft dependency and not included in the pycaret installation. Please run: `pip install xgboost` to install.
Alternately, you can install this by running `pip install pycaret[models]`
2025-07-10 17:58:58,987:INFO:Engine for model 'lightgbm_cds_dt' has not been set explicitly, hence returning None.
2025-07-10 17:58:58,987:INFO:Engine for model 'catboost_cds_dt' has not been set explicitly, hence returning None.
2025-07-10 17:58:58,987:WARNING:
'catboost' is a soft dependency and not included in the pycaret installation. Please run: `pip install catboost` to install.
Alternately, you can install this by running `pip install pycaret[models]`
2025-07-10 17:58:58,987:WARNING:
'catboost' is a soft dependency and not included in the pycaret installation. Please run: `pip install catboost` to install.
Alternately, you can install this by running `pip install pycaret[models]`
2025-07-10 17:58:58,988:INFO:Engine successfully changes for model 'gbr_cds_dt' to 'sklearn'.
2025-07-10 17:58:58,990:WARNING:
'prophet' is a soft dependency and not included in the pycaret installation. Please run: `pip install prophet` to install.
2025-07-10 17:58:58,995:INFO:Engine for model 'ada_cds_dt' has not been set explicitly, hence returning None.
2025-07-10 17:58:58,996:INFO:Engine for model 'xgboost_cds_dt' has not been set explicitly, hence returning None.
2025-07-10 17:58:58,996:WARNING:
'xgboost' is a soft dependency and not included in the pycaret installation. Please run: `pip install xgboost` to install.
Alternately, you can install this by running `pip install pycaret[models]`
2025-07-10 17:58:58,996:WARNING:
'xgboost' is a soft dependency and not included in the pycaret installation. Please run: `pip install xgboost` to install.
Alternately, you can install this by running `pip install pycaret[models]`
2025-07-10 17:58:58,996:INFO:Engine for model 'lightgbm_cds_dt' has not been set explicitly, hence returning None.
2025-07-10 17:58:58,996:INFO:Engine for model 'catboost_cds_dt' has not been set explicitly, hence returning None.
2025-07-10 17:58:58,996:WARNING:
'catboost' is a soft dependency and not included in the pycaret installation. Please run: `pip install catboost` to install.
Alternately, you can install this by running `pip install pycaret[models]`
2025-07-10 17:58:58,996:WARNING:
'catboost' is a soft dependency and not included in the pycaret installation. Please run: `pip install catboost` to install.
Alternately, you can install this by running `pip install pycaret[models]`
2025-07-10 17:58:58,998:WARNING:
'prophet' is a soft dependency and not included in the pycaret installation. Please run: `pip install prophet` to install.
2025-07-10 17:58:59,004:INFO:Engine for model 'ada_cds_dt' has not been set explicitly, hence returning None.
2025-07-10 17:58:59,004:INFO:Engine for model 'xgboost_cds_dt' has not been set explicitly, hence returning None.
2025-07-10 17:58:59,005:WARNING:
'xgboost' is a soft dependency and not included in the pycaret installation. Please run: `pip install xgboost` to install.
Alternately, you can install this by running `pip install pycaret[models]`
2025-07-10 17:58:59,005:WARNING:
'xgboost' is a soft dependency and not included in the pycaret installation. Please run: `pip install xgboost` to install.
Alternately, you can install this by running `pip install pycaret[models]`
2025-07-10 17:58:59,005:INFO:Engine for model 'lightgbm_cds_dt' has not been set explicitly, hence returning None.
2025-07-10 17:58:59,005:INFO:Engine for model 'catboost_cds_dt' has not been set explicitly, hence returning None.
2025-07-10 17:58:59,005:WARNING:
'catboost' is a soft dependency and not included in the pycaret installation. Please run: `pip install catboost` to install.
Alternately, you can install this by running `pip install pycaret[models]`
2025-07-10 17:58:59,005:WARNING:
'catboost' is a soft dependency and not included in the pycaret installation. Please run: `pip install catboost` to install.
Alternately, you can install this by running `pip install pycaret[models]`
2025-07-10 17:58:59,005:INFO:Engine successfully changes for model 'ada_cds_dt' to 'sklearn'.
2025-07-10 17:58:59,007:WARNING:
'prophet' is a soft dependency and not included in the pycaret installation. Please run: `pip install prophet` to install.
2025-07-10 17:58:59,013:INFO:Engine for model 'xgboost_cds_dt' has not been set explicitly, hence returning None.
2025-07-10 17:58:59,013:WARNING:
'xgboost' is a soft dependency and not included in the pycaret installation. Please run: `pip install xgboost` to install.
Alternately, you can install this by running `pip install pycaret[models]`
2025-07-10 17:58:59,013:WARNING:
'xgboost' is a soft dependency and not included in the pycaret installation. Please run: `pip install xgboost` to install.
Alternately, you can install this by running `pip install pycaret[models]`
2025-07-10 17:58:59,013:INFO:Engine for model 'lightgbm_cds_dt' has not been set explicitly, hence returning None.
2025-07-10 17:58:59,013:INFO:Engine for model 'catboost_cds_dt' has not been set explicitly, hence returning None.
2025-07-10 17:58:59,013:WARNING:
'catboost' is a soft dependency and not included in the pycaret installation. Please run: `pip install catboost` to install.
Alternately, you can install this by running `pip install pycaret[models]`
2025-07-10 17:58:59,013:WARNING:
'catboost' is a soft dependency and not included in the pycaret installation. Please run: `pip install catboost` to install.
Alternately, you can install this by running `pip install pycaret[models]`
2025-07-10 17:58:59,016:WARNING:
'prophet' is a soft dependency and not included in the pycaret installation. Please run: `pip install prophet` to install.
2025-07-10 17:58:59,022:INFO:Engine for model 'xgboost_cds_dt' has not been set explicitly, hence returning None.
2025-07-10 17:58:59,023:WARNING:
'xgboost' is a soft dependency and not included in the pycaret installation. Please run: `pip install xgboost` to install.
Alternately, you can install this by running `pip install pycaret[models]`
2025-07-10 17:58:59,023:WARNING:
'xgboost' is a soft dependency and not included in the pycaret installation. Please run: `pip install xgboost` to install.
Alternately, you can install this by running `pip install pycaret[models]`
2025-07-10 17:58:59,023:INFO:Engine for model 'lightgbm_cds_dt' has not been set explicitly, hence returning None.
2025-07-10 17:58:59,023:INFO:Engine for model 'catboost_cds_dt' has not been set explicitly, hence returning None.
2025-07-10 17:58:59,023:WARNING:
'catboost' is a soft dependency and not included in the pycaret installation. Please run: `pip install catboost` to install.
Alternately, you can install this by running `pip install pycaret[models]`
2025-07-10 17:58:59,023:WARNING:
'catboost' is a soft dependency and not included in the pycaret installation. Please run: `pip install catboost` to install.
Alternately, you can install this by running `pip install pycaret[models]`
2025-07-10 17:58:59,023:INFO:Engine successfully changes for model 'xgboost_cds_dt' to 'sklearn'.
2025-07-10 17:58:59,025:WARNING:
'prophet' is a soft dependency and not included in the pycaret installation. Please run: `pip install prophet` to install.
2025-07-10 17:58:59,032:WARNING:
'xgboost' is a soft dependency and not included in the pycaret installation. Please run: `pip install xgboost` to install.
Alternately, you can install this by running `pip install pycaret[models]`
2025-07-10 17:58:59,032:WARNING:
'xgboost' is a soft dependency and not included in the pycaret installation. Please run: `pip install xgboost` to install.
Alternately, you can install this by running `pip install pycaret[models]`
2025-07-10 17:58:59,032:INFO:Engine for model 'lightgbm_cds_dt' has not been set explicitly, hence returning None.
2025-07-10 17:58:59,032:INFO:Engine for model 'catboost_cds_dt' has not been set explicitly, hence returning None.
2025-07-10 17:58:59,032:WARNING:
'catboost' is a soft dependency and not included in the pycaret installation. Please run: `pip install catboost` to install.
Alternately, you can install this by running `pip install pycaret[models]`
2025-07-10 17:58:59,032:WARNING:
'catboost' is a soft dependency and not included in the pycaret installation. Please run: `pip install catboost` to install.
Alternately, you can install this by running `pip install pycaret[models]`
2025-07-10 17:58:59,035:WARNING:
'prophet' is a soft dependency and not included in the pycaret installation. Please run: `pip install prophet` to install.
2025-07-10 17:58:59,043:WARNING:
'xgboost' is a soft dependency and not included in the pycaret installation. Please run: `pip install xgboost` to install.
Alternately, you can install this by running `pip install pycaret[models]`
2025-07-10 17:58:59,043:WARNING:
'xgboost' is a soft dependency and not included in the pycaret installation. Please run: `pip install xgboost` to install.
Alternately, you can install this by running `pip install pycaret[models]`
2025-07-10 17:58:59,043:INFO:Engine for model 'lightgbm_cds_dt' has not been set explicitly, hence returning None.
2025-07-10 17:58:59,043:INFO:Engine for model 'catboost_cds_dt' has not been set explicitly, hence returning None.
2025-07-10 17:58:59,044:WARNING:
'catboost' is a soft dependency and not included in the pycaret installation. Please run: `pip install catboost` to install.
Alternately, you can install this by running `pip install pycaret[models]`
2025-07-10 17:58:59,044:WARNING:
'catboost' is a soft dependency and not included in the pycaret installation. Please run: `pip install catboost` to install.
Alternately, you can install this by running `pip install pycaret[models]`
2025-07-10 17:58:59,044:INFO:Engine successfully changes for model 'lightgbm_cds_dt' to 'sklearn'.
2025-07-10 17:58:59,046:WARNING:
'prophet' is a soft dependency and not included in the pycaret installation. Please run: `pip install prophet` to install.
2025-07-10 17:58:59,053:WARNING:
'xgboost' is a soft dependency and not included in the pycaret installation. Please run: `pip install xgboost` to install.
Alternately, you can install this by running `pip install pycaret[models]`
2025-07-10 17:58:59,053:WARNING:
'xgboost' is a soft dependency and not included in the pycaret installation. Please run: `pip install xgboost` to install.
Alternately, you can install this by running `pip install pycaret[models]`
2025-07-10 17:58:59,053:INFO:Engine for model 'catboost_cds_dt' has not been set explicitly, hence returning None.
2025-07-10 17:58:59,053:WARNING:
'catboost' is a soft dependency and not included in the pycaret installation. Please run: `pip install catboost` to install.
Alternately, you can install this by running `pip install pycaret[models]`
2025-07-10 17:58:59,053:WARNING:
'catboost' is a soft dependency and not included in the pycaret installation. Please run: `pip install catboost` to install.
Alternately, you can install this by running `pip install pycaret[models]`
2025-07-10 17:58:59,057:WARNING:
'prophet' is a soft dependency and not included in the pycaret installation. Please run: `pip install prophet` to install.
2025-07-10 17:58:59,063:WARNING:
'xgboost' is a soft dependency and not included in the pycaret installation. Please run: `pip install xgboost` to install.
Alternately, you can install this by running `pip install pycaret[models]`
2025-07-10 17:58:59,063:WARNING:
'xgboost' is a soft dependency and not included in the pycaret installation. Please run: `pip install xgboost` to install.
Alternately, you can install this by running `pip install pycaret[models]`
2025-07-10 17:58:59,063:INFO:Engine for model 'catboost_cds_dt' has not been set explicitly, hence returning None.
2025-07-10 17:58:59,063:WARNING:
'catboost' is a soft dependency and not included in the pycaret installation. Please run: `pip install catboost` to install.
Alternately, you can install this by running `pip install pycaret[models]`
2025-07-10 17:58:59,064:WARNING:
'catboost' is a soft dependency and not included in the pycaret installation. Please run: `pip install catboost` to install.
Alternately, you can install this by running `pip install pycaret[models]`
2025-07-10 17:58:59,064:INFO:Engine successfully changes for model 'catboost_cds_dt' to 'sklearn'.
2025-07-10 17:58:59,066:WARNING:
'prophet' is a soft dependency and not included in the pycaret installation. Please run: `pip install prophet` to install.
2025-07-10 17:58:59,072:WARNING:
'xgboost' is a soft dependency and not included in the pycaret installation. Please run: `pip install xgboost` to install.
Alternately, you can install this by running `pip install pycaret[models]`
2025-07-10 17:58:59,072:WARNING:
'xgboost' is a soft dependency and not included in the pycaret installation. Please run: `pip install xgboost` to install.
Alternately, you can install this by running `pip install pycaret[models]`
2025-07-10 17:58:59,072:WARNING:
'catboost' is a soft dependency and not included in the pycaret installation. Please run: `pip install catboost` to install.
Alternately, you can install this by running `pip install pycaret[models]`
2025-07-10 17:58:59,072:WARNING:
'catboost' is a soft dependency and not included in the pycaret installation. Please run: `pip install catboost` to install.
Alternately, you can install this by running `pip install pycaret[models]`
2025-07-10 17:58:59,075:WARNING:
'prophet' is a soft dependency and not included in the pycaret installation. Please run: `pip install prophet` to install.
2025-07-10 17:58:59,081:WARNING:
'xgboost' is a soft dependency and not included in the pycaret installation. Please run: `pip install xgboost` to install.
Alternately, you can install this by running `pip install pycaret[models]`
2025-07-10 17:58:59,081:WARNING:
'xgboost' is a soft dependency and not included in the pycaret installation. Please run: `pip install xgboost` to install.
Alternately, you can install this by running `pip install pycaret[models]`
2025-07-10 17:58:59,082:WARNING:
'catboost' is a soft dependency and not included in the pycaret installation. Please run: `pip install catboost` to install.
Alternately, you can install this by running `pip install pycaret[models]`
2025-07-10 17:58:59,082:WARNING:
'catboost' is a soft dependency and not included in the pycaret installation. Please run: `pip install catboost` to install.
Alternately, you can install this by running `pip install pycaret[models]`
2025-07-10 17:58:59,084:WARNING:
'prophet' is a soft dependency and not included in the pycaret installation. Please run: `pip install prophet` to install.
2025-07-10 17:58:59,090:WARNING:
'xgboost' is a soft dependency and not included in the pycaret installation. Please run: `pip install xgboost` to install.
Alternately, you can install this by running `pip install pycaret[models]`
2025-07-10 17:58:59,090:WARNING:
'xgboost' is a soft dependency and not included in the pycaret installation. Please run: `pip install xgboost` to install.
Alternately, you can install this by running `pip install pycaret[models]`
2025-07-10 17:58:59,090:WARNING:
'catboost' is a soft dependency and not included in the pycaret installation. Please run: `pip install catboost` to install.
Alternately, you can install this by running `pip install pycaret[models]`
2025-07-10 17:58:59,091:WARNING:
'catboost' is a soft dependency and not included in the pycaret installation. Please run: `pip install catboost` to install.
Alternately, you can install this by running `pip install pycaret[models]`
2025-07-10 17:58:59,093:WARNING:
'prophet' is a soft dependency and not included in the pycaret installation. Please run: `pip install prophet` to install.
2025-07-10 17:58:59,100:WARNING:
'xgboost' is a soft dependency and not included in the pycaret installation. Please run: `pip install xgboost` to install.
Alternately, you can install this by running `pip install pycaret[models]`
2025-07-10 17:58:59,100:WARNING:
'xgboost' is a soft dependency and not included in the pycaret installation. Please run: `pip install xgboost` to install.
Alternately, you can install this by running `pip install pycaret[models]`
2025-07-10 17:58:59,100:WARNING:
'catboost' is a soft dependency and not included in the pycaret installation. Please run: `pip install catboost` to install.
Alternately, you can install this by running `pip install pycaret[models]`
2025-07-10 17:58:59,100:WARNING:
'catboost' is a soft dependency and not included in the pycaret installation. Please run: `pip install catboost` to install.
Alternately, you can install this by running `pip install pycaret[models]`
2025-07-10 17:58:59,101:INFO:setup() successfully completed in 0.58s...............
2025-07-10 18:00:10,401:INFO:PyCaret TSForecastingExperiment
2025-07-10 18:00:10,401:INFO:Logging name: ts-default-name
2025-07-10 18:00:10,401:INFO:ML Usecase: MLUsecase.TIME_SERIES
2025-07-10 18:00:10,401:INFO:version 3.3.2
2025-07-10 18:00:10,401:INFO:Initializing setup()
2025-07-10 18:00:10,401:INFO:self.USI: 483e
2025-07-10 18:00:10,401:INFO:self._variable_keys: {'approach_type', 'log_plots_param', 'fold_param', 'enforce_pi', 'y_train_transformed', 'pipeline', 'X_test', 'y_test_transformed', '_ml_usecase', 'fh', 'html_param', 'idx', 'seasonality_present', 'model_engines', 'logging_param', 'seed', 'X_train', 'exogenous_present', 'USI', '_available_plots', 'significant_sps', 'y', 'strictly_positive', 'all_sps_to_use', 'exp_name_log', 'X_train_transformed', 'gpu_param', 'gpu_n_jobs_param', 'fold_generator', 'candidate_sps', 'X', 'X_test_transformed', 'enforce_exogenous', 'data', 'index_type', 'memory', 'y_train', 'significant_sps_no_harmonics', 'X_transformed', 'y_transformed', 'y_test', 'primary_sp_to_use', 'exp_id', 'n_jobs_param'}
2025-07-10 18:00:10,401:INFO:Checking environment
2025-07-10 18:00:10,401:INFO:python_version: 3.10.18
2025-07-10 18:00:10,401:INFO:python_build: ('main', 'Jun  5 2025 13:14:17')
2025-07-10 18:00:10,401:INFO:machine: x86_64
2025-07-10 18:00:10,401:INFO:platform: Linux-6.12.34-1-MANJARO-x86_64-with-glibc2.41
2025-07-10 18:00:10,401:INFO:Memory: svmem(total=24909271040, available=12336160768, percent=50.5, used=9769828352, free=2886451200, active=10837164032, inactive=7209689088, buffers=553119744, cached=11699871744, shared=2389876736, slab=1025216512)
2025-07-10 18:00:10,401:INFO:Physical Core: 6
2025-07-10 18:00:10,401:INFO:Logical Core: 12
2025-07-10 18:00:10,401:INFO:Checking libraries
2025-07-10 18:00:10,401:INFO:System:
2025-07-10 18:00:10,401:INFO:    python: 3.10.18 (main, Jun  5 2025, 13:14:17) [GCC 11.2.0]
2025-07-10 18:00:10,401:INFO:executable: /home/leon/.conda/envs/bd_inv_predict/bin/python
2025-07-10 18:00:10,401:INFO:   machine: Linux-6.12.34-1-MANJARO-x86_64-with-glibc2.41
2025-07-10 18:00:10,402:INFO:PyCaret required dependencies:
2025-07-10 18:00:10,402:INFO:                 pip: 25.1
2025-07-10 18:00:10,402:INFO:          setuptools: 78.1.1
2025-07-10 18:00:10,402:INFO:             pycaret: 3.3.2
2025-07-10 18:00:10,402:INFO:             IPython: 8.30.0
2025-07-10 18:00:10,402:INFO:          ipywidgets: 8.1.5
2025-07-10 18:00:10,402:INFO:                tqdm: 4.67.1
2025-07-10 18:00:10,402:INFO:               numpy: 1.26.4
2025-07-10 18:00:10,402:INFO:              pandas: 2.1.4
2025-07-10 18:00:10,402:INFO:              jinja2: 3.1.6
2025-07-10 18:00:10,402:INFO:               scipy: 1.11.4
2025-07-10 18:00:10,402:INFO:              joblib: 1.3.2
2025-07-10 18:00:10,402:INFO:             sklearn: 1.4.2
2025-07-10 18:00:10,402:INFO:                pyod: 2.0.5
2025-07-10 18:00:10,402:INFO:            imblearn: 0.13.0
2025-07-10 18:00:10,402:INFO:   category_encoders: 2.7.0
2025-07-10 18:00:10,402:INFO:            lightgbm: 4.6.0
2025-07-10 18:00:10,402:INFO:               numba: 0.61.2
2025-07-10 18:00:10,402:INFO:            requests: 2.32.4
2025-07-10 18:00:10,402:INFO:          matplotlib: 3.7.5
2025-07-10 18:00:10,402:INFO:          scikitplot: 0.3.7
2025-07-10 18:00:10,402:INFO:         yellowbrick: 1.5
2025-07-10 18:00:10,402:INFO:              plotly: 5.24.1
2025-07-10 18:00:10,402:INFO:    plotly-resampler: Not installed
2025-07-10 18:00:10,402:INFO:             kaleido: 1.0.0
2025-07-10 18:00:10,402:INFO:           schemdraw: 0.15
2025-07-10 18:00:10,402:INFO:         statsmodels: 0.14.5
2025-07-10 18:00:10,402:INFO:              sktime: 0.26.0
2025-07-10 18:00:10,402:INFO:               tbats: 1.1.3
2025-07-10 18:00:10,402:INFO:            pmdarima: 2.0.4
2025-07-10 18:00:10,402:INFO:              psutil: 5.9.0
2025-07-10 18:00:10,402:INFO:          markupsafe: 3.0.2
2025-07-10 18:00:10,402:INFO:             pickle5: Not installed
2025-07-10 18:00:10,402:INFO:         cloudpickle: 3.1.1
2025-07-10 18:00:10,402:INFO:         deprecation: 2.1.0
2025-07-10 18:00:10,402:INFO:              xxhash: 3.5.0
2025-07-10 18:00:10,402:INFO:           wurlitzer: 3.1.1
2025-07-10 18:00:10,402:INFO:PyCaret optional dependencies:
2025-07-10 18:00:10,402:INFO:                shap: Not installed
2025-07-10 18:00:10,402:INFO:           interpret: Not installed
2025-07-10 18:00:10,402:INFO:                umap: Not installed
2025-07-10 18:00:10,402:INFO:     ydata_profiling: Not installed
2025-07-10 18:00:10,402:INFO:  explainerdashboard: Not installed
2025-07-10 18:00:10,402:INFO:             autoviz: Not installed
2025-07-10 18:00:10,402:INFO:           fairlearn: Not installed
2025-07-10 18:00:10,402:INFO:          deepchecks: Not installed
2025-07-10 18:00:10,402:INFO:             xgboost: Not installed
2025-07-10 18:00:10,402:INFO:            catboost: Not installed
2025-07-10 18:00:10,402:INFO:              kmodes: Not installed
2025-07-10 18:00:10,402:INFO:             mlxtend: Not installed
2025-07-10 18:00:10,402:INFO:       statsforecast: Not installed
2025-07-10 18:00:10,402:INFO:        tune_sklearn: Not installed
2025-07-10 18:00:10,402:INFO:                 ray: Not installed
2025-07-10 18:00:10,402:INFO:            hyperopt: Not installed
2025-07-10 18:00:10,402:INFO:              optuna: Not installed
2025-07-10 18:00:10,403:INFO:               skopt: Not installed
2025-07-10 18:00:10,403:INFO:              mlflow: Not installed
2025-07-10 18:00:10,403:INFO:              gradio: Not installed
2025-07-10 18:00:10,403:INFO:             fastapi: Not installed
2025-07-10 18:00:10,403:INFO:             uvicorn: Not installed
2025-07-10 18:00:10,403:INFO:              m2cgen: Not installed
2025-07-10 18:00:10,403:INFO:           evidently: Not installed
2025-07-10 18:00:10,403:INFO:               fugue: Not installed
2025-07-10 18:00:10,403:INFO:           streamlit: Not installed
2025-07-10 18:00:10,403:INFO:             prophet: Not installed
2025-07-10 18:00:10,403:INFO:None
2025-07-10 18:00:10,407:INFO:Set Forecast Horizon.
2025-07-10 18:00:10,408:INFO:Set up Train-Test Splits.
2025-07-10 18:00:10,414:INFO:Preparing preprocessing pipeline...
2025-07-10 18:00:10,415:INFO:Set up imputation for Target variable(s).
2025-07-10 18:00:10,483:INFO:Finished creating preprocessing pipeline.
2025-07-10 18:00:10,488:INFO:Pipeline: ForecastingPipeline(steps=[('forecaster',
                            TransformedTargetForecaster(steps=[('transformer_target',
                                                                TransformerPipeline(steps=[('numerical_imputer',
                                                                                            Imputer(method='linear',
                                                                                                    random_state=123))])),
                                                               ('model',
                                                                DummyForecaster())]))])
2025-07-10 18:00:10,488:INFO:Set up Seasonal Period.
2025-07-10 18:00:10,497:INFO:Setting the seasonal component type - 'add' or 'mul'.
2025-07-10 18:00:10,497:INFO:Checking if data is strictly positive.
2025-07-10 18:00:10,521:INFO:Creating final display dataframe.
2025-07-10 18:00:10,535:INFO:Setup Display Container:                                           Description  \
0                                          session_id   
1                                              Target   
2                                            Approach   
3                                 Exogenous Variables   
4                                 Original data shape   
5                              Transformed data shape   
6                         Transformed train set shape   
7                          Transformed test set shape   
8                            Rows with missing values   
9                                      Fold Generator   
10                                        Fold Number   
11                        Enforce Prediction Interval   
12                    Splits used for hyperparameters   
13                    User Defined Seasonal Period(s)   
14                            Ignore Seasonality Test   
15                         Seasonality Detection Algo   
16                             Max Period to Consider   
17                          Seasonal Period(s) Tested   
18                     Significant Seasonal Period(s)   
19   Significant Seasonal Period(s) without Harmonics   
20                                   Remove Harmonics   
21                             Harmonics Order Method   
22                           Num Seasonalities to Use   
23                           All Seasonalities to Use   
24                                Primary Seasonality   
25                                Seasonality Present   
26                                   Seasonality Type   
27                           Target Strictly Positive   
28                                 Target White Noise   
29                                      Recommended d   
30                             Recommended Seasonal D   
31                                         Preprocess   
32                      Numerical Imputation (Target)   
33                            Transformation (Target)   
34                                   Scaling (Target)   
35  Feature Engineering (Target) - Reduced Regression   
36                   Numerical Imputation (Exogenous)   
37                         Transformation (Exogenous)   
38                                Scaling (Exogenous)   
39                                           CPU Jobs   
40                                            Use GPU   
41                                     Log Experiment   
42                                    Experiment Name   
43                                                USI   

                                                Value  
0                                                 123  
1                             FOODS_3_586_amount_sold  
2                                          Univariate  
3                                             Present  
4                                          (1530, 11)  
5                                          (1530, 11)  
6                                          (1516, 11)  
7                                            (14, 11)  
8                                                0.0%  
9                               SlidingWindowSplitter  
10                                                  1  
11                                              False  
12                                                all  
13                                               None  
14                                              False  
15                                               auto  
16                                                 60  
17  [14, 28, 35, 49, 56, 21, 42, 7, 8, 6, 41, 20, ...  
18  [14, 28, 35, 49, 56, 21, 42, 7, 8, 6, 41, 20, ...  
19                   [56, 35, 49, 42, 41, 20, 50, 29]  
20                                              False  
21                                       harmonic_max  
22                                                  1  
23                                               [14]  
24                                                 14  
25                                               True  
26                                                add  
27                                              False  
28                                                 No  
29                                                  1  
30                                                  0  
31                                               True  
32                                             linear  
33                                               None  
34                                               None  
35                                              False  
36                                               None  
37                                               None  
38                                               None  
39                                                 -1  
40                                              False  
41                                              False  
42                                    ts-default-name  
43                                               483e  
2025-07-10 18:00:10,542:INFO:Engine successfully changes for model 'auto_arima' to 'pmdarima'.
2025-07-10 18:00:10,547:WARNING:
'prophet' is a soft dependency and not included in the pycaret installation. Please run: `pip install prophet` to install.
2025-07-10 18:00:10,547:INFO:Engine for model 'lr_cds_dt' has not been set explicitly, hence returning None.
2025-07-10 18:00:10,547:INFO:Engine for model 'en_cds_dt' has not been set explicitly, hence returning None.
2025-07-10 18:00:10,548:INFO:Engine for model 'ridge_cds_dt' has not been set explicitly, hence returning None.
2025-07-10 18:00:10,548:INFO:Engine for model 'lasso_cds_dt' has not been set explicitly, hence returning None.
2025-07-10 18:00:10,548:INFO:Engine for model 'llar_cds_dt' has not been set explicitly, hence returning None.
2025-07-10 18:00:10,549:INFO:Engine for model 'br_cds_dt' has not been set explicitly, hence returning None.
2025-07-10 18:00:10,549:INFO:Engine for model 'huber_cds_dt' has not been set explicitly, hence returning None.
2025-07-10 18:00:10,552:INFO:Engine for model 'omp_cds_dt' has not been set explicitly, hence returning None.
2025-07-10 18:00:10,554:INFO:Engine for model 'knn_cds_dt' has not been set explicitly, hence returning None.
2025-07-10 18:00:10,555:INFO:Engine for model 'dt_cds_dt' has not been set explicitly, hence returning None.
2025-07-10 18:00:10,555:INFO:Engine for model 'rf_cds_dt' has not been set explicitly, hence returning None.
2025-07-10 18:00:10,555:INFO:Engine for model 'et_cds_dt' has not been set explicitly, hence returning None.
2025-07-10 18:00:10,556:INFO:Engine for model 'gbr_cds_dt' has not been set explicitly, hence returning None.
2025-07-10 18:00:10,556:INFO:Engine for model 'ada_cds_dt' has not been set explicitly, hence returning None.
2025-07-10 18:00:10,556:INFO:Engine for model 'xgboost_cds_dt' has not been set explicitly, hence returning None.
2025-07-10 18:00:10,557:WARNING:
'xgboost' is a soft dependency and not included in the pycaret installation. Please run: `pip install xgboost` to install.
Alternately, you can install this by running `pip install pycaret[models]`
2025-07-10 18:00:10,557:WARNING:
'xgboost' is a soft dependency and not included in the pycaret installation. Please run: `pip install xgboost` to install.
Alternately, you can install this by running `pip install pycaret[models]`
2025-07-10 18:00:10,557:INFO:Engine for model 'lightgbm_cds_dt' has not been set explicitly, hence returning None.
2025-07-10 18:00:10,557:INFO:Engine for model 'catboost_cds_dt' has not been set explicitly, hence returning None.
2025-07-10 18:00:10,557:WARNING:
'catboost' is a soft dependency and not included in the pycaret installation. Please run: `pip install catboost` to install.
Alternately, you can install this by running `pip install pycaret[models]`
2025-07-10 18:00:10,557:WARNING:
'catboost' is a soft dependency and not included in the pycaret installation. Please run: `pip install catboost` to install.
Alternately, you can install this by running `pip install pycaret[models]`
2025-07-10 18:00:10,561:WARNING:
'prophet' is a soft dependency and not included in the pycaret installation. Please run: `pip install prophet` to install.
2025-07-10 18:00:10,561:INFO:Engine for model 'lr_cds_dt' has not been set explicitly, hence returning None.
2025-07-10 18:00:10,562:INFO:Engine for model 'en_cds_dt' has not been set explicitly, hence returning None.
2025-07-10 18:00:10,562:INFO:Engine for model 'ridge_cds_dt' has not been set explicitly, hence returning None.
2025-07-10 18:00:10,562:INFO:Engine for model 'lasso_cds_dt' has not been set explicitly, hence returning None.
2025-07-10 18:00:10,563:INFO:Engine for model 'llar_cds_dt' has not been set explicitly, hence returning None.
2025-07-10 18:00:10,563:INFO:Engine for model 'br_cds_dt' has not been set explicitly, hence returning None.
2025-07-10 18:00:10,563:INFO:Engine for model 'huber_cds_dt' has not been set explicitly, hence returning None.
2025-07-10 18:00:10,566:INFO:Engine for model 'omp_cds_dt' has not been set explicitly, hence returning None.
2025-07-10 18:00:10,569:INFO:Engine for model 'knn_cds_dt' has not been set explicitly, hence returning None.
2025-07-10 18:00:10,569:INFO:Engine for model 'dt_cds_dt' has not been set explicitly, hence returning None.
2025-07-10 18:00:10,570:INFO:Engine for model 'rf_cds_dt' has not been set explicitly, hence returning None.
2025-07-10 18:00:10,570:INFO:Engine for model 'et_cds_dt' has not been set explicitly, hence returning None.
2025-07-10 18:00:10,570:INFO:Engine for model 'gbr_cds_dt' has not been set explicitly, hence returning None.
2025-07-10 18:00:10,571:INFO:Engine for model 'ada_cds_dt' has not been set explicitly, hence returning None.
2025-07-10 18:00:10,571:INFO:Engine for model 'xgboost_cds_dt' has not been set explicitly, hence returning None.
2025-07-10 18:00:10,571:WARNING:
'xgboost' is a soft dependency and not included in the pycaret installation. Please run: `pip install xgboost` to install.
Alternately, you can install this by running `pip install pycaret[models]`
2025-07-10 18:00:10,571:WARNING:
'xgboost' is a soft dependency and not included in the pycaret installation. Please run: `pip install xgboost` to install.
Alternately, you can install this by running `pip install pycaret[models]`
2025-07-10 18:00:10,571:INFO:Engine for model 'lightgbm_cds_dt' has not been set explicitly, hence returning None.
2025-07-10 18:00:10,572:INFO:Engine for model 'catboost_cds_dt' has not been set explicitly, hence returning None.
2025-07-10 18:00:10,572:WARNING:
'catboost' is a soft dependency and not included in the pycaret installation. Please run: `pip install catboost` to install.
Alternately, you can install this by running `pip install pycaret[models]`
2025-07-10 18:00:10,572:WARNING:
'catboost' is a soft dependency and not included in the pycaret installation. Please run: `pip install catboost` to install.
Alternately, you can install this by running `pip install pycaret[models]`
2025-07-10 18:00:10,572:INFO:Engine successfully changes for model 'lr_cds_dt' to 'sklearn'.
2025-07-10 18:00:10,576:WARNING:
'prophet' is a soft dependency and not included in the pycaret installation. Please run: `pip install prophet` to install.
2025-07-10 18:00:10,577:INFO:Engine for model 'en_cds_dt' has not been set explicitly, hence returning None.
2025-07-10 18:00:10,577:INFO:Engine for model 'ridge_cds_dt' has not been set explicitly, hence returning None.
2025-07-10 18:00:10,577:INFO:Engine for model 'lasso_cds_dt' has not been set explicitly, hence returning None.
2025-07-10 18:00:10,578:INFO:Engine for model 'llar_cds_dt' has not been set explicitly, hence returning None.
2025-07-10 18:00:10,578:INFO:Engine for model 'br_cds_dt' has not been set explicitly, hence returning None.
2025-07-10 18:00:10,578:INFO:Engine for model 'huber_cds_dt' has not been set explicitly, hence returning None.
2025-07-10 18:00:10,581:INFO:Engine for model 'omp_cds_dt' has not been set explicitly, hence returning None.
2025-07-10 18:00:10,583:INFO:Engine for model 'knn_cds_dt' has not been set explicitly, hence returning None.
2025-07-10 18:00:10,584:INFO:Engine for model 'dt_cds_dt' has not been set explicitly, hence returning None.
2025-07-10 18:00:10,584:INFO:Engine for model 'rf_cds_dt' has not been set explicitly, hence returning None.
2025-07-10 18:00:10,585:INFO:Engine for model 'et_cds_dt' has not been set explicitly, hence returning None.
2025-07-10 18:00:10,585:INFO:Engine for model 'gbr_cds_dt' has not been set explicitly, hence returning None.
2025-07-10 18:00:10,585:INFO:Engine for model 'ada_cds_dt' has not been set explicitly, hence returning None.
2025-07-10 18:00:10,586:INFO:Engine for model 'xgboost_cds_dt' has not been set explicitly, hence returning None.
2025-07-10 18:00:10,586:WARNING:
'xgboost' is a soft dependency and not included in the pycaret installation. Please run: `pip install xgboost` to install.
Alternately, you can install this by running `pip install pycaret[models]`
2025-07-10 18:00:10,586:WARNING:
'xgboost' is a soft dependency and not included in the pycaret installation. Please run: `pip install xgboost` to install.
Alternately, you can install this by running `pip install pycaret[models]`
2025-07-10 18:00:10,586:INFO:Engine for model 'lightgbm_cds_dt' has not been set explicitly, hence returning None.
2025-07-10 18:00:10,586:INFO:Engine for model 'catboost_cds_dt' has not been set explicitly, hence returning None.
2025-07-10 18:00:10,586:WARNING:
'catboost' is a soft dependency and not included in the pycaret installation. Please run: `pip install catboost` to install.
Alternately, you can install this by running `pip install pycaret[models]`
2025-07-10 18:00:10,586:WARNING:
'catboost' is a soft dependency and not included in the pycaret installation. Please run: `pip install catboost` to install.
Alternately, you can install this by running `pip install pycaret[models]`
2025-07-10 18:00:10,590:WARNING:
'prophet' is a soft dependency and not included in the pycaret installation. Please run: `pip install prophet` to install.
2025-07-10 18:00:10,590:INFO:Engine for model 'en_cds_dt' has not been set explicitly, hence returning None.
2025-07-10 18:00:10,591:INFO:Engine for model 'ridge_cds_dt' has not been set explicitly, hence returning None.
2025-07-10 18:00:10,591:INFO:Engine for model 'lasso_cds_dt' has not been set explicitly, hence returning None.
2025-07-10 18:00:10,592:INFO:Engine for model 'llar_cds_dt' has not been set explicitly, hence returning None.
2025-07-10 18:00:10,592:INFO:Engine for model 'br_cds_dt' has not been set explicitly, hence returning None.
2025-07-10 18:00:10,592:INFO:Engine for model 'huber_cds_dt' has not been set explicitly, hence returning None.
2025-07-10 18:00:10,595:INFO:Engine for model 'omp_cds_dt' has not been set explicitly, hence returning None.
2025-07-10 18:00:10,598:INFO:Engine for model 'knn_cds_dt' has not been set explicitly, hence returning None.
2025-07-10 18:00:10,598:INFO:Engine for model 'dt_cds_dt' has not been set explicitly, hence returning None.
2025-07-10 18:00:10,599:INFO:Engine for model 'rf_cds_dt' has not been set explicitly, hence returning None.
2025-07-10 18:00:10,599:INFO:Engine for model 'et_cds_dt' has not been set explicitly, hence returning None.
2025-07-10 18:00:10,599:INFO:Engine for model 'gbr_cds_dt' has not been set explicitly, hence returning None.
2025-07-10 18:00:10,600:INFO:Engine for model 'ada_cds_dt' has not been set explicitly, hence returning None.
2025-07-10 18:00:10,600:INFO:Engine for model 'xgboost_cds_dt' has not been set explicitly, hence returning None.
2025-07-10 18:00:10,600:WARNING:
'xgboost' is a soft dependency and not included in the pycaret installation. Please run: `pip install xgboost` to install.
Alternately, you can install this by running `pip install pycaret[models]`
2025-07-10 18:00:10,600:WARNING:
'xgboost' is a soft dependency and not included in the pycaret installation. Please run: `pip install xgboost` to install.
Alternately, you can install this by running `pip install pycaret[models]`
2025-07-10 18:00:10,600:INFO:Engine for model 'lightgbm_cds_dt' has not been set explicitly, hence returning None.
2025-07-10 18:00:10,601:INFO:Engine for model 'catboost_cds_dt' has not been set explicitly, hence returning None.
2025-07-10 18:00:10,601:WARNING:
'catboost' is a soft dependency and not included in the pycaret installation. Please run: `pip install catboost` to install.
Alternately, you can install this by running `pip install pycaret[models]`
2025-07-10 18:00:10,601:WARNING:
'catboost' is a soft dependency and not included in the pycaret installation. Please run: `pip install catboost` to install.
Alternately, you can install this by running `pip install pycaret[models]`
2025-07-10 18:00:10,601:INFO:Engine successfully changes for model 'en_cds_dt' to 'sklearn'.
2025-07-10 18:00:10,605:WARNING:
'prophet' is a soft dependency and not included in the pycaret installation. Please run: `pip install prophet` to install.
2025-07-10 18:00:10,605:INFO:Engine for model 'ridge_cds_dt' has not been set explicitly, hence returning None.
2025-07-10 18:00:10,606:INFO:Engine for model 'lasso_cds_dt' has not been set explicitly, hence returning None.
2025-07-10 18:00:10,606:INFO:Engine for model 'llar_cds_dt' has not been set explicitly, hence returning None.
2025-07-10 18:00:10,606:INFO:Engine for model 'br_cds_dt' has not been set explicitly, hence returning None.
2025-07-10 18:00:10,607:INFO:Engine for model 'huber_cds_dt' has not been set explicitly, hence returning None.
2025-07-10 18:00:10,609:INFO:Engine for model 'omp_cds_dt' has not been set explicitly, hence returning None.
2025-07-10 18:00:10,612:INFO:Engine for model 'knn_cds_dt' has not been set explicitly, hence returning None.
2025-07-10 18:00:10,612:INFO:Engine for model 'dt_cds_dt' has not been set explicitly, hence returning None.
2025-07-10 18:00:10,612:INFO:Engine for model 'rf_cds_dt' has not been set explicitly, hence returning None.
2025-07-10 18:00:10,613:INFO:Engine for model 'et_cds_dt' has not been set explicitly, hence returning None.
2025-07-10 18:00:10,613:INFO:Engine for model 'gbr_cds_dt' has not been set explicitly, hence returning None.
2025-07-10 18:00:10,614:INFO:Engine for model 'ada_cds_dt' has not been set explicitly, hence returning None.
2025-07-10 18:00:10,614:INFO:Engine for model 'xgboost_cds_dt' has not been set explicitly, hence returning None.
2025-07-10 18:00:10,614:WARNING:
'xgboost' is a soft dependency and not included in the pycaret installation. Please run: `pip install xgboost` to install.
Alternately, you can install this by running `pip install pycaret[models]`
2025-07-10 18:00:10,614:WARNING:
'xgboost' is a soft dependency and not included in the pycaret installation. Please run: `pip install xgboost` to install.
Alternately, you can install this by running `pip install pycaret[models]`
2025-07-10 18:00:10,614:INFO:Engine for model 'lightgbm_cds_dt' has not been set explicitly, hence returning None.
2025-07-10 18:00:10,614:INFO:Engine for model 'catboost_cds_dt' has not been set explicitly, hence returning None.
2025-07-10 18:00:10,614:WARNING:
'catboost' is a soft dependency and not included in the pycaret installation. Please run: `pip install catboost` to install.
Alternately, you can install this by running `pip install pycaret[models]`
2025-07-10 18:00:10,615:WARNING:
'catboost' is a soft dependency and not included in the pycaret installation. Please run: `pip install catboost` to install.
Alternately, you can install this by running `pip install pycaret[models]`
2025-07-10 18:00:10,618:WARNING:
'prophet' is a soft dependency and not included in the pycaret installation. Please run: `pip install prophet` to install.
2025-07-10 18:00:10,619:INFO:Engine for model 'ridge_cds_dt' has not been set explicitly, hence returning None.
2025-07-10 18:00:10,619:INFO:Engine for model 'lasso_cds_dt' has not been set explicitly, hence returning None.
2025-07-10 18:00:10,620:INFO:Engine for model 'llar_cds_dt' has not been set explicitly, hence returning None.
2025-07-10 18:00:10,620:INFO:Engine for model 'br_cds_dt' has not been set explicitly, hence returning None.
2025-07-10 18:00:10,620:INFO:Engine for model 'huber_cds_dt' has not been set explicitly, hence returning None.
2025-07-10 18:00:10,622:INFO:Engine for model 'omp_cds_dt' has not been set explicitly, hence returning None.
2025-07-10 18:00:10,623:INFO:Engine for model 'knn_cds_dt' has not been set explicitly, hence returning None.
2025-07-10 18:00:10,624:INFO:Engine for model 'dt_cds_dt' has not been set explicitly, hence returning None.
2025-07-10 18:00:10,624:INFO:Engine for model 'rf_cds_dt' has not been set explicitly, hence returning None.
2025-07-10 18:00:10,624:INFO:Engine for model 'et_cds_dt' has not been set explicitly, hence returning None.
2025-07-10 18:00:10,624:INFO:Engine for model 'gbr_cds_dt' has not been set explicitly, hence returning None.
2025-07-10 18:00:10,625:INFO:Engine for model 'ada_cds_dt' has not been set explicitly, hence returning None.
2025-07-10 18:00:10,625:INFO:Engine for model 'xgboost_cds_dt' has not been set explicitly, hence returning None.
2025-07-10 18:00:10,625:WARNING:
'xgboost' is a soft dependency and not included in the pycaret installation. Please run: `pip install xgboost` to install.
Alternately, you can install this by running `pip install pycaret[models]`
2025-07-10 18:00:10,625:WARNING:
'xgboost' is a soft dependency and not included in the pycaret installation. Please run: `pip install xgboost` to install.
Alternately, you can install this by running `pip install pycaret[models]`
2025-07-10 18:00:10,625:INFO:Engine for model 'lightgbm_cds_dt' has not been set explicitly, hence returning None.
2025-07-10 18:00:10,625:INFO:Engine for model 'catboost_cds_dt' has not been set explicitly, hence returning None.
2025-07-10 18:00:10,625:WARNING:
'catboost' is a soft dependency and not included in the pycaret installation. Please run: `pip install catboost` to install.
Alternately, you can install this by running `pip install pycaret[models]`
2025-07-10 18:00:10,625:WARNING:
'catboost' is a soft dependency and not included in the pycaret installation. Please run: `pip install catboost` to install.
Alternately, you can install this by running `pip install pycaret[models]`
2025-07-10 18:00:10,625:INFO:Engine successfully changes for model 'ridge_cds_dt' to 'sklearn'.
2025-07-10 18:00:10,627:WARNING:
'prophet' is a soft dependency and not included in the pycaret installation. Please run: `pip install prophet` to install.
2025-07-10 18:00:10,628:INFO:Engine for model 'lasso_cds_dt' has not been set explicitly, hence returning None.
2025-07-10 18:00:10,628:INFO:Engine for model 'llar_cds_dt' has not been set explicitly, hence returning None.
2025-07-10 18:00:10,628:INFO:Engine for model 'br_cds_dt' has not been set explicitly, hence returning None.
2025-07-10 18:00:10,629:INFO:Engine for model 'huber_cds_dt' has not been set explicitly, hence returning None.
2025-07-10 18:00:10,631:INFO:Engine for model 'omp_cds_dt' has not been set explicitly, hence returning None.
2025-07-10 18:00:10,632:INFO:Engine for model 'knn_cds_dt' has not been set explicitly, hence returning None.
2025-07-10 18:00:10,632:INFO:Engine for model 'dt_cds_dt' has not been set explicitly, hence returning None.
2025-07-10 18:00:10,633:INFO:Engine for model 'rf_cds_dt' has not been set explicitly, hence returning None.
2025-07-10 18:00:10,633:INFO:Engine for model 'et_cds_dt' has not been set explicitly, hence returning None.
2025-07-10 18:00:10,633:INFO:Engine for model 'gbr_cds_dt' has not been set explicitly, hence returning None.
2025-07-10 18:00:10,633:INFO:Engine for model 'ada_cds_dt' has not been set explicitly, hence returning None.
2025-07-10 18:00:10,633:INFO:Engine for model 'xgboost_cds_dt' has not been set explicitly, hence returning None.
2025-07-10 18:00:10,634:WARNING:
'xgboost' is a soft dependency and not included in the pycaret installation. Please run: `pip install xgboost` to install.
Alternately, you can install this by running `pip install pycaret[models]`
2025-07-10 18:00:10,634:WARNING:
'xgboost' is a soft dependency and not included in the pycaret installation. Please run: `pip install xgboost` to install.
Alternately, you can install this by running `pip install pycaret[models]`
2025-07-10 18:00:10,634:INFO:Engine for model 'lightgbm_cds_dt' has not been set explicitly, hence returning None.
2025-07-10 18:00:10,634:INFO:Engine for model 'catboost_cds_dt' has not been set explicitly, hence returning None.
2025-07-10 18:00:10,634:WARNING:
'catboost' is a soft dependency and not included in the pycaret installation. Please run: `pip install catboost` to install.
Alternately, you can install this by running `pip install pycaret[models]`
2025-07-10 18:00:10,634:WARNING:
'catboost' is a soft dependency and not included in the pycaret installation. Please run: `pip install catboost` to install.
Alternately, you can install this by running `pip install pycaret[models]`
2025-07-10 18:00:10,636:WARNING:
'prophet' is a soft dependency and not included in the pycaret installation. Please run: `pip install prophet` to install.
2025-07-10 18:00:10,637:INFO:Engine for model 'lasso_cds_dt' has not been set explicitly, hence returning None.
2025-07-10 18:00:10,637:INFO:Engine for model 'llar_cds_dt' has not been set explicitly, hence returning None.
2025-07-10 18:00:10,637:INFO:Engine for model 'br_cds_dt' has not been set explicitly, hence returning None.
2025-07-10 18:00:10,637:INFO:Engine for model 'huber_cds_dt' has not been set explicitly, hence returning None.
2025-07-10 18:00:10,639:INFO:Engine for model 'omp_cds_dt' has not been set explicitly, hence returning None.
2025-07-10 18:00:10,641:INFO:Engine for model 'knn_cds_dt' has not been set explicitly, hence returning None.
2025-07-10 18:00:10,641:INFO:Engine for model 'dt_cds_dt' has not been set explicitly, hence returning None.
2025-07-10 18:00:10,642:INFO:Engine for model 'rf_cds_dt' has not been set explicitly, hence returning None.
2025-07-10 18:00:10,642:INFO:Engine for model 'et_cds_dt' has not been set explicitly, hence returning None.
2025-07-10 18:00:10,642:INFO:Engine for model 'gbr_cds_dt' has not been set explicitly, hence returning None.
2025-07-10 18:00:10,642:INFO:Engine for model 'ada_cds_dt' has not been set explicitly, hence returning None.
2025-07-10 18:00:10,642:INFO:Engine for model 'xgboost_cds_dt' has not been set explicitly, hence returning None.
2025-07-10 18:00:10,643:WARNING:
'xgboost' is a soft dependency and not included in the pycaret installation. Please run: `pip install xgboost` to install.
Alternately, you can install this by running `pip install pycaret[models]`
2025-07-10 18:00:10,643:WARNING:
'xgboost' is a soft dependency and not included in the pycaret installation. Please run: `pip install xgboost` to install.
Alternately, you can install this by running `pip install pycaret[models]`
2025-07-10 18:00:10,643:INFO:Engine for model 'lightgbm_cds_dt' has not been set explicitly, hence returning None.
2025-07-10 18:00:10,643:INFO:Engine for model 'catboost_cds_dt' has not been set explicitly, hence returning None.
2025-07-10 18:00:10,643:WARNING:
'catboost' is a soft dependency and not included in the pycaret installation. Please run: `pip install catboost` to install.
Alternately, you can install this by running `pip install pycaret[models]`
2025-07-10 18:00:10,643:WARNING:
'catboost' is a soft dependency and not included in the pycaret installation. Please run: `pip install catboost` to install.
Alternately, you can install this by running `pip install pycaret[models]`
2025-07-10 18:00:10,643:INFO:Engine successfully changes for model 'lasso_cds_dt' to 'sklearn'.
2025-07-10 18:00:10,645:WARNING:
'prophet' is a soft dependency and not included in the pycaret installation. Please run: `pip install prophet` to install.
2025-07-10 18:00:10,646:INFO:Engine for model 'llar_cds_dt' has not been set explicitly, hence returning None.
2025-07-10 18:00:10,646:INFO:Engine for model 'br_cds_dt' has not been set explicitly, hence returning None.
2025-07-10 18:00:10,646:INFO:Engine for model 'huber_cds_dt' has not been set explicitly, hence returning None.
2025-07-10 18:00:10,648:INFO:Engine for model 'omp_cds_dt' has not been set explicitly, hence returning None.
2025-07-10 18:00:10,650:INFO:Engine for model 'knn_cds_dt' has not been set explicitly, hence returning None.
2025-07-10 18:00:10,650:INFO:Engine for model 'dt_cds_dt' has not been set explicitly, hence returning None.
2025-07-10 18:00:10,650:INFO:Engine for model 'rf_cds_dt' has not been set explicitly, hence returning None.
2025-07-10 18:00:10,651:INFO:Engine for model 'et_cds_dt' has not been set explicitly, hence returning None.
2025-07-10 18:00:10,651:INFO:Engine for model 'gbr_cds_dt' has not been set explicitly, hence returning None.
2025-07-10 18:00:10,651:INFO:Engine for model 'ada_cds_dt' has not been set explicitly, hence returning None.
2025-07-10 18:00:10,651:INFO:Engine for model 'xgboost_cds_dt' has not been set explicitly, hence returning None.
2025-07-10 18:00:10,651:WARNING:
'xgboost' is a soft dependency and not included in the pycaret installation. Please run: `pip install xgboost` to install.
Alternately, you can install this by running `pip install pycaret[models]`
2025-07-10 18:00:10,651:WARNING:
'xgboost' is a soft dependency and not included in the pycaret installation. Please run: `pip install xgboost` to install.
Alternately, you can install this by running `pip install pycaret[models]`
2025-07-10 18:00:10,651:INFO:Engine for model 'lightgbm_cds_dt' has not been set explicitly, hence returning None.
2025-07-10 18:00:10,652:INFO:Engine for model 'catboost_cds_dt' has not been set explicitly, hence returning None.
2025-07-10 18:00:10,652:WARNING:
'catboost' is a soft dependency and not included in the pycaret installation. Please run: `pip install catboost` to install.
Alternately, you can install this by running `pip install pycaret[models]`
2025-07-10 18:00:10,652:WARNING:
'catboost' is a soft dependency and not included in the pycaret installation. Please run: `pip install catboost` to install.
Alternately, you can install this by running `pip install pycaret[models]`
2025-07-10 18:00:10,654:WARNING:
'prophet' is a soft dependency and not included in the pycaret installation. Please run: `pip install prophet` to install.
2025-07-10 18:00:10,655:INFO:Engine for model 'llar_cds_dt' has not been set explicitly, hence returning None.
2025-07-10 18:00:10,655:INFO:Engine for model 'br_cds_dt' has not been set explicitly, hence returning None.
2025-07-10 18:00:10,655:INFO:Engine for model 'huber_cds_dt' has not been set explicitly, hence returning None.
2025-07-10 18:00:10,657:INFO:Engine for model 'omp_cds_dt' has not been set explicitly, hence returning None.
2025-07-10 18:00:10,659:INFO:Engine for model 'knn_cds_dt' has not been set explicitly, hence returning None.
2025-07-10 18:00:10,659:INFO:Engine for model 'dt_cds_dt' has not been set explicitly, hence returning None.
2025-07-10 18:00:10,659:INFO:Engine for model 'rf_cds_dt' has not been set explicitly, hence returning None.
2025-07-10 18:00:10,659:INFO:Engine for model 'et_cds_dt' has not been set explicitly, hence returning None.
2025-07-10 18:00:10,660:INFO:Engine for model 'gbr_cds_dt' has not been set explicitly, hence returning None.
2025-07-10 18:00:10,660:INFO:Engine for model 'ada_cds_dt' has not been set explicitly, hence returning None.
2025-07-10 18:00:10,660:INFO:Engine for model 'xgboost_cds_dt' has not been set explicitly, hence returning None.
2025-07-10 18:00:10,660:WARNING:
'xgboost' is a soft dependency and not included in the pycaret installation. Please run: `pip install xgboost` to install.
Alternately, you can install this by running `pip install pycaret[models]`
2025-07-10 18:00:10,660:WARNING:
'xgboost' is a soft dependency and not included in the pycaret installation. Please run: `pip install xgboost` to install.
Alternately, you can install this by running `pip install pycaret[models]`
2025-07-10 18:00:10,660:INFO:Engine for model 'lightgbm_cds_dt' has not been set explicitly, hence returning None.
2025-07-10 18:00:10,660:INFO:Engine for model 'catboost_cds_dt' has not been set explicitly, hence returning None.
2025-07-10 18:00:10,660:WARNING:
'catboost' is a soft dependency and not included in the pycaret installation. Please run: `pip install catboost` to install.
Alternately, you can install this by running `pip install pycaret[models]`
2025-07-10 18:00:10,660:WARNING:
'catboost' is a soft dependency and not included in the pycaret installation. Please run: `pip install catboost` to install.
Alternately, you can install this by running `pip install pycaret[models]`
2025-07-10 18:00:10,661:INFO:Engine successfully changes for model 'lar_cds_dt' to 'sklearn'.
2025-07-10 18:00:10,663:WARNING:
'prophet' is a soft dependency and not included in the pycaret installation. Please run: `pip install prophet` to install.
2025-07-10 18:00:10,664:INFO:Engine for model 'llar_cds_dt' has not been set explicitly, hence returning None.
2025-07-10 18:00:10,664:INFO:Engine for model 'br_cds_dt' has not been set explicitly, hence returning None.
2025-07-10 18:00:10,664:INFO:Engine for model 'huber_cds_dt' has not been set explicitly, hence returning None.
2025-07-10 18:00:10,666:INFO:Engine for model 'omp_cds_dt' has not been set explicitly, hence returning None.
2025-07-10 18:00:10,668:INFO:Engine for model 'knn_cds_dt' has not been set explicitly, hence returning None.
2025-07-10 18:00:10,668:INFO:Engine for model 'dt_cds_dt' has not been set explicitly, hence returning None.
2025-07-10 18:00:10,668:INFO:Engine for model 'rf_cds_dt' has not been set explicitly, hence returning None.
2025-07-10 18:00:10,668:INFO:Engine for model 'et_cds_dt' has not been set explicitly, hence returning None.
2025-07-10 18:00:10,669:INFO:Engine for model 'gbr_cds_dt' has not been set explicitly, hence returning None.
2025-07-10 18:00:10,669:INFO:Engine for model 'ada_cds_dt' has not been set explicitly, hence returning None.
2025-07-10 18:00:10,669:INFO:Engine for model 'xgboost_cds_dt' has not been set explicitly, hence returning None.
2025-07-10 18:00:10,669:WARNING:
'xgboost' is a soft dependency and not included in the pycaret installation. Please run: `pip install xgboost` to install.
Alternately, you can install this by running `pip install pycaret[models]`
2025-07-10 18:00:10,669:WARNING:
'xgboost' is a soft dependency and not included in the pycaret installation. Please run: `pip install xgboost` to install.
Alternately, you can install this by running `pip install pycaret[models]`
2025-07-10 18:00:10,669:INFO:Engine for model 'lightgbm_cds_dt' has not been set explicitly, hence returning None.
2025-07-10 18:00:10,669:INFO:Engine for model 'catboost_cds_dt' has not been set explicitly, hence returning None.
2025-07-10 18:00:10,669:WARNING:
'catboost' is a soft dependency and not included in the pycaret installation. Please run: `pip install catboost` to install.
Alternately, you can install this by running `pip install pycaret[models]`
2025-07-10 18:00:10,669:WARNING:
'catboost' is a soft dependency and not included in the pycaret installation. Please run: `pip install catboost` to install.
Alternately, you can install this by running `pip install pycaret[models]`
2025-07-10 18:00:10,672:WARNING:
'prophet' is a soft dependency and not included in the pycaret installation. Please run: `pip install prophet` to install.
2025-07-10 18:00:10,672:INFO:Engine for model 'llar_cds_dt' has not been set explicitly, hence returning None.
2025-07-10 18:00:10,673:INFO:Engine for model 'br_cds_dt' has not been set explicitly, hence returning None.
2025-07-10 18:00:10,673:INFO:Engine for model 'huber_cds_dt' has not been set explicitly, hence returning None.
2025-07-10 18:00:10,675:INFO:Engine for model 'omp_cds_dt' has not been set explicitly, hence returning None.
2025-07-10 18:00:10,676:INFO:Engine for model 'knn_cds_dt' has not been set explicitly, hence returning None.
2025-07-10 18:00:10,677:INFO:Engine for model 'dt_cds_dt' has not been set explicitly, hence returning None.
2025-07-10 18:00:10,677:INFO:Engine for model 'rf_cds_dt' has not been set explicitly, hence returning None.
2025-07-10 18:00:10,677:INFO:Engine for model 'et_cds_dt' has not been set explicitly, hence returning None.
2025-07-10 18:00:10,677:INFO:Engine for model 'gbr_cds_dt' has not been set explicitly, hence returning None.
2025-07-10 18:00:10,678:INFO:Engine for model 'ada_cds_dt' has not been set explicitly, hence returning None.
2025-07-10 18:00:10,678:INFO:Engine for model 'xgboost_cds_dt' has not been set explicitly, hence returning None.
2025-07-10 18:00:10,678:WARNING:
'xgboost' is a soft dependency and not included in the pycaret installation. Please run: `pip install xgboost` to install.
Alternately, you can install this by running `pip install pycaret[models]`
2025-07-10 18:00:10,678:WARNING:
'xgboost' is a soft dependency and not included in the pycaret installation. Please run: `pip install xgboost` to install.
Alternately, you can install this by running `pip install pycaret[models]`
2025-07-10 18:00:10,678:INFO:Engine for model 'lightgbm_cds_dt' has not been set explicitly, hence returning None.
2025-07-10 18:00:10,678:INFO:Engine for model 'catboost_cds_dt' has not been set explicitly, hence returning None.
2025-07-10 18:00:10,678:WARNING:
'catboost' is a soft dependency and not included in the pycaret installation. Please run: `pip install catboost` to install.
Alternately, you can install this by running `pip install pycaret[models]`
2025-07-10 18:00:10,678:WARNING:
'catboost' is a soft dependency and not included in the pycaret installation. Please run: `pip install catboost` to install.
Alternately, you can install this by running `pip install pycaret[models]`
2025-07-10 18:00:10,678:INFO:Engine successfully changes for model 'llar_cds_dt' to 'sklearn'.
2025-07-10 18:00:10,681:WARNING:
'prophet' is a soft dependency and not included in the pycaret installation. Please run: `pip install prophet` to install.
2025-07-10 18:00:10,682:INFO:Engine for model 'br_cds_dt' has not been set explicitly, hence returning None.
2025-07-10 18:00:10,682:INFO:Engine for model 'huber_cds_dt' has not been set explicitly, hence returning None.
2025-07-10 18:00:10,684:INFO:Engine for model 'omp_cds_dt' has not been set explicitly, hence returning None.
2025-07-10 18:00:10,685:INFO:Engine for model 'knn_cds_dt' has not been set explicitly, hence returning None.
2025-07-10 18:00:10,686:INFO:Engine for model 'dt_cds_dt' has not been set explicitly, hence returning None.
2025-07-10 18:00:10,686:INFO:Engine for model 'rf_cds_dt' has not been set explicitly, hence returning None.
2025-07-10 18:00:10,686:INFO:Engine for model 'et_cds_dt' has not been set explicitly, hence returning None.
2025-07-10 18:00:10,686:INFO:Engine for model 'gbr_cds_dt' has not been set explicitly, hence returning None.
2025-07-10 18:00:10,687:INFO:Engine for model 'ada_cds_dt' has not been set explicitly, hence returning None.
2025-07-10 18:00:10,687:INFO:Engine for model 'xgboost_cds_dt' has not been set explicitly, hence returning None.
2025-07-10 18:00:10,687:WARNING:
'xgboost' is a soft dependency and not included in the pycaret installation. Please run: `pip install xgboost` to install.
Alternately, you can install this by running `pip install pycaret[models]`
2025-07-10 18:00:10,687:WARNING:
'xgboost' is a soft dependency and not included in the pycaret installation. Please run: `pip install xgboost` to install.
Alternately, you can install this by running `pip install pycaret[models]`
2025-07-10 18:00:10,687:INFO:Engine for model 'lightgbm_cds_dt' has not been set explicitly, hence returning None.
2025-07-10 18:00:10,687:INFO:Engine for model 'catboost_cds_dt' has not been set explicitly, hence returning None.
2025-07-10 18:00:10,687:WARNING:
'catboost' is a soft dependency and not included in the pycaret installation. Please run: `pip install catboost` to install.
Alternately, you can install this by running `pip install pycaret[models]`
2025-07-10 18:00:10,687:WARNING:
'catboost' is a soft dependency and not included in the pycaret installation. Please run: `pip install catboost` to install.
Alternately, you can install this by running `pip install pycaret[models]`
2025-07-10 18:00:10,690:WARNING:
'prophet' is a soft dependency and not included in the pycaret installation. Please run: `pip install prophet` to install.
2025-07-10 18:00:10,690:INFO:Engine for model 'br_cds_dt' has not been set explicitly, hence returning None.
2025-07-10 18:00:10,691:INFO:Engine for model 'huber_cds_dt' has not been set explicitly, hence returning None.
2025-07-10 18:00:10,693:INFO:Engine for model 'omp_cds_dt' has not been set explicitly, hence returning None.
2025-07-10 18:00:10,694:INFO:Engine for model 'knn_cds_dt' has not been set explicitly, hence returning None.
2025-07-10 18:00:10,695:INFO:Engine for model 'dt_cds_dt' has not been set explicitly, hence returning None.
2025-07-10 18:00:10,695:INFO:Engine for model 'rf_cds_dt' has not been set explicitly, hence returning None.
2025-07-10 18:00:10,695:INFO:Engine for model 'et_cds_dt' has not been set explicitly, hence returning None.
2025-07-10 18:00:10,695:INFO:Engine for model 'gbr_cds_dt' has not been set explicitly, hence returning None.
2025-07-10 18:00:10,696:INFO:Engine for model 'ada_cds_dt' has not been set explicitly, hence returning None.
2025-07-10 18:00:10,696:INFO:Engine for model 'xgboost_cds_dt' has not been set explicitly, hence returning None.
2025-07-10 18:00:10,696:WARNING:
'xgboost' is a soft dependency and not included in the pycaret installation. Please run: `pip install xgboost` to install.
Alternately, you can install this by running `pip install pycaret[models]`
2025-07-10 18:00:10,696:WARNING:
'xgboost' is a soft dependency and not included in the pycaret installation. Please run: `pip install xgboost` to install.
Alternately, you can install this by running `pip install pycaret[models]`
2025-07-10 18:00:10,696:INFO:Engine for model 'lightgbm_cds_dt' has not been set explicitly, hence returning None.
2025-07-10 18:00:10,696:INFO:Engine for model 'catboost_cds_dt' has not been set explicitly, hence returning None.
2025-07-10 18:00:10,696:WARNING:
'catboost' is a soft dependency and not included in the pycaret installation. Please run: `pip install catboost` to install.
Alternately, you can install this by running `pip install pycaret[models]`
2025-07-10 18:00:10,696:WARNING:
'catboost' is a soft dependency and not included in the pycaret installation. Please run: `pip install catboost` to install.
Alternately, you can install this by running `pip install pycaret[models]`
2025-07-10 18:00:10,697:INFO:Engine successfully changes for model 'br_cds_dt' to 'sklearn'.
2025-07-10 18:00:10,699:WARNING:
'prophet' is a soft dependency and not included in the pycaret installation. Please run: `pip install prophet` to install.
2025-07-10 18:00:10,700:INFO:Engine for model 'huber_cds_dt' has not been set explicitly, hence returning None.
2025-07-10 18:00:10,702:INFO:Engine for model 'omp_cds_dt' has not been set explicitly, hence returning None.
2025-07-10 18:00:10,704:INFO:Engine for model 'knn_cds_dt' has not been set explicitly, hence returning None.
2025-07-10 18:00:10,704:INFO:Engine for model 'dt_cds_dt' has not been set explicitly, hence returning None.
2025-07-10 18:00:10,704:INFO:Engine for model 'rf_cds_dt' has not been set explicitly, hence returning None.
2025-07-10 18:00:10,704:INFO:Engine for model 'et_cds_dt' has not been set explicitly, hence returning None.
2025-07-10 18:00:10,704:INFO:Engine for model 'gbr_cds_dt' has not been set explicitly, hence returning None.
2025-07-10 18:00:10,705:INFO:Engine for model 'ada_cds_dt' has not been set explicitly, hence returning None.
2025-07-10 18:00:10,705:INFO:Engine for model 'xgboost_cds_dt' has not been set explicitly, hence returning None.
2025-07-10 18:00:10,705:WARNING:
'xgboost' is a soft dependency and not included in the pycaret installation. Please run: `pip install xgboost` to install.
Alternately, you can install this by running `pip install pycaret[models]`
2025-07-10 18:00:10,705:WARNING:
'xgboost' is a soft dependency and not included in the pycaret installation. Please run: `pip install xgboost` to install.
Alternately, you can install this by running `pip install pycaret[models]`
2025-07-10 18:00:10,705:INFO:Engine for model 'lightgbm_cds_dt' has not been set explicitly, hence returning None.
2025-07-10 18:00:10,705:INFO:Engine for model 'catboost_cds_dt' has not been set explicitly, hence returning None.
2025-07-10 18:00:10,705:WARNING:
'catboost' is a soft dependency and not included in the pycaret installation. Please run: `pip install catboost` to install.
Alternately, you can install this by running `pip install pycaret[models]`
2025-07-10 18:00:10,705:WARNING:
'catboost' is a soft dependency and not included in the pycaret installation. Please run: `pip install catboost` to install.
Alternately, you can install this by running `pip install pycaret[models]`
2025-07-10 18:00:10,708:WARNING:
'prophet' is a soft dependency and not included in the pycaret installation. Please run: `pip install prophet` to install.
2025-07-10 18:00:10,709:INFO:Engine for model 'huber_cds_dt' has not been set explicitly, hence returning None.
2025-07-10 18:00:10,711:INFO:Engine for model 'omp_cds_dt' has not been set explicitly, hence returning None.
2025-07-10 18:00:10,712:INFO:Engine for model 'knn_cds_dt' has not been set explicitly, hence returning None.
2025-07-10 18:00:10,713:INFO:Engine for model 'dt_cds_dt' has not been set explicitly, hence returning None.
2025-07-10 18:00:10,713:INFO:Engine for model 'rf_cds_dt' has not been set explicitly, hence returning None.
2025-07-10 18:00:10,713:INFO:Engine for model 'et_cds_dt' has not been set explicitly, hence returning None.
2025-07-10 18:00:10,713:INFO:Engine for model 'gbr_cds_dt' has not been set explicitly, hence returning None.
2025-07-10 18:00:10,714:INFO:Engine for model 'ada_cds_dt' has not been set explicitly, hence returning None.
2025-07-10 18:00:10,714:INFO:Engine for model 'xgboost_cds_dt' has not been set explicitly, hence returning None.
2025-07-10 18:00:10,714:WARNING:
'xgboost' is a soft dependency and not included in the pycaret installation. Please run: `pip install xgboost` to install.
Alternately, you can install this by running `pip install pycaret[models]`
2025-07-10 18:00:10,714:WARNING:
'xgboost' is a soft dependency and not included in the pycaret installation. Please run: `pip install xgboost` to install.
Alternately, you can install this by running `pip install pycaret[models]`
2025-07-10 18:00:10,714:INFO:Engine for model 'lightgbm_cds_dt' has not been set explicitly, hence returning None.
2025-07-10 18:00:10,714:INFO:Engine for model 'catboost_cds_dt' has not been set explicitly, hence returning None.
2025-07-10 18:00:10,714:WARNING:
'catboost' is a soft dependency and not included in the pycaret installation. Please run: `pip install catboost` to install.
Alternately, you can install this by running `pip install pycaret[models]`
2025-07-10 18:00:10,714:WARNING:
'catboost' is a soft dependency and not included in the pycaret installation. Please run: `pip install catboost` to install.
Alternately, you can install this by running `pip install pycaret[models]`
2025-07-10 18:00:10,714:INFO:Engine successfully changes for model 'huber_cds_dt' to 'sklearn'.
2025-07-10 18:00:10,716:WARNING:
'prophet' is a soft dependency and not included in the pycaret installation. Please run: `pip install prophet` to install.
2025-07-10 18:00:10,719:INFO:Engine for model 'omp_cds_dt' has not been set explicitly, hence returning None.
2025-07-10 18:00:10,721:INFO:Engine for model 'knn_cds_dt' has not been set explicitly, hence returning None.
2025-07-10 18:00:10,721:INFO:Engine for model 'dt_cds_dt' has not been set explicitly, hence returning None.
2025-07-10 18:00:10,721:INFO:Engine for model 'rf_cds_dt' has not been set explicitly, hence returning None.
2025-07-10 18:00:10,722:INFO:Engine for model 'et_cds_dt' has not been set explicitly, hence returning None.
2025-07-10 18:00:10,722:INFO:Engine for model 'gbr_cds_dt' has not been set explicitly, hence returning None.
2025-07-10 18:00:10,722:INFO:Engine for model 'ada_cds_dt' has not been set explicitly, hence returning None.
2025-07-10 18:00:10,722:INFO:Engine for model 'xgboost_cds_dt' has not been set explicitly, hence returning None.
2025-07-10 18:00:10,722:WARNING:
'xgboost' is a soft dependency and not included in the pycaret installation. Please run: `pip install xgboost` to install.
Alternately, you can install this by running `pip install pycaret[models]`
2025-07-10 18:00:10,723:WARNING:
'xgboost' is a soft dependency and not included in the pycaret installation. Please run: `pip install xgboost` to install.
Alternately, you can install this by running `pip install pycaret[models]`
2025-07-10 18:00:10,723:INFO:Engine for model 'lightgbm_cds_dt' has not been set explicitly, hence returning None.
2025-07-10 18:00:10,723:INFO:Engine for model 'catboost_cds_dt' has not been set explicitly, hence returning None.
2025-07-10 18:00:10,723:WARNING:
'catboost' is a soft dependency and not included in the pycaret installation. Please run: `pip install catboost` to install.
Alternately, you can install this by running `pip install pycaret[models]`
2025-07-10 18:00:10,723:WARNING:
'catboost' is a soft dependency and not included in the pycaret installation. Please run: `pip install catboost` to install.
Alternately, you can install this by running `pip install pycaret[models]`
2025-07-10 18:00:10,725:WARNING:
'prophet' is a soft dependency and not included in the pycaret installation. Please run: `pip install prophet` to install.
2025-07-10 18:00:10,728:INFO:Engine for model 'omp_cds_dt' has not been set explicitly, hence returning None.
2025-07-10 18:00:10,730:INFO:Engine for model 'knn_cds_dt' has not been set explicitly, hence returning None.
2025-07-10 18:00:10,730:INFO:Engine for model 'dt_cds_dt' has not been set explicitly, hence returning None.
2025-07-10 18:00:10,730:INFO:Engine for model 'rf_cds_dt' has not been set explicitly, hence returning None.
2025-07-10 18:00:10,730:INFO:Engine for model 'et_cds_dt' has not been set explicitly, hence returning None.
2025-07-10 18:00:10,730:INFO:Engine for model 'gbr_cds_dt' has not been set explicitly, hence returning None.
2025-07-10 18:00:10,731:INFO:Engine for model 'ada_cds_dt' has not been set explicitly, hence returning None.
2025-07-10 18:00:10,731:INFO:Engine for model 'xgboost_cds_dt' has not been set explicitly, hence returning None.
2025-07-10 18:00:10,731:WARNING:
'xgboost' is a soft dependency and not included in the pycaret installation. Please run: `pip install xgboost` to install.
Alternately, you can install this by running `pip install pycaret[models]`
2025-07-10 18:00:10,731:WARNING:
'xgboost' is a soft dependency and not included in the pycaret installation. Please run: `pip install xgboost` to install.
Alternately, you can install this by running `pip install pycaret[models]`
2025-07-10 18:00:10,731:INFO:Engine for model 'lightgbm_cds_dt' has not been set explicitly, hence returning None.
2025-07-10 18:00:10,731:INFO:Engine for model 'catboost_cds_dt' has not been set explicitly, hence returning None.
2025-07-10 18:00:10,731:WARNING:
'catboost' is a soft dependency and not included in the pycaret installation. Please run: `pip install catboost` to install.
Alternately, you can install this by running `pip install pycaret[models]`
2025-07-10 18:00:10,731:WARNING:
'catboost' is a soft dependency and not included in the pycaret installation. Please run: `pip install catboost` to install.
Alternately, you can install this by running `pip install pycaret[models]`
2025-07-10 18:00:10,731:INFO:Engine successfully changes for model 'par_cds_dt' to 'sklearn'.
2025-07-10 18:00:10,734:WARNING:
'prophet' is a soft dependency and not included in the pycaret installation. Please run: `pip install prophet` to install.
2025-07-10 18:00:10,737:INFO:Engine for model 'omp_cds_dt' has not been set explicitly, hence returning None.
2025-07-10 18:00:10,738:INFO:Engine for model 'knn_cds_dt' has not been set explicitly, hence returning None.
2025-07-10 18:00:10,739:INFO:Engine for model 'dt_cds_dt' has not been set explicitly, hence returning None.
2025-07-10 18:00:10,739:INFO:Engine for model 'rf_cds_dt' has not been set explicitly, hence returning None.
2025-07-10 18:00:10,739:INFO:Engine for model 'et_cds_dt' has not been set explicitly, hence returning None.
2025-07-10 18:00:10,739:INFO:Engine for model 'gbr_cds_dt' has not been set explicitly, hence returning None.
2025-07-10 18:00:10,740:INFO:Engine for model 'ada_cds_dt' has not been set explicitly, hence returning None.
2025-07-10 18:00:10,740:INFO:Engine for model 'xgboost_cds_dt' has not been set explicitly, hence returning None.
2025-07-10 18:00:10,740:WARNING:
'xgboost' is a soft dependency and not included in the pycaret installation. Please run: `pip install xgboost` to install.
Alternately, you can install this by running `pip install pycaret[models]`
2025-07-10 18:00:10,740:WARNING:
'xgboost' is a soft dependency and not included in the pycaret installation. Please run: `pip install xgboost` to install.
Alternately, you can install this by running `pip install pycaret[models]`
2025-07-10 18:00:10,740:INFO:Engine for model 'lightgbm_cds_dt' has not been set explicitly, hence returning None.
2025-07-10 18:00:10,741:INFO:Engine for model 'catboost_cds_dt' has not been set explicitly, hence returning None.
2025-07-10 18:00:10,741:WARNING:
'catboost' is a soft dependency and not included in the pycaret installation. Please run: `pip install catboost` to install.
Alternately, you can install this by running `pip install pycaret[models]`
2025-07-10 18:00:10,741:WARNING:
'catboost' is a soft dependency and not included in the pycaret installation. Please run: `pip install catboost` to install.
Alternately, you can install this by running `pip install pycaret[models]`
2025-07-10 18:00:10,743:WARNING:
'prophet' is a soft dependency and not included in the pycaret installation. Please run: `pip install prophet` to install.
2025-07-10 18:00:10,746:INFO:Engine for model 'omp_cds_dt' has not been set explicitly, hence returning None.
2025-07-10 18:00:10,748:INFO:Engine for model 'knn_cds_dt' has not been set explicitly, hence returning None.
2025-07-10 18:00:10,748:INFO:Engine for model 'dt_cds_dt' has not been set explicitly, hence returning None.
2025-07-10 18:00:10,748:INFO:Engine for model 'rf_cds_dt' has not been set explicitly, hence returning None.
2025-07-10 18:00:10,748:INFO:Engine for model 'et_cds_dt' has not been set explicitly, hence returning None.
2025-07-10 18:00:10,749:INFO:Engine for model 'gbr_cds_dt' has not been set explicitly, hence returning None.
2025-07-10 18:00:10,749:INFO:Engine for model 'ada_cds_dt' has not been set explicitly, hence returning None.
2025-07-10 18:00:10,749:INFO:Engine for model 'xgboost_cds_dt' has not been set explicitly, hence returning None.
2025-07-10 18:00:10,749:WARNING:
'xgboost' is a soft dependency and not included in the pycaret installation. Please run: `pip install xgboost` to install.
Alternately, you can install this by running `pip install pycaret[models]`
2025-07-10 18:00:10,749:WARNING:
'xgboost' is a soft dependency and not included in the pycaret installation. Please run: `pip install xgboost` to install.
Alternately, you can install this by running `pip install pycaret[models]`
2025-07-10 18:00:10,749:INFO:Engine for model 'lightgbm_cds_dt' has not been set explicitly, hence returning None.
2025-07-10 18:00:10,750:INFO:Engine for model 'catboost_cds_dt' has not been set explicitly, hence returning None.
2025-07-10 18:00:10,750:WARNING:
'catboost' is a soft dependency and not included in the pycaret installation. Please run: `pip install catboost` to install.
Alternately, you can install this by running `pip install pycaret[models]`
2025-07-10 18:00:10,750:WARNING:
'catboost' is a soft dependency and not included in the pycaret installation. Please run: `pip install catboost` to install.
Alternately, you can install this by running `pip install pycaret[models]`
2025-07-10 18:00:10,750:INFO:Engine successfully changes for model 'omp_cds_dt' to 'sklearn'.
2025-07-10 18:00:10,752:WARNING:
'prophet' is a soft dependency and not included in the pycaret installation. Please run: `pip install prophet` to install.
2025-07-10 18:00:10,756:INFO:Engine for model 'knn_cds_dt' has not been set explicitly, hence returning None.
2025-07-10 18:00:10,757:INFO:Engine for model 'dt_cds_dt' has not been set explicitly, hence returning None.
2025-07-10 18:00:10,757:INFO:Engine for model 'rf_cds_dt' has not been set explicitly, hence returning None.
2025-07-10 18:00:10,757:INFO:Engine for model 'et_cds_dt' has not been set explicitly, hence returning None.
2025-07-10 18:00:10,758:INFO:Engine for model 'gbr_cds_dt' has not been set explicitly, hence returning None.
2025-07-10 18:00:10,758:INFO:Engine for model 'ada_cds_dt' has not been set explicitly, hence returning None.
2025-07-10 18:00:10,758:INFO:Engine for model 'xgboost_cds_dt' has not been set explicitly, hence returning None.
2025-07-10 18:00:10,758:WARNING:
'xgboost' is a soft dependency and not included in the pycaret installation. Please run: `pip install xgboost` to install.
Alternately, you can install this by running `pip install pycaret[models]`
2025-07-10 18:00:10,758:WARNING:
'xgboost' is a soft dependency and not included in the pycaret installation. Please run: `pip install xgboost` to install.
Alternately, you can install this by running `pip install pycaret[models]`
2025-07-10 18:00:10,758:INFO:Engine for model 'lightgbm_cds_dt' has not been set explicitly, hence returning None.
2025-07-10 18:00:10,758:INFO:Engine for model 'catboost_cds_dt' has not been set explicitly, hence returning None.
2025-07-10 18:00:10,758:WARNING:
'catboost' is a soft dependency and not included in the pycaret installation. Please run: `pip install catboost` to install.
Alternately, you can install this by running `pip install pycaret[models]`
2025-07-10 18:00:10,758:WARNING:
'catboost' is a soft dependency and not included in the pycaret installation. Please run: `pip install catboost` to install.
Alternately, you can install this by running `pip install pycaret[models]`
2025-07-10 18:00:10,761:WARNING:
'prophet' is a soft dependency and not included in the pycaret installation. Please run: `pip install prophet` to install.
2025-07-10 18:00:10,765:INFO:Engine for model 'knn_cds_dt' has not been set explicitly, hence returning None.
2025-07-10 18:00:10,766:INFO:Engine for model 'dt_cds_dt' has not been set explicitly, hence returning None.
2025-07-10 18:00:10,766:INFO:Engine for model 'rf_cds_dt' has not been set explicitly, hence returning None.
2025-07-10 18:00:10,766:INFO:Engine for model 'et_cds_dt' has not been set explicitly, hence returning None.
2025-07-10 18:00:10,767:INFO:Engine for model 'gbr_cds_dt' has not been set explicitly, hence returning None.
2025-07-10 18:00:10,767:INFO:Engine for model 'ada_cds_dt' has not been set explicitly, hence returning None.
2025-07-10 18:00:10,767:INFO:Engine for model 'xgboost_cds_dt' has not been set explicitly, hence returning None.
2025-07-10 18:00:10,767:WARNING:
'xgboost' is a soft dependency and not included in the pycaret installation. Please run: `pip install xgboost` to install.
Alternately, you can install this by running `pip install pycaret[models]`
2025-07-10 18:00:10,767:WARNING:
'xgboost' is a soft dependency and not included in the pycaret installation. Please run: `pip install xgboost` to install.
Alternately, you can install this by running `pip install pycaret[models]`
2025-07-10 18:00:10,767:INFO:Engine for model 'lightgbm_cds_dt' has not been set explicitly, hence returning None.
2025-07-10 18:00:10,767:INFO:Engine for model 'catboost_cds_dt' has not been set explicitly, hence returning None.
2025-07-10 18:00:10,767:WARNING:
'catboost' is a soft dependency and not included in the pycaret installation. Please run: `pip install catboost` to install.
Alternately, you can install this by running `pip install pycaret[models]`
2025-07-10 18:00:10,767:WARNING:
'catboost' is a soft dependency and not included in the pycaret installation. Please run: `pip install catboost` to install.
Alternately, you can install this by running `pip install pycaret[models]`
2025-07-10 18:00:10,768:INFO:Engine successfully changes for model 'knn_cds_dt' to 'sklearn'.
2025-07-10 18:00:10,770:WARNING:
'prophet' is a soft dependency and not included in the pycaret installation. Please run: `pip install prophet` to install.
2025-07-10 18:00:10,774:INFO:Engine for model 'dt_cds_dt' has not been set explicitly, hence returning None.
2025-07-10 18:00:10,775:INFO:Engine for model 'rf_cds_dt' has not been set explicitly, hence returning None.
2025-07-10 18:00:10,775:INFO:Engine for model 'et_cds_dt' has not been set explicitly, hence returning None.
2025-07-10 18:00:10,775:INFO:Engine for model 'gbr_cds_dt' has not been set explicitly, hence returning None.
2025-07-10 18:00:10,775:INFO:Engine for model 'ada_cds_dt' has not been set explicitly, hence returning None.
2025-07-10 18:00:10,775:INFO:Engine for model 'xgboost_cds_dt' has not been set explicitly, hence returning None.
2025-07-10 18:00:10,776:WARNING:
'xgboost' is a soft dependency and not included in the pycaret installation. Please run: `pip install xgboost` to install.
Alternately, you can install this by running `pip install pycaret[models]`
2025-07-10 18:00:10,776:WARNING:
'xgboost' is a soft dependency and not included in the pycaret installation. Please run: `pip install xgboost` to install.
Alternately, you can install this by running `pip install pycaret[models]`
2025-07-10 18:00:10,776:INFO:Engine for model 'lightgbm_cds_dt' has not been set explicitly, hence returning None.
2025-07-10 18:00:10,776:INFO:Engine for model 'catboost_cds_dt' has not been set explicitly, hence returning None.
2025-07-10 18:00:10,776:WARNING:
'catboost' is a soft dependency and not included in the pycaret installation. Please run: `pip install catboost` to install.
Alternately, you can install this by running `pip install pycaret[models]`
2025-07-10 18:00:10,776:WARNING:
'catboost' is a soft dependency and not included in the pycaret installation. Please run: `pip install catboost` to install.
Alternately, you can install this by running `pip install pycaret[models]`
2025-07-10 18:00:10,779:WARNING:
'prophet' is a soft dependency and not included in the pycaret installation. Please run: `pip install prophet` to install.
2025-07-10 18:00:10,784:INFO:Engine for model 'dt_cds_dt' has not been set explicitly, hence returning None.
2025-07-10 18:00:10,784:INFO:Engine for model 'rf_cds_dt' has not been set explicitly, hence returning None.
2025-07-10 18:00:10,784:INFO:Engine for model 'et_cds_dt' has not been set explicitly, hence returning None.
2025-07-10 18:00:10,785:INFO:Engine for model 'gbr_cds_dt' has not been set explicitly, hence returning None.
2025-07-10 18:00:10,785:INFO:Engine for model 'ada_cds_dt' has not been set explicitly, hence returning None.
2025-07-10 18:00:10,785:INFO:Engine for model 'xgboost_cds_dt' has not been set explicitly, hence returning None.
2025-07-10 18:00:10,785:WARNING:
'xgboost' is a soft dependency and not included in the pycaret installation. Please run: `pip install xgboost` to install.
Alternately, you can install this by running `pip install pycaret[models]`
2025-07-10 18:00:10,785:WARNING:
'xgboost' is a soft dependency and not included in the pycaret installation. Please run: `pip install xgboost` to install.
Alternately, you can install this by running `pip install pycaret[models]`
2025-07-10 18:00:10,785:INFO:Engine for model 'lightgbm_cds_dt' has not been set explicitly, hence returning None.
2025-07-10 18:00:10,785:INFO:Engine for model 'catboost_cds_dt' has not been set explicitly, hence returning None.
2025-07-10 18:00:10,785:WARNING:
'catboost' is a soft dependency and not included in the pycaret installation. Please run: `pip install catboost` to install.
Alternately, you can install this by running `pip install pycaret[models]`
2025-07-10 18:00:10,786:WARNING:
'catboost' is a soft dependency and not included in the pycaret installation. Please run: `pip install catboost` to install.
Alternately, you can install this by running `pip install pycaret[models]`
2025-07-10 18:00:10,786:INFO:Engine successfully changes for model 'dt_cds_dt' to 'sklearn'.
2025-07-10 18:00:10,788:WARNING:
'prophet' is a soft dependency and not included in the pycaret installation. Please run: `pip install prophet` to install.
2025-07-10 18:00:10,793:INFO:Engine for model 'rf_cds_dt' has not been set explicitly, hence returning None.
2025-07-10 18:00:10,793:INFO:Engine for model 'et_cds_dt' has not been set explicitly, hence returning None.
2025-07-10 18:00:10,794:INFO:Engine for model 'gbr_cds_dt' has not been set explicitly, hence returning None.
2025-07-10 18:00:10,794:INFO:Engine for model 'ada_cds_dt' has not been set explicitly, hence returning None.
2025-07-10 18:00:10,794:INFO:Engine for model 'xgboost_cds_dt' has not been set explicitly, hence returning None.
2025-07-10 18:00:10,794:WARNING:
'xgboost' is a soft dependency and not included in the pycaret installation. Please run: `pip install xgboost` to install.
Alternately, you can install this by running `pip install pycaret[models]`
2025-07-10 18:00:10,794:WARNING:
'xgboost' is a soft dependency and not included in the pycaret installation. Please run: `pip install xgboost` to install.
Alternately, you can install this by running `pip install pycaret[models]`
2025-07-10 18:00:10,794:INFO:Engine for model 'lightgbm_cds_dt' has not been set explicitly, hence returning None.
2025-07-10 18:00:10,794:INFO:Engine for model 'catboost_cds_dt' has not been set explicitly, hence returning None.
2025-07-10 18:00:10,794:WARNING:
'catboost' is a soft dependency and not included in the pycaret installation. Please run: `pip install catboost` to install.
Alternately, you can install this by running `pip install pycaret[models]`
2025-07-10 18:00:10,794:WARNING:
'catboost' is a soft dependency and not included in the pycaret installation. Please run: `pip install catboost` to install.
Alternately, you can install this by running `pip install pycaret[models]`
2025-07-10 18:00:10,797:WARNING:
'prophet' is a soft dependency and not included in the pycaret installation. Please run: `pip install prophet` to install.
2025-07-10 18:00:10,802:INFO:Engine for model 'rf_cds_dt' has not been set explicitly, hence returning None.
2025-07-10 18:00:10,802:INFO:Engine for model 'et_cds_dt' has not been set explicitly, hence returning None.
2025-07-10 18:00:10,802:INFO:Engine for model 'gbr_cds_dt' has not been set explicitly, hence returning None.
2025-07-10 18:00:10,802:INFO:Engine for model 'ada_cds_dt' has not been set explicitly, hence returning None.
2025-07-10 18:00:10,803:INFO:Engine for model 'xgboost_cds_dt' has not been set explicitly, hence returning None.
2025-07-10 18:00:10,803:WARNING:
'xgboost' is a soft dependency and not included in the pycaret installation. Please run: `pip install xgboost` to install.
Alternately, you can install this by running `pip install pycaret[models]`
2025-07-10 18:00:10,803:WARNING:
'xgboost' is a soft dependency and not included in the pycaret installation. Please run: `pip install xgboost` to install.
Alternately, you can install this by running `pip install pycaret[models]`
2025-07-10 18:00:10,803:INFO:Engine for model 'lightgbm_cds_dt' has not been set explicitly, hence returning None.
2025-07-10 18:00:10,803:INFO:Engine for model 'catboost_cds_dt' has not been set explicitly, hence returning None.
2025-07-10 18:00:10,803:WARNING:
'catboost' is a soft dependency and not included in the pycaret installation. Please run: `pip install catboost` to install.
Alternately, you can install this by running `pip install pycaret[models]`
2025-07-10 18:00:10,803:WARNING:
'catboost' is a soft dependency and not included in the pycaret installation. Please run: `pip install catboost` to install.
Alternately, you can install this by running `pip install pycaret[models]`
2025-07-10 18:00:10,803:INFO:Engine successfully changes for model 'rf_cds_dt' to 'sklearn'.
2025-07-10 18:00:10,805:WARNING:
'prophet' is a soft dependency and not included in the pycaret installation. Please run: `pip install prophet` to install.
2025-07-10 18:00:10,811:INFO:Engine for model 'et_cds_dt' has not been set explicitly, hence returning None.
2025-07-10 18:00:10,811:INFO:Engine for model 'gbr_cds_dt' has not been set explicitly, hence returning None.
2025-07-10 18:00:10,811:INFO:Engine for model 'ada_cds_dt' has not been set explicitly, hence returning None.
2025-07-10 18:00:10,812:INFO:Engine for model 'xgboost_cds_dt' has not been set explicitly, hence returning None.
2025-07-10 18:00:10,812:WARNING:
'xgboost' is a soft dependency and not included in the pycaret installation. Please run: `pip install xgboost` to install.
Alternately, you can install this by running `pip install pycaret[models]`
2025-07-10 18:00:10,812:WARNING:
'xgboost' is a soft dependency and not included in the pycaret installation. Please run: `pip install xgboost` to install.
Alternately, you can install this by running `pip install pycaret[models]`
2025-07-10 18:00:10,812:INFO:Engine for model 'lightgbm_cds_dt' has not been set explicitly, hence returning None.
2025-07-10 18:00:10,812:INFO:Engine for model 'catboost_cds_dt' has not been set explicitly, hence returning None.
2025-07-10 18:00:10,812:WARNING:
'catboost' is a soft dependency and not included in the pycaret installation. Please run: `pip install catboost` to install.
Alternately, you can install this by running `pip install pycaret[models]`
2025-07-10 18:00:10,812:WARNING:
'catboost' is a soft dependency and not included in the pycaret installation. Please run: `pip install catboost` to install.
Alternately, you can install this by running `pip install pycaret[models]`
2025-07-10 18:00:10,814:WARNING:
'prophet' is a soft dependency and not included in the pycaret installation. Please run: `pip install prophet` to install.
2025-07-10 18:00:10,820:INFO:Engine for model 'et_cds_dt' has not been set explicitly, hence returning None.
2025-07-10 18:00:10,820:INFO:Engine for model 'gbr_cds_dt' has not been set explicitly, hence returning None.
2025-07-10 18:00:10,820:INFO:Engine for model 'ada_cds_dt' has not been set explicitly, hence returning None.
2025-07-10 18:00:10,821:INFO:Engine for model 'xgboost_cds_dt' has not been set explicitly, hence returning None.
2025-07-10 18:00:10,821:WARNING:
'xgboost' is a soft dependency and not included in the pycaret installation. Please run: `pip install xgboost` to install.
Alternately, you can install this by running `pip install pycaret[models]`
2025-07-10 18:00:10,821:WARNING:
'xgboost' is a soft dependency and not included in the pycaret installation. Please run: `pip install xgboost` to install.
Alternately, you can install this by running `pip install pycaret[models]`
2025-07-10 18:00:10,821:INFO:Engine for model 'lightgbm_cds_dt' has not been set explicitly, hence returning None.
2025-07-10 18:00:10,821:INFO:Engine for model 'catboost_cds_dt' has not been set explicitly, hence returning None.
2025-07-10 18:00:10,821:WARNING:
'catboost' is a soft dependency and not included in the pycaret installation. Please run: `pip install catboost` to install.
Alternately, you can install this by running `pip install pycaret[models]`
2025-07-10 18:00:10,821:WARNING:
'catboost' is a soft dependency and not included in the pycaret installation. Please run: `pip install catboost` to install.
Alternately, you can install this by running `pip install pycaret[models]`
2025-07-10 18:00:10,821:INFO:Engine successfully changes for model 'et_cds_dt' to 'sklearn'.
2025-07-10 18:00:10,823:WARNING:
'prophet' is a soft dependency and not included in the pycaret installation. Please run: `pip install prophet` to install.
2025-07-10 18:00:10,829:INFO:Engine for model 'gbr_cds_dt' has not been set explicitly, hence returning None.
2025-07-10 18:00:10,829:INFO:Engine for model 'ada_cds_dt' has not been set explicitly, hence returning None.
2025-07-10 18:00:10,829:INFO:Engine for model 'xgboost_cds_dt' has not been set explicitly, hence returning None.
2025-07-10 18:00:10,829:WARNING:
'xgboost' is a soft dependency and not included in the pycaret installation. Please run: `pip install xgboost` to install.
Alternately, you can install this by running `pip install pycaret[models]`
2025-07-10 18:00:10,829:WARNING:
'xgboost' is a soft dependency and not included in the pycaret installation. Please run: `pip install xgboost` to install.
Alternately, you can install this by running `pip install pycaret[models]`
2025-07-10 18:00:10,829:INFO:Engine for model 'lightgbm_cds_dt' has not been set explicitly, hence returning None.
2025-07-10 18:00:10,830:INFO:Engine for model 'catboost_cds_dt' has not been set explicitly, hence returning None.
2025-07-10 18:00:10,830:WARNING:
'catboost' is a soft dependency and not included in the pycaret installation. Please run: `pip install catboost` to install.
Alternately, you can install this by running `pip install pycaret[models]`
2025-07-10 18:00:10,830:WARNING:
'catboost' is a soft dependency and not included in the pycaret installation. Please run: `pip install catboost` to install.
Alternately, you can install this by running `pip install pycaret[models]`
2025-07-10 18:00:10,832:WARNING:
'prophet' is a soft dependency and not included in the pycaret installation. Please run: `pip install prophet` to install.
2025-07-10 18:00:10,838:INFO:Engine for model 'gbr_cds_dt' has not been set explicitly, hence returning None.
2025-07-10 18:00:10,838:INFO:Engine for model 'ada_cds_dt' has not been set explicitly, hence returning None.
2025-07-10 18:00:10,838:INFO:Engine for model 'xgboost_cds_dt' has not been set explicitly, hence returning None.
2025-07-10 18:00:10,838:WARNING:
'xgboost' is a soft dependency and not included in the pycaret installation. Please run: `pip install xgboost` to install.
Alternately, you can install this by running `pip install pycaret[models]`
2025-07-10 18:00:10,838:WARNING:
'xgboost' is a soft dependency and not included in the pycaret installation. Please run: `pip install xgboost` to install.
Alternately, you can install this by running `pip install pycaret[models]`
2025-07-10 18:00:10,838:INFO:Engine for model 'lightgbm_cds_dt' has not been set explicitly, hence returning None.
2025-07-10 18:00:10,839:INFO:Engine for model 'catboost_cds_dt' has not been set explicitly, hence returning None.
2025-07-10 18:00:10,839:WARNING:
'catboost' is a soft dependency and not included in the pycaret installation. Please run: `pip install catboost` to install.
Alternately, you can install this by running `pip install pycaret[models]`
2025-07-10 18:00:10,839:WARNING:
'catboost' is a soft dependency and not included in the pycaret installation. Please run: `pip install catboost` to install.
Alternately, you can install this by running `pip install pycaret[models]`
2025-07-10 18:00:10,839:INFO:Engine successfully changes for model 'gbr_cds_dt' to 'sklearn'.
2025-07-10 18:00:10,842:WARNING:
'prophet' is a soft dependency and not included in the pycaret installation. Please run: `pip install prophet` to install.
2025-07-10 18:00:10,847:INFO:Engine for model 'ada_cds_dt' has not been set explicitly, hence returning None.
2025-07-10 18:00:10,848:INFO:Engine for model 'xgboost_cds_dt' has not been set explicitly, hence returning None.
2025-07-10 18:00:10,848:WARNING:
'xgboost' is a soft dependency and not included in the pycaret installation. Please run: `pip install xgboost` to install.
Alternately, you can install this by running `pip install pycaret[models]`
2025-07-10 18:00:10,848:WARNING:
'xgboost' is a soft dependency and not included in the pycaret installation. Please run: `pip install xgboost` to install.
Alternately, you can install this by running `pip install pycaret[models]`
2025-07-10 18:00:10,848:INFO:Engine for model 'lightgbm_cds_dt' has not been set explicitly, hence returning None.
2025-07-10 18:00:10,848:INFO:Engine for model 'catboost_cds_dt' has not been set explicitly, hence returning None.
2025-07-10 18:00:10,848:WARNING:
'catboost' is a soft dependency and not included in the pycaret installation. Please run: `pip install catboost` to install.
Alternately, you can install this by running `pip install pycaret[models]`
2025-07-10 18:00:10,848:WARNING:
'catboost' is a soft dependency and not included in the pycaret installation. Please run: `pip install catboost` to install.
Alternately, you can install this by running `pip install pycaret[models]`
2025-07-10 18:00:10,851:WARNING:
'prophet' is a soft dependency and not included in the pycaret installation. Please run: `pip install prophet` to install.
2025-07-10 18:00:10,856:INFO:Engine for model 'ada_cds_dt' has not been set explicitly, hence returning None.
2025-07-10 18:00:10,857:INFO:Engine for model 'xgboost_cds_dt' has not been set explicitly, hence returning None.
2025-07-10 18:00:10,857:WARNING:
'xgboost' is a soft dependency and not included in the pycaret installation. Please run: `pip install xgboost` to install.
Alternately, you can install this by running `pip install pycaret[models]`
2025-07-10 18:00:10,857:WARNING:
'xgboost' is a soft dependency and not included in the pycaret installation. Please run: `pip install xgboost` to install.
Alternately, you can install this by running `pip install pycaret[models]`
2025-07-10 18:00:10,857:INFO:Engine for model 'lightgbm_cds_dt' has not been set explicitly, hence returning None.
2025-07-10 18:00:10,857:INFO:Engine for model 'catboost_cds_dt' has not been set explicitly, hence returning None.
2025-07-10 18:00:10,857:WARNING:
'catboost' is a soft dependency and not included in the pycaret installation. Please run: `pip install catboost` to install.
Alternately, you can install this by running `pip install pycaret[models]`
2025-07-10 18:00:10,857:WARNING:
'catboost' is a soft dependency and not included in the pycaret installation. Please run: `pip install catboost` to install.
Alternately, you can install this by running `pip install pycaret[models]`
2025-07-10 18:00:10,857:INFO:Engine successfully changes for model 'ada_cds_dt' to 'sklearn'.
2025-07-10 18:00:10,860:WARNING:
'prophet' is a soft dependency and not included in the pycaret installation. Please run: `pip install prophet` to install.
2025-07-10 18:00:10,866:INFO:Engine for model 'xgboost_cds_dt' has not been set explicitly, hence returning None.
2025-07-10 18:00:10,866:WARNING:
'xgboost' is a soft dependency and not included in the pycaret installation. Please run: `pip install xgboost` to install.
Alternately, you can install this by running `pip install pycaret[models]`
2025-07-10 18:00:10,866:WARNING:
'xgboost' is a soft dependency and not included in the pycaret installation. Please run: `pip install xgboost` to install.
Alternately, you can install this by running `pip install pycaret[models]`
2025-07-10 18:00:10,866:INFO:Engine for model 'lightgbm_cds_dt' has not been set explicitly, hence returning None.
2025-07-10 18:00:10,867:INFO:Engine for model 'catboost_cds_dt' has not been set explicitly, hence returning None.
2025-07-10 18:00:10,867:WARNING:
'catboost' is a soft dependency and not included in the pycaret installation. Please run: `pip install catboost` to install.
Alternately, you can install this by running `pip install pycaret[models]`
2025-07-10 18:00:10,867:WARNING:
'catboost' is a soft dependency and not included in the pycaret installation. Please run: `pip install catboost` to install.
Alternately, you can install this by running `pip install pycaret[models]`
2025-07-10 18:00:10,869:WARNING:
'prophet' is a soft dependency and not included in the pycaret installation. Please run: `pip install prophet` to install.
2025-07-10 18:00:10,875:INFO:Engine for model 'xgboost_cds_dt' has not been set explicitly, hence returning None.
2025-07-10 18:00:10,875:WARNING:
'xgboost' is a soft dependency and not included in the pycaret installation. Please run: `pip install xgboost` to install.
Alternately, you can install this by running `pip install pycaret[models]`
2025-07-10 18:00:10,875:WARNING:
'xgboost' is a soft dependency and not included in the pycaret installation. Please run: `pip install xgboost` to install.
Alternately, you can install this by running `pip install pycaret[models]`
2025-07-10 18:00:10,875:INFO:Engine for model 'lightgbm_cds_dt' has not been set explicitly, hence returning None.
2025-07-10 18:00:10,875:INFO:Engine for model 'catboost_cds_dt' has not been set explicitly, hence returning None.
2025-07-10 18:00:10,876:WARNING:
'catboost' is a soft dependency and not included in the pycaret installation. Please run: `pip install catboost` to install.
Alternately, you can install this by running `pip install pycaret[models]`
2025-07-10 18:00:10,876:WARNING:
'catboost' is a soft dependency and not included in the pycaret installation. Please run: `pip install catboost` to install.
Alternately, you can install this by running `pip install pycaret[models]`
2025-07-10 18:00:10,876:INFO:Engine successfully changes for model 'xgboost_cds_dt' to 'sklearn'.
2025-07-10 18:00:10,878:WARNING:
'prophet' is a soft dependency and not included in the pycaret installation. Please run: `pip install prophet` to install.
2025-07-10 18:00:10,883:WARNING:
'xgboost' is a soft dependency and not included in the pycaret installation. Please run: `pip install xgboost` to install.
Alternately, you can install this by running `pip install pycaret[models]`
2025-07-10 18:00:10,884:WARNING:
'xgboost' is a soft dependency and not included in the pycaret installation. Please run: `pip install xgboost` to install.
Alternately, you can install this by running `pip install pycaret[models]`
2025-07-10 18:00:10,884:INFO:Engine for model 'lightgbm_cds_dt' has not been set explicitly, hence returning None.
2025-07-10 18:00:10,884:INFO:Engine for model 'catboost_cds_dt' has not been set explicitly, hence returning None.
2025-07-10 18:00:10,884:WARNING:
'catboost' is a soft dependency and not included in the pycaret installation. Please run: `pip install catboost` to install.
Alternately, you can install this by running `pip install pycaret[models]`
2025-07-10 18:00:10,884:WARNING:
'catboost' is a soft dependency and not included in the pycaret installation. Please run: `pip install catboost` to install.
Alternately, you can install this by running `pip install pycaret[models]`
2025-07-10 18:00:10,886:WARNING:
'prophet' is a soft dependency and not included in the pycaret installation. Please run: `pip install prophet` to install.
2025-07-10 18:00:10,893:WARNING:
'xgboost' is a soft dependency and not included in the pycaret installation. Please run: `pip install xgboost` to install.
Alternately, you can install this by running `pip install pycaret[models]`
2025-07-10 18:00:10,893:WARNING:
'xgboost' is a soft dependency and not included in the pycaret installation. Please run: `pip install xgboost` to install.
Alternately, you can install this by running `pip install pycaret[models]`
2025-07-10 18:00:10,893:INFO:Engine for model 'lightgbm_cds_dt' has not been set explicitly, hence returning None.
2025-07-10 18:00:10,893:INFO:Engine for model 'catboost_cds_dt' has not been set explicitly, hence returning None.
2025-07-10 18:00:10,893:WARNING:
'catboost' is a soft dependency and not included in the pycaret installation. Please run: `pip install catboost` to install.
Alternately, you can install this by running `pip install pycaret[models]`
2025-07-10 18:00:10,893:WARNING:
'catboost' is a soft dependency and not included in the pycaret installation. Please run: `pip install catboost` to install.
Alternately, you can install this by running `pip install pycaret[models]`
2025-07-10 18:00:10,893:INFO:Engine successfully changes for model 'lightgbm_cds_dt' to 'sklearn'.
2025-07-10 18:00:10,895:WARNING:
'prophet' is a soft dependency and not included in the pycaret installation. Please run: `pip install prophet` to install.
2025-07-10 18:00:10,901:WARNING:
'xgboost' is a soft dependency and not included in the pycaret installation. Please run: `pip install xgboost` to install.
Alternately, you can install this by running `pip install pycaret[models]`
2025-07-10 18:00:10,902:WARNING:
'xgboost' is a soft dependency and not included in the pycaret installation. Please run: `pip install xgboost` to install.
Alternately, you can install this by running `pip install pycaret[models]`
2025-07-10 18:00:10,902:INFO:Engine for model 'catboost_cds_dt' has not been set explicitly, hence returning None.
2025-07-10 18:00:10,902:WARNING:
'catboost' is a soft dependency and not included in the pycaret installation. Please run: `pip install catboost` to install.
Alternately, you can install this by running `pip install pycaret[models]`
2025-07-10 18:00:10,902:WARNING:
'catboost' is a soft dependency and not included in the pycaret installation. Please run: `pip install catboost` to install.
Alternately, you can install this by running `pip install pycaret[models]`
2025-07-10 18:00:10,904:WARNING:
'prophet' is a soft dependency and not included in the pycaret installation. Please run: `pip install prophet` to install.
2025-07-10 18:00:10,910:WARNING:
'xgboost' is a soft dependency and not included in the pycaret installation. Please run: `pip install xgboost` to install.
Alternately, you can install this by running `pip install pycaret[models]`
2025-07-10 18:00:10,911:WARNING:
'xgboost' is a soft dependency and not included in the pycaret installation. Please run: `pip install xgboost` to install.
Alternately, you can install this by running `pip install pycaret[models]`
2025-07-10 18:00:10,911:INFO:Engine for model 'catboost_cds_dt' has not been set explicitly, hence returning None.
2025-07-10 18:00:10,911:WARNING:
'catboost' is a soft dependency and not included in the pycaret installation. Please run: `pip install catboost` to install.
Alternately, you can install this by running `pip install pycaret[models]`
2025-07-10 18:00:10,911:WARNING:
'catboost' is a soft dependency and not included in the pycaret installation. Please run: `pip install catboost` to install.
Alternately, you can install this by running `pip install pycaret[models]`
2025-07-10 18:00:10,911:INFO:Engine successfully changes for model 'catboost_cds_dt' to 'sklearn'.
2025-07-10 18:00:10,913:WARNING:
'prophet' is a soft dependency and not included in the pycaret installation. Please run: `pip install prophet` to install.
2025-07-10 18:00:10,919:WARNING:
'xgboost' is a soft dependency and not included in the pycaret installation. Please run: `pip install xgboost` to install.
Alternately, you can install this by running `pip install pycaret[models]`
2025-07-10 18:00:10,919:WARNING:
'xgboost' is a soft dependency and not included in the pycaret installation. Please run: `pip install xgboost` to install.
Alternately, you can install this by running `pip install pycaret[models]`
2025-07-10 18:00:10,919:WARNING:
'catboost' is a soft dependency and not included in the pycaret installation. Please run: `pip install catboost` to install.
Alternately, you can install this by running `pip install pycaret[models]`
2025-07-10 18:00:10,919:WARNING:
'catboost' is a soft dependency and not included in the pycaret installation. Please run: `pip install catboost` to install.
Alternately, you can install this by running `pip install pycaret[models]`
2025-07-10 18:00:10,922:WARNING:
'prophet' is a soft dependency and not included in the pycaret installation. Please run: `pip install prophet` to install.
2025-07-10 18:00:10,928:WARNING:
'xgboost' is a soft dependency and not included in the pycaret installation. Please run: `pip install xgboost` to install.
Alternately, you can install this by running `pip install pycaret[models]`
2025-07-10 18:00:10,928:WARNING:
'xgboost' is a soft dependency and not included in the pycaret installation. Please run: `pip install xgboost` to install.
Alternately, you can install this by running `pip install pycaret[models]`
2025-07-10 18:00:10,928:WARNING:
'catboost' is a soft dependency and not included in the pycaret installation. Please run: `pip install catboost` to install.
Alternately, you can install this by running `pip install pycaret[models]`
2025-07-10 18:00:10,928:WARNING:
'catboost' is a soft dependency and not included in the pycaret installation. Please run: `pip install catboost` to install.
Alternately, you can install this by running `pip install pycaret[models]`
2025-07-10 18:00:10,931:WARNING:
'prophet' is a soft dependency and not included in the pycaret installation. Please run: `pip install prophet` to install.
2025-07-10 18:00:10,936:WARNING:
'xgboost' is a soft dependency and not included in the pycaret installation. Please run: `pip install xgboost` to install.
Alternately, you can install this by running `pip install pycaret[models]`
2025-07-10 18:00:10,936:WARNING:
'xgboost' is a soft dependency and not included in the pycaret installation. Please run: `pip install xgboost` to install.
Alternately, you can install this by running `pip install pycaret[models]`
2025-07-10 18:00:10,937:WARNING:
'catboost' is a soft dependency and not included in the pycaret installation. Please run: `pip install catboost` to install.
Alternately, you can install this by running `pip install pycaret[models]`
2025-07-10 18:00:10,937:WARNING:
'catboost' is a soft dependency and not included in the pycaret installation. Please run: `pip install catboost` to install.
Alternately, you can install this by running `pip install pycaret[models]`
2025-07-10 18:00:10,939:WARNING:
'prophet' is a soft dependency and not included in the pycaret installation. Please run: `pip install prophet` to install.
2025-07-10 18:00:10,945:WARNING:
'xgboost' is a soft dependency and not included in the pycaret installation. Please run: `pip install xgboost` to install.
Alternately, you can install this by running `pip install pycaret[models]`
2025-07-10 18:00:10,945:WARNING:
'xgboost' is a soft dependency and not included in the pycaret installation. Please run: `pip install xgboost` to install.
Alternately, you can install this by running `pip install pycaret[models]`
2025-07-10 18:00:10,946:WARNING:
'catboost' is a soft dependency and not included in the pycaret installation. Please run: `pip install catboost` to install.
Alternately, you can install this by running `pip install pycaret[models]`
2025-07-10 18:00:10,946:WARNING:
'catboost' is a soft dependency and not included in the pycaret installation. Please run: `pip install catboost` to install.
Alternately, you can install this by running `pip install pycaret[models]`
2025-07-10 18:00:10,946:INFO:setup() successfully completed in 0.55s...............
2025-07-10 18:01:24,008:INFO:Initializing compare_models()
2025-07-10 18:01:24,009:INFO:compare_models(self=<pycaret.time_series.forecasting.oop.TSForecastingExperiment object at 0x7fc3745813c0>, include=None, fold=None, round=4, cross_validation=True, sort=RMSE, n_select=1, budget_time=None, turbo=True, errors=ignore, fit_kwargs=None, groups=None, experiment_custom_tags=None, probability_threshold=None, verbose=True, parallel=None, caller_params={'self': <pycaret.time_series.forecasting.oop.TSForecastingExperiment object at 0x7fc3745813c0>, 'include': None, 'exclude': None, 'fold': None, 'round': 4, 'cross_validation': True, 'sort': 'RMSE', 'n_select': 1, 'budget_time': None, 'turbo': True, 'errors': 'ignore', 'fit_kwargs': None, 'experiment_custom_tags': None, 'engine': None, 'verbose': True, 'parallel': None, '__class__': <class 'pycaret.time_series.forecasting.oop.TSForecastingExperiment'>}, exclude=None)
2025-07-10 18:01:24,009:INFO:Checking exceptions
2025-07-10 18:01:24,010:INFO:Preparing display monitor
2025-07-10 18:01:24,030:WARNING:/home/leon/.conda/envs/bd_inv_predict/lib/python3.10/site-packages/pycaret/internal/pycaret_experiment/supervised_experiment.py:713: UserWarning: Unsupported estimator `ensemble_forecaster` for method `compare_models()`, removing from model_library
  warnings.warn(

2025-07-10 18:01:24,031:INFO:Initializing ARIMA
2025-07-10 18:01:24,031:INFO:Total runtime is 2.189477284749349e-06 minutes
2025-07-10 18:01:24,033:INFO:SubProcess create_model() called ==================================
2025-07-10 18:01:24,033:INFO:Initializing create_model()
2025-07-10 18:01:24,033:INFO:create_model(self=<pycaret.time_series.forecasting.oop.TSForecastingExperiment object at 0x7fc3745813c0>, estimator=arima, fold=None, round=4, cross_validation=True, predict=True, fit_kwargs={}, groups=None, refit=False, probability_threshold=None, experiment_custom_tags=None, verbose=False, system=False, add_to_model_list=True, metrics=None, display=<pycaret.internal.display.display.CommonDisplay object at 0x7fc37c1969b0>, model_only=True, return_train_score=False, error_score=0.0, kwargs={})
2025-07-10 18:01:24,034:INFO:Checking exceptions
2025-07-10 18:01:24,034:INFO:Importing libraries
2025-07-10 18:01:24,034:INFO:Copying training dataset
2025-07-10 18:01:24,036:INFO:Defining folds
2025-07-10 18:01:24,036:INFO:Declaring metric variables
2025-07-10 18:01:24,039:INFO:Importing untrained model
2025-07-10 18:01:24,044:INFO:ARIMA Imported successfully
2025-07-10 18:01:24,051:INFO:Starting cross validation
2025-07-10 18:01:24,053:INFO:Cross validating with SlidingWindowSplitter(fh=ForecastingHorizon([1, 2, 3, 4, 5, 6, 7, 8, 9, 10, 11, 12, 13, 14], dtype='int64', is_relative=True),
                      step_length=14, window_length=1502), n_jobs=-1
2025-07-10 18:01:27,084:WARNING:/home/leon/.conda/envs/bd_inv_predict/lib/python3.10/site-packages/sklearn/metrics/_regression.py:483: FutureWarning: 'squared' is deprecated in version 1.4 and will be removed in 1.6. To calculate the root mean squared error, use the function'root_mean_squared_error'.
  warnings.warn(

2025-07-10 18:01:27,084:WARNING:/home/leon/.conda/envs/bd_inv_predict/lib/python3.10/site-packages/sklearn/metrics/_regression.py:483: FutureWarning: 'squared' is deprecated in version 1.4 and will be removed in 1.6. To calculate the root mean squared error, use the function'root_mean_squared_error'.
  warnings.warn(

2025-07-10 18:01:27,095:INFO:Calculating mean and std
2025-07-10 18:01:27,096:INFO:Creating metrics dataframe
2025-07-10 18:01:27,100:WARNING:/home/leon/.conda/envs/bd_inv_predict/lib/python3.10/site-packages/pycaret/time_series/forecasting/oop.py:2694: FutureWarning: The behavior of DataFrame concatenation with empty or all-NA entries is deprecated. In a future version, this will no longer exclude empty or all-NA columns when determining the result dtypes. To retain the old behavior, exclude the relevant entries before the concat operation.
  model_results = pd.concat((model_results, model_avgs), axis=0)

2025-07-10 18:01:27,104:INFO:Uploading results into container
2025-07-10 18:01:27,104:INFO:Uploading model into container now
2025-07-10 18:01:27,105:INFO:_master_model_container: 1
2025-07-10 18:01:27,105:INFO:_display_container: 2
2025-07-10 18:01:27,105:INFO:ARIMA(seasonal_order=(0, 1, 0, 14))
2025-07-10 18:01:27,105:INFO:create_model() successfully completed......................................
2025-07-10 18:01:27,213:INFO:SubProcess create_model() end ==================================
2025-07-10 18:01:27,213:INFO:Creating metrics dataframe
2025-07-10 18:01:27,219:INFO:Initializing Auto ARIMA
2025-07-10 18:01:27,219:INFO:Total runtime is 0.053140493233998616 minutes
2025-07-10 18:01:27,221:INFO:SubProcess create_model() called ==================================
2025-07-10 18:01:27,222:INFO:Initializing create_model()
2025-07-10 18:01:27,222:INFO:create_model(self=<pycaret.time_series.forecasting.oop.TSForecastingExperiment object at 0x7fc3745813c0>, estimator=auto_arima, fold=None, round=4, cross_validation=True, predict=True, fit_kwargs={}, groups=None, refit=False, probability_threshold=None, experiment_custom_tags=None, verbose=False, system=False, add_to_model_list=True, metrics=None, display=<pycaret.internal.display.display.CommonDisplay object at 0x7fc37c1969b0>, model_only=True, return_train_score=False, error_score=0.0, kwargs={})
2025-07-10 18:01:27,222:INFO:Checking exceptions
2025-07-10 18:01:27,222:INFO:Importing libraries
2025-07-10 18:01:27,222:INFO:Copying training dataset
2025-07-10 18:01:27,224:INFO:Defining folds
2025-07-10 18:01:27,224:INFO:Declaring metric variables
2025-07-10 18:01:27,228:INFO:Importing untrained model
2025-07-10 18:01:27,231:INFO:Auto ARIMA Imported successfully
2025-07-10 18:01:27,238:INFO:Starting cross validation
2025-07-10 18:01:27,239:INFO:Cross validating with SlidingWindowSplitter(fh=ForecastingHorizon([1, 2, 3, 4, 5, 6, 7, 8, 9, 10, 11, 12, 13, 14], dtype='int64', is_relative=True),
                      step_length=14, window_length=1502), n_jobs=-1
2025-07-10 18:03:25,368:WARNING:/home/leon/.conda/envs/bd_inv_predict/lib/python3.10/site-packages/sklearn/metrics/_regression.py:483: FutureWarning: 'squared' is deprecated in version 1.4 and will be removed in 1.6. To calculate the root mean squared error, use the function'root_mean_squared_error'.
  warnings.warn(

2025-07-10 18:03:25,368:WARNING:/home/leon/.conda/envs/bd_inv_predict/lib/python3.10/site-packages/sklearn/metrics/_regression.py:483: FutureWarning: 'squared' is deprecated in version 1.4 and will be removed in 1.6. To calculate the root mean squared error, use the function'root_mean_squared_error'.
  warnings.warn(

2025-07-10 18:03:25,374:INFO:Calculating mean and std
2025-07-10 18:03:25,375:INFO:Creating metrics dataframe
2025-07-10 18:03:25,378:WARNING:/home/leon/.conda/envs/bd_inv_predict/lib/python3.10/site-packages/pycaret/time_series/forecasting/oop.py:2694: FutureWarning: The behavior of DataFrame concatenation with empty or all-NA entries is deprecated. In a future version, this will no longer exclude empty or all-NA columns when determining the result dtypes. To retain the old behavior, exclude the relevant entries before the concat operation.
  model_results = pd.concat((model_results, model_avgs), axis=0)

2025-07-10 18:03:25,380:INFO:Uploading results into container
2025-07-10 18:03:25,380:INFO:Uploading model into container now
2025-07-10 18:03:25,380:INFO:_master_model_container: 2
2025-07-10 18:03:25,380:INFO:_display_container: 2
2025-07-10 18:03:25,381:INFO:AutoARIMA(random_state=123, sp=14, suppress_warnings=True)
2025-07-10 18:03:25,381:INFO:create_model() successfully completed......................................
2025-07-10 18:03:25,493:INFO:SubProcess create_model() end ==================================
2025-07-10 18:03:25,493:INFO:Creating metrics dataframe
2025-07-10 18:03:25,499:INFO:Initializing Croston
2025-07-10 18:03:25,499:INFO:Total runtime is 2.0244716803232827 minutes
2025-07-10 18:03:25,502:INFO:SubProcess create_model() called ==================================
2025-07-10 18:03:25,502:INFO:Initializing create_model()
2025-07-10 18:03:25,502:INFO:create_model(self=<pycaret.time_series.forecasting.oop.TSForecastingExperiment object at 0x7fc3745813c0>, estimator=croston, fold=None, round=4, cross_validation=True, predict=True, fit_kwargs={}, groups=None, refit=False, probability_threshold=None, experiment_custom_tags=None, verbose=False, system=False, add_to_model_list=True, metrics=None, display=<pycaret.internal.display.display.CommonDisplay object at 0x7fc37c1969b0>, model_only=True, return_train_score=False, error_score=0.0, kwargs={})
2025-07-10 18:03:25,502:INFO:Checking exceptions
2025-07-10 18:03:25,502:INFO:Importing libraries
2025-07-10 18:03:25,502:INFO:Copying training dataset
2025-07-10 18:03:25,506:INFO:Defining folds
2025-07-10 18:03:25,506:INFO:Declaring metric variables
2025-07-10 18:03:25,508:INFO:Importing untrained model
2025-07-10 18:03:25,511:INFO:Croston Imported successfully
2025-07-10 18:03:25,517:INFO:Starting cross validation
2025-07-10 18:03:25,518:INFO:Cross validating with SlidingWindowSplitter(fh=ForecastingHorizon([1, 2, 3, 4, 5, 6, 7, 8, 9, 10, 11, 12, 13, 14], dtype='int64', is_relative=True),
                      step_length=14, window_length=1502), n_jobs=-1
2025-07-10 18:03:26,454:WARNING:/home/leon/.conda/envs/bd_inv_predict/lib/python3.10/site-packages/sklearn/metrics/_regression.py:483: FutureWarning: 'squared' is deprecated in version 1.4 and will be removed in 1.6. To calculate the root mean squared error, use the function'root_mean_squared_error'.
  warnings.warn(

2025-07-10 18:03:26,454:WARNING:/home/leon/.conda/envs/bd_inv_predict/lib/python3.10/site-packages/sklearn/metrics/_regression.py:483: FutureWarning: 'squared' is deprecated in version 1.4 and will be removed in 1.6. To calculate the root mean squared error, use the function'root_mean_squared_error'.
  warnings.warn(

2025-07-10 18:03:26,459:INFO:Calculating mean and std
2025-07-10 18:03:26,460:INFO:Creating metrics dataframe
2025-07-10 18:03:26,463:WARNING:/home/leon/.conda/envs/bd_inv_predict/lib/python3.10/site-packages/pycaret/time_series/forecasting/oop.py:2694: FutureWarning: The behavior of DataFrame concatenation with empty or all-NA entries is deprecated. In a future version, this will no longer exclude empty or all-NA columns when determining the result dtypes. To retain the old behavior, exclude the relevant entries before the concat operation.
  model_results = pd.concat((model_results, model_avgs), axis=0)

2025-07-10 18:03:26,465:INFO:Uploading results into container
2025-07-10 18:03:26,465:INFO:Uploading model into container now
2025-07-10 18:03:26,465:INFO:_master_model_container: 3
2025-07-10 18:03:26,466:INFO:_display_container: 2
2025-07-10 18:03:26,466:INFO:Croston()
2025-07-10 18:03:26,466:INFO:create_model() successfully completed......................................
2025-07-10 18:03:26,567:INFO:SubProcess create_model() end ==================================
2025-07-10 18:03:26,567:INFO:Creating metrics dataframe
2025-07-10 18:03:26,572:INFO:Initializing Linear w/ Cond. Deseasonalize & Detrending
2025-07-10 18:03:26,572:INFO:Total runtime is 2.0423602581024167 minutes
2025-07-10 18:03:26,575:INFO:SubProcess create_model() called ==================================
2025-07-10 18:03:26,575:INFO:Initializing create_model()
2025-07-10 18:03:26,575:INFO:create_model(self=<pycaret.time_series.forecasting.oop.TSForecastingExperiment object at 0x7fc3745813c0>, estimator=lr_cds_dt, fold=None, round=4, cross_validation=True, predict=True, fit_kwargs={}, groups=None, refit=False, probability_threshold=None, experiment_custom_tags=None, verbose=False, system=False, add_to_model_list=True, metrics=None, display=<pycaret.internal.display.display.CommonDisplay object at 0x7fc37c1969b0>, model_only=True, return_train_score=False, error_score=0.0, kwargs={})
2025-07-10 18:03:26,575:INFO:Checking exceptions
2025-07-10 18:03:26,575:INFO:Importing libraries
2025-07-10 18:03:26,575:INFO:Copying training dataset
2025-07-10 18:03:26,577:INFO:Defining folds
2025-07-10 18:03:26,577:INFO:Declaring metric variables
2025-07-10 18:03:26,580:INFO:Importing untrained model
2025-07-10 18:03:26,584:INFO:Linear w/ Cond. Deseasonalize & Detrending Imported successfully
2025-07-10 18:03:26,591:INFO:Starting cross validation
2025-07-10 18:03:26,592:INFO:Cross validating with SlidingWindowSplitter(fh=ForecastingHorizon([1, 2, 3, 4, 5, 6, 7, 8, 9, 10, 11, 12, 13, 14], dtype='int64', is_relative=True),
                      step_length=14, window_length=1502), n_jobs=-1
2025-07-10 18:03:27,643:WARNING:
'prophet' is a soft dependency and not included in the pycaret installation. Please run: `pip install prophet` to install.
2025-07-10 18:03:28,019:WARNING:/home/leon/.conda/envs/bd_inv_predict/lib/python3.10/site-packages/sklearn/metrics/_regression.py:483: FutureWarning: 'squared' is deprecated in version 1.4 and will be removed in 1.6. To calculate the root mean squared error, use the function'root_mean_squared_error'.
  warnings.warn(

2025-07-10 18:03:28,019:WARNING:/home/leon/.conda/envs/bd_inv_predict/lib/python3.10/site-packages/sklearn/metrics/_regression.py:483: FutureWarning: 'squared' is deprecated in version 1.4 and will be removed in 1.6. To calculate the root mean squared error, use the function'root_mean_squared_error'.
  warnings.warn(

2025-07-10 18:03:28,027:INFO:Calculating mean and std
2025-07-10 18:03:28,028:INFO:Creating metrics dataframe
2025-07-10 18:03:28,030:WARNING:/home/leon/.conda/envs/bd_inv_predict/lib/python3.10/site-packages/pycaret/time_series/forecasting/oop.py:2694: FutureWarning: The behavior of DataFrame concatenation with empty or all-NA entries is deprecated. In a future version, this will no longer exclude empty or all-NA columns when determining the result dtypes. To retain the old behavior, exclude the relevant entries before the concat operation.
  model_results = pd.concat((model_results, model_avgs), axis=0)

2025-07-10 18:03:28,032:INFO:Uploading results into container
2025-07-10 18:03:28,033:INFO:Uploading model into container now
2025-07-10 18:03:28,033:INFO:_master_model_container: 4
2025-07-10 18:03:28,033:INFO:_display_container: 2
2025-07-10 18:03:28,036:INFO:BaseCdsDtForecaster(fe_target_rr=[WindowSummarizer(lag_feature={'lag': [14, 13,
                                                                        12, 11,
                                                                        10, 9,
                                                                        8, 7, 6,
                                                                        5, 4, 3,
                                                                        2, 1]},
                                                   n_jobs=1)],
                    regressor=LinearRegression(n_jobs=-1), sp=14,
                    window_length=14)
2025-07-10 18:03:28,036:INFO:create_model() successfully completed......................................
2025-07-10 18:03:28,132:INFO:SubProcess create_model() end ==================================
2025-07-10 18:03:28,132:INFO:Creating metrics dataframe
2025-07-10 18:03:28,137:INFO:Initializing Elastic Net w/ Cond. Deseasonalize & Detrending
2025-07-10 18:03:28,138:INFO:Total runtime is 2.068450895945231 minutes
2025-07-10 18:03:28,140:INFO:SubProcess create_model() called ==================================
2025-07-10 18:03:28,140:INFO:Initializing create_model()
2025-07-10 18:03:28,140:INFO:create_model(self=<pycaret.time_series.forecasting.oop.TSForecastingExperiment object at 0x7fc3745813c0>, estimator=en_cds_dt, fold=None, round=4, cross_validation=True, predict=True, fit_kwargs={}, groups=None, refit=False, probability_threshold=None, experiment_custom_tags=None, verbose=False, system=False, add_to_model_list=True, metrics=None, display=<pycaret.internal.display.display.CommonDisplay object at 0x7fc37c1969b0>, model_only=True, return_train_score=False, error_score=0.0, kwargs={})
2025-07-10 18:03:28,140:INFO:Checking exceptions
2025-07-10 18:03:28,140:INFO:Importing libraries
2025-07-10 18:03:28,140:INFO:Copying training dataset
2025-07-10 18:03:28,143:INFO:Defining folds
2025-07-10 18:03:28,143:INFO:Declaring metric variables
2025-07-10 18:03:28,146:INFO:Importing untrained model
2025-07-10 18:03:28,149:INFO:Elastic Net w/ Cond. Deseasonalize & Detrending Imported successfully
2025-07-10 18:03:28,156:INFO:Starting cross validation
2025-07-10 18:03:28,157:INFO:Cross validating with SlidingWindowSplitter(fh=ForecastingHorizon([1, 2, 3, 4, 5, 6, 7, 8, 9, 10, 11, 12, 13, 14], dtype='int64', is_relative=True),
                      step_length=14, window_length=1502), n_jobs=-1
2025-07-10 18:03:29,232:WARNING:
'prophet' is a soft dependency and not included in the pycaret installation. Please run: `pip install prophet` to install.
2025-07-10 18:03:29,615:WARNING:/home/leon/.conda/envs/bd_inv_predict/lib/python3.10/site-packages/sklearn/metrics/_regression.py:483: FutureWarning: 'squared' is deprecated in version 1.4 and will be removed in 1.6. To calculate the root mean squared error, use the function'root_mean_squared_error'.
  warnings.warn(

2025-07-10 18:03:29,615:WARNING:/home/leon/.conda/envs/bd_inv_predict/lib/python3.10/site-packages/sklearn/metrics/_regression.py:483: FutureWarning: 'squared' is deprecated in version 1.4 and will be removed in 1.6. To calculate the root mean squared error, use the function'root_mean_squared_error'.
  warnings.warn(

2025-07-10 18:03:29,623:INFO:Calculating mean and std
2025-07-10 18:03:29,624:INFO:Creating metrics dataframe
2025-07-10 18:03:29,626:WARNING:/home/leon/.conda/envs/bd_inv_predict/lib/python3.10/site-packages/pycaret/time_series/forecasting/oop.py:2694: FutureWarning: The behavior of DataFrame concatenation with empty or all-NA entries is deprecated. In a future version, this will no longer exclude empty or all-NA columns when determining the result dtypes. To retain the old behavior, exclude the relevant entries before the concat operation.
  model_results = pd.concat((model_results, model_avgs), axis=0)

2025-07-10 18:03:29,628:INFO:Uploading results into container
2025-07-10 18:03:29,628:INFO:Uploading model into container now
2025-07-10 18:03:29,629:INFO:_master_model_container: 5
2025-07-10 18:03:29,629:INFO:_display_container: 2
2025-07-10 18:03:29,631:INFO:BaseCdsDtForecaster(fe_target_rr=[WindowSummarizer(lag_feature={'lag': [14, 13,
                                                                        12, 11,
                                                                        10, 9,
                                                                        8, 7, 6,
                                                                        5, 4, 3,
                                                                        2, 1]},
                                                   n_jobs=1)],
                    regressor=ElasticNet(random_state=123), sp=14,
                    window_length=14)
2025-07-10 18:03:29,632:INFO:create_model() successfully completed......................................
2025-07-10 18:03:29,730:INFO:SubProcess create_model() end ==================================
2025-07-10 18:03:29,730:INFO:Creating metrics dataframe
2025-07-10 18:03:29,736:INFO:Initializing Ridge w/ Cond. Deseasonalize & Detrending
2025-07-10 18:03:29,736:INFO:Total runtime is 2.0950923045476273 minutes
2025-07-10 18:03:29,738:INFO:SubProcess create_model() called ==================================
2025-07-10 18:03:29,738:INFO:Initializing create_model()
2025-07-10 18:03:29,738:INFO:create_model(self=<pycaret.time_series.forecasting.oop.TSForecastingExperiment object at 0x7fc3745813c0>, estimator=ridge_cds_dt, fold=None, round=4, cross_validation=True, predict=True, fit_kwargs={}, groups=None, refit=False, probability_threshold=None, experiment_custom_tags=None, verbose=False, system=False, add_to_model_list=True, metrics=None, display=<pycaret.internal.display.display.CommonDisplay object at 0x7fc37c1969b0>, model_only=True, return_train_score=False, error_score=0.0, kwargs={})
2025-07-10 18:03:29,738:INFO:Checking exceptions
2025-07-10 18:03:29,738:INFO:Importing libraries
2025-07-10 18:03:29,738:INFO:Copying training dataset
2025-07-10 18:03:29,741:INFO:Defining folds
2025-07-10 18:03:29,741:INFO:Declaring metric variables
2025-07-10 18:03:29,744:INFO:Importing untrained model
2025-07-10 18:03:29,747:INFO:Ridge w/ Cond. Deseasonalize & Detrending Imported successfully
2025-07-10 18:03:29,753:INFO:Starting cross validation
2025-07-10 18:03:29,754:INFO:Cross validating with SlidingWindowSplitter(fh=ForecastingHorizon([1, 2, 3, 4, 5, 6, 7, 8, 9, 10, 11, 12, 13, 14], dtype='int64', is_relative=True),
                      step_length=14, window_length=1502), n_jobs=-1
2025-07-10 18:03:30,785:WARNING:
'prophet' is a soft dependency and not included in the pycaret installation. Please run: `pip install prophet` to install.
2025-07-10 18:03:31,152:WARNING:/home/leon/.conda/envs/bd_inv_predict/lib/python3.10/site-packages/sklearn/metrics/_regression.py:483: FutureWarning: 'squared' is deprecated in version 1.4 and will be removed in 1.6. To calculate the root mean squared error, use the function'root_mean_squared_error'.
  warnings.warn(

2025-07-10 18:03:31,153:WARNING:/home/leon/.conda/envs/bd_inv_predict/lib/python3.10/site-packages/sklearn/metrics/_regression.py:483: FutureWarning: 'squared' is deprecated in version 1.4 and will be removed in 1.6. To calculate the root mean squared error, use the function'root_mean_squared_error'.
  warnings.warn(

2025-07-10 18:03:31,158:INFO:Calculating mean and std
2025-07-10 18:03:31,159:INFO:Creating metrics dataframe
2025-07-10 18:03:31,162:WARNING:/home/leon/.conda/envs/bd_inv_predict/lib/python3.10/site-packages/pycaret/time_series/forecasting/oop.py:2694: FutureWarning: The behavior of DataFrame concatenation with empty or all-NA entries is deprecated. In a future version, this will no longer exclude empty or all-NA columns when determining the result dtypes. To retain the old behavior, exclude the relevant entries before the concat operation.
  model_results = pd.concat((model_results, model_avgs), axis=0)

2025-07-10 18:03:31,163:INFO:Uploading results into container
2025-07-10 18:03:31,164:INFO:Uploading model into container now
2025-07-10 18:03:31,164:INFO:_master_model_container: 6
2025-07-10 18:03:31,164:INFO:_display_container: 2
2025-07-10 18:03:31,166:INFO:BaseCdsDtForecaster(fe_target_rr=[WindowSummarizer(lag_feature={'lag': [14, 13,
                                                                        12, 11,
                                                                        10, 9,
                                                                        8, 7, 6,
                                                                        5, 4, 3,
                                                                        2, 1]},
                                                   n_jobs=1)],
                    regressor=Ridge(random_state=123), sp=14, window_length=14)
2025-07-10 18:03:31,166:INFO:create_model() successfully completed......................................
2025-07-10 18:03:31,266:INFO:SubProcess create_model() end ==================================
2025-07-10 18:03:31,266:INFO:Creating metrics dataframe
2025-07-10 18:03:31,273:INFO:Initializing Lasso w/ Cond. Deseasonalize & Detrending
2025-07-10 18:03:31,273:INFO:Total runtime is 2.120704050858815 minutes
2025-07-10 18:03:31,275:INFO:SubProcess create_model() called ==================================
2025-07-10 18:03:31,276:INFO:Initializing create_model()
2025-07-10 18:03:31,276:INFO:create_model(self=<pycaret.time_series.forecasting.oop.TSForecastingExperiment object at 0x7fc3745813c0>, estimator=lasso_cds_dt, fold=None, round=4, cross_validation=True, predict=True, fit_kwargs={}, groups=None, refit=False, probability_threshold=None, experiment_custom_tags=None, verbose=False, system=False, add_to_model_list=True, metrics=None, display=<pycaret.internal.display.display.CommonDisplay object at 0x7fc37c1969b0>, model_only=True, return_train_score=False, error_score=0.0, kwargs={})
2025-07-10 18:03:31,276:INFO:Checking exceptions
2025-07-10 18:03:31,276:INFO:Importing libraries
2025-07-10 18:03:31,276:INFO:Copying training dataset
2025-07-10 18:03:31,278:INFO:Defining folds
2025-07-10 18:03:31,278:INFO:Declaring metric variables
2025-07-10 18:03:31,280:INFO:Importing untrained model
2025-07-10 18:03:31,283:INFO:Lasso w/ Cond. Deseasonalize & Detrending Imported successfully
2025-07-10 18:03:31,291:INFO:Starting cross validation
2025-07-10 18:03:31,293:INFO:Cross validating with SlidingWindowSplitter(fh=ForecastingHorizon([1, 2, 3, 4, 5, 6, 7, 8, 9, 10, 11, 12, 13, 14], dtype='int64', is_relative=True),
                      step_length=14, window_length=1502), n_jobs=-1
2025-07-10 18:03:32,337:WARNING:
'prophet' is a soft dependency and not included in the pycaret installation. Please run: `pip install prophet` to install.
2025-07-10 18:03:32,730:WARNING:/home/leon/.conda/envs/bd_inv_predict/lib/python3.10/site-packages/sklearn/metrics/_regression.py:483: FutureWarning: 'squared' is deprecated in version 1.4 and will be removed in 1.6. To calculate the root mean squared error, use the function'root_mean_squared_error'.
  warnings.warn(

2025-07-10 18:03:32,730:WARNING:/home/leon/.conda/envs/bd_inv_predict/lib/python3.10/site-packages/sklearn/metrics/_regression.py:483: FutureWarning: 'squared' is deprecated in version 1.4 and will be removed in 1.6. To calculate the root mean squared error, use the function'root_mean_squared_error'.
  warnings.warn(

2025-07-10 18:03:32,739:INFO:Calculating mean and std
2025-07-10 18:03:32,740:INFO:Creating metrics dataframe
2025-07-10 18:03:32,742:WARNING:/home/leon/.conda/envs/bd_inv_predict/lib/python3.10/site-packages/pycaret/time_series/forecasting/oop.py:2694: FutureWarning: The behavior of DataFrame concatenation with empty or all-NA entries is deprecated. In a future version, this will no longer exclude empty or all-NA columns when determining the result dtypes. To retain the old behavior, exclude the relevant entries before the concat operation.
  model_results = pd.concat((model_results, model_avgs), axis=0)

2025-07-10 18:03:32,745:INFO:Uploading results into container
2025-07-10 18:03:32,745:INFO:Uploading model into container now
2025-07-10 18:03:32,746:INFO:_master_model_container: 7
2025-07-10 18:03:32,746:INFO:_display_container: 2
2025-07-10 18:03:32,748:INFO:BaseCdsDtForecaster(fe_target_rr=[WindowSummarizer(lag_feature={'lag': [14, 13,
                                                                        12, 11,
                                                                        10, 9,
                                                                        8, 7, 6,
                                                                        5, 4, 3,
                                                                        2, 1]},
                                                   n_jobs=1)],
                    regressor=Lasso(random_state=123), sp=14, window_length=14)
2025-07-10 18:03:32,748:INFO:create_model() successfully completed......................................
2025-07-10 18:03:32,846:INFO:SubProcess create_model() end ==================================
2025-07-10 18:03:32,846:INFO:Creating metrics dataframe
2025-07-10 18:03:32,852:INFO:Initializing Lasso Least Angular Regressor w/ Cond. Deseasonalize & Detrending
2025-07-10 18:03:32,852:INFO:Total runtime is 2.147020816802978 minutes
2025-07-10 18:03:32,854:INFO:SubProcess create_model() called ==================================
2025-07-10 18:03:32,854:INFO:Initializing create_model()
2025-07-10 18:03:32,854:INFO:create_model(self=<pycaret.time_series.forecasting.oop.TSForecastingExperiment object at 0x7fc3745813c0>, estimator=llar_cds_dt, fold=None, round=4, cross_validation=True, predict=True, fit_kwargs={}, groups=None, refit=False, probability_threshold=None, experiment_custom_tags=None, verbose=False, system=False, add_to_model_list=True, metrics=None, display=<pycaret.internal.display.display.CommonDisplay object at 0x7fc37c1969b0>, model_only=True, return_train_score=False, error_score=0.0, kwargs={})
2025-07-10 18:03:32,855:INFO:Checking exceptions
2025-07-10 18:03:32,855:INFO:Importing libraries
2025-07-10 18:03:32,855:INFO:Copying training dataset
2025-07-10 18:03:32,857:INFO:Defining folds
2025-07-10 18:03:32,857:INFO:Declaring metric variables
2025-07-10 18:03:32,860:INFO:Importing untrained model
2025-07-10 18:03:32,863:INFO:Lasso Least Angular Regressor w/ Cond. Deseasonalize & Detrending Imported successfully
2025-07-10 18:03:32,869:INFO:Starting cross validation
2025-07-10 18:03:32,870:INFO:Cross validating with SlidingWindowSplitter(fh=ForecastingHorizon([1, 2, 3, 4, 5, 6, 7, 8, 9, 10, 11, 12, 13, 14], dtype='int64', is_relative=True),
                      step_length=14, window_length=1502), n_jobs=-1
2025-07-10 18:03:33,922:WARNING:
'prophet' is a soft dependency and not included in the pycaret installation. Please run: `pip install prophet` to install.
2025-07-10 18:03:34,296:WARNING:/home/leon/.conda/envs/bd_inv_predict/lib/python3.10/site-packages/sklearn/metrics/_regression.py:483: FutureWarning: 'squared' is deprecated in version 1.4 and will be removed in 1.6. To calculate the root mean squared error, use the function'root_mean_squared_error'.
  warnings.warn(

2025-07-10 18:03:34,296:WARNING:/home/leon/.conda/envs/bd_inv_predict/lib/python3.10/site-packages/sklearn/metrics/_regression.py:483: FutureWarning: 'squared' is deprecated in version 1.4 and will be removed in 1.6. To calculate the root mean squared error, use the function'root_mean_squared_error'.
  warnings.warn(

2025-07-10 18:03:34,306:INFO:Calculating mean and std
2025-07-10 18:03:34,307:INFO:Creating metrics dataframe
2025-07-10 18:03:34,309:WARNING:/home/leon/.conda/envs/bd_inv_predict/lib/python3.10/site-packages/pycaret/time_series/forecasting/oop.py:2694: FutureWarning: The behavior of DataFrame concatenation with empty or all-NA entries is deprecated. In a future version, this will no longer exclude empty or all-NA columns when determining the result dtypes. To retain the old behavior, exclude the relevant entries before the concat operation.
  model_results = pd.concat((model_results, model_avgs), axis=0)

2025-07-10 18:03:34,312:INFO:Uploading results into container
2025-07-10 18:03:34,312:INFO:Uploading model into container now
2025-07-10 18:03:34,313:INFO:_master_model_container: 8
2025-07-10 18:03:34,313:INFO:_display_container: 2
2025-07-10 18:03:34,315:INFO:BaseCdsDtForecaster(fe_target_rr=[WindowSummarizer(lag_feature={'lag': [14, 13,
                                                                        12, 11,
                                                                        10, 9,
                                                                        8, 7, 6,
                                                                        5, 4, 3,
                                                                        2, 1]},
                                                   n_jobs=1)],
                    regressor=LassoLars(random_state=123), sp=14,
                    window_length=14)
2025-07-10 18:03:34,315:INFO:create_model() successfully completed......................................
2025-07-10 18:03:34,408:INFO:SubProcess create_model() end ==================================
2025-07-10 18:03:34,408:INFO:Creating metrics dataframe
2025-07-10 18:03:34,415:INFO:Initializing Bayesian Ridge w/ Cond. Deseasonalize & Detrending
2025-07-10 18:03:34,415:INFO:Total runtime is 2.173076518376668 minutes
2025-07-10 18:03:34,417:INFO:SubProcess create_model() called ==================================
2025-07-10 18:03:34,418:INFO:Initializing create_model()
2025-07-10 18:03:34,418:INFO:create_model(self=<pycaret.time_series.forecasting.oop.TSForecastingExperiment object at 0x7fc3745813c0>, estimator=br_cds_dt, fold=None, round=4, cross_validation=True, predict=True, fit_kwargs={}, groups=None, refit=False, probability_threshold=None, experiment_custom_tags=None, verbose=False, system=False, add_to_model_list=True, metrics=None, display=<pycaret.internal.display.display.CommonDisplay object at 0x7fc37c1969b0>, model_only=True, return_train_score=False, error_score=0.0, kwargs={})
2025-07-10 18:03:34,418:INFO:Checking exceptions
2025-07-10 18:03:34,418:INFO:Importing libraries
2025-07-10 18:03:34,418:INFO:Copying training dataset
2025-07-10 18:03:34,421:INFO:Defining folds
2025-07-10 18:03:34,421:INFO:Declaring metric variables
2025-07-10 18:03:34,424:INFO:Importing untrained model
2025-07-10 18:03:34,428:INFO:Bayesian Ridge w/ Cond. Deseasonalize & Detrending Imported successfully
2025-07-10 18:03:34,434:INFO:Starting cross validation
2025-07-10 18:03:34,436:INFO:Cross validating with SlidingWindowSplitter(fh=ForecastingHorizon([1, 2, 3, 4, 5, 6, 7, 8, 9, 10, 11, 12, 13, 14], dtype='int64', is_relative=True),
                      step_length=14, window_length=1502), n_jobs=-1
2025-07-10 18:03:35,483:WARNING:
'prophet' is a soft dependency and not included in the pycaret installation. Please run: `pip install prophet` to install.
2025-07-10 18:03:35,882:WARNING:/home/leon/.conda/envs/bd_inv_predict/lib/python3.10/site-packages/sklearn/metrics/_regression.py:483: FutureWarning: 'squared' is deprecated in version 1.4 and will be removed in 1.6. To calculate the root mean squared error, use the function'root_mean_squared_error'.
  warnings.warn(

2025-07-10 18:03:35,883:WARNING:/home/leon/.conda/envs/bd_inv_predict/lib/python3.10/site-packages/sklearn/metrics/_regression.py:483: FutureWarning: 'squared' is deprecated in version 1.4 and will be removed in 1.6. To calculate the root mean squared error, use the function'root_mean_squared_error'.
  warnings.warn(

2025-07-10 18:03:35,892:INFO:Calculating mean and std
2025-07-10 18:03:35,893:INFO:Creating metrics dataframe
2025-07-10 18:03:35,895:WARNING:/home/leon/.conda/envs/bd_inv_predict/lib/python3.10/site-packages/pycaret/time_series/forecasting/oop.py:2694: FutureWarning: The behavior of DataFrame concatenation with empty or all-NA entries is deprecated. In a future version, this will no longer exclude empty or all-NA columns when determining the result dtypes. To retain the old behavior, exclude the relevant entries before the concat operation.
  model_results = pd.concat((model_results, model_avgs), axis=0)

2025-07-10 18:03:35,897:INFO:Uploading results into container
2025-07-10 18:03:35,898:INFO:Uploading model into container now
2025-07-10 18:03:35,898:INFO:_master_model_container: 9
2025-07-10 18:03:35,898:INFO:_display_container: 2
2025-07-10 18:03:35,900:INFO:BaseCdsDtForecaster(fe_target_rr=[WindowSummarizer(lag_feature={'lag': [14, 13,
                                                                        12, 11,
                                                                        10, 9,
                                                                        8, 7, 6,
                                                                        5, 4, 3,
                                                                        2, 1]},
                                                   n_jobs=1)],
                    regressor=BayesianRidge(), sp=14, window_length=14)
2025-07-10 18:03:35,900:INFO:create_model() successfully completed......................................
2025-07-10 18:03:35,997:INFO:SubProcess create_model() end ==================================
2025-07-10 18:03:35,997:INFO:Creating metrics dataframe
2025-07-10 18:03:36,003:INFO:Initializing Huber w/ Cond. Deseasonalize & Detrending
2025-07-10 18:03:36,004:INFO:Total runtime is 2.199549837907155 minutes
2025-07-10 18:03:36,006:INFO:SubProcess create_model() called ==================================
2025-07-10 18:03:36,007:INFO:Initializing create_model()
2025-07-10 18:03:36,007:INFO:create_model(self=<pycaret.time_series.forecasting.oop.TSForecastingExperiment object at 0x7fc3745813c0>, estimator=huber_cds_dt, fold=None, round=4, cross_validation=True, predict=True, fit_kwargs={}, groups=None, refit=False, probability_threshold=None, experiment_custom_tags=None, verbose=False, system=False, add_to_model_list=True, metrics=None, display=<pycaret.internal.display.display.CommonDisplay object at 0x7fc37c1969b0>, model_only=True, return_train_score=False, error_score=0.0, kwargs={})
2025-07-10 18:03:36,007:INFO:Checking exceptions
2025-07-10 18:03:36,007:INFO:Importing libraries
2025-07-10 18:03:36,007:INFO:Copying training dataset
2025-07-10 18:03:36,009:INFO:Defining folds
2025-07-10 18:03:36,009:INFO:Declaring metric variables
2025-07-10 18:03:36,012:INFO:Importing untrained model
2025-07-10 18:03:36,014:INFO:Huber w/ Cond. Deseasonalize & Detrending Imported successfully
2025-07-10 18:03:36,022:INFO:Starting cross validation
2025-07-10 18:03:36,023:INFO:Cross validating with SlidingWindowSplitter(fh=ForecastingHorizon([1, 2, 3, 4, 5, 6, 7, 8, 9, 10, 11, 12, 13, 14], dtype='int64', is_relative=True),
                      step_length=14, window_length=1502), n_jobs=-1
2025-07-10 18:03:37,076:WARNING:
'prophet' is a soft dependency and not included in the pycaret installation. Please run: `pip install prophet` to install.
2025-07-10 18:03:37,163:WARNING:/home/leon/.conda/envs/bd_inv_predict/lib/python3.10/site-packages/sklearn/linear_model/_huber.py:342: ConvergenceWarning: lbfgs failed to converge (status=1):
STOP: TOTAL NO. of ITERATIONS REACHED LIMIT.

Increase the number of iterations (max_iter) or scale the data as shown in:
    https://scikit-learn.org/stable/modules/preprocessing.html
  self.n_iter_ = _check_optimize_result("lbfgs", opt_res, self.max_iter)

2025-07-10 18:03:37,470:WARNING:/home/leon/.conda/envs/bd_inv_predict/lib/python3.10/site-packages/sklearn/metrics/_regression.py:483: FutureWarning: 'squared' is deprecated in version 1.4 and will be removed in 1.6. To calculate the root mean squared error, use the function'root_mean_squared_error'.
  warnings.warn(

2025-07-10 18:03:37,471:WARNING:/home/leon/.conda/envs/bd_inv_predict/lib/python3.10/site-packages/sklearn/metrics/_regression.py:483: FutureWarning: 'squared' is deprecated in version 1.4 and will be removed in 1.6. To calculate the root mean squared error, use the function'root_mean_squared_error'.
  warnings.warn(

2025-07-10 18:03:37,482:INFO:Calculating mean and std
2025-07-10 18:03:37,483:INFO:Creating metrics dataframe
2025-07-10 18:03:37,484:WARNING:/home/leon/.conda/envs/bd_inv_predict/lib/python3.10/site-packages/pycaret/time_series/forecasting/oop.py:2694: FutureWarning: The behavior of DataFrame concatenation with empty or all-NA entries is deprecated. In a future version, this will no longer exclude empty or all-NA columns when determining the result dtypes. To retain the old behavior, exclude the relevant entries before the concat operation.
  model_results = pd.concat((model_results, model_avgs), axis=0)

2025-07-10 18:03:37,486:INFO:Uploading results into container
2025-07-10 18:03:37,486:INFO:Uploading model into container now
2025-07-10 18:03:37,487:INFO:_master_model_container: 10
2025-07-10 18:03:37,487:INFO:_display_container: 2
2025-07-10 18:03:37,489:INFO:BaseCdsDtForecaster(fe_target_rr=[WindowSummarizer(lag_feature={'lag': [14, 13,
                                                                        12, 11,
                                                                        10, 9,
                                                                        8, 7, 6,
                                                                        5, 4, 3,
                                                                        2, 1]},
                                                   n_jobs=1)],
                    regressor=HuberRegressor(), sp=14, window_length=14)
2025-07-10 18:03:37,489:INFO:create_model() successfully completed......................................
2025-07-10 18:03:37,584:INFO:SubProcess create_model() end ==================================
2025-07-10 18:03:37,584:INFO:Creating metrics dataframe
2025-07-10 18:03:37,591:INFO:Initializing Orthogonal Matching Pursuit w/ Cond. Deseasonalize & Detrending
2025-07-10 18:03:37,591:INFO:Total runtime is 2.2260108311971023 minutes
2025-07-10 18:03:37,593:INFO:SubProcess create_model() called ==================================
2025-07-10 18:03:37,594:INFO:Initializing create_model()
2025-07-10 18:03:37,594:INFO:create_model(self=<pycaret.time_series.forecasting.oop.TSForecastingExperiment object at 0x7fc3745813c0>, estimator=omp_cds_dt, fold=None, round=4, cross_validation=True, predict=True, fit_kwargs={}, groups=None, refit=False, probability_threshold=None, experiment_custom_tags=None, verbose=False, system=False, add_to_model_list=True, metrics=None, display=<pycaret.internal.display.display.CommonDisplay object at 0x7fc37c1969b0>, model_only=True, return_train_score=False, error_score=0.0, kwargs={})
2025-07-10 18:03:37,594:INFO:Checking exceptions
2025-07-10 18:03:37,594:INFO:Importing libraries
2025-07-10 18:03:37,594:INFO:Copying training dataset
2025-07-10 18:03:37,596:INFO:Defining folds
2025-07-10 18:03:37,596:INFO:Declaring metric variables
2025-07-10 18:03:37,599:INFO:Importing untrained model
2025-07-10 18:03:37,602:INFO:Orthogonal Matching Pursuit w/ Cond. Deseasonalize & Detrending Imported successfully
2025-07-10 18:03:37,609:INFO:Starting cross validation
2025-07-10 18:03:37,611:INFO:Cross validating with SlidingWindowSplitter(fh=ForecastingHorizon([1, 2, 3, 4, 5, 6, 7, 8, 9, 10, 11, 12, 13, 14], dtype='int64', is_relative=True),
                      step_length=14, window_length=1502), n_jobs=-1
2025-07-10 18:03:38,681:WARNING:
'prophet' is a soft dependency and not included in the pycaret installation. Please run: `pip install prophet` to install.
2025-07-10 18:03:39,054:WARNING:/home/leon/.conda/envs/bd_inv_predict/lib/python3.10/site-packages/sklearn/metrics/_regression.py:483: FutureWarning: 'squared' is deprecated in version 1.4 and will be removed in 1.6. To calculate the root mean squared error, use the function'root_mean_squared_error'.
  warnings.warn(

2025-07-10 18:03:39,054:WARNING:/home/leon/.conda/envs/bd_inv_predict/lib/python3.10/site-packages/sklearn/metrics/_regression.py:483: FutureWarning: 'squared' is deprecated in version 1.4 and will be removed in 1.6. To calculate the root mean squared error, use the function'root_mean_squared_error'.
  warnings.warn(

2025-07-10 18:03:39,066:INFO:Calculating mean and std
2025-07-10 18:03:39,067:INFO:Creating metrics dataframe
2025-07-10 18:03:39,068:WARNING:/home/leon/.conda/envs/bd_inv_predict/lib/python3.10/site-packages/pycaret/time_series/forecasting/oop.py:2694: FutureWarning: The behavior of DataFrame concatenation with empty or all-NA entries is deprecated. In a future version, this will no longer exclude empty or all-NA columns when determining the result dtypes. To retain the old behavior, exclude the relevant entries before the concat operation.
  model_results = pd.concat((model_results, model_avgs), axis=0)

2025-07-10 18:03:39,070:INFO:Uploading results into container
2025-07-10 18:03:39,070:INFO:Uploading model into container now
2025-07-10 18:03:39,071:INFO:_master_model_container: 11
2025-07-10 18:03:39,071:INFO:_display_container: 2
2025-07-10 18:03:39,072:INFO:BaseCdsDtForecaster(fe_target_rr=[WindowSummarizer(lag_feature={'lag': [14, 13,
                                                                        12, 11,
                                                                        10, 9,
                                                                        8, 7, 6,
                                                                        5, 4, 3,
                                                                        2, 1]},
                                                   n_jobs=1)],
                    regressor=OrthogonalMatchingPursuit(), sp=14,
                    window_length=14)
2025-07-10 18:03:39,073:INFO:create_model() successfully completed......................................
2025-07-10 18:03:39,168:INFO:SubProcess create_model() end ==================================
2025-07-10 18:03:39,169:INFO:Creating metrics dataframe
2025-07-10 18:03:39,176:INFO:Initializing K Neighbors w/ Cond. Deseasonalize & Detrending
2025-07-10 18:03:39,176:INFO:Total runtime is 2.2524185816446933 minutes
2025-07-10 18:03:39,178:INFO:SubProcess create_model() called ==================================
2025-07-10 18:03:39,178:INFO:Initializing create_model()
2025-07-10 18:03:39,178:INFO:create_model(self=<pycaret.time_series.forecasting.oop.TSForecastingExperiment object at 0x7fc3745813c0>, estimator=knn_cds_dt, fold=None, round=4, cross_validation=True, predict=True, fit_kwargs={}, groups=None, refit=False, probability_threshold=None, experiment_custom_tags=None, verbose=False, system=False, add_to_model_list=True, metrics=None, display=<pycaret.internal.display.display.CommonDisplay object at 0x7fc37c1969b0>, model_only=True, return_train_score=False, error_score=0.0, kwargs={})
2025-07-10 18:03:39,178:INFO:Checking exceptions
2025-07-10 18:03:39,178:INFO:Importing libraries
2025-07-10 18:03:39,178:INFO:Copying training dataset
2025-07-10 18:03:39,181:INFO:Defining folds
2025-07-10 18:03:39,181:INFO:Declaring metric variables
2025-07-10 18:03:39,184:INFO:Importing untrained model
2025-07-10 18:03:39,187:INFO:K Neighbors w/ Cond. Deseasonalize & Detrending Imported successfully
2025-07-10 18:03:39,193:INFO:Starting cross validation
2025-07-10 18:03:39,194:INFO:Cross validating with SlidingWindowSplitter(fh=ForecastingHorizon([1, 2, 3, 4, 5, 6, 7, 8, 9, 10, 11, 12, 13, 14], dtype='int64', is_relative=True),
                      step_length=14, window_length=1502), n_jobs=-1
2025-07-10 18:03:40,226:WARNING:
'prophet' is a soft dependency and not included in the pycaret installation. Please run: `pip install prophet` to install.
2025-07-10 18:03:40,626:WARNING:/home/leon/.conda/envs/bd_inv_predict/lib/python3.10/site-packages/sklearn/metrics/_regression.py:483: FutureWarning: 'squared' is deprecated in version 1.4 and will be removed in 1.6. To calculate the root mean squared error, use the function'root_mean_squared_error'.
  warnings.warn(

2025-07-10 18:03:40,627:WARNING:/home/leon/.conda/envs/bd_inv_predict/lib/python3.10/site-packages/sklearn/metrics/_regression.py:483: FutureWarning: 'squared' is deprecated in version 1.4 and will be removed in 1.6. To calculate the root mean squared error, use the function'root_mean_squared_error'.
  warnings.warn(

2025-07-10 18:03:40,638:INFO:Calculating mean and std
2025-07-10 18:03:40,639:INFO:Creating metrics dataframe
2025-07-10 18:03:40,641:WARNING:/home/leon/.conda/envs/bd_inv_predict/lib/python3.10/site-packages/pycaret/time_series/forecasting/oop.py:2694: FutureWarning: The behavior of DataFrame concatenation with empty or all-NA entries is deprecated. In a future version, this will no longer exclude empty or all-NA columns when determining the result dtypes. To retain the old behavior, exclude the relevant entries before the concat operation.
  model_results = pd.concat((model_results, model_avgs), axis=0)

2025-07-10 18:03:40,644:INFO:Uploading results into container
2025-07-10 18:03:40,644:INFO:Uploading model into container now
2025-07-10 18:03:40,644:INFO:_master_model_container: 12
2025-07-10 18:03:40,644:INFO:_display_container: 2
2025-07-10 18:03:40,646:INFO:BaseCdsDtForecaster(fe_target_rr=[WindowSummarizer(lag_feature={'lag': [14, 13,
                                                                        12, 11,
                                                                        10, 9,
                                                                        8, 7, 6,
                                                                        5, 4, 3,
                                                                        2, 1]},
                                                   n_jobs=1)],
                    regressor=KNeighborsRegressor(n_jobs=-1), sp=14,
                    window_length=14)
2025-07-10 18:03:40,646:INFO:create_model() successfully completed......................................
2025-07-10 18:03:40,741:INFO:SubProcess create_model() end ==================================
2025-07-10 18:03:40,741:INFO:Creating metrics dataframe
2025-07-10 18:03:40,748:INFO:Initializing Decision Tree w/ Cond. Deseasonalize & Detrending
2025-07-10 18:03:40,748:INFO:Total runtime is 2.2786307970682773 minutes
2025-07-10 18:03:40,751:INFO:SubProcess create_model() called ==================================
2025-07-10 18:03:40,751:INFO:Initializing create_model()
2025-07-10 18:03:40,751:INFO:create_model(self=<pycaret.time_series.forecasting.oop.TSForecastingExperiment object at 0x7fc3745813c0>, estimator=dt_cds_dt, fold=None, round=4, cross_validation=True, predict=True, fit_kwargs={}, groups=None, refit=False, probability_threshold=None, experiment_custom_tags=None, verbose=False, system=False, add_to_model_list=True, metrics=None, display=<pycaret.internal.display.display.CommonDisplay object at 0x7fc37c1969b0>, model_only=True, return_train_score=False, error_score=0.0, kwargs={})
2025-07-10 18:03:40,751:INFO:Checking exceptions
2025-07-10 18:03:40,751:INFO:Importing libraries
2025-07-10 18:03:40,752:INFO:Copying training dataset
2025-07-10 18:03:40,754:INFO:Defining folds
2025-07-10 18:03:40,754:INFO:Declaring metric variables
2025-07-10 18:03:40,757:INFO:Importing untrained model
2025-07-10 18:03:40,760:INFO:Decision Tree w/ Cond. Deseasonalize & Detrending Imported successfully
2025-07-10 18:03:40,766:INFO:Starting cross validation
2025-07-10 18:03:40,767:INFO:Cross validating with SlidingWindowSplitter(fh=ForecastingHorizon([1, 2, 3, 4, 5, 6, 7, 8, 9, 10, 11, 12, 13, 14], dtype='int64', is_relative=True),
                      step_length=14, window_length=1502), n_jobs=-1
2025-07-10 18:03:40,890:WARNING:
'prophet' is a soft dependency and not included in the pycaret installation. Please run: `pip install prophet` to install.
2025-07-10 18:03:41,286:WARNING:/home/leon/.conda/envs/bd_inv_predict/lib/python3.10/site-packages/sklearn/metrics/_regression.py:483: FutureWarning: 'squared' is deprecated in version 1.4 and will be removed in 1.6. To calculate the root mean squared error, use the function'root_mean_squared_error'.
  warnings.warn(

2025-07-10 18:03:41,286:WARNING:/home/leon/.conda/envs/bd_inv_predict/lib/python3.10/site-packages/sklearn/metrics/_regression.py:483: FutureWarning: 'squared' is deprecated in version 1.4 and will be removed in 1.6. To calculate the root mean squared error, use the function'root_mean_squared_error'.
  warnings.warn(

2025-07-10 18:03:41,296:INFO:Calculating mean and std
2025-07-10 18:03:41,297:INFO:Creating metrics dataframe
2025-07-10 18:03:41,299:WARNING:/home/leon/.conda/envs/bd_inv_predict/lib/python3.10/site-packages/pycaret/time_series/forecasting/oop.py:2694: FutureWarning: The behavior of DataFrame concatenation with empty or all-NA entries is deprecated. In a future version, this will no longer exclude empty or all-NA columns when determining the result dtypes. To retain the old behavior, exclude the relevant entries before the concat operation.
  model_results = pd.concat((model_results, model_avgs), axis=0)

2025-07-10 18:03:41,300:INFO:Uploading results into container
2025-07-10 18:03:41,300:INFO:Uploading model into container now
2025-07-10 18:03:41,301:INFO:_master_model_container: 13
2025-07-10 18:03:41,301:INFO:_display_container: 2
2025-07-10 18:03:41,303:INFO:BaseCdsDtForecaster(fe_target_rr=[WindowSummarizer(lag_feature={'lag': [14, 13,
                                                                        12, 11,
                                                                        10, 9,
                                                                        8, 7, 6,
                                                                        5, 4, 3,
                                                                        2, 1]},
                                                   n_jobs=1)],
                    regressor=DecisionTreeRegressor(random_state=123), sp=14,
                    window_length=14)
2025-07-10 18:03:41,303:INFO:create_model() successfully completed......................................
2025-07-10 18:03:41,395:INFO:SubProcess create_model() end ==================================
2025-07-10 18:03:41,396:INFO:Creating metrics dataframe
2025-07-10 18:03:41,403:INFO:Initializing Random Forest w/ Cond. Deseasonalize & Detrending
2025-07-10 18:03:41,403:INFO:Total runtime is 2.28954312801361 minutes
2025-07-10 18:03:41,406:INFO:SubProcess create_model() called ==================================
2025-07-10 18:03:41,406:INFO:Initializing create_model()
2025-07-10 18:03:41,406:INFO:create_model(self=<pycaret.time_series.forecasting.oop.TSForecastingExperiment object at 0x7fc3745813c0>, estimator=rf_cds_dt, fold=None, round=4, cross_validation=True, predict=True, fit_kwargs={}, groups=None, refit=False, probability_threshold=None, experiment_custom_tags=None, verbose=False, system=False, add_to_model_list=True, metrics=None, display=<pycaret.internal.display.display.CommonDisplay object at 0x7fc37c1969b0>, model_only=True, return_train_score=False, error_score=0.0, kwargs={})
2025-07-10 18:03:41,406:INFO:Checking exceptions
2025-07-10 18:03:41,406:INFO:Importing libraries
2025-07-10 18:03:41,406:INFO:Copying training dataset
2025-07-10 18:03:41,408:INFO:Defining folds
2025-07-10 18:03:41,408:INFO:Declaring metric variables
2025-07-10 18:03:41,411:INFO:Importing untrained model
2025-07-10 18:03:41,414:INFO:Random Forest w/ Cond. Deseasonalize & Detrending Imported successfully
2025-07-10 18:03:41,420:INFO:Starting cross validation
2025-07-10 18:03:41,421:INFO:Cross validating with SlidingWindowSplitter(fh=ForecastingHorizon([1, 2, 3, 4, 5, 6, 7, 8, 9, 10, 11, 12, 13, 14], dtype='int64', is_relative=True),
                      step_length=14, window_length=1502), n_jobs=-1
2025-07-10 18:03:41,541:WARNING:
'prophet' is a soft dependency and not included in the pycaret installation. Please run: `pip install prophet` to install.
2025-07-10 18:03:42,361:WARNING:/home/leon/.conda/envs/bd_inv_predict/lib/python3.10/site-packages/sklearn/metrics/_regression.py:483: FutureWarning: 'squared' is deprecated in version 1.4 and will be removed in 1.6. To calculate the root mean squared error, use the function'root_mean_squared_error'.
  warnings.warn(

2025-07-10 18:03:42,361:WARNING:/home/leon/.conda/envs/bd_inv_predict/lib/python3.10/site-packages/sklearn/metrics/_regression.py:483: FutureWarning: 'squared' is deprecated in version 1.4 and will be removed in 1.6. To calculate the root mean squared error, use the function'root_mean_squared_error'.
  warnings.warn(

2025-07-10 18:03:42,371:INFO:Calculating mean and std
2025-07-10 18:03:42,372:INFO:Creating metrics dataframe
2025-07-10 18:03:42,374:WARNING:/home/leon/.conda/envs/bd_inv_predict/lib/python3.10/site-packages/pycaret/time_series/forecasting/oop.py:2694: FutureWarning: The behavior of DataFrame concatenation with empty or all-NA entries is deprecated. In a future version, this will no longer exclude empty or all-NA columns when determining the result dtypes. To retain the old behavior, exclude the relevant entries before the concat operation.
  model_results = pd.concat((model_results, model_avgs), axis=0)

2025-07-10 18:03:42,375:INFO:Uploading results into container
2025-07-10 18:03:42,376:INFO:Uploading model into container now
2025-07-10 18:03:42,376:INFO:_master_model_container: 14
2025-07-10 18:03:42,376:INFO:_display_container: 2
2025-07-10 18:03:42,379:INFO:BaseCdsDtForecaster(fe_target_rr=[WindowSummarizer(lag_feature={'lag': [14, 13,
                                                                        12, 11,
                                                                        10, 9,
                                                                        8, 7, 6,
                                                                        5, 4, 3,
                                                                        2, 1]},
                                                   n_jobs=1)],
                    regressor=RandomForestRegressor(n_jobs=-1, random_state=123),
                    sp=14, window_length=14)
2025-07-10 18:03:42,379:INFO:create_model() successfully completed......................................
2025-07-10 18:03:42,471:INFO:SubProcess create_model() end ==================================
2025-07-10 18:03:42,471:INFO:Creating metrics dataframe
2025-07-10 18:03:42,479:INFO:Initializing Extra Trees w/ Cond. Deseasonalize & Detrending
2025-07-10 18:03:42,479:INFO:Total runtime is 2.3074711918830864 minutes
2025-07-10 18:03:42,481:INFO:SubProcess create_model() called ==================================
2025-07-10 18:03:42,481:INFO:Initializing create_model()
2025-07-10 18:03:42,481:INFO:create_model(self=<pycaret.time_series.forecasting.oop.TSForecastingExperiment object at 0x7fc3745813c0>, estimator=et_cds_dt, fold=None, round=4, cross_validation=True, predict=True, fit_kwargs={}, groups=None, refit=False, probability_threshold=None, experiment_custom_tags=None, verbose=False, system=False, add_to_model_list=True, metrics=None, display=<pycaret.internal.display.display.CommonDisplay object at 0x7fc37c1969b0>, model_only=True, return_train_score=False, error_score=0.0, kwargs={})
2025-07-10 18:03:42,481:INFO:Checking exceptions
2025-07-10 18:03:42,481:INFO:Importing libraries
2025-07-10 18:03:42,481:INFO:Copying training dataset
2025-07-10 18:03:42,484:INFO:Defining folds
2025-07-10 18:03:42,484:INFO:Declaring metric variables
2025-07-10 18:03:42,487:INFO:Importing untrained model
2025-07-10 18:03:42,490:INFO:Extra Trees w/ Cond. Deseasonalize & Detrending Imported successfully
2025-07-10 18:03:42,497:INFO:Starting cross validation
2025-07-10 18:03:42,498:INFO:Cross validating with SlidingWindowSplitter(fh=ForecastingHorizon([1, 2, 3, 4, 5, 6, 7, 8, 9, 10, 11, 12, 13, 14], dtype='int64', is_relative=True),
                      step_length=14, window_length=1502), n_jobs=-1
2025-07-10 18:03:42,618:WARNING:
'prophet' is a soft dependency and not included in the pycaret installation. Please run: `pip install prophet` to install.
2025-07-10 18:03:43,292:WARNING:/home/leon/.conda/envs/bd_inv_predict/lib/python3.10/site-packages/sklearn/metrics/_regression.py:483: FutureWarning: 'squared' is deprecated in version 1.4 and will be removed in 1.6. To calculate the root mean squared error, use the function'root_mean_squared_error'.
  warnings.warn(

2025-07-10 18:03:43,292:WARNING:/home/leon/.conda/envs/bd_inv_predict/lib/python3.10/site-packages/sklearn/metrics/_regression.py:483: FutureWarning: 'squared' is deprecated in version 1.4 and will be removed in 1.6. To calculate the root mean squared error, use the function'root_mean_squared_error'.
  warnings.warn(

2025-07-10 18:03:43,300:INFO:Calculating mean and std
2025-07-10 18:03:43,301:INFO:Creating metrics dataframe
2025-07-10 18:03:43,303:WARNING:/home/leon/.conda/envs/bd_inv_predict/lib/python3.10/site-packages/pycaret/time_series/forecasting/oop.py:2694: FutureWarning: The behavior of DataFrame concatenation with empty or all-NA entries is deprecated. In a future version, this will no longer exclude empty or all-NA columns when determining the result dtypes. To retain the old behavior, exclude the relevant entries before the concat operation.
  model_results = pd.concat((model_results, model_avgs), axis=0)

2025-07-10 18:03:43,305:INFO:Uploading results into container
2025-07-10 18:03:43,305:INFO:Uploading model into container now
2025-07-10 18:03:43,306:INFO:_master_model_container: 15
2025-07-10 18:03:43,306:INFO:_display_container: 2
2025-07-10 18:03:43,308:INFO:BaseCdsDtForecaster(fe_target_rr=[WindowSummarizer(lag_feature={'lag': [14, 13,
                                                                        12, 11,
                                                                        10, 9,
                                                                        8, 7, 6,
                                                                        5, 4, 3,
                                                                        2, 1]},
                                                   n_jobs=1)],
                    regressor=ExtraTreesRegressor(n_jobs=-1, random_state=123),
                    sp=14, window_length=14)
2025-07-10 18:03:43,308:INFO:create_model() successfully completed......................................
2025-07-10 18:03:43,398:INFO:SubProcess create_model() end ==================================
2025-07-10 18:03:43,399:INFO:Creating metrics dataframe
2025-07-10 18:03:43,406:INFO:Initializing Gradient Boosting w/ Cond. Deseasonalize & Detrending
2025-07-10 18:03:43,406:INFO:Total runtime is 2.322930987675984 minutes
2025-07-10 18:03:43,410:INFO:SubProcess create_model() called ==================================
2025-07-10 18:03:43,410:INFO:Initializing create_model()
2025-07-10 18:03:43,410:INFO:create_model(self=<pycaret.time_series.forecasting.oop.TSForecastingExperiment object at 0x7fc3745813c0>, estimator=gbr_cds_dt, fold=None, round=4, cross_validation=True, predict=True, fit_kwargs={}, groups=None, refit=False, probability_threshold=None, experiment_custom_tags=None, verbose=False, system=False, add_to_model_list=True, metrics=None, display=<pycaret.internal.display.display.CommonDisplay object at 0x7fc37c1969b0>, model_only=True, return_train_score=False, error_score=0.0, kwargs={})
2025-07-10 18:03:43,410:INFO:Checking exceptions
2025-07-10 18:03:43,410:INFO:Importing libraries
2025-07-10 18:03:43,410:INFO:Copying training dataset
2025-07-10 18:03:43,416:INFO:Defining folds
2025-07-10 18:03:43,416:INFO:Declaring metric variables
2025-07-10 18:03:43,420:INFO:Importing untrained model
2025-07-10 18:03:43,425:INFO:Gradient Boosting w/ Cond. Deseasonalize & Detrending Imported successfully
2025-07-10 18:03:43,431:INFO:Starting cross validation
2025-07-10 18:03:43,431:INFO:Cross validating with SlidingWindowSplitter(fh=ForecastingHorizon([1, 2, 3, 4, 5, 6, 7, 8, 9, 10, 11, 12, 13, 14], dtype='int64', is_relative=True),
                      step_length=14, window_length=1502), n_jobs=-1
2025-07-10 18:03:44,463:WARNING:/home/leon/.conda/envs/bd_inv_predict/lib/python3.10/site-packages/sklearn/metrics/_regression.py:483: FutureWarning: 'squared' is deprecated in version 1.4 and will be removed in 1.6. To calculate the root mean squared error, use the function'root_mean_squared_error'.
  warnings.warn(

2025-07-10 18:03:44,463:WARNING:/home/leon/.conda/envs/bd_inv_predict/lib/python3.10/site-packages/sklearn/metrics/_regression.py:483: FutureWarning: 'squared' is deprecated in version 1.4 and will be removed in 1.6. To calculate the root mean squared error, use the function'root_mean_squared_error'.
  warnings.warn(

2025-07-10 18:03:44,474:INFO:Calculating mean and std
2025-07-10 18:03:44,475:INFO:Creating metrics dataframe
2025-07-10 18:03:44,477:WARNING:/home/leon/.conda/envs/bd_inv_predict/lib/python3.10/site-packages/pycaret/time_series/forecasting/oop.py:2694: FutureWarning: The behavior of DataFrame concatenation with empty or all-NA entries is deprecated. In a future version, this will no longer exclude empty or all-NA columns when determining the result dtypes. To retain the old behavior, exclude the relevant entries before the concat operation.
  model_results = pd.concat((model_results, model_avgs), axis=0)

2025-07-10 18:03:44,479:INFO:Uploading results into container
2025-07-10 18:03:44,479:INFO:Uploading model into container now
2025-07-10 18:03:44,479:INFO:_master_model_container: 16
2025-07-10 18:03:44,480:INFO:_display_container: 2
2025-07-10 18:03:44,482:INFO:BaseCdsDtForecaster(fe_target_rr=[WindowSummarizer(lag_feature={'lag': [14, 13,
                                                                        12, 11,
                                                                        10, 9,
                                                                        8, 7, 6,
                                                                        5, 4, 3,
                                                                        2, 1]},
                                                   n_jobs=1)],
                    regressor=GradientBoostingRegressor(random_state=123),
                    sp=14, window_length=14)
2025-07-10 18:03:44,482:INFO:create_model() successfully completed......................................
2025-07-10 18:03:44,574:INFO:SubProcess create_model() end ==================================
2025-07-10 18:03:44,574:INFO:Creating metrics dataframe
2025-07-10 18:03:44,582:INFO:Initializing AdaBoost w/ Cond. Deseasonalize & Detrending
2025-07-10 18:03:44,582:INFO:Total runtime is 2.3425220529238375 minutes
2025-07-10 18:03:44,584:INFO:SubProcess create_model() called ==================================
2025-07-10 18:03:44,584:INFO:Initializing create_model()
2025-07-10 18:03:44,584:INFO:create_model(self=<pycaret.time_series.forecasting.oop.TSForecastingExperiment object at 0x7fc3745813c0>, estimator=ada_cds_dt, fold=None, round=4, cross_validation=True, predict=True, fit_kwargs={}, groups=None, refit=False, probability_threshold=None, experiment_custom_tags=None, verbose=False, system=False, add_to_model_list=True, metrics=None, display=<pycaret.internal.display.display.CommonDisplay object at 0x7fc37c1969b0>, model_only=True, return_train_score=False, error_score=0.0, kwargs={})
2025-07-10 18:03:44,584:INFO:Checking exceptions
2025-07-10 18:03:44,584:INFO:Importing libraries
2025-07-10 18:03:44,584:INFO:Copying training dataset
2025-07-10 18:03:44,587:INFO:Defining folds
2025-07-10 18:03:44,587:INFO:Declaring metric variables
2025-07-10 18:03:44,590:INFO:Importing untrained model
2025-07-10 18:03:44,594:INFO:AdaBoost w/ Cond. Deseasonalize & Detrending Imported successfully
2025-07-10 18:03:44,600:INFO:Starting cross validation
2025-07-10 18:03:44,601:INFO:Cross validating with SlidingWindowSplitter(fh=ForecastingHorizon([1, 2, 3, 4, 5, 6, 7, 8, 9, 10, 11, 12, 13, 14], dtype='int64', is_relative=True),
                      step_length=14, window_length=1502), n_jobs=-1
2025-07-10 18:03:45,229:WARNING:/home/leon/.conda/envs/bd_inv_predict/lib/python3.10/site-packages/sklearn/metrics/_regression.py:483: FutureWarning: 'squared' is deprecated in version 1.4 and will be removed in 1.6. To calculate the root mean squared error, use the function'root_mean_squared_error'.
  warnings.warn(

2025-07-10 18:03:45,230:WARNING:/home/leon/.conda/envs/bd_inv_predict/lib/python3.10/site-packages/sklearn/metrics/_regression.py:483: FutureWarning: 'squared' is deprecated in version 1.4 and will be removed in 1.6. To calculate the root mean squared error, use the function'root_mean_squared_error'.
  warnings.warn(

2025-07-10 18:03:45,239:INFO:Calculating mean and std
2025-07-10 18:03:45,240:INFO:Creating metrics dataframe
2025-07-10 18:03:45,242:WARNING:/home/leon/.conda/envs/bd_inv_predict/lib/python3.10/site-packages/pycaret/time_series/forecasting/oop.py:2694: FutureWarning: The behavior of DataFrame concatenation with empty or all-NA entries is deprecated. In a future version, this will no longer exclude empty or all-NA columns when determining the result dtypes. To retain the old behavior, exclude the relevant entries before the concat operation.
  model_results = pd.concat((model_results, model_avgs), axis=0)

2025-07-10 18:03:45,244:INFO:Uploading results into container
2025-07-10 18:03:45,244:INFO:Uploading model into container now
2025-07-10 18:03:45,245:INFO:_master_model_container: 17
2025-07-10 18:03:45,245:INFO:_display_container: 2
2025-07-10 18:03:45,246:INFO:BaseCdsDtForecaster(fe_target_rr=[WindowSummarizer(lag_feature={'lag': [14, 13,
                                                                        12, 11,
                                                                        10, 9,
                                                                        8, 7, 6,
                                                                        5, 4, 3,
                                                                        2, 1]},
                                                   n_jobs=1)],
                    regressor=AdaBoostRegressor(random_state=123), sp=14,
                    window_length=14)
2025-07-10 18:03:45,246:INFO:create_model() successfully completed......................................
2025-07-10 18:03:45,341:INFO:SubProcess create_model() end ==================================
2025-07-10 18:03:45,341:INFO:Creating metrics dataframe
2025-07-10 18:03:45,348:INFO:Initializing Light Gradient Boosting w/ Cond. Deseasonalize & Detrending
2025-07-10 18:03:45,349:INFO:Total runtime is 2.3552999218304946 minutes
2025-07-10 18:03:45,351:INFO:SubProcess create_model() called ==================================
2025-07-10 18:03:45,351:INFO:Initializing create_model()
2025-07-10 18:03:45,351:INFO:create_model(self=<pycaret.time_series.forecasting.oop.TSForecastingExperiment object at 0x7fc3745813c0>, estimator=lightgbm_cds_dt, fold=None, round=4, cross_validation=True, predict=True, fit_kwargs={}, groups=None, refit=False, probability_threshold=None, experiment_custom_tags=None, verbose=False, system=False, add_to_model_list=True, metrics=None, display=<pycaret.internal.display.display.CommonDisplay object at 0x7fc37c1969b0>, model_only=True, return_train_score=False, error_score=0.0, kwargs={})
2025-07-10 18:03:45,351:INFO:Checking exceptions
2025-07-10 18:03:45,351:INFO:Importing libraries
2025-07-10 18:03:45,351:INFO:Copying training dataset
2025-07-10 18:03:45,353:INFO:Defining folds
2025-07-10 18:03:45,354:INFO:Declaring metric variables
2025-07-10 18:03:45,357:INFO:Importing untrained model
2025-07-10 18:03:45,360:INFO:Light Gradient Boosting w/ Cond. Deseasonalize & Detrending Imported successfully
2025-07-10 18:03:45,365:INFO:Starting cross validation
2025-07-10 18:03:45,366:INFO:Cross validating with SlidingWindowSplitter(fh=ForecastingHorizon([1, 2, 3, 4, 5, 6, 7, 8, 9, 10, 11, 12, 13, 14], dtype='int64', is_relative=True),
                      step_length=14, window_length=1502), n_jobs=-1
2025-07-10 18:03:45,883:WARNING:/home/leon/.conda/envs/bd_inv_predict/lib/python3.10/site-packages/sklearn/metrics/_regression.py:483: FutureWarning: 'squared' is deprecated in version 1.4 and will be removed in 1.6. To calculate the root mean squared error, use the function'root_mean_squared_error'.
  warnings.warn(

2025-07-10 18:03:45,883:WARNING:/home/leon/.conda/envs/bd_inv_predict/lib/python3.10/site-packages/sklearn/metrics/_regression.py:483: FutureWarning: 'squared' is deprecated in version 1.4 and will be removed in 1.6. To calculate the root mean squared error, use the function'root_mean_squared_error'.
  warnings.warn(

2025-07-10 18:03:45,895:INFO:Calculating mean and std
2025-07-10 18:03:45,895:INFO:Creating metrics dataframe
2025-07-10 18:03:45,897:WARNING:/home/leon/.conda/envs/bd_inv_predict/lib/python3.10/site-packages/pycaret/time_series/forecasting/oop.py:2694: FutureWarning: The behavior of DataFrame concatenation with empty or all-NA entries is deprecated. In a future version, this will no longer exclude empty or all-NA columns when determining the result dtypes. To retain the old behavior, exclude the relevant entries before the concat operation.
  model_results = pd.concat((model_results, model_avgs), axis=0)

2025-07-10 18:03:45,898:INFO:Uploading results into container
2025-07-10 18:03:45,899:INFO:Uploading model into container now
2025-07-10 18:03:45,899:INFO:_master_model_container: 18
2025-07-10 18:03:45,899:INFO:_display_container: 2
2025-07-10 18:03:45,901:INFO:BaseCdsDtForecaster(fe_target_rr=[WindowSummarizer(lag_feature={'lag': [14, 13,
                                                                        12, 11,
                                                                        10, 9,
                                                                        8, 7, 6,
                                                                        5, 4, 3,
                                                                        2, 1]},
                                                   n_jobs=1)],
                    regressor=LGBMRegressor(n_jobs=-1, random_state=123), sp=14,
                    window_length=14)
2025-07-10 18:03:45,901:INFO:create_model() successfully completed......................................
2025-07-10 18:03:45,994:INFO:SubProcess create_model() end ==================================
2025-07-10 18:03:45,994:INFO:Creating metrics dataframe
2025-07-10 18:03:46,003:WARNING:/home/leon/.conda/envs/bd_inv_predict/lib/python3.10/site-packages/pycaret/internal/pycaret_experiment/supervised_experiment.py:323: FutureWarning: Styler.applymap has been deprecated. Use Styler.map instead.
  master_display_.apply(

2025-07-10 18:03:46,010:INFO:Initializing create_model()
2025-07-10 18:03:46,011:INFO:create_model(self=<pycaret.time_series.forecasting.oop.TSForecastingExperiment object at 0x7fc3745813c0>, estimator=BaseCdsDtForecaster(fe_target_rr=[WindowSummarizer(lag_feature={'lag': [14, 13,
                                                                        12, 11,
                                                                        10, 9,
                                                                        8, 7, 6,
                                                                        5, 4, 3,
                                                                        2, 1]},
                                                   n_jobs=1)],
                    regressor=ExtraTreesRegressor(n_jobs=-1, random_state=123),
                    sp=14, window_length=14), fold=None, round=4, cross_validation=False, predict=False, fit_kwargs={}, groups=None, refit=True, probability_threshold=None, experiment_custom_tags=None, verbose=False, system=False, add_to_model_list=True, metrics=None, display=None, model_only=True, return_train_score=False, error_score=0.0, kwargs={})
2025-07-10 18:03:46,011:INFO:Checking exceptions
2025-07-10 18:03:46,012:INFO:Importing libraries
2025-07-10 18:03:46,012:INFO:Copying training dataset
2025-07-10 18:03:46,014:INFO:Defining folds
2025-07-10 18:03:46,014:INFO:Declaring metric variables
2025-07-10 18:03:46,014:INFO:Importing untrained model
2025-07-10 18:03:46,014:INFO:Declaring custom model
2025-07-10 18:03:46,015:INFO:ExtraTreesRegressor Imported successfully
2025-07-10 18:03:46,015:INFO:Cross validation set to False
2025-07-10 18:03:46,015:INFO:Fitting Model
2025-07-10 18:03:46,181:INFO:BaseCdsDtForecaster(fe_target_rr=[WindowSummarizer(lag_feature={'lag': [14, 13,
                                                                        12, 11,
                                                                        10, 9,
                                                                        8, 7, 6,
                                                                        5, 4, 3,
                                                                        2, 1]},
                                                   n_jobs=1)],
                    regressor=ExtraTreesRegressor(n_jobs=-1, random_state=123),
                    sp=14, window_length=14)
2025-07-10 18:03:46,181:INFO:create_model() successfully completed......................................
2025-07-10 18:03:46,292:INFO:_master_model_container: 18
2025-07-10 18:03:46,293:INFO:_display_container: 2
2025-07-10 18:03:46,295:INFO:BaseCdsDtForecaster(fe_target_rr=[WindowSummarizer(lag_feature={'lag': [14, 13,
                                                                        12, 11,
                                                                        10, 9,
                                                                        8, 7, 6,
                                                                        5, 4, 3,
                                                                        2, 1]},
                                                   n_jobs=1)],
                    regressor=ExtraTreesRegressor(n_jobs=-1, random_state=123),
                    sp=14, window_length=14)
2025-07-10 18:03:46,295:INFO:compare_models() successfully completed......................................
2025-07-10 18:17:35,952:INFO:PyCaret TSForecastingExperiment
2025-07-10 18:17:35,952:INFO:Logging name: ts-default-name
2025-07-10 18:17:35,952:INFO:ML Usecase: MLUsecase.TIME_SERIES
2025-07-10 18:17:35,952:INFO:version 3.3.2
2025-07-10 18:17:35,953:INFO:Initializing setup()
2025-07-10 18:17:35,953:INFO:self.USI: 6d19
2025-07-10 18:17:35,953:INFO:self._variable_keys: {'approach_type', 'log_plots_param', 'fold_param', 'enforce_pi', 'y_train_transformed', 'pipeline', 'X_test', 'y_test_transformed', '_ml_usecase', 'fh', 'html_param', 'idx', 'seasonality_present', 'model_engines', 'logging_param', 'seed', 'X_train', 'exogenous_present', 'USI', '_available_plots', 'significant_sps', 'y', 'strictly_positive', 'all_sps_to_use', 'exp_name_log', 'X_train_transformed', 'gpu_param', 'gpu_n_jobs_param', 'fold_generator', 'candidate_sps', 'X', 'X_test_transformed', 'enforce_exogenous', 'data', 'index_type', 'memory', 'y_train', 'significant_sps_no_harmonics', 'X_transformed', 'y_transformed', 'y_test', 'primary_sp_to_use', 'exp_id', 'n_jobs_param'}
2025-07-10 18:17:35,953:INFO:Checking environment
2025-07-10 18:17:35,953:INFO:python_version: 3.10.18
2025-07-10 18:17:35,953:INFO:python_build: ('main', 'Jun  5 2025 13:14:17')
2025-07-10 18:17:35,953:INFO:machine: x86_64
2025-07-10 18:17:35,953:INFO:platform: Linux-6.12.34-1-MANJARO-x86_64-with-glibc2.41
2025-07-10 18:17:35,953:INFO:Memory: svmem(total=24909271040, available=12940607488, percent=48.0, used=9372835840, free=3643265024, active=10632482816, inactive=6826745856, buffers=544968704, cached=11348201472, shared=2153066496, slab=1018257408)
2025-07-10 18:17:35,953:INFO:Physical Core: 6
2025-07-10 18:17:35,953:INFO:Logical Core: 12
2025-07-10 18:17:35,954:INFO:Checking libraries
2025-07-10 18:17:35,954:INFO:System:
2025-07-10 18:17:35,954:INFO:    python: 3.10.18 (main, Jun  5 2025, 13:14:17) [GCC 11.2.0]
2025-07-10 18:17:35,954:INFO:executable: /home/leon/.conda/envs/bd_inv_predict/bin/python
2025-07-10 18:17:35,954:INFO:   machine: Linux-6.12.34-1-MANJARO-x86_64-with-glibc2.41
2025-07-10 18:17:35,954:INFO:PyCaret required dependencies:
2025-07-10 18:17:35,954:INFO:                 pip: 25.1
2025-07-10 18:17:35,954:INFO:          setuptools: 78.1.1
2025-07-10 18:17:35,954:INFO:             pycaret: 3.3.2
2025-07-10 18:17:35,954:INFO:             IPython: 8.30.0
2025-07-10 18:17:35,954:INFO:          ipywidgets: 8.1.5
2025-07-10 18:17:35,954:INFO:                tqdm: 4.67.1
2025-07-10 18:17:35,954:INFO:               numpy: 1.26.4
2025-07-10 18:17:35,954:INFO:              pandas: 2.1.4
2025-07-10 18:17:35,954:INFO:              jinja2: 3.1.6
2025-07-10 18:17:35,954:INFO:               scipy: 1.11.4
2025-07-10 18:17:35,954:INFO:              joblib: 1.3.2
2025-07-10 18:17:35,954:INFO:             sklearn: 1.4.2
2025-07-10 18:17:35,954:INFO:                pyod: 2.0.5
2025-07-10 18:17:35,954:INFO:            imblearn: 0.13.0
2025-07-10 18:17:35,954:INFO:   category_encoders: 2.7.0
2025-07-10 18:17:35,954:INFO:            lightgbm: 4.6.0
2025-07-10 18:17:35,954:INFO:               numba: 0.61.2
2025-07-10 18:17:35,954:INFO:            requests: 2.32.4
2025-07-10 18:17:35,954:INFO:          matplotlib: 3.7.5
2025-07-10 18:17:35,954:INFO:          scikitplot: 0.3.7
2025-07-10 18:17:35,954:INFO:         yellowbrick: 1.5
2025-07-10 18:17:35,954:INFO:              plotly: 5.24.1
2025-07-10 18:17:35,954:INFO:    plotly-resampler: Not installed
2025-07-10 18:17:35,954:INFO:             kaleido: 1.0.0
2025-07-10 18:17:35,954:INFO:           schemdraw: 0.15
2025-07-10 18:17:35,954:INFO:         statsmodels: 0.14.5
2025-07-10 18:17:35,954:INFO:              sktime: 0.26.0
2025-07-10 18:17:35,954:INFO:               tbats: 1.1.3
2025-07-10 18:17:35,954:INFO:            pmdarima: 2.0.4
2025-07-10 18:17:35,954:INFO:              psutil: 5.9.0
2025-07-10 18:17:35,954:INFO:          markupsafe: 3.0.2
2025-07-10 18:17:35,954:INFO:             pickle5: Not installed
2025-07-10 18:17:35,954:INFO:         cloudpickle: 3.1.1
2025-07-10 18:17:35,954:INFO:         deprecation: 2.1.0
2025-07-10 18:17:35,954:INFO:              xxhash: 3.5.0
2025-07-10 18:17:35,954:INFO:           wurlitzer: 3.1.1
2025-07-10 18:17:35,954:INFO:PyCaret optional dependencies:
2025-07-10 18:17:35,954:INFO:                shap: Not installed
2025-07-10 18:17:35,954:INFO:           interpret: Not installed
2025-07-10 18:17:35,954:INFO:                umap: Not installed
2025-07-10 18:17:35,954:INFO:     ydata_profiling: Not installed
2025-07-10 18:17:35,954:INFO:  explainerdashboard: Not installed
2025-07-10 18:17:35,955:INFO:             autoviz: Not installed
2025-07-10 18:17:35,955:INFO:           fairlearn: Not installed
2025-07-10 18:17:35,955:INFO:          deepchecks: Not installed
2025-07-10 18:17:35,955:INFO:             xgboost: Not installed
2025-07-10 18:17:35,955:INFO:            catboost: Not installed
2025-07-10 18:17:35,955:INFO:              kmodes: Not installed
2025-07-10 18:17:35,955:INFO:             mlxtend: Not installed
2025-07-10 18:17:35,955:INFO:       statsforecast: Not installed
2025-07-10 18:17:35,955:INFO:        tune_sklearn: Not installed
2025-07-10 18:17:35,955:INFO:                 ray: Not installed
2025-07-10 18:17:35,955:INFO:            hyperopt: Not installed
2025-07-10 18:17:35,955:INFO:              optuna: Not installed
2025-07-10 18:17:35,955:INFO:               skopt: Not installed
2025-07-10 18:17:35,955:INFO:              mlflow: Not installed
2025-07-10 18:17:35,955:INFO:              gradio: Not installed
2025-07-10 18:17:35,955:INFO:             fastapi: Not installed
2025-07-10 18:17:35,955:INFO:             uvicorn: Not installed
2025-07-10 18:17:35,955:INFO:              m2cgen: Not installed
2025-07-10 18:17:35,955:INFO:           evidently: Not installed
2025-07-10 18:17:35,955:INFO:               fugue: Not installed
2025-07-10 18:17:35,955:INFO:           streamlit: Not installed
2025-07-10 18:17:35,955:INFO:             prophet: Not installed
2025-07-10 18:17:35,955:INFO:None
2025-07-10 18:17:35,960:INFO:Set Forecast Horizon.
2025-07-10 18:17:35,961:INFO:Set up Train-Test Splits.
2025-07-10 18:17:35,967:INFO:Preparing preprocessing pipeline...
2025-07-10 18:17:35,967:INFO:Set up imputation for Target variable(s).
2025-07-10 18:17:36,022:INFO:Finished creating preprocessing pipeline.
2025-07-10 18:17:36,026:INFO:Pipeline: ForecastingPipeline(steps=[('forecaster',
                            TransformedTargetForecaster(steps=[('transformer_target',
                                                                TransformerPipeline(steps=[('numerical_imputer',
                                                                                            Imputer(method='linear',
                                                                                                    random_state=123))])),
                                                               ('model',
                                                                DummyForecaster())]))])
2025-07-10 18:17:36,027:INFO:Set up Seasonal Period.
2025-07-10 18:17:36,035:INFO:Setting the seasonal component type - 'add' or 'mul'.
2025-07-10 18:17:36,036:INFO:Checking if data is strictly positive.
2025-07-10 18:17:36,063:INFO:Creating final display dataframe.
2025-07-10 18:17:36,078:INFO:Setup Display Container:                                           Description  \
0                                          session_id   
1                                              Target   
2                                            Approach   
3                                 Exogenous Variables   
4                                 Original data shape   
5                              Transformed data shape   
6                         Transformed train set shape   
7                          Transformed test set shape   
8                            Rows with missing values   
9                                      Fold Generator   
10                                        Fold Number   
11                        Enforce Prediction Interval   
12                    Splits used for hyperparameters   
13                    User Defined Seasonal Period(s)   
14                            Ignore Seasonality Test   
15                         Seasonality Detection Algo   
16                             Max Period to Consider   
17                          Seasonal Period(s) Tested   
18                     Significant Seasonal Period(s)   
19   Significant Seasonal Period(s) without Harmonics   
20                                   Remove Harmonics   
21                             Harmonics Order Method   
22                           Num Seasonalities to Use   
23                           All Seasonalities to Use   
24                                Primary Seasonality   
25                                Seasonality Present   
26                                   Seasonality Type   
27                           Target Strictly Positive   
28                                 Target White Noise   
29                                      Recommended d   
30                             Recommended Seasonal D   
31                                         Preprocess   
32                      Numerical Imputation (Target)   
33                            Transformation (Target)   
34                                   Scaling (Target)   
35  Feature Engineering (Target) - Reduced Regression   
36                   Numerical Imputation (Exogenous)   
37                         Transformation (Exogenous)   
38                                Scaling (Exogenous)   
39                                           CPU Jobs   
40                                            Use GPU   
41                                     Log Experiment   
42                                    Experiment Name   
43                                                USI   

                                                Value  
0                                                 123  
1                             FOODS_3_586_amount_sold  
2                                          Univariate  
3                                             Present  
4                                          (1530, 11)  
5                                          (1530, 11)  
6                                          (1516, 11)  
7                                            (14, 11)  
8                                                0.0%  
9                               SlidingWindowSplitter  
10                                                  2  
11                                              False  
12                                                all  
13                                               None  
14                                              False  
15                                               auto  
16                                                 60  
17  [14, 28, 35, 49, 56, 21, 42, 7, 8, 6, 41, 20, ...  
18  [14, 28, 35, 49, 56, 21, 42, 7, 8, 6, 41, 20, ...  
19                   [56, 35, 49, 42, 41, 20, 50, 29]  
20                                              False  
21                                       harmonic_max  
22                                                  1  
23                                               [14]  
24                                                 14  
25                                               True  
26                                                add  
27                                              False  
28                                                 No  
29                                                  1  
30                                                  0  
31                                               True  
32                                             linear  
33                                               None  
34                                               None  
35                                              False  
36                                               None  
37                                               None  
38                                               None  
39                                                 -1  
40                                              False  
41                                              False  
42                                    ts-default-name  
43                                               6d19  
2025-07-10 18:17:36,091:INFO:Engine successfully changes for model 'auto_arima' to 'pmdarima'.
2025-07-10 18:17:36,096:WARNING:
'prophet' is a soft dependency and not included in the pycaret installation. Please run: `pip install prophet` to install.
2025-07-10 18:17:36,096:INFO:Engine for model 'lr_cds_dt' has not been set explicitly, hence returning None.
2025-07-10 18:17:36,097:INFO:Engine for model 'en_cds_dt' has not been set explicitly, hence returning None.
2025-07-10 18:17:36,097:INFO:Engine for model 'ridge_cds_dt' has not been set explicitly, hence returning None.
2025-07-10 18:17:36,098:INFO:Engine for model 'lasso_cds_dt' has not been set explicitly, hence returning None.
2025-07-10 18:17:36,098:INFO:Engine for model 'llar_cds_dt' has not been set explicitly, hence returning None.
2025-07-10 18:17:36,098:INFO:Engine for model 'br_cds_dt' has not been set explicitly, hence returning None.
2025-07-10 18:17:36,099:INFO:Engine for model 'huber_cds_dt' has not been set explicitly, hence returning None.
2025-07-10 18:17:36,102:INFO:Engine for model 'omp_cds_dt' has not been set explicitly, hence returning None.
2025-07-10 18:17:36,105:INFO:Engine for model 'knn_cds_dt' has not been set explicitly, hence returning None.
2025-07-10 18:17:36,106:INFO:Engine for model 'dt_cds_dt' has not been set explicitly, hence returning None.
2025-07-10 18:17:36,106:INFO:Engine for model 'rf_cds_dt' has not been set explicitly, hence returning None.
2025-07-10 18:17:36,107:INFO:Engine for model 'et_cds_dt' has not been set explicitly, hence returning None.
2025-07-10 18:17:36,108:INFO:Engine for model 'gbr_cds_dt' has not been set explicitly, hence returning None.
2025-07-10 18:17:36,108:INFO:Engine for model 'ada_cds_dt' has not been set explicitly, hence returning None.
2025-07-10 18:17:36,108:INFO:Engine for model 'xgboost_cds_dt' has not been set explicitly, hence returning None.
2025-07-10 18:17:36,109:WARNING:
'xgboost' is a soft dependency and not included in the pycaret installation. Please run: `pip install xgboost` to install.
Alternately, you can install this by running `pip install pycaret[models]`
2025-07-10 18:17:36,109:WARNING:
'xgboost' is a soft dependency and not included in the pycaret installation. Please run: `pip install xgboost` to install.
Alternately, you can install this by running `pip install pycaret[models]`
2025-07-10 18:17:36,109:INFO:Engine for model 'lightgbm_cds_dt' has not been set explicitly, hence returning None.
2025-07-10 18:17:36,109:INFO:Engine for model 'catboost_cds_dt' has not been set explicitly, hence returning None.
2025-07-10 18:17:36,110:WARNING:
'catboost' is a soft dependency and not included in the pycaret installation. Please run: `pip install catboost` to install.
Alternately, you can install this by running `pip install pycaret[models]`
2025-07-10 18:17:36,110:WARNING:
'catboost' is a soft dependency and not included in the pycaret installation. Please run: `pip install catboost` to install.
Alternately, you can install this by running `pip install pycaret[models]`
2025-07-10 18:17:36,114:WARNING:
'prophet' is a soft dependency and not included in the pycaret installation. Please run: `pip install prophet` to install.
2025-07-10 18:17:36,114:INFO:Engine for model 'lr_cds_dt' has not been set explicitly, hence returning None.
2025-07-10 18:17:36,114:INFO:Engine for model 'en_cds_dt' has not been set explicitly, hence returning None.
2025-07-10 18:17:36,115:INFO:Engine for model 'ridge_cds_dt' has not been set explicitly, hence returning None.
2025-07-10 18:17:36,115:INFO:Engine for model 'lasso_cds_dt' has not been set explicitly, hence returning None.
2025-07-10 18:17:36,116:INFO:Engine for model 'llar_cds_dt' has not been set explicitly, hence returning None.
2025-07-10 18:17:36,116:INFO:Engine for model 'br_cds_dt' has not been set explicitly, hence returning None.
2025-07-10 18:17:36,117:INFO:Engine for model 'huber_cds_dt' has not been set explicitly, hence returning None.
2025-07-10 18:17:36,119:INFO:Engine for model 'omp_cds_dt' has not been set explicitly, hence returning None.
2025-07-10 18:17:36,123:INFO:Engine for model 'knn_cds_dt' has not been set explicitly, hence returning None.
2025-07-10 18:17:36,123:INFO:Engine for model 'dt_cds_dt' has not been set explicitly, hence returning None.
2025-07-10 18:17:36,124:INFO:Engine for model 'rf_cds_dt' has not been set explicitly, hence returning None.
2025-07-10 18:17:36,124:INFO:Engine for model 'et_cds_dt' has not been set explicitly, hence returning None.
2025-07-10 18:17:36,125:INFO:Engine for model 'gbr_cds_dt' has not been set explicitly, hence returning None.
2025-07-10 18:17:36,125:INFO:Engine for model 'ada_cds_dt' has not been set explicitly, hence returning None.
2025-07-10 18:17:36,126:INFO:Engine for model 'xgboost_cds_dt' has not been set explicitly, hence returning None.
2025-07-10 18:17:36,126:WARNING:
'xgboost' is a soft dependency and not included in the pycaret installation. Please run: `pip install xgboost` to install.
Alternately, you can install this by running `pip install pycaret[models]`
2025-07-10 18:17:36,126:WARNING:
'xgboost' is a soft dependency and not included in the pycaret installation. Please run: `pip install xgboost` to install.
Alternately, you can install this by running `pip install pycaret[models]`
2025-07-10 18:17:36,126:INFO:Engine for model 'lightgbm_cds_dt' has not been set explicitly, hence returning None.
2025-07-10 18:17:36,126:INFO:Engine for model 'catboost_cds_dt' has not been set explicitly, hence returning None.
2025-07-10 18:17:36,127:WARNING:
'catboost' is a soft dependency and not included in the pycaret installation. Please run: `pip install catboost` to install.
Alternately, you can install this by running `pip install pycaret[models]`
2025-07-10 18:17:36,127:WARNING:
'catboost' is a soft dependency and not included in the pycaret installation. Please run: `pip install catboost` to install.
Alternately, you can install this by running `pip install pycaret[models]`
2025-07-10 18:17:36,127:INFO:Engine successfully changes for model 'lr_cds_dt' to 'sklearn'.
2025-07-10 18:17:36,131:WARNING:
'prophet' is a soft dependency and not included in the pycaret installation. Please run: `pip install prophet` to install.
2025-07-10 18:17:36,131:INFO:Engine for model 'en_cds_dt' has not been set explicitly, hence returning None.
2025-07-10 18:17:36,132:INFO:Engine for model 'ridge_cds_dt' has not been set explicitly, hence returning None.
2025-07-10 18:17:36,132:INFO:Engine for model 'lasso_cds_dt' has not been set explicitly, hence returning None.
2025-07-10 18:17:36,132:INFO:Engine for model 'llar_cds_dt' has not been set explicitly, hence returning None.
2025-07-10 18:17:36,133:INFO:Engine for model 'br_cds_dt' has not been set explicitly, hence returning None.
2025-07-10 18:17:36,133:INFO:Engine for model 'huber_cds_dt' has not been set explicitly, hence returning None.
2025-07-10 18:17:36,136:INFO:Engine for model 'omp_cds_dt' has not been set explicitly, hence returning None.
2025-07-10 18:17:36,139:INFO:Engine for model 'knn_cds_dt' has not been set explicitly, hence returning None.
2025-07-10 18:17:36,139:INFO:Engine for model 'dt_cds_dt' has not been set explicitly, hence returning None.
2025-07-10 18:17:36,140:INFO:Engine for model 'rf_cds_dt' has not been set explicitly, hence returning None.
2025-07-10 18:17:36,141:INFO:Engine for model 'et_cds_dt' has not been set explicitly, hence returning None.
2025-07-10 18:17:36,142:INFO:Engine for model 'gbr_cds_dt' has not been set explicitly, hence returning None.
2025-07-10 18:17:36,142:INFO:Engine for model 'ada_cds_dt' has not been set explicitly, hence returning None.
2025-07-10 18:17:36,143:INFO:Engine for model 'xgboost_cds_dt' has not been set explicitly, hence returning None.
2025-07-10 18:17:36,143:WARNING:
'xgboost' is a soft dependency and not included in the pycaret installation. Please run: `pip install xgboost` to install.
Alternately, you can install this by running `pip install pycaret[models]`
2025-07-10 18:17:36,143:WARNING:
'xgboost' is a soft dependency and not included in the pycaret installation. Please run: `pip install xgboost` to install.
Alternately, you can install this by running `pip install pycaret[models]`
2025-07-10 18:17:36,143:INFO:Engine for model 'lightgbm_cds_dt' has not been set explicitly, hence returning None.
2025-07-10 18:17:36,144:INFO:Engine for model 'catboost_cds_dt' has not been set explicitly, hence returning None.
2025-07-10 18:17:36,144:WARNING:
'catboost' is a soft dependency and not included in the pycaret installation. Please run: `pip install catboost` to install.
Alternately, you can install this by running `pip install pycaret[models]`
2025-07-10 18:17:36,144:WARNING:
'catboost' is a soft dependency and not included in the pycaret installation. Please run: `pip install catboost` to install.
Alternately, you can install this by running `pip install pycaret[models]`
2025-07-10 18:17:36,148:WARNING:
'prophet' is a soft dependency and not included in the pycaret installation. Please run: `pip install prophet` to install.
2025-07-10 18:17:36,148:INFO:Engine for model 'en_cds_dt' has not been set explicitly, hence returning None.
2025-07-10 18:17:36,149:INFO:Engine for model 'ridge_cds_dt' has not been set explicitly, hence returning None.
2025-07-10 18:17:36,149:INFO:Engine for model 'lasso_cds_dt' has not been set explicitly, hence returning None.
2025-07-10 18:17:36,150:INFO:Engine for model 'llar_cds_dt' has not been set explicitly, hence returning None.
2025-07-10 18:17:36,150:INFO:Engine for model 'br_cds_dt' has not been set explicitly, hence returning None.
2025-07-10 18:17:36,150:INFO:Engine for model 'huber_cds_dt' has not been set explicitly, hence returning None.
2025-07-10 18:17:36,154:INFO:Engine for model 'omp_cds_dt' has not been set explicitly, hence returning None.
2025-07-10 18:17:36,157:INFO:Engine for model 'knn_cds_dt' has not been set explicitly, hence returning None.
2025-07-10 18:17:36,157:INFO:Engine for model 'dt_cds_dt' has not been set explicitly, hence returning None.
2025-07-10 18:17:36,157:INFO:Engine for model 'rf_cds_dt' has not been set explicitly, hence returning None.
2025-07-10 18:17:36,157:INFO:Engine for model 'et_cds_dt' has not been set explicitly, hence returning None.
2025-07-10 18:17:36,158:INFO:Engine for model 'gbr_cds_dt' has not been set explicitly, hence returning None.
2025-07-10 18:17:36,158:INFO:Engine for model 'ada_cds_dt' has not been set explicitly, hence returning None.
2025-07-10 18:17:36,158:INFO:Engine for model 'xgboost_cds_dt' has not been set explicitly, hence returning None.
2025-07-10 18:17:36,158:WARNING:
'xgboost' is a soft dependency and not included in the pycaret installation. Please run: `pip install xgboost` to install.
Alternately, you can install this by running `pip install pycaret[models]`
2025-07-10 18:17:36,158:WARNING:
'xgboost' is a soft dependency and not included in the pycaret installation. Please run: `pip install xgboost` to install.
Alternately, you can install this by running `pip install pycaret[models]`
2025-07-10 18:17:36,158:INFO:Engine for model 'lightgbm_cds_dt' has not been set explicitly, hence returning None.
2025-07-10 18:17:36,159:INFO:Engine for model 'catboost_cds_dt' has not been set explicitly, hence returning None.
2025-07-10 18:17:36,159:WARNING:
'catboost' is a soft dependency and not included in the pycaret installation. Please run: `pip install catboost` to install.
Alternately, you can install this by running `pip install pycaret[models]`
2025-07-10 18:17:36,159:WARNING:
'catboost' is a soft dependency and not included in the pycaret installation. Please run: `pip install catboost` to install.
Alternately, you can install this by running `pip install pycaret[models]`
2025-07-10 18:17:36,159:INFO:Engine successfully changes for model 'en_cds_dt' to 'sklearn'.
2025-07-10 18:17:36,161:WARNING:
'prophet' is a soft dependency and not included in the pycaret installation. Please run: `pip install prophet` to install.
2025-07-10 18:17:36,162:INFO:Engine for model 'ridge_cds_dt' has not been set explicitly, hence returning None.
2025-07-10 18:17:36,162:INFO:Engine for model 'lasso_cds_dt' has not been set explicitly, hence returning None.
2025-07-10 18:17:36,162:INFO:Engine for model 'llar_cds_dt' has not been set explicitly, hence returning None.
2025-07-10 18:17:36,162:INFO:Engine for model 'br_cds_dt' has not been set explicitly, hence returning None.
2025-07-10 18:17:36,162:INFO:Engine for model 'huber_cds_dt' has not been set explicitly, hence returning None.
2025-07-10 18:17:36,164:INFO:Engine for model 'omp_cds_dt' has not been set explicitly, hence returning None.
2025-07-10 18:17:36,166:INFO:Engine for model 'knn_cds_dt' has not been set explicitly, hence returning None.
2025-07-10 18:17:36,166:INFO:Engine for model 'dt_cds_dt' has not been set explicitly, hence returning None.
2025-07-10 18:17:36,166:INFO:Engine for model 'rf_cds_dt' has not been set explicitly, hence returning None.
2025-07-10 18:17:36,167:INFO:Engine for model 'et_cds_dt' has not been set explicitly, hence returning None.
2025-07-10 18:17:36,167:INFO:Engine for model 'gbr_cds_dt' has not been set explicitly, hence returning None.
2025-07-10 18:17:36,167:INFO:Engine for model 'ada_cds_dt' has not been set explicitly, hence returning None.
2025-07-10 18:17:36,167:INFO:Engine for model 'xgboost_cds_dt' has not been set explicitly, hence returning None.
2025-07-10 18:17:36,167:WARNING:
'xgboost' is a soft dependency and not included in the pycaret installation. Please run: `pip install xgboost` to install.
Alternately, you can install this by running `pip install pycaret[models]`
2025-07-10 18:17:36,167:WARNING:
'xgboost' is a soft dependency and not included in the pycaret installation. Please run: `pip install xgboost` to install.
Alternately, you can install this by running `pip install pycaret[models]`
2025-07-10 18:17:36,167:INFO:Engine for model 'lightgbm_cds_dt' has not been set explicitly, hence returning None.
2025-07-10 18:17:36,168:INFO:Engine for model 'catboost_cds_dt' has not been set explicitly, hence returning None.
2025-07-10 18:17:36,168:WARNING:
'catboost' is a soft dependency and not included in the pycaret installation. Please run: `pip install catboost` to install.
Alternately, you can install this by running `pip install pycaret[models]`
2025-07-10 18:17:36,168:WARNING:
'catboost' is a soft dependency and not included in the pycaret installation. Please run: `pip install catboost` to install.
Alternately, you can install this by running `pip install pycaret[models]`
2025-07-10 18:17:36,170:WARNING:
'prophet' is a soft dependency and not included in the pycaret installation. Please run: `pip install prophet` to install.
2025-07-10 18:17:36,171:INFO:Engine for model 'ridge_cds_dt' has not been set explicitly, hence returning None.
2025-07-10 18:17:36,171:INFO:Engine for model 'lasso_cds_dt' has not been set explicitly, hence returning None.
2025-07-10 18:17:36,171:INFO:Engine for model 'llar_cds_dt' has not been set explicitly, hence returning None.
2025-07-10 18:17:36,171:INFO:Engine for model 'br_cds_dt' has not been set explicitly, hence returning None.
2025-07-10 18:17:36,171:INFO:Engine for model 'huber_cds_dt' has not been set explicitly, hence returning None.
2025-07-10 18:17:36,174:INFO:Engine for model 'omp_cds_dt' has not been set explicitly, hence returning None.
2025-07-10 18:17:36,176:INFO:Engine for model 'knn_cds_dt' has not been set explicitly, hence returning None.
2025-07-10 18:17:36,176:INFO:Engine for model 'dt_cds_dt' has not been set explicitly, hence returning None.
2025-07-10 18:17:36,176:INFO:Engine for model 'rf_cds_dt' has not been set explicitly, hence returning None.
2025-07-10 18:17:36,177:INFO:Engine for model 'et_cds_dt' has not been set explicitly, hence returning None.
2025-07-10 18:17:36,177:INFO:Engine for model 'gbr_cds_dt' has not been set explicitly, hence returning None.
2025-07-10 18:17:36,177:INFO:Engine for model 'ada_cds_dt' has not been set explicitly, hence returning None.
2025-07-10 18:17:36,177:INFO:Engine for model 'xgboost_cds_dt' has not been set explicitly, hence returning None.
2025-07-10 18:17:36,177:WARNING:
'xgboost' is a soft dependency and not included in the pycaret installation. Please run: `pip install xgboost` to install.
Alternately, you can install this by running `pip install pycaret[models]`
2025-07-10 18:17:36,177:WARNING:
'xgboost' is a soft dependency and not included in the pycaret installation. Please run: `pip install xgboost` to install.
Alternately, you can install this by running `pip install pycaret[models]`
2025-07-10 18:17:36,177:INFO:Engine for model 'lightgbm_cds_dt' has not been set explicitly, hence returning None.
2025-07-10 18:17:36,178:INFO:Engine for model 'catboost_cds_dt' has not been set explicitly, hence returning None.
2025-07-10 18:17:36,178:WARNING:
'catboost' is a soft dependency and not included in the pycaret installation. Please run: `pip install catboost` to install.
Alternately, you can install this by running `pip install pycaret[models]`
2025-07-10 18:17:36,178:WARNING:
'catboost' is a soft dependency and not included in the pycaret installation. Please run: `pip install catboost` to install.
Alternately, you can install this by running `pip install pycaret[models]`
2025-07-10 18:17:36,178:INFO:Engine successfully changes for model 'ridge_cds_dt' to 'sklearn'.
2025-07-10 18:17:36,180:WARNING:
'prophet' is a soft dependency and not included in the pycaret installation. Please run: `pip install prophet` to install.
2025-07-10 18:17:36,181:INFO:Engine for model 'lasso_cds_dt' has not been set explicitly, hence returning None.
2025-07-10 18:17:36,181:INFO:Engine for model 'llar_cds_dt' has not been set explicitly, hence returning None.
2025-07-10 18:17:36,181:INFO:Engine for model 'br_cds_dt' has not been set explicitly, hence returning None.
2025-07-10 18:17:36,182:INFO:Engine for model 'huber_cds_dt' has not been set explicitly, hence returning None.
2025-07-10 18:17:36,184:INFO:Engine for model 'omp_cds_dt' has not been set explicitly, hence returning None.
2025-07-10 18:17:36,186:INFO:Engine for model 'knn_cds_dt' has not been set explicitly, hence returning None.
2025-07-10 18:17:36,186:INFO:Engine for model 'dt_cds_dt' has not been set explicitly, hence returning None.
2025-07-10 18:17:36,186:INFO:Engine for model 'rf_cds_dt' has not been set explicitly, hence returning None.
2025-07-10 18:17:36,187:INFO:Engine for model 'et_cds_dt' has not been set explicitly, hence returning None.
2025-07-10 18:17:36,187:INFO:Engine for model 'gbr_cds_dt' has not been set explicitly, hence returning None.
2025-07-10 18:17:36,187:INFO:Engine for model 'ada_cds_dt' has not been set explicitly, hence returning None.
2025-07-10 18:17:36,187:INFO:Engine for model 'xgboost_cds_dt' has not been set explicitly, hence returning None.
2025-07-10 18:17:36,187:WARNING:
'xgboost' is a soft dependency and not included in the pycaret installation. Please run: `pip install xgboost` to install.
Alternately, you can install this by running `pip install pycaret[models]`
2025-07-10 18:17:36,187:WARNING:
'xgboost' is a soft dependency and not included in the pycaret installation. Please run: `pip install xgboost` to install.
Alternately, you can install this by running `pip install pycaret[models]`
2025-07-10 18:17:36,188:INFO:Engine for model 'lightgbm_cds_dt' has not been set explicitly, hence returning None.
2025-07-10 18:17:36,188:INFO:Engine for model 'catboost_cds_dt' has not been set explicitly, hence returning None.
2025-07-10 18:17:36,188:WARNING:
'catboost' is a soft dependency and not included in the pycaret installation. Please run: `pip install catboost` to install.
Alternately, you can install this by running `pip install pycaret[models]`
2025-07-10 18:17:36,188:WARNING:
'catboost' is a soft dependency and not included in the pycaret installation. Please run: `pip install catboost` to install.
Alternately, you can install this by running `pip install pycaret[models]`
2025-07-10 18:17:36,191:WARNING:
'prophet' is a soft dependency and not included in the pycaret installation. Please run: `pip install prophet` to install.
2025-07-10 18:17:36,191:INFO:Engine for model 'lasso_cds_dt' has not been set explicitly, hence returning None.
2025-07-10 18:17:36,191:INFO:Engine for model 'llar_cds_dt' has not been set explicitly, hence returning None.
2025-07-10 18:17:36,192:INFO:Engine for model 'br_cds_dt' has not been set explicitly, hence returning None.
2025-07-10 18:17:36,192:INFO:Engine for model 'huber_cds_dt' has not been set explicitly, hence returning None.
2025-07-10 18:17:36,194:INFO:Engine for model 'omp_cds_dt' has not been set explicitly, hence returning None.
2025-07-10 18:17:36,196:INFO:Engine for model 'knn_cds_dt' has not been set explicitly, hence returning None.
2025-07-10 18:17:36,197:INFO:Engine for model 'dt_cds_dt' has not been set explicitly, hence returning None.
2025-07-10 18:17:36,197:INFO:Engine for model 'rf_cds_dt' has not been set explicitly, hence returning None.
2025-07-10 18:17:36,197:INFO:Engine for model 'et_cds_dt' has not been set explicitly, hence returning None.
2025-07-10 18:17:36,197:INFO:Engine for model 'gbr_cds_dt' has not been set explicitly, hence returning None.
2025-07-10 18:17:36,198:INFO:Engine for model 'ada_cds_dt' has not been set explicitly, hence returning None.
2025-07-10 18:17:36,198:INFO:Engine for model 'xgboost_cds_dt' has not been set explicitly, hence returning None.
2025-07-10 18:17:36,198:WARNING:
'xgboost' is a soft dependency and not included in the pycaret installation. Please run: `pip install xgboost` to install.
Alternately, you can install this by running `pip install pycaret[models]`
2025-07-10 18:17:36,198:WARNING:
'xgboost' is a soft dependency and not included in the pycaret installation. Please run: `pip install xgboost` to install.
Alternately, you can install this by running `pip install pycaret[models]`
2025-07-10 18:17:36,198:INFO:Engine for model 'lightgbm_cds_dt' has not been set explicitly, hence returning None.
2025-07-10 18:17:36,198:INFO:Engine for model 'catboost_cds_dt' has not been set explicitly, hence returning None.
2025-07-10 18:17:36,198:WARNING:
'catboost' is a soft dependency and not included in the pycaret installation. Please run: `pip install catboost` to install.
Alternately, you can install this by running `pip install pycaret[models]`
2025-07-10 18:17:36,198:WARNING:
'catboost' is a soft dependency and not included in the pycaret installation. Please run: `pip install catboost` to install.
Alternately, you can install this by running `pip install pycaret[models]`
2025-07-10 18:17:36,198:INFO:Engine successfully changes for model 'lasso_cds_dt' to 'sklearn'.
2025-07-10 18:17:36,200:WARNING:
'prophet' is a soft dependency and not included in the pycaret installation. Please run: `pip install prophet` to install.
2025-07-10 18:17:36,201:INFO:Engine for model 'llar_cds_dt' has not been set explicitly, hence returning None.
2025-07-10 18:17:36,201:INFO:Engine for model 'br_cds_dt' has not been set explicitly, hence returning None.
2025-07-10 18:17:36,201:INFO:Engine for model 'huber_cds_dt' has not been set explicitly, hence returning None.
2025-07-10 18:17:36,203:INFO:Engine for model 'omp_cds_dt' has not been set explicitly, hence returning None.
2025-07-10 18:17:36,205:INFO:Engine for model 'knn_cds_dt' has not been set explicitly, hence returning None.
2025-07-10 18:17:36,205:INFO:Engine for model 'dt_cds_dt' has not been set explicitly, hence returning None.
2025-07-10 18:17:36,205:INFO:Engine for model 'rf_cds_dt' has not been set explicitly, hence returning None.
2025-07-10 18:17:36,206:INFO:Engine for model 'et_cds_dt' has not been set explicitly, hence returning None.
2025-07-10 18:17:36,206:INFO:Engine for model 'gbr_cds_dt' has not been set explicitly, hence returning None.
2025-07-10 18:17:36,206:INFO:Engine for model 'ada_cds_dt' has not been set explicitly, hence returning None.
2025-07-10 18:17:36,206:INFO:Engine for model 'xgboost_cds_dt' has not been set explicitly, hence returning None.
2025-07-10 18:17:36,206:WARNING:
'xgboost' is a soft dependency and not included in the pycaret installation. Please run: `pip install xgboost` to install.
Alternately, you can install this by running `pip install pycaret[models]`
2025-07-10 18:17:36,207:WARNING:
'xgboost' is a soft dependency and not included in the pycaret installation. Please run: `pip install xgboost` to install.
Alternately, you can install this by running `pip install pycaret[models]`
2025-07-10 18:17:36,207:INFO:Engine for model 'lightgbm_cds_dt' has not been set explicitly, hence returning None.
2025-07-10 18:17:36,207:INFO:Engine for model 'catboost_cds_dt' has not been set explicitly, hence returning None.
2025-07-10 18:17:36,207:WARNING:
'catboost' is a soft dependency and not included in the pycaret installation. Please run: `pip install catboost` to install.
Alternately, you can install this by running `pip install pycaret[models]`
2025-07-10 18:17:36,207:WARNING:
'catboost' is a soft dependency and not included in the pycaret installation. Please run: `pip install catboost` to install.
Alternately, you can install this by running `pip install pycaret[models]`
2025-07-10 18:17:36,209:WARNING:
'prophet' is a soft dependency and not included in the pycaret installation. Please run: `pip install prophet` to install.
2025-07-10 18:17:36,210:INFO:Engine for model 'llar_cds_dt' has not been set explicitly, hence returning None.
2025-07-10 18:17:36,210:INFO:Engine for model 'br_cds_dt' has not been set explicitly, hence returning None.
2025-07-10 18:17:36,210:INFO:Engine for model 'huber_cds_dt' has not been set explicitly, hence returning None.
2025-07-10 18:17:36,212:INFO:Engine for model 'omp_cds_dt' has not been set explicitly, hence returning None.
2025-07-10 18:17:36,214:INFO:Engine for model 'knn_cds_dt' has not been set explicitly, hence returning None.
2025-07-10 18:17:36,214:INFO:Engine for model 'dt_cds_dt' has not been set explicitly, hence returning None.
2025-07-10 18:17:36,215:INFO:Engine for model 'rf_cds_dt' has not been set explicitly, hence returning None.
2025-07-10 18:17:36,215:INFO:Engine for model 'et_cds_dt' has not been set explicitly, hence returning None.
2025-07-10 18:17:36,215:INFO:Engine for model 'gbr_cds_dt' has not been set explicitly, hence returning None.
2025-07-10 18:17:36,215:INFO:Engine for model 'ada_cds_dt' has not been set explicitly, hence returning None.
2025-07-10 18:17:36,215:INFO:Engine for model 'xgboost_cds_dt' has not been set explicitly, hence returning None.
2025-07-10 18:17:36,215:WARNING:
'xgboost' is a soft dependency and not included in the pycaret installation. Please run: `pip install xgboost` to install.
Alternately, you can install this by running `pip install pycaret[models]`
2025-07-10 18:17:36,215:WARNING:
'xgboost' is a soft dependency and not included in the pycaret installation. Please run: `pip install xgboost` to install.
Alternately, you can install this by running `pip install pycaret[models]`
2025-07-10 18:17:36,215:INFO:Engine for model 'lightgbm_cds_dt' has not been set explicitly, hence returning None.
2025-07-10 18:17:36,216:INFO:Engine for model 'catboost_cds_dt' has not been set explicitly, hence returning None.
2025-07-10 18:17:36,216:WARNING:
'catboost' is a soft dependency and not included in the pycaret installation. Please run: `pip install catboost` to install.
Alternately, you can install this by running `pip install pycaret[models]`
2025-07-10 18:17:36,216:WARNING:
'catboost' is a soft dependency and not included in the pycaret installation. Please run: `pip install catboost` to install.
Alternately, you can install this by running `pip install pycaret[models]`
2025-07-10 18:17:36,216:INFO:Engine successfully changes for model 'lar_cds_dt' to 'sklearn'.
2025-07-10 18:17:36,218:WARNING:
'prophet' is a soft dependency and not included in the pycaret installation. Please run: `pip install prophet` to install.
2025-07-10 18:17:36,219:INFO:Engine for model 'llar_cds_dt' has not been set explicitly, hence returning None.
2025-07-10 18:17:36,219:INFO:Engine for model 'br_cds_dt' has not been set explicitly, hence returning None.
2025-07-10 18:17:36,219:INFO:Engine for model 'huber_cds_dt' has not been set explicitly, hence returning None.
2025-07-10 18:17:36,221:INFO:Engine for model 'omp_cds_dt' has not been set explicitly, hence returning None.
2025-07-10 18:17:36,223:INFO:Engine for model 'knn_cds_dt' has not been set explicitly, hence returning None.
2025-07-10 18:17:36,223:INFO:Engine for model 'dt_cds_dt' has not been set explicitly, hence returning None.
2025-07-10 18:17:36,223:INFO:Engine for model 'rf_cds_dt' has not been set explicitly, hence returning None.
2025-07-10 18:17:36,223:INFO:Engine for model 'et_cds_dt' has not been set explicitly, hence returning None.
2025-07-10 18:17:36,224:INFO:Engine for model 'gbr_cds_dt' has not been set explicitly, hence returning None.
2025-07-10 18:17:36,224:INFO:Engine for model 'ada_cds_dt' has not been set explicitly, hence returning None.
2025-07-10 18:17:36,224:INFO:Engine for model 'xgboost_cds_dt' has not been set explicitly, hence returning None.
2025-07-10 18:17:36,224:WARNING:
'xgboost' is a soft dependency and not included in the pycaret installation. Please run: `pip install xgboost` to install.
Alternately, you can install this by running `pip install pycaret[models]`
2025-07-10 18:17:36,224:WARNING:
'xgboost' is a soft dependency and not included in the pycaret installation. Please run: `pip install xgboost` to install.
Alternately, you can install this by running `pip install pycaret[models]`
2025-07-10 18:17:36,224:INFO:Engine for model 'lightgbm_cds_dt' has not been set explicitly, hence returning None.
2025-07-10 18:17:36,225:INFO:Engine for model 'catboost_cds_dt' has not been set explicitly, hence returning None.
2025-07-10 18:17:36,225:WARNING:
'catboost' is a soft dependency and not included in the pycaret installation. Please run: `pip install catboost` to install.
Alternately, you can install this by running `pip install pycaret[models]`
2025-07-10 18:17:36,225:WARNING:
'catboost' is a soft dependency and not included in the pycaret installation. Please run: `pip install catboost` to install.
Alternately, you can install this by running `pip install pycaret[models]`
2025-07-10 18:17:36,227:WARNING:
'prophet' is a soft dependency and not included in the pycaret installation. Please run: `pip install prophet` to install.
2025-07-10 18:17:36,227:INFO:Engine for model 'llar_cds_dt' has not been set explicitly, hence returning None.
2025-07-10 18:17:36,228:INFO:Engine for model 'br_cds_dt' has not been set explicitly, hence returning None.
2025-07-10 18:17:36,228:INFO:Engine for model 'huber_cds_dt' has not been set explicitly, hence returning None.
2025-07-10 18:17:36,230:INFO:Engine for model 'omp_cds_dt' has not been set explicitly, hence returning None.
2025-07-10 18:17:36,232:INFO:Engine for model 'knn_cds_dt' has not been set explicitly, hence returning None.
2025-07-10 18:17:36,232:INFO:Engine for model 'dt_cds_dt' has not been set explicitly, hence returning None.
2025-07-10 18:17:36,232:INFO:Engine for model 'rf_cds_dt' has not been set explicitly, hence returning None.
2025-07-10 18:17:36,232:INFO:Engine for model 'et_cds_dt' has not been set explicitly, hence returning None.
2025-07-10 18:17:36,232:INFO:Engine for model 'gbr_cds_dt' has not been set explicitly, hence returning None.
2025-07-10 18:17:36,233:INFO:Engine for model 'ada_cds_dt' has not been set explicitly, hence returning None.
2025-07-10 18:17:36,233:INFO:Engine for model 'xgboost_cds_dt' has not been set explicitly, hence returning None.
2025-07-10 18:17:36,233:WARNING:
'xgboost' is a soft dependency and not included in the pycaret installation. Please run: `pip install xgboost` to install.
Alternately, you can install this by running `pip install pycaret[models]`
2025-07-10 18:17:36,233:WARNING:
'xgboost' is a soft dependency and not included in the pycaret installation. Please run: `pip install xgboost` to install.
Alternately, you can install this by running `pip install pycaret[models]`
2025-07-10 18:17:36,233:INFO:Engine for model 'lightgbm_cds_dt' has not been set explicitly, hence returning None.
2025-07-10 18:17:36,233:INFO:Engine for model 'catboost_cds_dt' has not been set explicitly, hence returning None.
2025-07-10 18:17:36,233:WARNING:
'catboost' is a soft dependency and not included in the pycaret installation. Please run: `pip install catboost` to install.
Alternately, you can install this by running `pip install pycaret[models]`
2025-07-10 18:17:36,233:WARNING:
'catboost' is a soft dependency and not included in the pycaret installation. Please run: `pip install catboost` to install.
Alternately, you can install this by running `pip install pycaret[models]`
2025-07-10 18:17:36,233:INFO:Engine successfully changes for model 'llar_cds_dt' to 'sklearn'.
2025-07-10 18:17:36,235:WARNING:
'prophet' is a soft dependency and not included in the pycaret installation. Please run: `pip install prophet` to install.
2025-07-10 18:17:36,236:INFO:Engine for model 'br_cds_dt' has not been set explicitly, hence returning None.
2025-07-10 18:17:36,237:INFO:Engine for model 'huber_cds_dt' has not been set explicitly, hence returning None.
2025-07-10 18:17:36,238:INFO:Engine for model 'omp_cds_dt' has not been set explicitly, hence returning None.
2025-07-10 18:17:36,240:INFO:Engine for model 'knn_cds_dt' has not been set explicitly, hence returning None.
2025-07-10 18:17:36,240:INFO:Engine for model 'dt_cds_dt' has not been set explicitly, hence returning None.
2025-07-10 18:17:36,240:INFO:Engine for model 'rf_cds_dt' has not been set explicitly, hence returning None.
2025-07-10 18:17:36,241:INFO:Engine for model 'et_cds_dt' has not been set explicitly, hence returning None.
2025-07-10 18:17:36,241:INFO:Engine for model 'gbr_cds_dt' has not been set explicitly, hence returning None.
2025-07-10 18:17:36,241:INFO:Engine for model 'ada_cds_dt' has not been set explicitly, hence returning None.
2025-07-10 18:17:36,241:INFO:Engine for model 'xgboost_cds_dt' has not been set explicitly, hence returning None.
2025-07-10 18:17:36,241:WARNING:
'xgboost' is a soft dependency and not included in the pycaret installation. Please run: `pip install xgboost` to install.
Alternately, you can install this by running `pip install pycaret[models]`
2025-07-10 18:17:36,241:WARNING:
'xgboost' is a soft dependency and not included in the pycaret installation. Please run: `pip install xgboost` to install.
Alternately, you can install this by running `pip install pycaret[models]`
2025-07-10 18:17:36,241:INFO:Engine for model 'lightgbm_cds_dt' has not been set explicitly, hence returning None.
2025-07-10 18:17:36,242:INFO:Engine for model 'catboost_cds_dt' has not been set explicitly, hence returning None.
2025-07-10 18:17:36,242:WARNING:
'catboost' is a soft dependency and not included in the pycaret installation. Please run: `pip install catboost` to install.
Alternately, you can install this by running `pip install pycaret[models]`
2025-07-10 18:17:36,242:WARNING:
'catboost' is a soft dependency and not included in the pycaret installation. Please run: `pip install catboost` to install.
Alternately, you can install this by running `pip install pycaret[models]`
2025-07-10 18:17:36,244:WARNING:
'prophet' is a soft dependency and not included in the pycaret installation. Please run: `pip install prophet` to install.
2025-07-10 18:17:36,245:INFO:Engine for model 'br_cds_dt' has not been set explicitly, hence returning None.
2025-07-10 18:17:36,245:INFO:Engine for model 'huber_cds_dt' has not been set explicitly, hence returning None.
2025-07-10 18:17:36,248:INFO:Engine for model 'omp_cds_dt' has not been set explicitly, hence returning None.
2025-07-10 18:17:36,249:INFO:Engine for model 'knn_cds_dt' has not been set explicitly, hence returning None.
2025-07-10 18:17:36,249:INFO:Engine for model 'dt_cds_dt' has not been set explicitly, hence returning None.
2025-07-10 18:17:36,250:INFO:Engine for model 'rf_cds_dt' has not been set explicitly, hence returning None.
2025-07-10 18:17:36,250:INFO:Engine for model 'et_cds_dt' has not been set explicitly, hence returning None.
2025-07-10 18:17:36,250:INFO:Engine for model 'gbr_cds_dt' has not been set explicitly, hence returning None.
2025-07-10 18:17:36,250:INFO:Engine for model 'ada_cds_dt' has not been set explicitly, hence returning None.
2025-07-10 18:17:36,251:INFO:Engine for model 'xgboost_cds_dt' has not been set explicitly, hence returning None.
2025-07-10 18:17:36,251:WARNING:
'xgboost' is a soft dependency and not included in the pycaret installation. Please run: `pip install xgboost` to install.
Alternately, you can install this by running `pip install pycaret[models]`
2025-07-10 18:17:36,251:WARNING:
'xgboost' is a soft dependency and not included in the pycaret installation. Please run: `pip install xgboost` to install.
Alternately, you can install this by running `pip install pycaret[models]`
2025-07-10 18:17:36,251:INFO:Engine for model 'lightgbm_cds_dt' has not been set explicitly, hence returning None.
2025-07-10 18:17:36,251:INFO:Engine for model 'catboost_cds_dt' has not been set explicitly, hence returning None.
2025-07-10 18:17:36,251:WARNING:
'catboost' is a soft dependency and not included in the pycaret installation. Please run: `pip install catboost` to install.
Alternately, you can install this by running `pip install pycaret[models]`
2025-07-10 18:17:36,251:WARNING:
'catboost' is a soft dependency and not included in the pycaret installation. Please run: `pip install catboost` to install.
Alternately, you can install this by running `pip install pycaret[models]`
2025-07-10 18:17:36,251:INFO:Engine successfully changes for model 'br_cds_dt' to 'sklearn'.
2025-07-10 18:17:36,253:WARNING:
'prophet' is a soft dependency and not included in the pycaret installation. Please run: `pip install prophet` to install.
2025-07-10 18:17:36,254:INFO:Engine for model 'huber_cds_dt' has not been set explicitly, hence returning None.
2025-07-10 18:17:36,256:INFO:Engine for model 'omp_cds_dt' has not been set explicitly, hence returning None.
2025-07-10 18:17:36,258:INFO:Engine for model 'knn_cds_dt' has not been set explicitly, hence returning None.
2025-07-10 18:17:36,258:INFO:Engine for model 'dt_cds_dt' has not been set explicitly, hence returning None.
2025-07-10 18:17:36,258:INFO:Engine for model 'rf_cds_dt' has not been set explicitly, hence returning None.
2025-07-10 18:17:36,259:INFO:Engine for model 'et_cds_dt' has not been set explicitly, hence returning None.
2025-07-10 18:17:36,259:INFO:Engine for model 'gbr_cds_dt' has not been set explicitly, hence returning None.
2025-07-10 18:17:36,259:INFO:Engine for model 'ada_cds_dt' has not been set explicitly, hence returning None.
2025-07-10 18:17:36,260:INFO:Engine for model 'xgboost_cds_dt' has not been set explicitly, hence returning None.
2025-07-10 18:17:36,260:WARNING:
'xgboost' is a soft dependency and not included in the pycaret installation. Please run: `pip install xgboost` to install.
Alternately, you can install this by running `pip install pycaret[models]`
2025-07-10 18:17:36,260:WARNING:
'xgboost' is a soft dependency and not included in the pycaret installation. Please run: `pip install xgboost` to install.
Alternately, you can install this by running `pip install pycaret[models]`
2025-07-10 18:17:36,260:INFO:Engine for model 'lightgbm_cds_dt' has not been set explicitly, hence returning None.
2025-07-10 18:17:36,260:INFO:Engine for model 'catboost_cds_dt' has not been set explicitly, hence returning None.
2025-07-10 18:17:36,260:WARNING:
'catboost' is a soft dependency and not included in the pycaret installation. Please run: `pip install catboost` to install.
Alternately, you can install this by running `pip install pycaret[models]`
2025-07-10 18:17:36,260:WARNING:
'catboost' is a soft dependency and not included in the pycaret installation. Please run: `pip install catboost` to install.
Alternately, you can install this by running `pip install pycaret[models]`
2025-07-10 18:17:36,262:WARNING:
'prophet' is a soft dependency and not included in the pycaret installation. Please run: `pip install prophet` to install.
2025-07-10 18:17:36,263:INFO:Engine for model 'huber_cds_dt' has not been set explicitly, hence returning None.
2025-07-10 18:17:36,266:INFO:Engine for model 'omp_cds_dt' has not been set explicitly, hence returning None.
2025-07-10 18:17:36,267:INFO:Engine for model 'knn_cds_dt' has not been set explicitly, hence returning None.
2025-07-10 18:17:36,267:INFO:Engine for model 'dt_cds_dt' has not been set explicitly, hence returning None.
2025-07-10 18:17:36,268:INFO:Engine for model 'rf_cds_dt' has not been set explicitly, hence returning None.
2025-07-10 18:17:36,268:INFO:Engine for model 'et_cds_dt' has not been set explicitly, hence returning None.
2025-07-10 18:17:36,268:INFO:Engine for model 'gbr_cds_dt' has not been set explicitly, hence returning None.
2025-07-10 18:17:36,268:INFO:Engine for model 'ada_cds_dt' has not been set explicitly, hence returning None.
2025-07-10 18:17:36,269:INFO:Engine for model 'xgboost_cds_dt' has not been set explicitly, hence returning None.
2025-07-10 18:17:36,269:WARNING:
'xgboost' is a soft dependency and not included in the pycaret installation. Please run: `pip install xgboost` to install.
Alternately, you can install this by running `pip install pycaret[models]`
2025-07-10 18:17:36,269:WARNING:
'xgboost' is a soft dependency and not included in the pycaret installation. Please run: `pip install xgboost` to install.
Alternately, you can install this by running `pip install pycaret[models]`
2025-07-10 18:17:36,269:INFO:Engine for model 'lightgbm_cds_dt' has not been set explicitly, hence returning None.
2025-07-10 18:17:36,269:INFO:Engine for model 'catboost_cds_dt' has not been set explicitly, hence returning None.
2025-07-10 18:17:36,269:WARNING:
'catboost' is a soft dependency and not included in the pycaret installation. Please run: `pip install catboost` to install.
Alternately, you can install this by running `pip install pycaret[models]`
2025-07-10 18:17:36,269:WARNING:
'catboost' is a soft dependency and not included in the pycaret installation. Please run: `pip install catboost` to install.
Alternately, you can install this by running `pip install pycaret[models]`
2025-07-10 18:17:36,269:INFO:Engine successfully changes for model 'huber_cds_dt' to 'sklearn'.
2025-07-10 18:17:36,271:WARNING:
'prophet' is a soft dependency and not included in the pycaret installation. Please run: `pip install prophet` to install.
2025-07-10 18:17:36,274:INFO:Engine for model 'omp_cds_dt' has not been set explicitly, hence returning None.
2025-07-10 18:17:36,276:INFO:Engine for model 'knn_cds_dt' has not been set explicitly, hence returning None.
2025-07-10 18:17:36,276:INFO:Engine for model 'dt_cds_dt' has not been set explicitly, hence returning None.
2025-07-10 18:17:36,276:INFO:Engine for model 'rf_cds_dt' has not been set explicitly, hence returning None.
2025-07-10 18:17:36,277:INFO:Engine for model 'et_cds_dt' has not been set explicitly, hence returning None.
2025-07-10 18:17:36,277:INFO:Engine for model 'gbr_cds_dt' has not been set explicitly, hence returning None.
2025-07-10 18:17:36,277:INFO:Engine for model 'ada_cds_dt' has not been set explicitly, hence returning None.
2025-07-10 18:17:36,277:INFO:Engine for model 'xgboost_cds_dt' has not been set explicitly, hence returning None.
2025-07-10 18:17:36,277:WARNING:
'xgboost' is a soft dependency and not included in the pycaret installation. Please run: `pip install xgboost` to install.
Alternately, you can install this by running `pip install pycaret[models]`
2025-07-10 18:17:36,277:WARNING:
'xgboost' is a soft dependency and not included in the pycaret installation. Please run: `pip install xgboost` to install.
Alternately, you can install this by running `pip install pycaret[models]`
2025-07-10 18:17:36,277:INFO:Engine for model 'lightgbm_cds_dt' has not been set explicitly, hence returning None.
2025-07-10 18:17:36,278:INFO:Engine for model 'catboost_cds_dt' has not been set explicitly, hence returning None.
2025-07-10 18:17:36,278:WARNING:
'catboost' is a soft dependency and not included in the pycaret installation. Please run: `pip install catboost` to install.
Alternately, you can install this by running `pip install pycaret[models]`
2025-07-10 18:17:36,278:WARNING:
'catboost' is a soft dependency and not included in the pycaret installation. Please run: `pip install catboost` to install.
Alternately, you can install this by running `pip install pycaret[models]`
2025-07-10 18:17:36,280:WARNING:
'prophet' is a soft dependency and not included in the pycaret installation. Please run: `pip install prophet` to install.
2025-07-10 18:17:36,283:INFO:Engine for model 'omp_cds_dt' has not been set explicitly, hence returning None.
2025-07-10 18:17:36,285:INFO:Engine for model 'knn_cds_dt' has not been set explicitly, hence returning None.
2025-07-10 18:17:36,285:INFO:Engine for model 'dt_cds_dt' has not been set explicitly, hence returning None.
2025-07-10 18:17:36,285:INFO:Engine for model 'rf_cds_dt' has not been set explicitly, hence returning None.
2025-07-10 18:17:36,285:INFO:Engine for model 'et_cds_dt' has not been set explicitly, hence returning None.
2025-07-10 18:17:36,286:INFO:Engine for model 'gbr_cds_dt' has not been set explicitly, hence returning None.
2025-07-10 18:17:36,286:INFO:Engine for model 'ada_cds_dt' has not been set explicitly, hence returning None.
2025-07-10 18:17:36,286:INFO:Engine for model 'xgboost_cds_dt' has not been set explicitly, hence returning None.
2025-07-10 18:17:36,286:WARNING:
'xgboost' is a soft dependency and not included in the pycaret installation. Please run: `pip install xgboost` to install.
Alternately, you can install this by running `pip install pycaret[models]`
2025-07-10 18:17:36,286:WARNING:
'xgboost' is a soft dependency and not included in the pycaret installation. Please run: `pip install xgboost` to install.
Alternately, you can install this by running `pip install pycaret[models]`
2025-07-10 18:17:36,286:INFO:Engine for model 'lightgbm_cds_dt' has not been set explicitly, hence returning None.
2025-07-10 18:17:36,286:INFO:Engine for model 'catboost_cds_dt' has not been set explicitly, hence returning None.
2025-07-10 18:17:36,286:WARNING:
'catboost' is a soft dependency and not included in the pycaret installation. Please run: `pip install catboost` to install.
Alternately, you can install this by running `pip install pycaret[models]`
2025-07-10 18:17:36,286:WARNING:
'catboost' is a soft dependency and not included in the pycaret installation. Please run: `pip install catboost` to install.
Alternately, you can install this by running `pip install pycaret[models]`
2025-07-10 18:17:36,287:INFO:Engine successfully changes for model 'par_cds_dt' to 'sklearn'.
2025-07-10 18:17:36,289:WARNING:
'prophet' is a soft dependency and not included in the pycaret installation. Please run: `pip install prophet` to install.
2025-07-10 18:17:36,292:INFO:Engine for model 'omp_cds_dt' has not been set explicitly, hence returning None.
2025-07-10 18:17:36,293:INFO:Engine for model 'knn_cds_dt' has not been set explicitly, hence returning None.
2025-07-10 18:17:36,294:INFO:Engine for model 'dt_cds_dt' has not been set explicitly, hence returning None.
2025-07-10 18:17:36,294:INFO:Engine for model 'rf_cds_dt' has not been set explicitly, hence returning None.
2025-07-10 18:17:36,294:INFO:Engine for model 'et_cds_dt' has not been set explicitly, hence returning None.
2025-07-10 18:17:36,294:INFO:Engine for model 'gbr_cds_dt' has not been set explicitly, hence returning None.
2025-07-10 18:17:36,295:INFO:Engine for model 'ada_cds_dt' has not been set explicitly, hence returning None.
2025-07-10 18:17:36,295:INFO:Engine for model 'xgboost_cds_dt' has not been set explicitly, hence returning None.
2025-07-10 18:17:36,295:WARNING:
'xgboost' is a soft dependency and not included in the pycaret installation. Please run: `pip install xgboost` to install.
Alternately, you can install this by running `pip install pycaret[models]`
2025-07-10 18:17:36,295:WARNING:
'xgboost' is a soft dependency and not included in the pycaret installation. Please run: `pip install xgboost` to install.
Alternately, you can install this by running `pip install pycaret[models]`
2025-07-10 18:17:36,295:INFO:Engine for model 'lightgbm_cds_dt' has not been set explicitly, hence returning None.
2025-07-10 18:17:36,295:INFO:Engine for model 'catboost_cds_dt' has not been set explicitly, hence returning None.
2025-07-10 18:17:36,295:WARNING:
'catboost' is a soft dependency and not included in the pycaret installation. Please run: `pip install catboost` to install.
Alternately, you can install this by running `pip install pycaret[models]`
2025-07-10 18:17:36,295:WARNING:
'catboost' is a soft dependency and not included in the pycaret installation. Please run: `pip install catboost` to install.
Alternately, you can install this by running `pip install pycaret[models]`
2025-07-10 18:17:36,298:WARNING:
'prophet' is a soft dependency and not included in the pycaret installation. Please run: `pip install prophet` to install.
2025-07-10 18:17:36,301:INFO:Engine for model 'omp_cds_dt' has not been set explicitly, hence returning None.
2025-07-10 18:17:36,302:INFO:Engine for model 'knn_cds_dt' has not been set explicitly, hence returning None.
2025-07-10 18:17:36,302:INFO:Engine for model 'dt_cds_dt' has not been set explicitly, hence returning None.
2025-07-10 18:17:36,303:INFO:Engine for model 'rf_cds_dt' has not been set explicitly, hence returning None.
2025-07-10 18:17:36,303:INFO:Engine for model 'et_cds_dt' has not been set explicitly, hence returning None.
2025-07-10 18:17:36,303:INFO:Engine for model 'gbr_cds_dt' has not been set explicitly, hence returning None.
2025-07-10 18:17:36,303:INFO:Engine for model 'ada_cds_dt' has not been set explicitly, hence returning None.
2025-07-10 18:17:36,303:INFO:Engine for model 'xgboost_cds_dt' has not been set explicitly, hence returning None.
2025-07-10 18:17:36,304:WARNING:
'xgboost' is a soft dependency and not included in the pycaret installation. Please run: `pip install xgboost` to install.
Alternately, you can install this by running `pip install pycaret[models]`
2025-07-10 18:17:36,304:WARNING:
'xgboost' is a soft dependency and not included in the pycaret installation. Please run: `pip install xgboost` to install.
Alternately, you can install this by running `pip install pycaret[models]`
2025-07-10 18:17:36,304:INFO:Engine for model 'lightgbm_cds_dt' has not been set explicitly, hence returning None.
2025-07-10 18:17:36,304:INFO:Engine for model 'catboost_cds_dt' has not been set explicitly, hence returning None.
2025-07-10 18:17:36,304:WARNING:
'catboost' is a soft dependency and not included in the pycaret installation. Please run: `pip install catboost` to install.
Alternately, you can install this by running `pip install pycaret[models]`
2025-07-10 18:17:36,304:WARNING:
'catboost' is a soft dependency and not included in the pycaret installation. Please run: `pip install catboost` to install.
Alternately, you can install this by running `pip install pycaret[models]`
2025-07-10 18:17:36,304:INFO:Engine successfully changes for model 'omp_cds_dt' to 'sklearn'.
2025-07-10 18:17:36,306:WARNING:
'prophet' is a soft dependency and not included in the pycaret installation. Please run: `pip install prophet` to install.
2025-07-10 18:17:36,310:INFO:Engine for model 'knn_cds_dt' has not been set explicitly, hence returning None.
2025-07-10 18:17:36,311:INFO:Engine for model 'dt_cds_dt' has not been set explicitly, hence returning None.
2025-07-10 18:17:36,311:INFO:Engine for model 'rf_cds_dt' has not been set explicitly, hence returning None.
2025-07-10 18:17:36,311:INFO:Engine for model 'et_cds_dt' has not been set explicitly, hence returning None.
2025-07-10 18:17:36,311:INFO:Engine for model 'gbr_cds_dt' has not been set explicitly, hence returning None.
2025-07-10 18:17:36,312:INFO:Engine for model 'ada_cds_dt' has not been set explicitly, hence returning None.
2025-07-10 18:17:36,312:INFO:Engine for model 'xgboost_cds_dt' has not been set explicitly, hence returning None.
2025-07-10 18:17:36,312:WARNING:
'xgboost' is a soft dependency and not included in the pycaret installation. Please run: `pip install xgboost` to install.
Alternately, you can install this by running `pip install pycaret[models]`
2025-07-10 18:17:36,312:WARNING:
'xgboost' is a soft dependency and not included in the pycaret installation. Please run: `pip install xgboost` to install.
Alternately, you can install this by running `pip install pycaret[models]`
2025-07-10 18:17:36,312:INFO:Engine for model 'lightgbm_cds_dt' has not been set explicitly, hence returning None.
2025-07-10 18:17:36,312:INFO:Engine for model 'catboost_cds_dt' has not been set explicitly, hence returning None.
2025-07-10 18:17:36,312:WARNING:
'catboost' is a soft dependency and not included in the pycaret installation. Please run: `pip install catboost` to install.
Alternately, you can install this by running `pip install pycaret[models]`
2025-07-10 18:17:36,312:WARNING:
'catboost' is a soft dependency and not included in the pycaret installation. Please run: `pip install catboost` to install.
Alternately, you can install this by running `pip install pycaret[models]`
2025-07-10 18:17:36,315:WARNING:
'prophet' is a soft dependency and not included in the pycaret installation. Please run: `pip install prophet` to install.
2025-07-10 18:17:36,319:INFO:Engine for model 'knn_cds_dt' has not been set explicitly, hence returning None.
2025-07-10 18:17:36,319:INFO:Engine for model 'dt_cds_dt' has not been set explicitly, hence returning None.
2025-07-10 18:17:36,320:INFO:Engine for model 'rf_cds_dt' has not been set explicitly, hence returning None.
2025-07-10 18:17:36,320:INFO:Engine for model 'et_cds_dt' has not been set explicitly, hence returning None.
2025-07-10 18:17:36,320:INFO:Engine for model 'gbr_cds_dt' has not been set explicitly, hence returning None.
2025-07-10 18:17:36,321:INFO:Engine for model 'ada_cds_dt' has not been set explicitly, hence returning None.
2025-07-10 18:17:36,321:INFO:Engine for model 'xgboost_cds_dt' has not been set explicitly, hence returning None.
2025-07-10 18:17:36,321:WARNING:
'xgboost' is a soft dependency and not included in the pycaret installation. Please run: `pip install xgboost` to install.
Alternately, you can install this by running `pip install pycaret[models]`
2025-07-10 18:17:36,321:WARNING:
'xgboost' is a soft dependency and not included in the pycaret installation. Please run: `pip install xgboost` to install.
Alternately, you can install this by running `pip install pycaret[models]`
2025-07-10 18:17:36,321:INFO:Engine for model 'lightgbm_cds_dt' has not been set explicitly, hence returning None.
2025-07-10 18:17:36,321:INFO:Engine for model 'catboost_cds_dt' has not been set explicitly, hence returning None.
2025-07-10 18:17:36,321:WARNING:
'catboost' is a soft dependency and not included in the pycaret installation. Please run: `pip install catboost` to install.
Alternately, you can install this by running `pip install pycaret[models]`
2025-07-10 18:17:36,321:WARNING:
'catboost' is a soft dependency and not included in the pycaret installation. Please run: `pip install catboost` to install.
Alternately, you can install this by running `pip install pycaret[models]`
2025-07-10 18:17:36,321:INFO:Engine successfully changes for model 'knn_cds_dt' to 'sklearn'.
2025-07-10 18:17:36,324:WARNING:
'prophet' is a soft dependency and not included in the pycaret installation. Please run: `pip install prophet` to install.
2025-07-10 18:17:36,328:INFO:Engine for model 'dt_cds_dt' has not been set explicitly, hence returning None.
2025-07-10 18:17:36,329:INFO:Engine for model 'rf_cds_dt' has not been set explicitly, hence returning None.
2025-07-10 18:17:36,329:INFO:Engine for model 'et_cds_dt' has not been set explicitly, hence returning None.
2025-07-10 18:17:36,329:INFO:Engine for model 'gbr_cds_dt' has not been set explicitly, hence returning None.
2025-07-10 18:17:36,329:INFO:Engine for model 'ada_cds_dt' has not been set explicitly, hence returning None.
2025-07-10 18:17:36,330:INFO:Engine for model 'xgboost_cds_dt' has not been set explicitly, hence returning None.
2025-07-10 18:17:36,330:WARNING:
'xgboost' is a soft dependency and not included in the pycaret installation. Please run: `pip install xgboost` to install.
Alternately, you can install this by running `pip install pycaret[models]`
2025-07-10 18:17:36,330:WARNING:
'xgboost' is a soft dependency and not included in the pycaret installation. Please run: `pip install xgboost` to install.
Alternately, you can install this by running `pip install pycaret[models]`
2025-07-10 18:17:36,330:INFO:Engine for model 'lightgbm_cds_dt' has not been set explicitly, hence returning None.
2025-07-10 18:17:36,330:INFO:Engine for model 'catboost_cds_dt' has not been set explicitly, hence returning None.
2025-07-10 18:17:36,330:WARNING:
'catboost' is a soft dependency and not included in the pycaret installation. Please run: `pip install catboost` to install.
Alternately, you can install this by running `pip install pycaret[models]`
2025-07-10 18:17:36,330:WARNING:
'catboost' is a soft dependency and not included in the pycaret installation. Please run: `pip install catboost` to install.
Alternately, you can install this by running `pip install pycaret[models]`
2025-07-10 18:17:36,332:WARNING:
'prophet' is a soft dependency and not included in the pycaret installation. Please run: `pip install prophet` to install.
2025-07-10 18:17:36,337:INFO:Engine for model 'dt_cds_dt' has not been set explicitly, hence returning None.
2025-07-10 18:17:36,337:INFO:Engine for model 'rf_cds_dt' has not been set explicitly, hence returning None.
2025-07-10 18:17:36,338:INFO:Engine for model 'et_cds_dt' has not been set explicitly, hence returning None.
2025-07-10 18:17:36,338:INFO:Engine for model 'gbr_cds_dt' has not been set explicitly, hence returning None.
2025-07-10 18:17:36,338:INFO:Engine for model 'ada_cds_dt' has not been set explicitly, hence returning None.
2025-07-10 18:17:36,338:INFO:Engine for model 'xgboost_cds_dt' has not been set explicitly, hence returning None.
2025-07-10 18:17:36,338:WARNING:
'xgboost' is a soft dependency and not included in the pycaret installation. Please run: `pip install xgboost` to install.
Alternately, you can install this by running `pip install pycaret[models]`
2025-07-10 18:17:36,338:WARNING:
'xgboost' is a soft dependency and not included in the pycaret installation. Please run: `pip install xgboost` to install.
Alternately, you can install this by running `pip install pycaret[models]`
2025-07-10 18:17:36,338:INFO:Engine for model 'lightgbm_cds_dt' has not been set explicitly, hence returning None.
2025-07-10 18:17:36,339:INFO:Engine for model 'catboost_cds_dt' has not been set explicitly, hence returning None.
2025-07-10 18:17:36,339:WARNING:
'catboost' is a soft dependency and not included in the pycaret installation. Please run: `pip install catboost` to install.
Alternately, you can install this by running `pip install pycaret[models]`
2025-07-10 18:17:36,339:WARNING:
'catboost' is a soft dependency and not included in the pycaret installation. Please run: `pip install catboost` to install.
Alternately, you can install this by running `pip install pycaret[models]`
2025-07-10 18:17:36,339:INFO:Engine successfully changes for model 'dt_cds_dt' to 'sklearn'.
2025-07-10 18:17:36,341:WARNING:
'prophet' is a soft dependency and not included in the pycaret installation. Please run: `pip install prophet` to install.
2025-07-10 18:17:36,346:INFO:Engine for model 'rf_cds_dt' has not been set explicitly, hence returning None.
2025-07-10 18:17:36,346:INFO:Engine for model 'et_cds_dt' has not been set explicitly, hence returning None.
2025-07-10 18:17:36,346:INFO:Engine for model 'gbr_cds_dt' has not been set explicitly, hence returning None.
2025-07-10 18:17:36,346:INFO:Engine for model 'ada_cds_dt' has not been set explicitly, hence returning None.
2025-07-10 18:17:36,347:INFO:Engine for model 'xgboost_cds_dt' has not been set explicitly, hence returning None.
2025-07-10 18:17:36,347:WARNING:
'xgboost' is a soft dependency and not included in the pycaret installation. Please run: `pip install xgboost` to install.
Alternately, you can install this by running `pip install pycaret[models]`
2025-07-10 18:17:36,347:WARNING:
'xgboost' is a soft dependency and not included in the pycaret installation. Please run: `pip install xgboost` to install.
Alternately, you can install this by running `pip install pycaret[models]`
2025-07-10 18:17:36,347:INFO:Engine for model 'lightgbm_cds_dt' has not been set explicitly, hence returning None.
2025-07-10 18:17:36,347:INFO:Engine for model 'catboost_cds_dt' has not been set explicitly, hence returning None.
2025-07-10 18:17:36,347:WARNING:
'catboost' is a soft dependency and not included in the pycaret installation. Please run: `pip install catboost` to install.
Alternately, you can install this by running `pip install pycaret[models]`
2025-07-10 18:17:36,347:WARNING:
'catboost' is a soft dependency and not included in the pycaret installation. Please run: `pip install catboost` to install.
Alternately, you can install this by running `pip install pycaret[models]`
2025-07-10 18:17:36,349:WARNING:
'prophet' is a soft dependency and not included in the pycaret installation. Please run: `pip install prophet` to install.
2025-07-10 18:17:36,354:INFO:Engine for model 'rf_cds_dt' has not been set explicitly, hence returning None.
2025-07-10 18:17:36,354:INFO:Engine for model 'et_cds_dt' has not been set explicitly, hence returning None.
2025-07-10 18:17:36,355:INFO:Engine for model 'gbr_cds_dt' has not been set explicitly, hence returning None.
2025-07-10 18:17:36,355:INFO:Engine for model 'ada_cds_dt' has not been set explicitly, hence returning None.
2025-07-10 18:17:36,355:INFO:Engine for model 'xgboost_cds_dt' has not been set explicitly, hence returning None.
2025-07-10 18:17:36,355:WARNING:
'xgboost' is a soft dependency and not included in the pycaret installation. Please run: `pip install xgboost` to install.
Alternately, you can install this by running `pip install pycaret[models]`
2025-07-10 18:17:36,355:WARNING:
'xgboost' is a soft dependency and not included in the pycaret installation. Please run: `pip install xgboost` to install.
Alternately, you can install this by running `pip install pycaret[models]`
2025-07-10 18:17:36,355:INFO:Engine for model 'lightgbm_cds_dt' has not been set explicitly, hence returning None.
2025-07-10 18:17:36,356:INFO:Engine for model 'catboost_cds_dt' has not been set explicitly, hence returning None.
2025-07-10 18:17:36,356:WARNING:
'catboost' is a soft dependency and not included in the pycaret installation. Please run: `pip install catboost` to install.
Alternately, you can install this by running `pip install pycaret[models]`
2025-07-10 18:17:36,356:WARNING:
'catboost' is a soft dependency and not included in the pycaret installation. Please run: `pip install catboost` to install.
Alternately, you can install this by running `pip install pycaret[models]`
2025-07-10 18:17:36,356:INFO:Engine successfully changes for model 'rf_cds_dt' to 'sklearn'.
2025-07-10 18:17:36,358:WARNING:
'prophet' is a soft dependency and not included in the pycaret installation. Please run: `pip install prophet` to install.
2025-07-10 18:17:36,363:INFO:Engine for model 'et_cds_dt' has not been set explicitly, hence returning None.
2025-07-10 18:17:36,363:INFO:Engine for model 'gbr_cds_dt' has not been set explicitly, hence returning None.
2025-07-10 18:17:36,363:INFO:Engine for model 'ada_cds_dt' has not been set explicitly, hence returning None.
2025-07-10 18:17:36,364:INFO:Engine for model 'xgboost_cds_dt' has not been set explicitly, hence returning None.
2025-07-10 18:17:36,364:WARNING:
'xgboost' is a soft dependency and not included in the pycaret installation. Please run: `pip install xgboost` to install.
Alternately, you can install this by running `pip install pycaret[models]`
2025-07-10 18:17:36,364:WARNING:
'xgboost' is a soft dependency and not included in the pycaret installation. Please run: `pip install xgboost` to install.
Alternately, you can install this by running `pip install pycaret[models]`
2025-07-10 18:17:36,364:INFO:Engine for model 'lightgbm_cds_dt' has not been set explicitly, hence returning None.
2025-07-10 18:17:36,364:INFO:Engine for model 'catboost_cds_dt' has not been set explicitly, hence returning None.
2025-07-10 18:17:36,364:WARNING:
'catboost' is a soft dependency and not included in the pycaret installation. Please run: `pip install catboost` to install.
Alternately, you can install this by running `pip install pycaret[models]`
2025-07-10 18:17:36,364:WARNING:
'catboost' is a soft dependency and not included in the pycaret installation. Please run: `pip install catboost` to install.
Alternately, you can install this by running `pip install pycaret[models]`
2025-07-10 18:17:36,366:WARNING:
'prophet' is a soft dependency and not included in the pycaret installation. Please run: `pip install prophet` to install.
2025-07-10 18:17:36,371:INFO:Engine for model 'et_cds_dt' has not been set explicitly, hence returning None.
2025-07-10 18:17:36,372:INFO:Engine for model 'gbr_cds_dt' has not been set explicitly, hence returning None.
2025-07-10 18:17:36,372:INFO:Engine for model 'ada_cds_dt' has not been set explicitly, hence returning None.
2025-07-10 18:17:36,372:INFO:Engine for model 'xgboost_cds_dt' has not been set explicitly, hence returning None.
2025-07-10 18:17:36,372:WARNING:
'xgboost' is a soft dependency and not included in the pycaret installation. Please run: `pip install xgboost` to install.
Alternately, you can install this by running `pip install pycaret[models]`
2025-07-10 18:17:36,372:WARNING:
'xgboost' is a soft dependency and not included in the pycaret installation. Please run: `pip install xgboost` to install.
Alternately, you can install this by running `pip install pycaret[models]`
2025-07-10 18:17:36,372:INFO:Engine for model 'lightgbm_cds_dt' has not been set explicitly, hence returning None.
2025-07-10 18:17:36,372:INFO:Engine for model 'catboost_cds_dt' has not been set explicitly, hence returning None.
2025-07-10 18:17:36,372:WARNING:
'catboost' is a soft dependency and not included in the pycaret installation. Please run: `pip install catboost` to install.
Alternately, you can install this by running `pip install pycaret[models]`
2025-07-10 18:17:36,373:WARNING:
'catboost' is a soft dependency and not included in the pycaret installation. Please run: `pip install catboost` to install.
Alternately, you can install this by running `pip install pycaret[models]`
2025-07-10 18:17:36,373:INFO:Engine successfully changes for model 'et_cds_dt' to 'sklearn'.
2025-07-10 18:17:36,375:WARNING:
'prophet' is a soft dependency and not included in the pycaret installation. Please run: `pip install prophet` to install.
2025-07-10 18:17:36,380:INFO:Engine for model 'gbr_cds_dt' has not been set explicitly, hence returning None.
2025-07-10 18:17:36,381:INFO:Engine for model 'ada_cds_dt' has not been set explicitly, hence returning None.
2025-07-10 18:17:36,381:INFO:Engine for model 'xgboost_cds_dt' has not been set explicitly, hence returning None.
2025-07-10 18:17:36,381:WARNING:
'xgboost' is a soft dependency and not included in the pycaret installation. Please run: `pip install xgboost` to install.
Alternately, you can install this by running `pip install pycaret[models]`
2025-07-10 18:17:36,381:WARNING:
'xgboost' is a soft dependency and not included in the pycaret installation. Please run: `pip install xgboost` to install.
Alternately, you can install this by running `pip install pycaret[models]`
2025-07-10 18:17:36,381:INFO:Engine for model 'lightgbm_cds_dt' has not been set explicitly, hence returning None.
2025-07-10 18:17:36,381:INFO:Engine for model 'catboost_cds_dt' has not been set explicitly, hence returning None.
2025-07-10 18:17:36,381:WARNING:
'catboost' is a soft dependency and not included in the pycaret installation. Please run: `pip install catboost` to install.
Alternately, you can install this by running `pip install pycaret[models]`
2025-07-10 18:17:36,381:WARNING:
'catboost' is a soft dependency and not included in the pycaret installation. Please run: `pip install catboost` to install.
Alternately, you can install this by running `pip install pycaret[models]`
2025-07-10 18:17:36,383:WARNING:
'prophet' is a soft dependency and not included in the pycaret installation. Please run: `pip install prophet` to install.
2025-07-10 18:17:36,389:INFO:Engine for model 'gbr_cds_dt' has not been set explicitly, hence returning None.
2025-07-10 18:17:36,389:INFO:Engine for model 'ada_cds_dt' has not been set explicitly, hence returning None.
2025-07-10 18:17:36,389:INFO:Engine for model 'xgboost_cds_dt' has not been set explicitly, hence returning None.
2025-07-10 18:17:36,389:WARNING:
'xgboost' is a soft dependency and not included in the pycaret installation. Please run: `pip install xgboost` to install.
Alternately, you can install this by running `pip install pycaret[models]`
2025-07-10 18:17:36,389:WARNING:
'xgboost' is a soft dependency and not included in the pycaret installation. Please run: `pip install xgboost` to install.
Alternately, you can install this by running `pip install pycaret[models]`
2025-07-10 18:17:36,389:INFO:Engine for model 'lightgbm_cds_dt' has not been set explicitly, hence returning None.
2025-07-10 18:17:36,390:INFO:Engine for model 'catboost_cds_dt' has not been set explicitly, hence returning None.
2025-07-10 18:17:36,390:WARNING:
'catboost' is a soft dependency and not included in the pycaret installation. Please run: `pip install catboost` to install.
Alternately, you can install this by running `pip install pycaret[models]`
2025-07-10 18:17:36,390:WARNING:
'catboost' is a soft dependency and not included in the pycaret installation. Please run: `pip install catboost` to install.
Alternately, you can install this by running `pip install pycaret[models]`
2025-07-10 18:17:36,390:INFO:Engine successfully changes for model 'gbr_cds_dt' to 'sklearn'.
2025-07-10 18:17:36,392:WARNING:
'prophet' is a soft dependency and not included in the pycaret installation. Please run: `pip install prophet` to install.
2025-07-10 18:17:36,398:INFO:Engine for model 'ada_cds_dt' has not been set explicitly, hence returning None.
2025-07-10 18:17:36,398:INFO:Engine for model 'xgboost_cds_dt' has not been set explicitly, hence returning None.
2025-07-10 18:17:36,398:WARNING:
'xgboost' is a soft dependency and not included in the pycaret installation. Please run: `pip install xgboost` to install.
Alternately, you can install this by running `pip install pycaret[models]`
2025-07-10 18:17:36,398:WARNING:
'xgboost' is a soft dependency and not included in the pycaret installation. Please run: `pip install xgboost` to install.
Alternately, you can install this by running `pip install pycaret[models]`
2025-07-10 18:17:36,398:INFO:Engine for model 'lightgbm_cds_dt' has not been set explicitly, hence returning None.
2025-07-10 18:17:36,398:INFO:Engine for model 'catboost_cds_dt' has not been set explicitly, hence returning None.
2025-07-10 18:17:36,399:WARNING:
'catboost' is a soft dependency and not included in the pycaret installation. Please run: `pip install catboost` to install.
Alternately, you can install this by running `pip install pycaret[models]`
2025-07-10 18:17:36,399:WARNING:
'catboost' is a soft dependency and not included in the pycaret installation. Please run: `pip install catboost` to install.
Alternately, you can install this by running `pip install pycaret[models]`
2025-07-10 18:17:36,401:WARNING:
'prophet' is a soft dependency and not included in the pycaret installation. Please run: `pip install prophet` to install.
2025-07-10 18:17:36,407:INFO:Engine for model 'ada_cds_dt' has not been set explicitly, hence returning None.
2025-07-10 18:17:36,407:INFO:Engine for model 'xgboost_cds_dt' has not been set explicitly, hence returning None.
2025-07-10 18:17:36,407:WARNING:
'xgboost' is a soft dependency and not included in the pycaret installation. Please run: `pip install xgboost` to install.
Alternately, you can install this by running `pip install pycaret[models]`
2025-07-10 18:17:36,407:WARNING:
'xgboost' is a soft dependency and not included in the pycaret installation. Please run: `pip install xgboost` to install.
Alternately, you can install this by running `pip install pycaret[models]`
2025-07-10 18:17:36,407:INFO:Engine for model 'lightgbm_cds_dt' has not been set explicitly, hence returning None.
2025-07-10 18:17:36,407:INFO:Engine for model 'catboost_cds_dt' has not been set explicitly, hence returning None.
2025-07-10 18:17:36,407:WARNING:
'catboost' is a soft dependency and not included in the pycaret installation. Please run: `pip install catboost` to install.
Alternately, you can install this by running `pip install pycaret[models]`
2025-07-10 18:17:36,407:WARNING:
'catboost' is a soft dependency and not included in the pycaret installation. Please run: `pip install catboost` to install.
Alternately, you can install this by running `pip install pycaret[models]`
2025-07-10 18:17:36,408:INFO:Engine successfully changes for model 'ada_cds_dt' to 'sklearn'.
2025-07-10 18:17:36,410:WARNING:
'prophet' is a soft dependency and not included in the pycaret installation. Please run: `pip install prophet` to install.
2025-07-10 18:17:36,415:INFO:Engine for model 'xgboost_cds_dt' has not been set explicitly, hence returning None.
2025-07-10 18:17:36,415:WARNING:
'xgboost' is a soft dependency and not included in the pycaret installation. Please run: `pip install xgboost` to install.
Alternately, you can install this by running `pip install pycaret[models]`
2025-07-10 18:17:36,415:WARNING:
'xgboost' is a soft dependency and not included in the pycaret installation. Please run: `pip install xgboost` to install.
Alternately, you can install this by running `pip install pycaret[models]`
2025-07-10 18:17:36,415:INFO:Engine for model 'lightgbm_cds_dt' has not been set explicitly, hence returning None.
2025-07-10 18:17:36,416:INFO:Engine for model 'catboost_cds_dt' has not been set explicitly, hence returning None.
2025-07-10 18:17:36,416:WARNING:
'catboost' is a soft dependency and not included in the pycaret installation. Please run: `pip install catboost` to install.
Alternately, you can install this by running `pip install pycaret[models]`
2025-07-10 18:17:36,416:WARNING:
'catboost' is a soft dependency and not included in the pycaret installation. Please run: `pip install catboost` to install.
Alternately, you can install this by running `pip install pycaret[models]`
2025-07-10 18:17:36,418:WARNING:
'prophet' is a soft dependency and not included in the pycaret installation. Please run: `pip install prophet` to install.
2025-07-10 18:17:36,424:INFO:Engine for model 'xgboost_cds_dt' has not been set explicitly, hence returning None.
2025-07-10 18:17:36,424:WARNING:
'xgboost' is a soft dependency and not included in the pycaret installation. Please run: `pip install xgboost` to install.
Alternately, you can install this by running `pip install pycaret[models]`
2025-07-10 18:17:36,424:WARNING:
'xgboost' is a soft dependency and not included in the pycaret installation. Please run: `pip install xgboost` to install.
Alternately, you can install this by running `pip install pycaret[models]`
2025-07-10 18:17:36,424:INFO:Engine for model 'lightgbm_cds_dt' has not been set explicitly, hence returning None.
2025-07-10 18:17:36,425:INFO:Engine for model 'catboost_cds_dt' has not been set explicitly, hence returning None.
2025-07-10 18:17:36,425:WARNING:
'catboost' is a soft dependency and not included in the pycaret installation. Please run: `pip install catboost` to install.
Alternately, you can install this by running `pip install pycaret[models]`
2025-07-10 18:17:36,425:WARNING:
'catboost' is a soft dependency and not included in the pycaret installation. Please run: `pip install catboost` to install.
Alternately, you can install this by running `pip install pycaret[models]`
2025-07-10 18:17:36,425:INFO:Engine successfully changes for model 'xgboost_cds_dt' to 'sklearn'.
2025-07-10 18:17:36,427:WARNING:
'prophet' is a soft dependency and not included in the pycaret installation. Please run: `pip install prophet` to install.
2025-07-10 18:17:36,433:WARNING:
'xgboost' is a soft dependency and not included in the pycaret installation. Please run: `pip install xgboost` to install.
Alternately, you can install this by running `pip install pycaret[models]`
2025-07-10 18:17:36,434:WARNING:
'xgboost' is a soft dependency and not included in the pycaret installation. Please run: `pip install xgboost` to install.
Alternately, you can install this by running `pip install pycaret[models]`
2025-07-10 18:17:36,434:INFO:Engine for model 'lightgbm_cds_dt' has not been set explicitly, hence returning None.
2025-07-10 18:17:36,434:INFO:Engine for model 'catboost_cds_dt' has not been set explicitly, hence returning None.
2025-07-10 18:17:36,434:WARNING:
'catboost' is a soft dependency and not included in the pycaret installation. Please run: `pip install catboost` to install.
Alternately, you can install this by running `pip install pycaret[models]`
2025-07-10 18:17:36,434:WARNING:
'catboost' is a soft dependency and not included in the pycaret installation. Please run: `pip install catboost` to install.
Alternately, you can install this by running `pip install pycaret[models]`
2025-07-10 18:17:36,437:WARNING:
'prophet' is a soft dependency and not included in the pycaret installation. Please run: `pip install prophet` to install.
2025-07-10 18:17:36,443:WARNING:
'xgboost' is a soft dependency and not included in the pycaret installation. Please run: `pip install xgboost` to install.
Alternately, you can install this by running `pip install pycaret[models]`
2025-07-10 18:17:36,443:WARNING:
'xgboost' is a soft dependency and not included in the pycaret installation. Please run: `pip install xgboost` to install.
Alternately, you can install this by running `pip install pycaret[models]`
2025-07-10 18:17:36,443:INFO:Engine for model 'lightgbm_cds_dt' has not been set explicitly, hence returning None.
2025-07-10 18:17:36,443:INFO:Engine for model 'catboost_cds_dt' has not been set explicitly, hence returning None.
2025-07-10 18:17:36,443:WARNING:
'catboost' is a soft dependency and not included in the pycaret installation. Please run: `pip install catboost` to install.
Alternately, you can install this by running `pip install pycaret[models]`
2025-07-10 18:17:36,443:WARNING:
'catboost' is a soft dependency and not included in the pycaret installation. Please run: `pip install catboost` to install.
Alternately, you can install this by running `pip install pycaret[models]`
2025-07-10 18:17:36,443:INFO:Engine successfully changes for model 'lightgbm_cds_dt' to 'sklearn'.
2025-07-10 18:17:36,445:WARNING:
'prophet' is a soft dependency and not included in the pycaret installation. Please run: `pip install prophet` to install.
2025-07-10 18:17:36,452:WARNING:
'xgboost' is a soft dependency and not included in the pycaret installation. Please run: `pip install xgboost` to install.
Alternately, you can install this by running `pip install pycaret[models]`
2025-07-10 18:17:36,452:WARNING:
'xgboost' is a soft dependency and not included in the pycaret installation. Please run: `pip install xgboost` to install.
Alternately, you can install this by running `pip install pycaret[models]`
2025-07-10 18:17:36,452:INFO:Engine for model 'catboost_cds_dt' has not been set explicitly, hence returning None.
2025-07-10 18:17:36,452:WARNING:
'catboost' is a soft dependency and not included in the pycaret installation. Please run: `pip install catboost` to install.
Alternately, you can install this by running `pip install pycaret[models]`
2025-07-10 18:17:36,452:WARNING:
'catboost' is a soft dependency and not included in the pycaret installation. Please run: `pip install catboost` to install.
Alternately, you can install this by running `pip install pycaret[models]`
2025-07-10 18:17:36,455:WARNING:
'prophet' is a soft dependency and not included in the pycaret installation. Please run: `pip install prophet` to install.
2025-07-10 18:17:36,461:WARNING:
'xgboost' is a soft dependency and not included in the pycaret installation. Please run: `pip install xgboost` to install.
Alternately, you can install this by running `pip install pycaret[models]`
2025-07-10 18:17:36,462:WARNING:
'xgboost' is a soft dependency and not included in the pycaret installation. Please run: `pip install xgboost` to install.
Alternately, you can install this by running `pip install pycaret[models]`
2025-07-10 18:17:36,462:INFO:Engine for model 'catboost_cds_dt' has not been set explicitly, hence returning None.
2025-07-10 18:17:36,462:WARNING:
'catboost' is a soft dependency and not included in the pycaret installation. Please run: `pip install catboost` to install.
Alternately, you can install this by running `pip install pycaret[models]`
2025-07-10 18:17:36,462:WARNING:
'catboost' is a soft dependency and not included in the pycaret installation. Please run: `pip install catboost` to install.
Alternately, you can install this by running `pip install pycaret[models]`
2025-07-10 18:17:36,462:INFO:Engine successfully changes for model 'catboost_cds_dt' to 'sklearn'.
2025-07-10 18:17:36,464:WARNING:
'prophet' is a soft dependency and not included in the pycaret installation. Please run: `pip install prophet` to install.
2025-07-10 18:17:36,471:WARNING:
'xgboost' is a soft dependency and not included in the pycaret installation. Please run: `pip install xgboost` to install.
Alternately, you can install this by running `pip install pycaret[models]`
2025-07-10 18:17:36,471:WARNING:
'xgboost' is a soft dependency and not included in the pycaret installation. Please run: `pip install xgboost` to install.
Alternately, you can install this by running `pip install pycaret[models]`
2025-07-10 18:17:36,472:WARNING:
'catboost' is a soft dependency and not included in the pycaret installation. Please run: `pip install catboost` to install.
Alternately, you can install this by running `pip install pycaret[models]`
2025-07-10 18:17:36,472:WARNING:
'catboost' is a soft dependency and not included in the pycaret installation. Please run: `pip install catboost` to install.
Alternately, you can install this by running `pip install pycaret[models]`
2025-07-10 18:17:36,474:WARNING:
'prophet' is a soft dependency and not included in the pycaret installation. Please run: `pip install prophet` to install.
2025-07-10 18:17:36,480:WARNING:
'xgboost' is a soft dependency and not included in the pycaret installation. Please run: `pip install xgboost` to install.
Alternately, you can install this by running `pip install pycaret[models]`
2025-07-10 18:17:36,480:WARNING:
'xgboost' is a soft dependency and not included in the pycaret installation. Please run: `pip install xgboost` to install.
Alternately, you can install this by running `pip install pycaret[models]`
2025-07-10 18:17:36,481:WARNING:
'catboost' is a soft dependency and not included in the pycaret installation. Please run: `pip install catboost` to install.
Alternately, you can install this by running `pip install pycaret[models]`
2025-07-10 18:17:36,481:WARNING:
'catboost' is a soft dependency and not included in the pycaret installation. Please run: `pip install catboost` to install.
Alternately, you can install this by running `pip install pycaret[models]`
2025-07-10 18:17:36,483:WARNING:
'prophet' is a soft dependency and not included in the pycaret installation. Please run: `pip install prophet` to install.
2025-07-10 18:17:36,490:WARNING:
'xgboost' is a soft dependency and not included in the pycaret installation. Please run: `pip install xgboost` to install.
Alternately, you can install this by running `pip install pycaret[models]`
2025-07-10 18:17:36,490:WARNING:
'xgboost' is a soft dependency and not included in the pycaret installation. Please run: `pip install xgboost` to install.
Alternately, you can install this by running `pip install pycaret[models]`
2025-07-10 18:17:36,490:WARNING:
'catboost' is a soft dependency and not included in the pycaret installation. Please run: `pip install catboost` to install.
Alternately, you can install this by running `pip install pycaret[models]`
2025-07-10 18:17:36,490:WARNING:
'catboost' is a soft dependency and not included in the pycaret installation. Please run: `pip install catboost` to install.
Alternately, you can install this by running `pip install pycaret[models]`
2025-07-10 18:17:36,492:WARNING:
'prophet' is a soft dependency and not included in the pycaret installation. Please run: `pip install prophet` to install.
2025-07-10 18:17:36,498:WARNING:
'xgboost' is a soft dependency and not included in the pycaret installation. Please run: `pip install xgboost` to install.
Alternately, you can install this by running `pip install pycaret[models]`
2025-07-10 18:17:36,498:WARNING:
'xgboost' is a soft dependency and not included in the pycaret installation. Please run: `pip install xgboost` to install.
Alternately, you can install this by running `pip install pycaret[models]`
2025-07-10 18:17:36,498:WARNING:
'catboost' is a soft dependency and not included in the pycaret installation. Please run: `pip install catboost` to install.
Alternately, you can install this by running `pip install pycaret[models]`
2025-07-10 18:17:36,498:WARNING:
'catboost' is a soft dependency and not included in the pycaret installation. Please run: `pip install catboost` to install.
Alternately, you can install this by running `pip install pycaret[models]`
2025-07-10 18:17:36,499:INFO:setup() successfully completed in 0.55s...............
2025-07-10 18:17:36,499:INFO:Initializing compare_models()
2025-07-10 18:17:36,499:INFO:compare_models(self=<pycaret.time_series.forecasting.oop.TSForecastingExperiment object at 0x7fc3c134a1a0>, include=None, fold=None, round=4, cross_validation=True, sort=RMSE, n_select=5, budget_time=None, turbo=True, errors=ignore, fit_kwargs=None, groups=None, experiment_custom_tags=None, probability_threshold=None, verbose=True, parallel=None, caller_params={'self': <pycaret.time_series.forecasting.oop.TSForecastingExperiment object at 0x7fc3c134a1a0>, 'include': None, 'exclude': None, 'fold': None, 'round': 4, 'cross_validation': True, 'sort': 'RMSE', 'n_select': 5, 'budget_time': None, 'turbo': True, 'errors': 'ignore', 'fit_kwargs': None, 'experiment_custom_tags': None, 'engine': None, 'verbose': True, 'parallel': None, '__class__': <class 'pycaret.time_series.forecasting.oop.TSForecastingExperiment'>}, exclude=None)
2025-07-10 18:17:36,499:INFO:Checking exceptions
2025-07-10 18:17:36,500:INFO:Preparing display monitor
2025-07-10 18:17:36,515:WARNING:/home/leon/.conda/envs/bd_inv_predict/lib/python3.10/site-packages/pycaret/internal/pycaret_experiment/supervised_experiment.py:713: UserWarning: Unsupported estimator `ensemble_forecaster` for method `compare_models()`, removing from model_library
  warnings.warn(

2025-07-10 18:17:36,515:INFO:Initializing ARIMA
2025-07-10 18:17:36,515:INFO:Total runtime is 1.7523765563964843e-06 minutes
2025-07-10 18:17:36,518:INFO:SubProcess create_model() called ==================================
2025-07-10 18:17:36,518:INFO:Initializing create_model()
2025-07-10 18:17:36,518:INFO:create_model(self=<pycaret.time_series.forecasting.oop.TSForecastingExperiment object at 0x7fc3c134a1a0>, estimator=arima, fold=None, round=4, cross_validation=True, predict=True, fit_kwargs={}, groups=None, refit=False, probability_threshold=None, experiment_custom_tags=None, verbose=False, system=False, add_to_model_list=True, metrics=None, display=<pycaret.internal.display.display.CommonDisplay object at 0x7fc3c13866e0>, model_only=True, return_train_score=False, error_score=0.0, kwargs={})
2025-07-10 18:17:36,518:INFO:Checking exceptions
2025-07-10 18:17:36,518:INFO:Importing libraries
2025-07-10 18:17:36,518:INFO:Copying training dataset
2025-07-10 18:17:36,520:INFO:Defining folds
2025-07-10 18:17:36,520:INFO:Declaring metric variables
2025-07-10 18:17:36,523:INFO:Importing untrained model
2025-07-10 18:17:36,527:INFO:ARIMA Imported successfully
2025-07-10 18:17:36,535:INFO:Starting cross validation
2025-07-10 18:17:36,537:INFO:Cross validating with SlidingWindowSplitter(fh=ForecastingHorizon([1, 2, 3, 4, 5, 6, 7, 8, 9, 10, 11, 12, 13, 14], dtype='int64', is_relative=True),
                      step_length=14, window_length=1488), n_jobs=-1
2025-07-10 18:17:39,818:WARNING:/home/leon/.conda/envs/bd_inv_predict/lib/python3.10/site-packages/sklearn/metrics/_regression.py:483: FutureWarning: 'squared' is deprecated in version 1.4 and will be removed in 1.6. To calculate the root mean squared error, use the function'root_mean_squared_error'.
  warnings.warn(

2025-07-10 18:17:39,818:WARNING:/home/leon/.conda/envs/bd_inv_predict/lib/python3.10/site-packages/sklearn/metrics/_regression.py:483: FutureWarning: 'squared' is deprecated in version 1.4 and will be removed in 1.6. To calculate the root mean squared error, use the function'root_mean_squared_error'.
  warnings.warn(

2025-07-10 18:17:40,139:WARNING:/home/leon/.conda/envs/bd_inv_predict/lib/python3.10/site-packages/statsmodels/base/model.py:607: ConvergenceWarning: Maximum Likelihood optimization failed to converge. Check mle_retvals
  warnings.warn("Maximum Likelihood optimization failed to "

2025-07-10 18:17:40,305:WARNING:/home/leon/.conda/envs/bd_inv_predict/lib/python3.10/site-packages/sklearn/metrics/_regression.py:483: FutureWarning: 'squared' is deprecated in version 1.4 and will be removed in 1.6. To calculate the root mean squared error, use the function'root_mean_squared_error'.
  warnings.warn(

2025-07-10 18:17:40,306:WARNING:/home/leon/.conda/envs/bd_inv_predict/lib/python3.10/site-packages/sklearn/metrics/_regression.py:483: FutureWarning: 'squared' is deprecated in version 1.4 and will be removed in 1.6. To calculate the root mean squared error, use the function'root_mean_squared_error'.
  warnings.warn(

2025-07-10 18:17:40,314:INFO:Calculating mean and std
2025-07-10 18:17:40,316:INFO:Creating metrics dataframe
2025-07-10 18:17:40,318:WARNING:/home/leon/.conda/envs/bd_inv_predict/lib/python3.10/site-packages/pycaret/time_series/forecasting/oop.py:2694: FutureWarning: The behavior of DataFrame concatenation with empty or all-NA entries is deprecated. In a future version, this will no longer exclude empty or all-NA columns when determining the result dtypes. To retain the old behavior, exclude the relevant entries before the concat operation.
  model_results = pd.concat((model_results, model_avgs), axis=0)

2025-07-10 18:17:40,320:INFO:Uploading results into container
2025-07-10 18:17:40,320:INFO:Uploading model into container now
2025-07-10 18:17:40,320:INFO:_master_model_container: 1
2025-07-10 18:17:40,321:INFO:_display_container: 2
2025-07-10 18:17:40,321:INFO:ARIMA(seasonal_order=(0, 1, 0, 14))
2025-07-10 18:17:40,321:INFO:create_model() successfully completed......................................
2025-07-10 18:17:40,428:INFO:SubProcess create_model() end ==================================
2025-07-10 18:17:40,428:INFO:Creating metrics dataframe
2025-07-10 18:17:40,433:INFO:Initializing Auto ARIMA
2025-07-10 18:17:40,433:INFO:Total runtime is 0.06530162890752156 minutes
2025-07-10 18:17:40,436:INFO:SubProcess create_model() called ==================================
2025-07-10 18:17:40,436:INFO:Initializing create_model()
2025-07-10 18:17:40,436:INFO:create_model(self=<pycaret.time_series.forecasting.oop.TSForecastingExperiment object at 0x7fc3c134a1a0>, estimator=auto_arima, fold=None, round=4, cross_validation=True, predict=True, fit_kwargs={}, groups=None, refit=False, probability_threshold=None, experiment_custom_tags=None, verbose=False, system=False, add_to_model_list=True, metrics=None, display=<pycaret.internal.display.display.CommonDisplay object at 0x7fc3c13866e0>, model_only=True, return_train_score=False, error_score=0.0, kwargs={})
2025-07-10 18:17:40,436:INFO:Checking exceptions
2025-07-10 18:17:40,436:INFO:Importing libraries
2025-07-10 18:17:40,436:INFO:Copying training dataset
2025-07-10 18:17:40,438:INFO:Defining folds
2025-07-10 18:17:40,438:INFO:Declaring metric variables
2025-07-10 18:17:40,440:INFO:Importing untrained model
2025-07-10 18:17:40,444:INFO:Auto ARIMA Imported successfully
2025-07-10 18:17:40,450:INFO:Starting cross validation
2025-07-10 18:17:40,451:INFO:Cross validating with SlidingWindowSplitter(fh=ForecastingHorizon([1, 2, 3, 4, 5, 6, 7, 8, 9, 10, 11, 12, 13, 14], dtype='int64', is_relative=True),
                      step_length=14, window_length=1488), n_jobs=-1
2025-07-10 18:19:40,810:WARNING:/home/leon/.conda/envs/bd_inv_predict/lib/python3.10/site-packages/sklearn/metrics/_regression.py:483: FutureWarning: 'squared' is deprecated in version 1.4 and will be removed in 1.6. To calculate the root mean squared error, use the function'root_mean_squared_error'.
  warnings.warn(

2025-07-10 18:19:40,811:WARNING:/home/leon/.conda/envs/bd_inv_predict/lib/python3.10/site-packages/sklearn/metrics/_regression.py:483: FutureWarning: 'squared' is deprecated in version 1.4 and will be removed in 1.6. To calculate the root mean squared error, use the function'root_mean_squared_error'.
  warnings.warn(

2025-07-10 18:20:08,558:WARNING:/home/leon/.conda/envs/bd_inv_predict/lib/python3.10/site-packages/sklearn/metrics/_regression.py:483: FutureWarning: 'squared' is deprecated in version 1.4 and will be removed in 1.6. To calculate the root mean squared error, use the function'root_mean_squared_error'.
  warnings.warn(

2025-07-10 18:20:08,559:WARNING:/home/leon/.conda/envs/bd_inv_predict/lib/python3.10/site-packages/sklearn/metrics/_regression.py:483: FutureWarning: 'squared' is deprecated in version 1.4 and will be removed in 1.6. To calculate the root mean squared error, use the function'root_mean_squared_error'.
  warnings.warn(

2025-07-10 18:20:08,563:INFO:Calculating mean and std
2025-07-10 18:20:08,564:INFO:Creating metrics dataframe
2025-07-10 18:20:08,566:WARNING:/home/leon/.conda/envs/bd_inv_predict/lib/python3.10/site-packages/pycaret/time_series/forecasting/oop.py:2694: FutureWarning: The behavior of DataFrame concatenation with empty or all-NA entries is deprecated. In a future version, this will no longer exclude empty or all-NA columns when determining the result dtypes. To retain the old behavior, exclude the relevant entries before the concat operation.
  model_results = pd.concat((model_results, model_avgs), axis=0)

2025-07-10 18:20:08,567:INFO:Uploading results into container
2025-07-10 18:20:08,567:INFO:Uploading model into container now
2025-07-10 18:20:08,568:INFO:_master_model_container: 2
2025-07-10 18:20:08,568:INFO:_display_container: 2
2025-07-10 18:20:08,568:INFO:AutoARIMA(random_state=123, sp=14, suppress_warnings=True)
2025-07-10 18:20:08,569:INFO:create_model() successfully completed......................................
2025-07-10 18:20:08,668:INFO:SubProcess create_model() end ==================================
2025-07-10 18:20:08,668:INFO:Creating metrics dataframe
2025-07-10 18:20:08,673:INFO:Initializing Croston
2025-07-10 18:20:08,673:INFO:Total runtime is 2.5359655539194743 minutes
2025-07-10 18:20:08,675:INFO:SubProcess create_model() called ==================================
2025-07-10 18:20:08,675:INFO:Initializing create_model()
2025-07-10 18:20:08,675:INFO:create_model(self=<pycaret.time_series.forecasting.oop.TSForecastingExperiment object at 0x7fc3c134a1a0>, estimator=croston, fold=None, round=4, cross_validation=True, predict=True, fit_kwargs={}, groups=None, refit=False, probability_threshold=None, experiment_custom_tags=None, verbose=False, system=False, add_to_model_list=True, metrics=None, display=<pycaret.internal.display.display.CommonDisplay object at 0x7fc3c13866e0>, model_only=True, return_train_score=False, error_score=0.0, kwargs={})
2025-07-10 18:20:08,676:INFO:Checking exceptions
2025-07-10 18:20:08,676:INFO:Importing libraries
2025-07-10 18:20:08,676:INFO:Copying training dataset
2025-07-10 18:20:08,678:INFO:Defining folds
2025-07-10 18:20:08,678:INFO:Declaring metric variables
2025-07-10 18:20:08,680:INFO:Importing untrained model
2025-07-10 18:20:08,683:INFO:Croston Imported successfully
2025-07-10 18:20:08,689:INFO:Starting cross validation
2025-07-10 18:20:08,689:INFO:Cross validating with SlidingWindowSplitter(fh=ForecastingHorizon([1, 2, 3, 4, 5, 6, 7, 8, 9, 10, 11, 12, 13, 14], dtype='int64', is_relative=True),
                      step_length=14, window_length=1488), n_jobs=-1
2025-07-10 18:20:09,640:WARNING:/home/leon/.conda/envs/bd_inv_predict/lib/python3.10/site-packages/sklearn/metrics/_regression.py:483: FutureWarning: 'squared' is deprecated in version 1.4 and will be removed in 1.6. To calculate the root mean squared error, use the function'root_mean_squared_error'.
  warnings.warn(

2025-07-10 18:20:09,641:WARNING:/home/leon/.conda/envs/bd_inv_predict/lib/python3.10/site-packages/sklearn/metrics/_regression.py:483: FutureWarning: 'squared' is deprecated in version 1.4 and will be removed in 1.6. To calculate the root mean squared error, use the function'root_mean_squared_error'.
  warnings.warn(

2025-07-10 18:20:09,643:WARNING:/home/leon/.conda/envs/bd_inv_predict/lib/python3.10/site-packages/sklearn/metrics/_regression.py:483: FutureWarning: 'squared' is deprecated in version 1.4 and will be removed in 1.6. To calculate the root mean squared error, use the function'root_mean_squared_error'.
  warnings.warn(

2025-07-10 18:20:09,644:WARNING:/home/leon/.conda/envs/bd_inv_predict/lib/python3.10/site-packages/sklearn/metrics/_regression.py:483: FutureWarning: 'squared' is deprecated in version 1.4 and will be removed in 1.6. To calculate the root mean squared error, use the function'root_mean_squared_error'.
  warnings.warn(

2025-07-10 18:20:09,655:INFO:Calculating mean and std
2025-07-10 18:20:09,656:INFO:Creating metrics dataframe
2025-07-10 18:20:09,658:WARNING:/home/leon/.conda/envs/bd_inv_predict/lib/python3.10/site-packages/pycaret/time_series/forecasting/oop.py:2694: FutureWarning: The behavior of DataFrame concatenation with empty or all-NA entries is deprecated. In a future version, this will no longer exclude empty or all-NA columns when determining the result dtypes. To retain the old behavior, exclude the relevant entries before the concat operation.
  model_results = pd.concat((model_results, model_avgs), axis=0)

2025-07-10 18:20:09,660:INFO:Uploading results into container
2025-07-10 18:20:09,660:INFO:Uploading model into container now
2025-07-10 18:20:09,661:INFO:_master_model_container: 3
2025-07-10 18:20:09,662:INFO:_display_container: 2
2025-07-10 18:20:09,662:INFO:Croston()
2025-07-10 18:20:09,662:INFO:create_model() successfully completed......................................
2025-07-10 18:20:09,763:INFO:SubProcess create_model() end ==================================
2025-07-10 18:20:09,763:INFO:Creating metrics dataframe
2025-07-10 18:20:09,768:INFO:Initializing Linear w/ Cond. Deseasonalize & Detrending
2025-07-10 18:20:09,768:INFO:Total runtime is 2.5542143185933432 minutes
2025-07-10 18:20:09,770:INFO:SubProcess create_model() called ==================================
2025-07-10 18:20:09,770:INFO:Initializing create_model()
2025-07-10 18:20:09,771:INFO:create_model(self=<pycaret.time_series.forecasting.oop.TSForecastingExperiment object at 0x7fc3c134a1a0>, estimator=lr_cds_dt, fold=None, round=4, cross_validation=True, predict=True, fit_kwargs={}, groups=None, refit=False, probability_threshold=None, experiment_custom_tags=None, verbose=False, system=False, add_to_model_list=True, metrics=None, display=<pycaret.internal.display.display.CommonDisplay object at 0x7fc3c13866e0>, model_only=True, return_train_score=False, error_score=0.0, kwargs={})
2025-07-10 18:20:09,771:INFO:Checking exceptions
2025-07-10 18:20:09,771:INFO:Importing libraries
2025-07-10 18:20:09,771:INFO:Copying training dataset
2025-07-10 18:20:09,773:INFO:Defining folds
2025-07-10 18:20:09,773:INFO:Declaring metric variables
2025-07-10 18:20:09,775:INFO:Importing untrained model
2025-07-10 18:20:09,779:INFO:Linear w/ Cond. Deseasonalize & Detrending Imported successfully
2025-07-10 18:20:09,784:INFO:Starting cross validation
2025-07-10 18:20:09,785:INFO:Cross validating with SlidingWindowSplitter(fh=ForecastingHorizon([1, 2, 3, 4, 5, 6, 7, 8, 9, 10, 11, 12, 13, 14], dtype='int64', is_relative=True),
                      step_length=14, window_length=1488), n_jobs=-1
2025-07-10 18:20:10,906:WARNING:
'prophet' is a soft dependency and not included in the pycaret installation. Please run: `pip install prophet` to install.
2025-07-10 18:20:10,909:WARNING:
'prophet' is a soft dependency and not included in the pycaret installation. Please run: `pip install prophet` to install.
2025-07-10 18:20:11,315:WARNING:/home/leon/.conda/envs/bd_inv_predict/lib/python3.10/site-packages/sklearn/metrics/_regression.py:483: FutureWarning: 'squared' is deprecated in version 1.4 and will be removed in 1.6. To calculate the root mean squared error, use the function'root_mean_squared_error'.
  warnings.warn(

2025-07-10 18:20:11,316:WARNING:/home/leon/.conda/envs/bd_inv_predict/lib/python3.10/site-packages/sklearn/metrics/_regression.py:483: FutureWarning: 'squared' is deprecated in version 1.4 and will be removed in 1.6. To calculate the root mean squared error, use the function'root_mean_squared_error'.
  warnings.warn(

2025-07-10 18:20:11,325:WARNING:/home/leon/.conda/envs/bd_inv_predict/lib/python3.10/site-packages/sklearn/metrics/_regression.py:483: FutureWarning: 'squared' is deprecated in version 1.4 and will be removed in 1.6. To calculate the root mean squared error, use the function'root_mean_squared_error'.
  warnings.warn(

2025-07-10 18:20:11,326:WARNING:/home/leon/.conda/envs/bd_inv_predict/lib/python3.10/site-packages/sklearn/metrics/_regression.py:483: FutureWarning: 'squared' is deprecated in version 1.4 and will be removed in 1.6. To calculate the root mean squared error, use the function'root_mean_squared_error'.
  warnings.warn(

2025-07-10 18:20:11,337:INFO:Calculating mean and std
2025-07-10 18:20:11,338:INFO:Creating metrics dataframe
2025-07-10 18:20:11,340:WARNING:/home/leon/.conda/envs/bd_inv_predict/lib/python3.10/site-packages/pycaret/time_series/forecasting/oop.py:2694: FutureWarning: The behavior of DataFrame concatenation with empty or all-NA entries is deprecated. In a future version, this will no longer exclude empty or all-NA columns when determining the result dtypes. To retain the old behavior, exclude the relevant entries before the concat operation.
  model_results = pd.concat((model_results, model_avgs), axis=0)

2025-07-10 18:20:11,342:INFO:Uploading results into container
2025-07-10 18:20:11,343:INFO:Uploading model into container now
2025-07-10 18:20:11,343:INFO:_master_model_container: 4
2025-07-10 18:20:11,343:INFO:_display_container: 2
2025-07-10 18:20:11,345:INFO:BaseCdsDtForecaster(fe_target_rr=[WindowSummarizer(lag_feature={'lag': [14, 13,
                                                                        12, 11,
                                                                        10, 9,
                                                                        8, 7, 6,
                                                                        5, 4, 3,
                                                                        2, 1]},
                                                   n_jobs=1)],
                    regressor=LinearRegression(n_jobs=-1), sp=14,
                    window_length=14)
2025-07-10 18:20:11,345:INFO:create_model() successfully completed......................................
2025-07-10 18:20:11,452:INFO:SubProcess create_model() end ==================================
2025-07-10 18:20:11,452:INFO:Creating metrics dataframe
2025-07-10 18:20:11,458:INFO:Initializing Elastic Net w/ Cond. Deseasonalize & Detrending
2025-07-10 18:20:11,458:INFO:Total runtime is 2.5823787887891134 minutes
2025-07-10 18:20:11,461:INFO:SubProcess create_model() called ==================================
2025-07-10 18:20:11,461:INFO:Initializing create_model()
2025-07-10 18:20:11,461:INFO:create_model(self=<pycaret.time_series.forecasting.oop.TSForecastingExperiment object at 0x7fc3c134a1a0>, estimator=en_cds_dt, fold=None, round=4, cross_validation=True, predict=True, fit_kwargs={}, groups=None, refit=False, probability_threshold=None, experiment_custom_tags=None, verbose=False, system=False, add_to_model_list=True, metrics=None, display=<pycaret.internal.display.display.CommonDisplay object at 0x7fc3c13866e0>, model_only=True, return_train_score=False, error_score=0.0, kwargs={})
2025-07-10 18:20:11,461:INFO:Checking exceptions
2025-07-10 18:20:11,461:INFO:Importing libraries
2025-07-10 18:20:11,461:INFO:Copying training dataset
2025-07-10 18:20:11,464:INFO:Defining folds
2025-07-10 18:20:11,464:INFO:Declaring metric variables
2025-07-10 18:20:11,467:INFO:Importing untrained model
2025-07-10 18:20:11,470:INFO:Elastic Net w/ Cond. Deseasonalize & Detrending Imported successfully
2025-07-10 18:20:11,478:INFO:Starting cross validation
2025-07-10 18:20:11,479:INFO:Cross validating with SlidingWindowSplitter(fh=ForecastingHorizon([1, 2, 3, 4, 5, 6, 7, 8, 9, 10, 11, 12, 13, 14], dtype='int64', is_relative=True),
                      step_length=14, window_length=1488), n_jobs=-1
2025-07-10 18:20:12,549:WARNING:
'prophet' is a soft dependency and not included in the pycaret installation. Please run: `pip install prophet` to install.
2025-07-10 18:20:12,593:WARNING:
'prophet' is a soft dependency and not included in the pycaret installation. Please run: `pip install prophet` to install.
2025-07-10 18:20:12,947:WARNING:/home/leon/.conda/envs/bd_inv_predict/lib/python3.10/site-packages/sklearn/metrics/_regression.py:483: FutureWarning: 'squared' is deprecated in version 1.4 and will be removed in 1.6. To calculate the root mean squared error, use the function'root_mean_squared_error'.
  warnings.warn(

2025-07-10 18:20:12,947:WARNING:/home/leon/.conda/envs/bd_inv_predict/lib/python3.10/site-packages/sklearn/metrics/_regression.py:483: FutureWarning: 'squared' is deprecated in version 1.4 and will be removed in 1.6. To calculate the root mean squared error, use the function'root_mean_squared_error'.
  warnings.warn(

2025-07-10 18:20:12,996:WARNING:/home/leon/.conda/envs/bd_inv_predict/lib/python3.10/site-packages/sklearn/metrics/_regression.py:483: FutureWarning: 'squared' is deprecated in version 1.4 and will be removed in 1.6. To calculate the root mean squared error, use the function'root_mean_squared_error'.
  warnings.warn(

2025-07-10 18:20:12,997:WARNING:/home/leon/.conda/envs/bd_inv_predict/lib/python3.10/site-packages/sklearn/metrics/_regression.py:483: FutureWarning: 'squared' is deprecated in version 1.4 and will be removed in 1.6. To calculate the root mean squared error, use the function'root_mean_squared_error'.
  warnings.warn(

2025-07-10 18:20:13,010:INFO:Calculating mean and std
2025-07-10 18:20:13,011:INFO:Creating metrics dataframe
2025-07-10 18:20:13,013:WARNING:/home/leon/.conda/envs/bd_inv_predict/lib/python3.10/site-packages/pycaret/time_series/forecasting/oop.py:2694: FutureWarning: The behavior of DataFrame concatenation with empty or all-NA entries is deprecated. In a future version, this will no longer exclude empty or all-NA columns when determining the result dtypes. To retain the old behavior, exclude the relevant entries before the concat operation.
  model_results = pd.concat((model_results, model_avgs), axis=0)

2025-07-10 18:20:13,015:INFO:Uploading results into container
2025-07-10 18:20:13,015:INFO:Uploading model into container now
2025-07-10 18:20:13,016:INFO:_master_model_container: 5
2025-07-10 18:20:13,016:INFO:_display_container: 2
2025-07-10 18:20:13,018:INFO:BaseCdsDtForecaster(fe_target_rr=[WindowSummarizer(lag_feature={'lag': [14, 13,
                                                                        12, 11,
                                                                        10, 9,
                                                                        8, 7, 6,
                                                                        5, 4, 3,
                                                                        2, 1]},
                                                   n_jobs=1)],
                    regressor=ElasticNet(random_state=123), sp=14,
                    window_length=14)
2025-07-10 18:20:13,019:INFO:create_model() successfully completed......................................
2025-07-10 18:20:13,114:INFO:SubProcess create_model() end ==================================
2025-07-10 18:20:13,114:INFO:Creating metrics dataframe
2025-07-10 18:20:13,121:INFO:Initializing Ridge w/ Cond. Deseasonalize & Detrending
2025-07-10 18:20:13,121:INFO:Total runtime is 2.610099458694458 minutes
2025-07-10 18:20:13,124:INFO:SubProcess create_model() called ==================================
2025-07-10 18:20:13,124:INFO:Initializing create_model()
2025-07-10 18:20:13,124:INFO:create_model(self=<pycaret.time_series.forecasting.oop.TSForecastingExperiment object at 0x7fc3c134a1a0>, estimator=ridge_cds_dt, fold=None, round=4, cross_validation=True, predict=True, fit_kwargs={}, groups=None, refit=False, probability_threshold=None, experiment_custom_tags=None, verbose=False, system=False, add_to_model_list=True, metrics=None, display=<pycaret.internal.display.display.CommonDisplay object at 0x7fc3c13866e0>, model_only=True, return_train_score=False, error_score=0.0, kwargs={})
2025-07-10 18:20:13,124:INFO:Checking exceptions
2025-07-10 18:20:13,124:INFO:Importing libraries
2025-07-10 18:20:13,124:INFO:Copying training dataset
2025-07-10 18:20:13,126:INFO:Defining folds
2025-07-10 18:20:13,127:INFO:Declaring metric variables
2025-07-10 18:20:13,129:INFO:Importing untrained model
2025-07-10 18:20:13,133:INFO:Ridge w/ Cond. Deseasonalize & Detrending Imported successfully
2025-07-10 18:20:13,142:INFO:Starting cross validation
2025-07-10 18:20:13,143:INFO:Cross validating with SlidingWindowSplitter(fh=ForecastingHorizon([1, 2, 3, 4, 5, 6, 7, 8, 9, 10, 11, 12, 13, 14], dtype='int64', is_relative=True),
                      step_length=14, window_length=1488), n_jobs=-1
2025-07-10 18:20:14,205:WARNING:
'prophet' is a soft dependency and not included in the pycaret installation. Please run: `pip install prophet` to install.
2025-07-10 18:20:14,219:WARNING:
'prophet' is a soft dependency and not included in the pycaret installation. Please run: `pip install prophet` to install.
2025-07-10 18:20:14,595:WARNING:/home/leon/.conda/envs/bd_inv_predict/lib/python3.10/site-packages/sklearn/metrics/_regression.py:483: FutureWarning: 'squared' is deprecated in version 1.4 and will be removed in 1.6. To calculate the root mean squared error, use the function'root_mean_squared_error'.
  warnings.warn(

2025-07-10 18:20:14,595:WARNING:/home/leon/.conda/envs/bd_inv_predict/lib/python3.10/site-packages/sklearn/metrics/_regression.py:483: FutureWarning: 'squared' is deprecated in version 1.4 and will be removed in 1.6. To calculate the root mean squared error, use the function'root_mean_squared_error'.
  warnings.warn(

2025-07-10 18:20:14,612:WARNING:/home/leon/.conda/envs/bd_inv_predict/lib/python3.10/site-packages/sklearn/metrics/_regression.py:483: FutureWarning: 'squared' is deprecated in version 1.4 and will be removed in 1.6. To calculate the root mean squared error, use the function'root_mean_squared_error'.
  warnings.warn(

2025-07-10 18:20:14,613:WARNING:/home/leon/.conda/envs/bd_inv_predict/lib/python3.10/site-packages/sklearn/metrics/_regression.py:483: FutureWarning: 'squared' is deprecated in version 1.4 and will be removed in 1.6. To calculate the root mean squared error, use the function'root_mean_squared_error'.
  warnings.warn(

2025-07-10 18:20:14,625:INFO:Calculating mean and std
2025-07-10 18:20:14,626:INFO:Creating metrics dataframe
2025-07-10 18:20:14,628:WARNING:/home/leon/.conda/envs/bd_inv_predict/lib/python3.10/site-packages/pycaret/time_series/forecasting/oop.py:2694: FutureWarning: The behavior of DataFrame concatenation with empty or all-NA entries is deprecated. In a future version, this will no longer exclude empty or all-NA columns when determining the result dtypes. To retain the old behavior, exclude the relevant entries before the concat operation.
  model_results = pd.concat((model_results, model_avgs), axis=0)

2025-07-10 18:20:14,631:INFO:Uploading results into container
2025-07-10 18:20:14,631:INFO:Uploading model into container now
2025-07-10 18:20:14,631:INFO:_master_model_container: 6
2025-07-10 18:20:14,632:INFO:_display_container: 2
2025-07-10 18:20:14,634:INFO:BaseCdsDtForecaster(fe_target_rr=[WindowSummarizer(lag_feature={'lag': [14, 13,
                                                                        12, 11,
                                                                        10, 9,
                                                                        8, 7, 6,
                                                                        5, 4, 3,
                                                                        2, 1]},
                                                   n_jobs=1)],
                    regressor=Ridge(random_state=123), sp=14, window_length=14)
2025-07-10 18:20:14,634:INFO:create_model() successfully completed......................................
2025-07-10 18:20:14,734:INFO:SubProcess create_model() end ==================================
2025-07-10 18:20:14,734:INFO:Creating metrics dataframe
2025-07-10 18:20:14,740:INFO:Initializing Lasso w/ Cond. Deseasonalize & Detrending
2025-07-10 18:20:14,740:INFO:Total runtime is 2.63708078066508 minutes
2025-07-10 18:20:14,743:INFO:SubProcess create_model() called ==================================
2025-07-10 18:20:14,743:INFO:Initializing create_model()
2025-07-10 18:20:14,743:INFO:create_model(self=<pycaret.time_series.forecasting.oop.TSForecastingExperiment object at 0x7fc3c134a1a0>, estimator=lasso_cds_dt, fold=None, round=4, cross_validation=True, predict=True, fit_kwargs={}, groups=None, refit=False, probability_threshold=None, experiment_custom_tags=None, verbose=False, system=False, add_to_model_list=True, metrics=None, display=<pycaret.internal.display.display.CommonDisplay object at 0x7fc3c13866e0>, model_only=True, return_train_score=False, error_score=0.0, kwargs={})
2025-07-10 18:20:14,743:INFO:Checking exceptions
2025-07-10 18:20:14,743:INFO:Importing libraries
2025-07-10 18:20:14,743:INFO:Copying training dataset
2025-07-10 18:20:14,745:INFO:Defining folds
2025-07-10 18:20:14,746:INFO:Declaring metric variables
2025-07-10 18:20:14,748:INFO:Importing untrained model
2025-07-10 18:20:14,751:INFO:Lasso w/ Cond. Deseasonalize & Detrending Imported successfully
2025-07-10 18:20:14,758:INFO:Starting cross validation
2025-07-10 18:20:14,759:INFO:Cross validating with SlidingWindowSplitter(fh=ForecastingHorizon([1, 2, 3, 4, 5, 6, 7, 8, 9, 10, 11, 12, 13, 14], dtype='int64', is_relative=True),
                      step_length=14, window_length=1488), n_jobs=-1
2025-07-10 18:20:14,886:WARNING:
'prophet' is a soft dependency and not included in the pycaret installation. Please run: `pip install prophet` to install.
2025-07-10 18:20:14,888:WARNING:
'prophet' is a soft dependency and not included in the pycaret installation. Please run: `pip install prophet` to install.
2025-07-10 18:20:15,270:WARNING:/home/leon/.conda/envs/bd_inv_predict/lib/python3.10/site-packages/sklearn/metrics/_regression.py:483: FutureWarning: 'squared' is deprecated in version 1.4 and will be removed in 1.6. To calculate the root mean squared error, use the function'root_mean_squared_error'.
  warnings.warn(

2025-07-10 18:20:15,270:WARNING:/home/leon/.conda/envs/bd_inv_predict/lib/python3.10/site-packages/sklearn/metrics/_regression.py:483: FutureWarning: 'squared' is deprecated in version 1.4 and will be removed in 1.6. To calculate the root mean squared error, use the function'root_mean_squared_error'.
  warnings.warn(

2025-07-10 18:20:15,277:WARNING:/home/leon/.conda/envs/bd_inv_predict/lib/python3.10/site-packages/sklearn/metrics/_regression.py:483: FutureWarning: 'squared' is deprecated in version 1.4 and will be removed in 1.6. To calculate the root mean squared error, use the function'root_mean_squared_error'.
  warnings.warn(

2025-07-10 18:20:15,277:WARNING:/home/leon/.conda/envs/bd_inv_predict/lib/python3.10/site-packages/sklearn/metrics/_regression.py:483: FutureWarning: 'squared' is deprecated in version 1.4 and will be removed in 1.6. To calculate the root mean squared error, use the function'root_mean_squared_error'.
  warnings.warn(

2025-07-10 18:20:15,282:INFO:Calculating mean and std
2025-07-10 18:20:15,283:INFO:Creating metrics dataframe
2025-07-10 18:20:15,285:WARNING:/home/leon/.conda/envs/bd_inv_predict/lib/python3.10/site-packages/pycaret/time_series/forecasting/oop.py:2694: FutureWarning: The behavior of DataFrame concatenation with empty or all-NA entries is deprecated. In a future version, this will no longer exclude empty or all-NA columns when determining the result dtypes. To retain the old behavior, exclude the relevant entries before the concat operation.
  model_results = pd.concat((model_results, model_avgs), axis=0)

2025-07-10 18:20:15,287:INFO:Uploading results into container
2025-07-10 18:20:15,287:INFO:Uploading model into container now
2025-07-10 18:20:15,287:INFO:_master_model_container: 7
2025-07-10 18:20:15,288:INFO:_display_container: 2
2025-07-10 18:20:15,290:INFO:BaseCdsDtForecaster(fe_target_rr=[WindowSummarizer(lag_feature={'lag': [14, 13,
                                                                        12, 11,
                                                                        10, 9,
                                                                        8, 7, 6,
                                                                        5, 4, 3,
                                                                        2, 1]},
                                                   n_jobs=1)],
                    regressor=Lasso(random_state=123), sp=14, window_length=14)
2025-07-10 18:20:15,290:INFO:create_model() successfully completed......................................
2025-07-10 18:20:15,426:INFO:SubProcess create_model() end ==================================
2025-07-10 18:20:15,427:INFO:Creating metrics dataframe
2025-07-10 18:20:15,432:INFO:Initializing Lasso Least Angular Regressor w/ Cond. Deseasonalize & Detrending
2025-07-10 18:20:15,432:INFO:Total runtime is 2.6486191550890603 minutes
2025-07-10 18:20:15,435:INFO:SubProcess create_model() called ==================================
2025-07-10 18:20:15,435:INFO:Initializing create_model()
2025-07-10 18:20:15,435:INFO:create_model(self=<pycaret.time_series.forecasting.oop.TSForecastingExperiment object at 0x7fc3c134a1a0>, estimator=llar_cds_dt, fold=None, round=4, cross_validation=True, predict=True, fit_kwargs={}, groups=None, refit=False, probability_threshold=None, experiment_custom_tags=None, verbose=False, system=False, add_to_model_list=True, metrics=None, display=<pycaret.internal.display.display.CommonDisplay object at 0x7fc3c13866e0>, model_only=True, return_train_score=False, error_score=0.0, kwargs={})
2025-07-10 18:20:15,435:INFO:Checking exceptions
2025-07-10 18:20:15,435:INFO:Importing libraries
2025-07-10 18:20:15,435:INFO:Copying training dataset
2025-07-10 18:20:15,437:INFO:Defining folds
2025-07-10 18:20:15,437:INFO:Declaring metric variables
2025-07-10 18:20:15,440:INFO:Importing untrained model
2025-07-10 18:20:15,444:INFO:Lasso Least Angular Regressor w/ Cond. Deseasonalize & Detrending Imported successfully
2025-07-10 18:20:15,451:INFO:Starting cross validation
2025-07-10 18:20:15,451:INFO:Cross validating with SlidingWindowSplitter(fh=ForecastingHorizon([1, 2, 3, 4, 5, 6, 7, 8, 9, 10, 11, 12, 13, 14], dtype='int64', is_relative=True),
                      step_length=14, window_length=1488), n_jobs=-1
2025-07-10 18:20:15,581:WARNING:
'prophet' is a soft dependency and not included in the pycaret installation. Please run: `pip install prophet` to install.
2025-07-10 18:20:15,582:WARNING:
'prophet' is a soft dependency and not included in the pycaret installation. Please run: `pip install prophet` to install.
2025-07-10 18:20:15,973:WARNING:/home/leon/.conda/envs/bd_inv_predict/lib/python3.10/site-packages/sklearn/metrics/_regression.py:483: FutureWarning: 'squared' is deprecated in version 1.4 and will be removed in 1.6. To calculate the root mean squared error, use the function'root_mean_squared_error'.
  warnings.warn(

2025-07-10 18:20:15,974:WARNING:/home/leon/.conda/envs/bd_inv_predict/lib/python3.10/site-packages/sklearn/metrics/_regression.py:483: FutureWarning: 'squared' is deprecated in version 1.4 and will be removed in 1.6. To calculate the root mean squared error, use the function'root_mean_squared_error'.
  warnings.warn(

2025-07-10 18:20:15,975:WARNING:/home/leon/.conda/envs/bd_inv_predict/lib/python3.10/site-packages/sklearn/metrics/_regression.py:483: FutureWarning: 'squared' is deprecated in version 1.4 and will be removed in 1.6. To calculate the root mean squared error, use the function'root_mean_squared_error'.
  warnings.warn(

2025-07-10 18:20:15,975:WARNING:/home/leon/.conda/envs/bd_inv_predict/lib/python3.10/site-packages/sklearn/metrics/_regression.py:483: FutureWarning: 'squared' is deprecated in version 1.4 and will be removed in 1.6. To calculate the root mean squared error, use the function'root_mean_squared_error'.
  warnings.warn(

2025-07-10 18:20:15,988:INFO:Calculating mean and std
2025-07-10 18:20:15,988:INFO:Creating metrics dataframe
2025-07-10 18:20:15,990:WARNING:/home/leon/.conda/envs/bd_inv_predict/lib/python3.10/site-packages/pycaret/time_series/forecasting/oop.py:2694: FutureWarning: The behavior of DataFrame concatenation with empty or all-NA entries is deprecated. In a future version, this will no longer exclude empty or all-NA columns when determining the result dtypes. To retain the old behavior, exclude the relevant entries before the concat operation.
  model_results = pd.concat((model_results, model_avgs), axis=0)

2025-07-10 18:20:15,992:INFO:Uploading results into container
2025-07-10 18:20:15,992:INFO:Uploading model into container now
2025-07-10 18:20:15,992:INFO:_master_model_container: 8
2025-07-10 18:20:15,992:INFO:_display_container: 2
2025-07-10 18:20:15,994:INFO:BaseCdsDtForecaster(fe_target_rr=[WindowSummarizer(lag_feature={'lag': [14, 13,
                                                                        12, 11,
                                                                        10, 9,
                                                                        8, 7, 6,
                                                                        5, 4, 3,
                                                                        2, 1]},
                                                   n_jobs=1)],
                    regressor=LassoLars(random_state=123), sp=14,
                    window_length=14)
2025-07-10 18:20:15,995:INFO:create_model() successfully completed......................................
2025-07-10 18:20:16,086:INFO:SubProcess create_model() end ==================================
2025-07-10 18:20:16,086:INFO:Creating metrics dataframe
2025-07-10 18:20:16,092:INFO:Initializing Bayesian Ridge w/ Cond. Deseasonalize & Detrending
2025-07-10 18:20:16,092:INFO:Total runtime is 2.6596157670021054 minutes
2025-07-10 18:20:16,095:INFO:SubProcess create_model() called ==================================
2025-07-10 18:20:16,095:INFO:Initializing create_model()
2025-07-10 18:20:16,095:INFO:create_model(self=<pycaret.time_series.forecasting.oop.TSForecastingExperiment object at 0x7fc3c134a1a0>, estimator=br_cds_dt, fold=None, round=4, cross_validation=True, predict=True, fit_kwargs={}, groups=None, refit=False, probability_threshold=None, experiment_custom_tags=None, verbose=False, system=False, add_to_model_list=True, metrics=None, display=<pycaret.internal.display.display.CommonDisplay object at 0x7fc3c13866e0>, model_only=True, return_train_score=False, error_score=0.0, kwargs={})
2025-07-10 18:20:16,095:INFO:Checking exceptions
2025-07-10 18:20:16,095:INFO:Importing libraries
2025-07-10 18:20:16,095:INFO:Copying training dataset
2025-07-10 18:20:16,098:INFO:Defining folds
2025-07-10 18:20:16,098:INFO:Declaring metric variables
2025-07-10 18:20:16,100:INFO:Importing untrained model
2025-07-10 18:20:16,104:INFO:Bayesian Ridge w/ Cond. Deseasonalize & Detrending Imported successfully
2025-07-10 18:20:16,111:INFO:Starting cross validation
2025-07-10 18:20:16,112:INFO:Cross validating with SlidingWindowSplitter(fh=ForecastingHorizon([1, 2, 3, 4, 5, 6, 7, 8, 9, 10, 11, 12, 13, 14], dtype='int64', is_relative=True),
                      step_length=14, window_length=1488), n_jobs=-1
2025-07-10 18:20:16,246:WARNING:
'prophet' is a soft dependency and not included in the pycaret installation. Please run: `pip install prophet` to install.
2025-07-10 18:20:16,246:WARNING:
'prophet' is a soft dependency and not included in the pycaret installation. Please run: `pip install prophet` to install.
2025-07-10 18:20:16,656:WARNING:/home/leon/.conda/envs/bd_inv_predict/lib/python3.10/site-packages/sklearn/metrics/_regression.py:483: FutureWarning: 'squared' is deprecated in version 1.4 and will be removed in 1.6. To calculate the root mean squared error, use the function'root_mean_squared_error'.
  warnings.warn(

2025-07-10 18:20:16,656:WARNING:/home/leon/.conda/envs/bd_inv_predict/lib/python3.10/site-packages/sklearn/metrics/_regression.py:483: FutureWarning: 'squared' is deprecated in version 1.4 and will be removed in 1.6. To calculate the root mean squared error, use the function'root_mean_squared_error'.
  warnings.warn(

2025-07-10 18:20:16,662:WARNING:/home/leon/.conda/envs/bd_inv_predict/lib/python3.10/site-packages/sklearn/metrics/_regression.py:483: FutureWarning: 'squared' is deprecated in version 1.4 and will be removed in 1.6. To calculate the root mean squared error, use the function'root_mean_squared_error'.
  warnings.warn(

2025-07-10 18:20:16,662:WARNING:/home/leon/.conda/envs/bd_inv_predict/lib/python3.10/site-packages/sklearn/metrics/_regression.py:483: FutureWarning: 'squared' is deprecated in version 1.4 and will be removed in 1.6. To calculate the root mean squared error, use the function'root_mean_squared_error'.
  warnings.warn(

2025-07-10 18:20:16,669:INFO:Calculating mean and std
2025-07-10 18:20:16,671:INFO:Creating metrics dataframe
2025-07-10 18:20:16,673:WARNING:/home/leon/.conda/envs/bd_inv_predict/lib/python3.10/site-packages/pycaret/time_series/forecasting/oop.py:2694: FutureWarning: The behavior of DataFrame concatenation with empty or all-NA entries is deprecated. In a future version, this will no longer exclude empty or all-NA columns when determining the result dtypes. To retain the old behavior, exclude the relevant entries before the concat operation.
  model_results = pd.concat((model_results, model_avgs), axis=0)

2025-07-10 18:20:16,675:INFO:Uploading results into container
2025-07-10 18:20:16,675:INFO:Uploading model into container now
2025-07-10 18:20:16,675:INFO:_master_model_container: 9
2025-07-10 18:20:16,675:INFO:_display_container: 2
2025-07-10 18:20:16,678:INFO:BaseCdsDtForecaster(fe_target_rr=[WindowSummarizer(lag_feature={'lag': [14, 13,
                                                                        12, 11,
                                                                        10, 9,
                                                                        8, 7, 6,
                                                                        5, 4, 3,
                                                                        2, 1]},
                                                   n_jobs=1)],
                    regressor=BayesianRidge(), sp=14, window_length=14)
2025-07-10 18:20:16,678:INFO:create_model() successfully completed......................................
2025-07-10 18:20:16,777:INFO:SubProcess create_model() end ==================================
2025-07-10 18:20:16,778:INFO:Creating metrics dataframe
2025-07-10 18:20:16,784:INFO:Initializing Huber w/ Cond. Deseasonalize & Detrending
2025-07-10 18:20:16,784:INFO:Total runtime is 2.671143575509389 minutes
2025-07-10 18:20:16,786:INFO:SubProcess create_model() called ==================================
2025-07-10 18:20:16,787:INFO:Initializing create_model()
2025-07-10 18:20:16,787:INFO:create_model(self=<pycaret.time_series.forecasting.oop.TSForecastingExperiment object at 0x7fc3c134a1a0>, estimator=huber_cds_dt, fold=None, round=4, cross_validation=True, predict=True, fit_kwargs={}, groups=None, refit=False, probability_threshold=None, experiment_custom_tags=None, verbose=False, system=False, add_to_model_list=True, metrics=None, display=<pycaret.internal.display.display.CommonDisplay object at 0x7fc3c13866e0>, model_only=True, return_train_score=False, error_score=0.0, kwargs={})
2025-07-10 18:20:16,787:INFO:Checking exceptions
2025-07-10 18:20:16,787:INFO:Importing libraries
2025-07-10 18:20:16,787:INFO:Copying training dataset
2025-07-10 18:20:16,789:INFO:Defining folds
2025-07-10 18:20:16,790:INFO:Declaring metric variables
2025-07-10 18:20:16,792:INFO:Importing untrained model
2025-07-10 18:20:16,797:INFO:Huber w/ Cond. Deseasonalize & Detrending Imported successfully
2025-07-10 18:20:16,803:INFO:Starting cross validation
2025-07-10 18:20:16,804:INFO:Cross validating with SlidingWindowSplitter(fh=ForecastingHorizon([1, 2, 3, 4, 5, 6, 7, 8, 9, 10, 11, 12, 13, 14], dtype='int64', is_relative=True),
                      step_length=14, window_length=1488), n_jobs=-1
2025-07-10 18:20:16,921:WARNING:/home/leon/.conda/envs/bd_inv_predict/lib/python3.10/site-packages/sklearn/linear_model/_huber.py:342: ConvergenceWarning: lbfgs failed to converge (status=1):
STOP: TOTAL NO. of ITERATIONS REACHED LIMIT.

Increase the number of iterations (max_iter) or scale the data as shown in:
    https://scikit-learn.org/stable/modules/preprocessing.html
  self.n_iter_ = _check_optimize_result("lbfgs", opt_res, self.max_iter)

2025-07-10 18:20:16,954:WARNING:/home/leon/.conda/envs/bd_inv_predict/lib/python3.10/site-packages/sklearn/linear_model/_huber.py:342: ConvergenceWarning: lbfgs failed to converge (status=1):
STOP: TOTAL NO. of ITERATIONS REACHED LIMIT.

Increase the number of iterations (max_iter) or scale the data as shown in:
    https://scikit-learn.org/stable/modules/preprocessing.html
  self.n_iter_ = _check_optimize_result("lbfgs", opt_res, self.max_iter)

2025-07-10 18:20:17,263:WARNING:/home/leon/.conda/envs/bd_inv_predict/lib/python3.10/site-packages/sklearn/metrics/_regression.py:483: FutureWarning: 'squared' is deprecated in version 1.4 and will be removed in 1.6. To calculate the root mean squared error, use the function'root_mean_squared_error'.
  warnings.warn(

2025-07-10 18:20:17,264:WARNING:/home/leon/.conda/envs/bd_inv_predict/lib/python3.10/site-packages/sklearn/metrics/_regression.py:483: FutureWarning: 'squared' is deprecated in version 1.4 and will be removed in 1.6. To calculate the root mean squared error, use the function'root_mean_squared_error'.
  warnings.warn(

2025-07-10 18:20:17,317:WARNING:/home/leon/.conda/envs/bd_inv_predict/lib/python3.10/site-packages/sklearn/metrics/_regression.py:483: FutureWarning: 'squared' is deprecated in version 1.4 and will be removed in 1.6. To calculate the root mean squared error, use the function'root_mean_squared_error'.
  warnings.warn(

2025-07-10 18:20:17,318:WARNING:/home/leon/.conda/envs/bd_inv_predict/lib/python3.10/site-packages/sklearn/metrics/_regression.py:483: FutureWarning: 'squared' is deprecated in version 1.4 and will be removed in 1.6. To calculate the root mean squared error, use the function'root_mean_squared_error'.
  warnings.warn(

2025-07-10 18:20:17,323:INFO:Calculating mean and std
2025-07-10 18:20:17,324:INFO:Creating metrics dataframe
2025-07-10 18:20:17,326:WARNING:/home/leon/.conda/envs/bd_inv_predict/lib/python3.10/site-packages/pycaret/time_series/forecasting/oop.py:2694: FutureWarning: The behavior of DataFrame concatenation with empty or all-NA entries is deprecated. In a future version, this will no longer exclude empty or all-NA columns when determining the result dtypes. To retain the old behavior, exclude the relevant entries before the concat operation.
  model_results = pd.concat((model_results, model_avgs), axis=0)

2025-07-10 18:20:17,327:INFO:Uploading results into container
2025-07-10 18:20:17,328:INFO:Uploading model into container now
2025-07-10 18:20:17,328:INFO:_master_model_container: 10
2025-07-10 18:20:17,328:INFO:_display_container: 2
2025-07-10 18:20:17,330:INFO:BaseCdsDtForecaster(fe_target_rr=[WindowSummarizer(lag_feature={'lag': [14, 13,
                                                                        12, 11,
                                                                        10, 9,
                                                                        8, 7, 6,
                                                                        5, 4, 3,
                                                                        2, 1]},
                                                   n_jobs=1)],
                    regressor=HuberRegressor(), sp=14, window_length=14)
2025-07-10 18:20:17,330:INFO:create_model() successfully completed......................................
2025-07-10 18:20:17,426:INFO:SubProcess create_model() end ==================================
2025-07-10 18:20:17,426:INFO:Creating metrics dataframe
2025-07-10 18:20:17,433:INFO:Initializing Orthogonal Matching Pursuit w/ Cond. Deseasonalize & Detrending
2025-07-10 18:20:17,433:INFO:Total runtime is 2.681967218716939 minutes
2025-07-10 18:20:17,436:INFO:SubProcess create_model() called ==================================
2025-07-10 18:20:17,436:INFO:Initializing create_model()
2025-07-10 18:20:17,436:INFO:create_model(self=<pycaret.time_series.forecasting.oop.TSForecastingExperiment object at 0x7fc3c134a1a0>, estimator=omp_cds_dt, fold=None, round=4, cross_validation=True, predict=True, fit_kwargs={}, groups=None, refit=False, probability_threshold=None, experiment_custom_tags=None, verbose=False, system=False, add_to_model_list=True, metrics=None, display=<pycaret.internal.display.display.CommonDisplay object at 0x7fc3c13866e0>, model_only=True, return_train_score=False, error_score=0.0, kwargs={})
2025-07-10 18:20:17,436:INFO:Checking exceptions
2025-07-10 18:20:17,436:INFO:Importing libraries
2025-07-10 18:20:17,436:INFO:Copying training dataset
2025-07-10 18:20:17,439:INFO:Defining folds
2025-07-10 18:20:17,440:INFO:Declaring metric variables
2025-07-10 18:20:17,443:INFO:Importing untrained model
2025-07-10 18:20:17,446:INFO:Orthogonal Matching Pursuit w/ Cond. Deseasonalize & Detrending Imported successfully
2025-07-10 18:20:17,455:INFO:Starting cross validation
2025-07-10 18:20:17,456:INFO:Cross validating with SlidingWindowSplitter(fh=ForecastingHorizon([1, 2, 3, 4, 5, 6, 7, 8, 9, 10, 11, 12, 13, 14], dtype='int64', is_relative=True),
                      step_length=14, window_length=1488), n_jobs=-1
2025-07-10 18:20:17,894:WARNING:/home/leon/.conda/envs/bd_inv_predict/lib/python3.10/site-packages/sklearn/metrics/_regression.py:483: FutureWarning: 'squared' is deprecated in version 1.4 and will be removed in 1.6. To calculate the root mean squared error, use the function'root_mean_squared_error'.
  warnings.warn(

2025-07-10 18:20:17,895:WARNING:/home/leon/.conda/envs/bd_inv_predict/lib/python3.10/site-packages/sklearn/metrics/_regression.py:483: FutureWarning: 'squared' is deprecated in version 1.4 and will be removed in 1.6. To calculate the root mean squared error, use the function'root_mean_squared_error'.
  warnings.warn(

2025-07-10 18:20:17,894:WARNING:/home/leon/.conda/envs/bd_inv_predict/lib/python3.10/site-packages/sklearn/metrics/_regression.py:483: FutureWarning: 'squared' is deprecated in version 1.4 and will be removed in 1.6. To calculate the root mean squared error, use the function'root_mean_squared_error'.
  warnings.warn(

2025-07-10 18:20:17,895:WARNING:/home/leon/.conda/envs/bd_inv_predict/lib/python3.10/site-packages/sklearn/metrics/_regression.py:483: FutureWarning: 'squared' is deprecated in version 1.4 and will be removed in 1.6. To calculate the root mean squared error, use the function'root_mean_squared_error'.
  warnings.warn(

2025-07-10 18:20:17,899:INFO:Calculating mean and std
2025-07-10 18:20:17,900:INFO:Creating metrics dataframe
2025-07-10 18:20:17,902:WARNING:/home/leon/.conda/envs/bd_inv_predict/lib/python3.10/site-packages/pycaret/time_series/forecasting/oop.py:2694: FutureWarning: The behavior of DataFrame concatenation with empty or all-NA entries is deprecated. In a future version, this will no longer exclude empty or all-NA columns when determining the result dtypes. To retain the old behavior, exclude the relevant entries before the concat operation.
  model_results = pd.concat((model_results, model_avgs), axis=0)

2025-07-10 18:20:17,903:INFO:Uploading results into container
2025-07-10 18:20:17,904:INFO:Uploading model into container now
2025-07-10 18:20:17,905:INFO:_master_model_container: 11
2025-07-10 18:20:17,905:INFO:_display_container: 2
2025-07-10 18:20:17,906:INFO:BaseCdsDtForecaster(fe_target_rr=[WindowSummarizer(lag_feature={'lag': [14, 13,
                                                                        12, 11,
                                                                        10, 9,
                                                                        8, 7, 6,
                                                                        5, 4, 3,
                                                                        2, 1]},
                                                   n_jobs=1)],
                    regressor=OrthogonalMatchingPursuit(), sp=14,
                    window_length=14)
2025-07-10 18:20:17,906:INFO:create_model() successfully completed......................................
2025-07-10 18:20:18,001:INFO:SubProcess create_model() end ==================================
2025-07-10 18:20:18,001:INFO:Creating metrics dataframe
2025-07-10 18:20:18,007:INFO:Initializing K Neighbors w/ Cond. Deseasonalize & Detrending
2025-07-10 18:20:18,008:INFO:Total runtime is 2.6915379007657365 minutes
2025-07-10 18:20:18,010:INFO:SubProcess create_model() called ==================================
2025-07-10 18:20:18,010:INFO:Initializing create_model()
2025-07-10 18:20:18,010:INFO:create_model(self=<pycaret.time_series.forecasting.oop.TSForecastingExperiment object at 0x7fc3c134a1a0>, estimator=knn_cds_dt, fold=None, round=4, cross_validation=True, predict=True, fit_kwargs={}, groups=None, refit=False, probability_threshold=None, experiment_custom_tags=None, verbose=False, system=False, add_to_model_list=True, metrics=None, display=<pycaret.internal.display.display.CommonDisplay object at 0x7fc3c13866e0>, model_only=True, return_train_score=False, error_score=0.0, kwargs={})
2025-07-10 18:20:18,010:INFO:Checking exceptions
2025-07-10 18:20:18,010:INFO:Importing libraries
2025-07-10 18:20:18,010:INFO:Copying training dataset
2025-07-10 18:20:18,013:INFO:Defining folds
2025-07-10 18:20:18,013:INFO:Declaring metric variables
2025-07-10 18:20:18,016:INFO:Importing untrained model
2025-07-10 18:20:18,019:INFO:K Neighbors w/ Cond. Deseasonalize & Detrending Imported successfully
2025-07-10 18:20:18,026:INFO:Starting cross validation
2025-07-10 18:20:18,027:INFO:Cross validating with SlidingWindowSplitter(fh=ForecastingHorizon([1, 2, 3, 4, 5, 6, 7, 8, 9, 10, 11, 12, 13, 14], dtype='int64', is_relative=True),
                      step_length=14, window_length=1488), n_jobs=-1
2025-07-10 18:20:18,459:WARNING:/home/leon/.conda/envs/bd_inv_predict/lib/python3.10/site-packages/sklearn/metrics/_regression.py:483: FutureWarning: 'squared' is deprecated in version 1.4 and will be removed in 1.6. To calculate the root mean squared error, use the function'root_mean_squared_error'.
  warnings.warn(

2025-07-10 18:20:18,459:WARNING:/home/leon/.conda/envs/bd_inv_predict/lib/python3.10/site-packages/sklearn/metrics/_regression.py:483: FutureWarning: 'squared' is deprecated in version 1.4 and will be removed in 1.6. To calculate the root mean squared error, use the function'root_mean_squared_error'.
  warnings.warn(

2025-07-10 18:20:18,461:WARNING:/home/leon/.conda/envs/bd_inv_predict/lib/python3.10/site-packages/sklearn/metrics/_regression.py:483: FutureWarning: 'squared' is deprecated in version 1.4 and will be removed in 1.6. To calculate the root mean squared error, use the function'root_mean_squared_error'.
  warnings.warn(

2025-07-10 18:20:18,462:WARNING:/home/leon/.conda/envs/bd_inv_predict/lib/python3.10/site-packages/sklearn/metrics/_regression.py:483: FutureWarning: 'squared' is deprecated in version 1.4 and will be removed in 1.6. To calculate the root mean squared error, use the function'root_mean_squared_error'.
  warnings.warn(

2025-07-10 18:20:18,471:INFO:Calculating mean and std
2025-07-10 18:20:18,472:INFO:Creating metrics dataframe
2025-07-10 18:20:18,474:WARNING:/home/leon/.conda/envs/bd_inv_predict/lib/python3.10/site-packages/pycaret/time_series/forecasting/oop.py:2694: FutureWarning: The behavior of DataFrame concatenation with empty or all-NA entries is deprecated. In a future version, this will no longer exclude empty or all-NA columns when determining the result dtypes. To retain the old behavior, exclude the relevant entries before the concat operation.
  model_results = pd.concat((model_results, model_avgs), axis=0)

2025-07-10 18:20:18,475:INFO:Uploading results into container
2025-07-10 18:20:18,476:INFO:Uploading model into container now
2025-07-10 18:20:18,476:INFO:_master_model_container: 12
2025-07-10 18:20:18,476:INFO:_display_container: 2
2025-07-10 18:20:18,478:INFO:BaseCdsDtForecaster(fe_target_rr=[WindowSummarizer(lag_feature={'lag': [14, 13,
                                                                        12, 11,
                                                                        10, 9,
                                                                        8, 7, 6,
                                                                        5, 4, 3,
                                                                        2, 1]},
                                                   n_jobs=1)],
                    regressor=KNeighborsRegressor(n_jobs=-1), sp=14,
                    window_length=14)
2025-07-10 18:20:18,478:INFO:create_model() successfully completed......................................
2025-07-10 18:20:18,576:INFO:SubProcess create_model() end ==================================
2025-07-10 18:20:18,576:INFO:Creating metrics dataframe
2025-07-10 18:20:18,584:INFO:Initializing Decision Tree w/ Cond. Deseasonalize & Detrending
2025-07-10 18:20:18,584:INFO:Total runtime is 2.7011429627736407 minutes
2025-07-10 18:20:18,587:INFO:SubProcess create_model() called ==================================
2025-07-10 18:20:18,587:INFO:Initializing create_model()
2025-07-10 18:20:18,587:INFO:create_model(self=<pycaret.time_series.forecasting.oop.TSForecastingExperiment object at 0x7fc3c134a1a0>, estimator=dt_cds_dt, fold=None, round=4, cross_validation=True, predict=True, fit_kwargs={}, groups=None, refit=False, probability_threshold=None, experiment_custom_tags=None, verbose=False, system=False, add_to_model_list=True, metrics=None, display=<pycaret.internal.display.display.CommonDisplay object at 0x7fc3c13866e0>, model_only=True, return_train_score=False, error_score=0.0, kwargs={})
2025-07-10 18:20:18,587:INFO:Checking exceptions
2025-07-10 18:20:18,587:INFO:Importing libraries
2025-07-10 18:20:18,587:INFO:Copying training dataset
2025-07-10 18:20:18,590:INFO:Defining folds
2025-07-10 18:20:18,590:INFO:Declaring metric variables
2025-07-10 18:20:18,593:INFO:Importing untrained model
2025-07-10 18:20:18,597:INFO:Decision Tree w/ Cond. Deseasonalize & Detrending Imported successfully
2025-07-10 18:20:18,606:INFO:Starting cross validation
2025-07-10 18:20:18,608:INFO:Cross validating with SlidingWindowSplitter(fh=ForecastingHorizon([1, 2, 3, 4, 5, 6, 7, 8, 9, 10, 11, 12, 13, 14], dtype='int64', is_relative=True),
                      step_length=14, window_length=1488), n_jobs=-1
2025-07-10 18:20:19,074:WARNING:/home/leon/.conda/envs/bd_inv_predict/lib/python3.10/site-packages/sklearn/metrics/_regression.py:483: FutureWarning: 'squared' is deprecated in version 1.4 and will be removed in 1.6. To calculate the root mean squared error, use the function'root_mean_squared_error'.
  warnings.warn(

2025-07-10 18:20:19,075:WARNING:/home/leon/.conda/envs/bd_inv_predict/lib/python3.10/site-packages/sklearn/metrics/_regression.py:483: FutureWarning: 'squared' is deprecated in version 1.4 and will be removed in 1.6. To calculate the root mean squared error, use the function'root_mean_squared_error'.
  warnings.warn(

2025-07-10 18:20:19,079:WARNING:/home/leon/.conda/envs/bd_inv_predict/lib/python3.10/site-packages/sklearn/metrics/_regression.py:483: FutureWarning: 'squared' is deprecated in version 1.4 and will be removed in 1.6. To calculate the root mean squared error, use the function'root_mean_squared_error'.
  warnings.warn(

2025-07-10 18:20:19,079:WARNING:/home/leon/.conda/envs/bd_inv_predict/lib/python3.10/site-packages/sklearn/metrics/_regression.py:483: FutureWarning: 'squared' is deprecated in version 1.4 and will be removed in 1.6. To calculate the root mean squared error, use the function'root_mean_squared_error'.
  warnings.warn(

2025-07-10 18:20:19,085:INFO:Calculating mean and std
2025-07-10 18:20:19,085:INFO:Creating metrics dataframe
2025-07-10 18:20:19,087:WARNING:/home/leon/.conda/envs/bd_inv_predict/lib/python3.10/site-packages/pycaret/time_series/forecasting/oop.py:2694: FutureWarning: The behavior of DataFrame concatenation with empty or all-NA entries is deprecated. In a future version, this will no longer exclude empty or all-NA columns when determining the result dtypes. To retain the old behavior, exclude the relevant entries before the concat operation.
  model_results = pd.concat((model_results, model_avgs), axis=0)

2025-07-10 18:20:19,089:INFO:Uploading results into container
2025-07-10 18:20:19,090:INFO:Uploading model into container now
2025-07-10 18:20:19,090:INFO:_master_model_container: 13
2025-07-10 18:20:19,090:INFO:_display_container: 2
2025-07-10 18:20:19,091:INFO:BaseCdsDtForecaster(fe_target_rr=[WindowSummarizer(lag_feature={'lag': [14, 13,
                                                                        12, 11,
                                                                        10, 9,
                                                                        8, 7, 6,
                                                                        5, 4, 3,
                                                                        2, 1]},
                                                   n_jobs=1)],
                    regressor=DecisionTreeRegressor(random_state=123), sp=14,
                    window_length=14)
2025-07-10 18:20:19,091:INFO:create_model() successfully completed......................................
2025-07-10 18:20:19,187:INFO:SubProcess create_model() end ==================================
2025-07-10 18:20:19,187:INFO:Creating metrics dataframe
2025-07-10 18:20:19,194:INFO:Initializing Random Forest w/ Cond. Deseasonalize & Detrending
2025-07-10 18:20:19,194:INFO:Total runtime is 2.711318989594777 minutes
2025-07-10 18:20:19,196:INFO:SubProcess create_model() called ==================================
2025-07-10 18:20:19,197:INFO:Initializing create_model()
2025-07-10 18:20:19,197:INFO:create_model(self=<pycaret.time_series.forecasting.oop.TSForecastingExperiment object at 0x7fc3c134a1a0>, estimator=rf_cds_dt, fold=None, round=4, cross_validation=True, predict=True, fit_kwargs={}, groups=None, refit=False, probability_threshold=None, experiment_custom_tags=None, verbose=False, system=False, add_to_model_list=True, metrics=None, display=<pycaret.internal.display.display.CommonDisplay object at 0x7fc3c13866e0>, model_only=True, return_train_score=False, error_score=0.0, kwargs={})
2025-07-10 18:20:19,197:INFO:Checking exceptions
2025-07-10 18:20:19,197:INFO:Importing libraries
2025-07-10 18:20:19,197:INFO:Copying training dataset
2025-07-10 18:20:19,199:INFO:Defining folds
2025-07-10 18:20:19,199:INFO:Declaring metric variables
2025-07-10 18:20:19,202:INFO:Importing untrained model
2025-07-10 18:20:19,206:INFO:Random Forest w/ Cond. Deseasonalize & Detrending Imported successfully
2025-07-10 18:20:19,211:INFO:Starting cross validation
2025-07-10 18:20:19,213:INFO:Cross validating with SlidingWindowSplitter(fh=ForecastingHorizon([1, 2, 3, 4, 5, 6, 7, 8, 9, 10, 11, 12, 13, 14], dtype='int64', is_relative=True),
                      step_length=14, window_length=1488), n_jobs=-1
2025-07-10 18:20:20,300:WARNING:/home/leon/.conda/envs/bd_inv_predict/lib/python3.10/site-packages/sklearn/metrics/_regression.py:483: FutureWarning: 'squared' is deprecated in version 1.4 and will be removed in 1.6. To calculate the root mean squared error, use the function'root_mean_squared_error'.
  warnings.warn(

2025-07-10 18:20:20,300:WARNING:/home/leon/.conda/envs/bd_inv_predict/lib/python3.10/site-packages/sklearn/metrics/_regression.py:483: FutureWarning: 'squared' is deprecated in version 1.4 and will be removed in 1.6. To calculate the root mean squared error, use the function'root_mean_squared_error'.
  warnings.warn(

2025-07-10 18:20:20,306:WARNING:/home/leon/.conda/envs/bd_inv_predict/lib/python3.10/site-packages/sklearn/metrics/_regression.py:483: FutureWarning: 'squared' is deprecated in version 1.4 and will be removed in 1.6. To calculate the root mean squared error, use the function'root_mean_squared_error'.
  warnings.warn(

2025-07-10 18:20:20,306:WARNING:/home/leon/.conda/envs/bd_inv_predict/lib/python3.10/site-packages/sklearn/metrics/_regression.py:483: FutureWarning: 'squared' is deprecated in version 1.4 and will be removed in 1.6. To calculate the root mean squared error, use the function'root_mean_squared_error'.
  warnings.warn(

2025-07-10 18:20:20,318:INFO:Calculating mean and std
2025-07-10 18:20:20,319:INFO:Creating metrics dataframe
2025-07-10 18:20:20,320:WARNING:/home/leon/.conda/envs/bd_inv_predict/lib/python3.10/site-packages/pycaret/time_series/forecasting/oop.py:2694: FutureWarning: The behavior of DataFrame concatenation with empty or all-NA entries is deprecated. In a future version, this will no longer exclude empty or all-NA columns when determining the result dtypes. To retain the old behavior, exclude the relevant entries before the concat operation.
  model_results = pd.concat((model_results, model_avgs), axis=0)

2025-07-10 18:20:20,322:INFO:Uploading results into container
2025-07-10 18:20:20,322:INFO:Uploading model into container now
2025-07-10 18:20:20,322:INFO:_master_model_container: 14
2025-07-10 18:20:20,322:INFO:_display_container: 2
2025-07-10 18:20:20,324:INFO:BaseCdsDtForecaster(fe_target_rr=[WindowSummarizer(lag_feature={'lag': [14, 13,
                                                                        12, 11,
                                                                        10, 9,
                                                                        8, 7, 6,
                                                                        5, 4, 3,
                                                                        2, 1]},
                                                   n_jobs=1)],
                    regressor=RandomForestRegressor(n_jobs=-1, random_state=123),
                    sp=14, window_length=14)
2025-07-10 18:20:20,324:INFO:create_model() successfully completed......................................
2025-07-10 18:20:20,420:INFO:SubProcess create_model() end ==================================
2025-07-10 18:20:20,420:INFO:Creating metrics dataframe
2025-07-10 18:20:20,428:INFO:Initializing Extra Trees w/ Cond. Deseasonalize & Detrending
2025-07-10 18:20:20,429:INFO:Total runtime is 2.731887686252594 minutes
2025-07-10 18:20:20,431:INFO:SubProcess create_model() called ==================================
2025-07-10 18:20:20,431:INFO:Initializing create_model()
2025-07-10 18:20:20,431:INFO:create_model(self=<pycaret.time_series.forecasting.oop.TSForecastingExperiment object at 0x7fc3c134a1a0>, estimator=et_cds_dt, fold=None, round=4, cross_validation=True, predict=True, fit_kwargs={}, groups=None, refit=False, probability_threshold=None, experiment_custom_tags=None, verbose=False, system=False, add_to_model_list=True, metrics=None, display=<pycaret.internal.display.display.CommonDisplay object at 0x7fc3c13866e0>, model_only=True, return_train_score=False, error_score=0.0, kwargs={})
2025-07-10 18:20:20,431:INFO:Checking exceptions
2025-07-10 18:20:20,431:INFO:Importing libraries
2025-07-10 18:20:20,431:INFO:Copying training dataset
2025-07-10 18:20:20,434:INFO:Defining folds
2025-07-10 18:20:20,434:INFO:Declaring metric variables
2025-07-10 18:20:20,436:INFO:Importing untrained model
2025-07-10 18:20:20,439:INFO:Extra Trees w/ Cond. Deseasonalize & Detrending Imported successfully
2025-07-10 18:20:20,447:INFO:Starting cross validation
2025-07-10 18:20:20,448:INFO:Cross validating with SlidingWindowSplitter(fh=ForecastingHorizon([1, 2, 3, 4, 5, 6, 7, 8, 9, 10, 11, 12, 13, 14], dtype='int64', is_relative=True),
                      step_length=14, window_length=1488), n_jobs=-1
2025-07-10 18:20:21,224:WARNING:/home/leon/.conda/envs/bd_inv_predict/lib/python3.10/site-packages/sklearn/metrics/_regression.py:483: FutureWarning: 'squared' is deprecated in version 1.4 and will be removed in 1.6. To calculate the root mean squared error, use the function'root_mean_squared_error'.
  warnings.warn(

2025-07-10 18:20:21,224:WARNING:/home/leon/.conda/envs/bd_inv_predict/lib/python3.10/site-packages/sklearn/metrics/_regression.py:483: FutureWarning: 'squared' is deprecated in version 1.4 and will be removed in 1.6. To calculate the root mean squared error, use the function'root_mean_squared_error'.
  warnings.warn(

2025-07-10 18:20:21,242:WARNING:/home/leon/.conda/envs/bd_inv_predict/lib/python3.10/site-packages/sklearn/metrics/_regression.py:483: FutureWarning: 'squared' is deprecated in version 1.4 and will be removed in 1.6. To calculate the root mean squared error, use the function'root_mean_squared_error'.
  warnings.warn(

2025-07-10 18:20:21,243:WARNING:/home/leon/.conda/envs/bd_inv_predict/lib/python3.10/site-packages/sklearn/metrics/_regression.py:483: FutureWarning: 'squared' is deprecated in version 1.4 and will be removed in 1.6. To calculate the root mean squared error, use the function'root_mean_squared_error'.
  warnings.warn(

2025-07-10 18:20:21,257:INFO:Calculating mean and std
2025-07-10 18:20:21,258:INFO:Creating metrics dataframe
2025-07-10 18:20:21,260:WARNING:/home/leon/.conda/envs/bd_inv_predict/lib/python3.10/site-packages/pycaret/time_series/forecasting/oop.py:2694: FutureWarning: The behavior of DataFrame concatenation with empty or all-NA entries is deprecated. In a future version, this will no longer exclude empty or all-NA columns when determining the result dtypes. To retain the old behavior, exclude the relevant entries before the concat operation.
  model_results = pd.concat((model_results, model_avgs), axis=0)

2025-07-10 18:20:21,261:INFO:Uploading results into container
2025-07-10 18:20:21,261:INFO:Uploading model into container now
2025-07-10 18:20:21,262:INFO:_master_model_container: 15
2025-07-10 18:20:21,262:INFO:_display_container: 2
2025-07-10 18:20:21,264:INFO:BaseCdsDtForecaster(fe_target_rr=[WindowSummarizer(lag_feature={'lag': [14, 13,
                                                                        12, 11,
                                                                        10, 9,
                                                                        8, 7, 6,
                                                                        5, 4, 3,
                                                                        2, 1]},
                                                   n_jobs=1)],
                    regressor=ExtraTreesRegressor(n_jobs=-1, random_state=123),
                    sp=14, window_length=14)
2025-07-10 18:20:21,264:INFO:create_model() successfully completed......................................
2025-07-10 18:20:21,358:INFO:SubProcess create_model() end ==================================
2025-07-10 18:20:21,358:INFO:Creating metrics dataframe
2025-07-10 18:20:21,365:INFO:Initializing Gradient Boosting w/ Cond. Deseasonalize & Detrending
2025-07-10 18:20:21,366:INFO:Total runtime is 2.7475050926208495 minutes
2025-07-10 18:20:21,368:INFO:SubProcess create_model() called ==================================
2025-07-10 18:20:21,368:INFO:Initializing create_model()
2025-07-10 18:20:21,368:INFO:create_model(self=<pycaret.time_series.forecasting.oop.TSForecastingExperiment object at 0x7fc3c134a1a0>, estimator=gbr_cds_dt, fold=None, round=4, cross_validation=True, predict=True, fit_kwargs={}, groups=None, refit=False, probability_threshold=None, experiment_custom_tags=None, verbose=False, system=False, add_to_model_list=True, metrics=None, display=<pycaret.internal.display.display.CommonDisplay object at 0x7fc3c13866e0>, model_only=True, return_train_score=False, error_score=0.0, kwargs={})
2025-07-10 18:20:21,368:INFO:Checking exceptions
2025-07-10 18:20:21,368:INFO:Importing libraries
2025-07-10 18:20:21,368:INFO:Copying training dataset
2025-07-10 18:20:21,371:INFO:Defining folds
2025-07-10 18:20:21,371:INFO:Declaring metric variables
2025-07-10 18:20:21,373:INFO:Importing untrained model
2025-07-10 18:20:21,377:INFO:Gradient Boosting w/ Cond. Deseasonalize & Detrending Imported successfully
2025-07-10 18:20:21,383:INFO:Starting cross validation
2025-07-10 18:20:21,384:INFO:Cross validating with SlidingWindowSplitter(fh=ForecastingHorizon([1, 2, 3, 4, 5, 6, 7, 8, 9, 10, 11, 12, 13, 14], dtype='int64', is_relative=True),
                      step_length=14, window_length=1488), n_jobs=-1
2025-07-10 18:20:22,436:WARNING:/home/leon/.conda/envs/bd_inv_predict/lib/python3.10/site-packages/sklearn/metrics/_regression.py:483: FutureWarning: 'squared' is deprecated in version 1.4 and will be removed in 1.6. To calculate the root mean squared error, use the function'root_mean_squared_error'.
  warnings.warn(

2025-07-10 18:20:22,437:WARNING:/home/leon/.conda/envs/bd_inv_predict/lib/python3.10/site-packages/sklearn/metrics/_regression.py:483: FutureWarning: 'squared' is deprecated in version 1.4 and will be removed in 1.6. To calculate the root mean squared error, use the function'root_mean_squared_error'.
  warnings.warn(

2025-07-10 18:20:22,442:WARNING:/home/leon/.conda/envs/bd_inv_predict/lib/python3.10/site-packages/sklearn/metrics/_regression.py:483: FutureWarning: 'squared' is deprecated in version 1.4 and will be removed in 1.6. To calculate the root mean squared error, use the function'root_mean_squared_error'.
  warnings.warn(

2025-07-10 18:20:22,442:WARNING:/home/leon/.conda/envs/bd_inv_predict/lib/python3.10/site-packages/sklearn/metrics/_regression.py:483: FutureWarning: 'squared' is deprecated in version 1.4 and will be removed in 1.6. To calculate the root mean squared error, use the function'root_mean_squared_error'.
  warnings.warn(

2025-07-10 18:20:22,448:INFO:Calculating mean and std
2025-07-10 18:20:22,448:INFO:Creating metrics dataframe
2025-07-10 18:20:22,451:WARNING:/home/leon/.conda/envs/bd_inv_predict/lib/python3.10/site-packages/pycaret/time_series/forecasting/oop.py:2694: FutureWarning: The behavior of DataFrame concatenation with empty or all-NA entries is deprecated. In a future version, this will no longer exclude empty or all-NA columns when determining the result dtypes. To retain the old behavior, exclude the relevant entries before the concat operation.
  model_results = pd.concat((model_results, model_avgs), axis=0)

2025-07-10 18:20:22,453:INFO:Uploading results into container
2025-07-10 18:20:22,453:INFO:Uploading model into container now
2025-07-10 18:20:22,453:INFO:_master_model_container: 16
2025-07-10 18:20:22,454:INFO:_display_container: 2
2025-07-10 18:20:22,455:INFO:BaseCdsDtForecaster(fe_target_rr=[WindowSummarizer(lag_feature={'lag': [14, 13,
                                                                        12, 11,
                                                                        10, 9,
                                                                        8, 7, 6,
                                                                        5, 4, 3,
                                                                        2, 1]},
                                                   n_jobs=1)],
                    regressor=GradientBoostingRegressor(random_state=123),
                    sp=14, window_length=14)
2025-07-10 18:20:22,455:INFO:create_model() successfully completed......................................
2025-07-10 18:20:22,575:INFO:SubProcess create_model() end ==================================
2025-07-10 18:20:22,575:INFO:Creating metrics dataframe
2025-07-10 18:20:22,587:INFO:Initializing AdaBoost w/ Cond. Deseasonalize & Detrending
2025-07-10 18:20:22,588:INFO:Total runtime is 2.767872480551402 minutes
2025-07-10 18:20:22,592:INFO:SubProcess create_model() called ==================================
2025-07-10 18:20:22,592:INFO:Initializing create_model()
2025-07-10 18:20:22,592:INFO:create_model(self=<pycaret.time_series.forecasting.oop.TSForecastingExperiment object at 0x7fc3c134a1a0>, estimator=ada_cds_dt, fold=None, round=4, cross_validation=True, predict=True, fit_kwargs={}, groups=None, refit=False, probability_threshold=None, experiment_custom_tags=None, verbose=False, system=False, add_to_model_list=True, metrics=None, display=<pycaret.internal.display.display.CommonDisplay object at 0x7fc3c13866e0>, model_only=True, return_train_score=False, error_score=0.0, kwargs={})
2025-07-10 18:20:22,592:INFO:Checking exceptions
2025-07-10 18:20:22,592:INFO:Importing libraries
2025-07-10 18:20:22,592:INFO:Copying training dataset
2025-07-10 18:20:22,596:INFO:Defining folds
2025-07-10 18:20:22,596:INFO:Declaring metric variables
2025-07-10 18:20:22,599:INFO:Importing untrained model
2025-07-10 18:20:22,604:INFO:AdaBoost w/ Cond. Deseasonalize & Detrending Imported successfully
2025-07-10 18:20:22,610:INFO:Starting cross validation
2025-07-10 18:20:22,611:INFO:Cross validating with SlidingWindowSplitter(fh=ForecastingHorizon([1, 2, 3, 4, 5, 6, 7, 8, 9, 10, 11, 12, 13, 14], dtype='int64', is_relative=True),
                      step_length=14, window_length=1488), n_jobs=-1
2025-07-10 18:20:23,244:WARNING:/home/leon/.conda/envs/bd_inv_predict/lib/python3.10/site-packages/sklearn/metrics/_regression.py:483: FutureWarning: 'squared' is deprecated in version 1.4 and will be removed in 1.6. To calculate the root mean squared error, use the function'root_mean_squared_error'.
  warnings.warn(

2025-07-10 18:20:23,245:WARNING:/home/leon/.conda/envs/bd_inv_predict/lib/python3.10/site-packages/sklearn/metrics/_regression.py:483: FutureWarning: 'squared' is deprecated in version 1.4 and will be removed in 1.6. To calculate the root mean squared error, use the function'root_mean_squared_error'.
  warnings.warn(

2025-07-10 18:20:23,255:WARNING:/home/leon/.conda/envs/bd_inv_predict/lib/python3.10/site-packages/sklearn/metrics/_regression.py:483: FutureWarning: 'squared' is deprecated in version 1.4 and will be removed in 1.6. To calculate the root mean squared error, use the function'root_mean_squared_error'.
  warnings.warn(

2025-07-10 18:20:23,255:WARNING:/home/leon/.conda/envs/bd_inv_predict/lib/python3.10/site-packages/sklearn/metrics/_regression.py:483: FutureWarning: 'squared' is deprecated in version 1.4 and will be removed in 1.6. To calculate the root mean squared error, use the function'root_mean_squared_error'.
  warnings.warn(

2025-07-10 18:20:23,265:INFO:Calculating mean and std
2025-07-10 18:20:23,265:INFO:Creating metrics dataframe
2025-07-10 18:20:23,267:WARNING:/home/leon/.conda/envs/bd_inv_predict/lib/python3.10/site-packages/pycaret/time_series/forecasting/oop.py:2694: FutureWarning: The behavior of DataFrame concatenation with empty or all-NA entries is deprecated. In a future version, this will no longer exclude empty or all-NA columns when determining the result dtypes. To retain the old behavior, exclude the relevant entries before the concat operation.
  model_results = pd.concat((model_results, model_avgs), axis=0)

2025-07-10 18:20:23,270:INFO:Uploading results into container
2025-07-10 18:20:23,270:INFO:Uploading model into container now
2025-07-10 18:20:23,270:INFO:_master_model_container: 17
2025-07-10 18:20:23,270:INFO:_display_container: 2
2025-07-10 18:20:23,272:INFO:BaseCdsDtForecaster(fe_target_rr=[WindowSummarizer(lag_feature={'lag': [14, 13,
                                                                        12, 11,
                                                                        10, 9,
                                                                        8, 7, 6,
                                                                        5, 4, 3,
                                                                        2, 1]},
                                                   n_jobs=1)],
                    regressor=AdaBoostRegressor(random_state=123), sp=14,
                    window_length=14)
2025-07-10 18:20:23,273:INFO:create_model() successfully completed......................................
2025-07-10 18:20:23,366:INFO:SubProcess create_model() end ==================================
2025-07-10 18:20:23,366:INFO:Creating metrics dataframe
2025-07-10 18:20:23,374:INFO:Initializing Light Gradient Boosting w/ Cond. Deseasonalize & Detrending
2025-07-10 18:20:23,374:INFO:Total runtime is 2.7809813817342124 minutes
2025-07-10 18:20:23,377:INFO:SubProcess create_model() called ==================================
2025-07-10 18:20:23,377:INFO:Initializing create_model()
2025-07-10 18:20:23,377:INFO:create_model(self=<pycaret.time_series.forecasting.oop.TSForecastingExperiment object at 0x7fc3c134a1a0>, estimator=lightgbm_cds_dt, fold=None, round=4, cross_validation=True, predict=True, fit_kwargs={}, groups=None, refit=False, probability_threshold=None, experiment_custom_tags=None, verbose=False, system=False, add_to_model_list=True, metrics=None, display=<pycaret.internal.display.display.CommonDisplay object at 0x7fc3c13866e0>, model_only=True, return_train_score=False, error_score=0.0, kwargs={})
2025-07-10 18:20:23,377:INFO:Checking exceptions
2025-07-10 18:20:23,377:INFO:Importing libraries
2025-07-10 18:20:23,377:INFO:Copying training dataset
2025-07-10 18:20:23,380:INFO:Defining folds
2025-07-10 18:20:23,380:INFO:Declaring metric variables
2025-07-10 18:20:23,382:INFO:Importing untrained model
2025-07-10 18:20:23,386:INFO:Light Gradient Boosting w/ Cond. Deseasonalize & Detrending Imported successfully
2025-07-10 18:20:23,394:INFO:Starting cross validation
2025-07-10 18:20:23,395:INFO:Cross validating with SlidingWindowSplitter(fh=ForecastingHorizon([1, 2, 3, 4, 5, 6, 7, 8, 9, 10, 11, 12, 13, 14], dtype='int64', is_relative=True),
                      step_length=14, window_length=1488), n_jobs=-1
2025-07-10 18:23:18,503:WARNING:/home/leon/.conda/envs/bd_inv_predict/lib/python3.10/site-packages/sklearn/metrics/_regression.py:483: FutureWarning: 'squared' is deprecated in version 1.4 and will be removed in 1.6. To calculate the root mean squared error, use the function'root_mean_squared_error'.
  warnings.warn(

2025-07-10 18:23:18,504:WARNING:/home/leon/.conda/envs/bd_inv_predict/lib/python3.10/site-packages/sklearn/metrics/_regression.py:483: FutureWarning: 'squared' is deprecated in version 1.4 and will be removed in 1.6. To calculate the root mean squared error, use the function'root_mean_squared_error'.
  warnings.warn(

2025-07-10 18:23:18,593:WARNING:/home/leon/.conda/envs/bd_inv_predict/lib/python3.10/site-packages/sklearn/metrics/_regression.py:483: FutureWarning: 'squared' is deprecated in version 1.4 and will be removed in 1.6. To calculate the root mean squared error, use the function'root_mean_squared_error'.
  warnings.warn(

2025-07-10 18:23:18,594:WARNING:/home/leon/.conda/envs/bd_inv_predict/lib/python3.10/site-packages/sklearn/metrics/_regression.py:483: FutureWarning: 'squared' is deprecated in version 1.4 and will be removed in 1.6. To calculate the root mean squared error, use the function'root_mean_squared_error'.
  warnings.warn(

2025-07-10 18:23:18,598:INFO:Calculating mean and std
2025-07-10 18:23:18,599:INFO:Creating metrics dataframe
2025-07-10 18:23:18,600:WARNING:/home/leon/.conda/envs/bd_inv_predict/lib/python3.10/site-packages/pycaret/time_series/forecasting/oop.py:2694: FutureWarning: The behavior of DataFrame concatenation with empty or all-NA entries is deprecated. In a future version, this will no longer exclude empty or all-NA columns when determining the result dtypes. To retain the old behavior, exclude the relevant entries before the concat operation.
  model_results = pd.concat((model_results, model_avgs), axis=0)

2025-07-10 18:23:18,602:INFO:Uploading results into container
2025-07-10 18:23:18,602:INFO:Uploading model into container now
2025-07-10 18:23:18,602:INFO:_master_model_container: 18
2025-07-10 18:23:18,602:INFO:_display_container: 2
2025-07-10 18:23:18,604:INFO:BaseCdsDtForecaster(fe_target_rr=[WindowSummarizer(lag_feature={'lag': [14, 13,
                                                                        12, 11,
                                                                        10, 9,
                                                                        8, 7, 6,
                                                                        5, 4, 3,
                                                                        2, 1]},
                                                   n_jobs=1)],
                    regressor=LGBMRegressor(n_jobs=-1, random_state=123), sp=14,
                    window_length=14)
2025-07-10 18:23:18,604:INFO:create_model() successfully completed......................................
2025-07-10 18:23:18,697:INFO:SubProcess create_model() end ==================================
2025-07-10 18:23:18,697:INFO:Creating metrics dataframe
2025-07-10 18:23:18,707:WARNING:/home/leon/.conda/envs/bd_inv_predict/lib/python3.10/site-packages/pycaret/internal/pycaret_experiment/supervised_experiment.py:323: FutureWarning: Styler.applymap has been deprecated. Use Styler.map instead.
  master_display_.apply(

2025-07-10 18:23:18,714:INFO:Initializing create_model()
2025-07-10 18:23:18,714:INFO:create_model(self=<pycaret.time_series.forecasting.oop.TSForecastingExperiment object at 0x7fc3c134a1a0>, estimator=AutoARIMA(random_state=123, sp=14, suppress_warnings=True), fold=None, round=4, cross_validation=False, predict=False, fit_kwargs={}, groups=None, refit=True, probability_threshold=None, experiment_custom_tags=None, verbose=False, system=False, add_to_model_list=True, metrics=None, display=None, model_only=True, return_train_score=False, error_score=0.0, kwargs={})
2025-07-10 18:23:18,714:INFO:Checking exceptions
2025-07-10 18:23:18,716:INFO:Importing libraries
2025-07-10 18:23:18,716:INFO:Copying training dataset
2025-07-10 18:23:18,718:INFO:Defining folds
2025-07-10 18:23:18,718:INFO:Declaring metric variables
2025-07-10 18:23:18,718:INFO:Importing untrained model
2025-07-10 18:23:18,718:INFO:Declaring custom model
2025-07-10 18:23:18,719:INFO:Auto ARIMA Imported successfully
2025-07-10 18:23:18,719:INFO:Cross validation set to False
2025-07-10 18:23:18,719:INFO:Fitting Model
2025-07-10 18:26:19,652:INFO:PyCaret TSForecastingExperiment
2025-07-10 18:26:19,652:INFO:Logging name: ts-default-name
2025-07-10 18:26:19,652:INFO:ML Usecase: MLUsecase.TIME_SERIES
2025-07-10 18:26:19,652:INFO:version 3.3.2
2025-07-10 18:26:19,652:INFO:Initializing setup()
2025-07-10 18:26:19,652:INFO:self.USI: f8f4
2025-07-10 18:26:19,652:INFO:self._variable_keys: {'approach_type', 'log_plots_param', 'fold_param', 'enforce_pi', 'y_train_transformed', 'pipeline', 'X_test', 'y_test_transformed', '_ml_usecase', 'fh', 'html_param', 'idx', 'seasonality_present', 'model_engines', 'logging_param', 'seed', 'X_train', 'exogenous_present', 'USI', '_available_plots', 'significant_sps', 'y', 'strictly_positive', 'all_sps_to_use', 'exp_name_log', 'X_train_transformed', 'gpu_param', 'gpu_n_jobs_param', 'fold_generator', 'candidate_sps', 'X', 'X_test_transformed', 'enforce_exogenous', 'data', 'index_type', 'memory', 'y_train', 'significant_sps_no_harmonics', 'X_transformed', 'y_transformed', 'y_test', 'primary_sp_to_use', 'exp_id', 'n_jobs_param'}
2025-07-10 18:26:19,652:INFO:Checking environment
2025-07-10 18:26:19,652:INFO:python_version: 3.10.18
2025-07-10 18:26:19,652:INFO:python_build: ('main', 'Jun  5 2025 13:14:17')
2025-07-10 18:26:19,652:INFO:machine: x86_64
2025-07-10 18:26:19,652:INFO:platform: Linux-6.12.34-1-MANJARO-x86_64-with-glibc2.41
2025-07-10 18:26:19,652:INFO:Memory: svmem(total=24909271040, available=11858321408, percent=52.4, used=10498351104, free=4407300096, active=12713086976, inactive=4924592128, buffers=334843904, cached=9668775936, shared=2138906624, slab=983379968)
2025-07-10 18:26:19,653:INFO:Physical Core: 6
2025-07-10 18:26:19,653:INFO:Logical Core: 12
2025-07-10 18:26:19,653:INFO:Checking libraries
2025-07-10 18:26:19,653:INFO:System:
2025-07-10 18:26:19,653:INFO:    python: 3.10.18 (main, Jun  5 2025, 13:14:17) [GCC 11.2.0]
2025-07-10 18:26:19,653:INFO:executable: /home/leon/.conda/envs/bd_inv_predict/bin/python
2025-07-10 18:26:19,653:INFO:   machine: Linux-6.12.34-1-MANJARO-x86_64-with-glibc2.41
2025-07-10 18:26:19,653:INFO:PyCaret required dependencies:
2025-07-10 18:26:19,653:INFO:                 pip: 25.1
2025-07-10 18:26:19,653:INFO:          setuptools: 78.1.1
2025-07-10 18:26:19,653:INFO:             pycaret: 3.3.2
2025-07-10 18:26:19,653:INFO:             IPython: 8.30.0
2025-07-10 18:26:19,653:INFO:          ipywidgets: 8.1.5
2025-07-10 18:26:19,653:INFO:                tqdm: 4.67.1
2025-07-10 18:26:19,653:INFO:               numpy: 1.26.4
2025-07-10 18:26:19,653:INFO:              pandas: 2.1.4
2025-07-10 18:26:19,653:INFO:              jinja2: 3.1.6
2025-07-10 18:26:19,653:INFO:               scipy: 1.11.4
2025-07-10 18:26:19,653:INFO:              joblib: 1.3.2
2025-07-10 18:26:19,653:INFO:             sklearn: 1.4.2
2025-07-10 18:26:19,653:INFO:                pyod: 2.0.5
2025-07-10 18:26:19,653:INFO:            imblearn: 0.13.0
2025-07-10 18:26:19,653:INFO:   category_encoders: 2.7.0
2025-07-10 18:26:19,653:INFO:            lightgbm: 4.6.0
2025-07-10 18:26:19,653:INFO:               numba: 0.61.2
2025-07-10 18:26:19,653:INFO:            requests: 2.32.4
2025-07-10 18:26:19,653:INFO:          matplotlib: 3.7.5
2025-07-10 18:26:19,653:INFO:          scikitplot: 0.3.7
2025-07-10 18:26:19,653:INFO:         yellowbrick: 1.5
2025-07-10 18:26:19,653:INFO:              plotly: 5.24.1
2025-07-10 18:26:19,653:INFO:    plotly-resampler: Not installed
2025-07-10 18:26:19,653:INFO:             kaleido: 1.0.0
2025-07-10 18:26:19,653:INFO:           schemdraw: 0.15
2025-07-10 18:26:19,653:INFO:         statsmodels: 0.14.5
2025-07-10 18:26:19,653:INFO:              sktime: 0.26.0
2025-07-10 18:26:19,653:INFO:               tbats: 1.1.3
2025-07-10 18:26:19,653:INFO:            pmdarima: 2.0.4
2025-07-10 18:26:19,653:INFO:              psutil: 5.9.0
2025-07-10 18:26:19,653:INFO:          markupsafe: 3.0.2
2025-07-10 18:26:19,653:INFO:             pickle5: Not installed
2025-07-10 18:26:19,653:INFO:         cloudpickle: 3.1.1
2025-07-10 18:26:19,653:INFO:         deprecation: 2.1.0
2025-07-10 18:26:19,653:INFO:              xxhash: 3.5.0
2025-07-10 18:26:19,654:INFO:           wurlitzer: 3.1.1
2025-07-10 18:26:19,654:INFO:PyCaret optional dependencies:
2025-07-10 18:26:19,654:INFO:                shap: Not installed
2025-07-10 18:26:19,654:INFO:           interpret: Not installed
2025-07-10 18:26:19,654:INFO:                umap: Not installed
2025-07-10 18:26:19,654:INFO:     ydata_profiling: Not installed
2025-07-10 18:26:19,654:INFO:  explainerdashboard: Not installed
2025-07-10 18:26:19,654:INFO:             autoviz: Not installed
2025-07-10 18:26:19,654:INFO:           fairlearn: Not installed
2025-07-10 18:26:19,654:INFO:          deepchecks: Not installed
2025-07-10 18:26:19,654:INFO:             xgboost: Not installed
2025-07-10 18:26:19,654:INFO:            catboost: Not installed
2025-07-10 18:26:19,654:INFO:              kmodes: Not installed
2025-07-10 18:26:19,654:INFO:             mlxtend: Not installed
2025-07-10 18:26:19,654:INFO:       statsforecast: Not installed
2025-07-10 18:26:19,654:INFO:        tune_sklearn: Not installed
2025-07-10 18:26:19,654:INFO:                 ray: Not installed
2025-07-10 18:26:19,654:INFO:            hyperopt: Not installed
2025-07-10 18:26:19,654:INFO:              optuna: Not installed
2025-07-10 18:26:19,654:INFO:               skopt: Not installed
2025-07-10 18:26:19,654:INFO:              mlflow: Not installed
2025-07-10 18:26:19,654:INFO:              gradio: Not installed
2025-07-10 18:26:19,654:INFO:             fastapi: Not installed
2025-07-10 18:26:19,654:INFO:             uvicorn: Not installed
2025-07-10 18:26:19,654:INFO:              m2cgen: Not installed
2025-07-10 18:26:19,654:INFO:           evidently: Not installed
2025-07-10 18:26:19,654:INFO:               fugue: Not installed
2025-07-10 18:26:19,654:INFO:           streamlit: Not installed
2025-07-10 18:26:19,654:INFO:             prophet: Not installed
2025-07-10 18:26:19,654:INFO:None
2025-07-10 18:26:19,659:INFO:Set Forecast Horizon.
2025-07-10 18:26:19,660:INFO:Set up Train-Test Splits.
2025-07-10 18:26:19,665:INFO:Preparing preprocessing pipeline...
2025-07-10 18:26:19,665:INFO:Set up imputation for Target variable(s).
2025-07-10 18:26:19,726:INFO:Finished creating preprocessing pipeline.
2025-07-10 18:26:19,731:INFO:Pipeline: ForecastingPipeline(steps=[('forecaster',
                            TransformedTargetForecaster(steps=[('transformer_target',
                                                                TransformerPipeline(steps=[('numerical_imputer',
                                                                                            Imputer(method='linear',
                                                                                                    random_state=123))])),
                                                               ('model',
                                                                DummyForecaster())]))])
2025-07-10 18:26:19,731:INFO:Set up Seasonal Period.
2025-07-10 18:26:19,740:INFO:Setting the seasonal component type - 'add' or 'mul'.
2025-07-10 18:26:19,740:INFO:Checking if data is strictly positive.
2025-07-10 18:26:19,762:INFO:Creating final display dataframe.
2025-07-10 18:26:19,772:INFO:Setup Display Container:                                           Description  \
0                                          session_id   
1                                              Target   
2                                            Approach   
3                                 Exogenous Variables   
4                                 Original data shape   
5                              Transformed data shape   
6                         Transformed train set shape   
7                          Transformed test set shape   
8                            Rows with missing values   
9                                      Fold Generator   
10                                        Fold Number   
11                        Enforce Prediction Interval   
12                    Splits used for hyperparameters   
13                    User Defined Seasonal Period(s)   
14                            Ignore Seasonality Test   
15                         Seasonality Detection Algo   
16                             Max Period to Consider   
17                          Seasonal Period(s) Tested   
18                     Significant Seasonal Period(s)   
19   Significant Seasonal Period(s) without Harmonics   
20                                   Remove Harmonics   
21                             Harmonics Order Method   
22                           Num Seasonalities to Use   
23                           All Seasonalities to Use   
24                                Primary Seasonality   
25                                Seasonality Present   
26                                   Seasonality Type   
27                           Target Strictly Positive   
28                                 Target White Noise   
29                                      Recommended d   
30                             Recommended Seasonal D   
31                                         Preprocess   
32                      Numerical Imputation (Target)   
33                            Transformation (Target)   
34                                   Scaling (Target)   
35  Feature Engineering (Target) - Reduced Regression   
36                   Numerical Imputation (Exogenous)   
37                         Transformation (Exogenous)   
38                                Scaling (Exogenous)   
39                                           CPU Jobs   
40                                            Use GPU   
41                                     Log Experiment   
42                                    Experiment Name   
43                                                USI   

                                                Value  
0                                                 123  
1                             FOODS_3_586_amount_sold  
2                                          Univariate  
3                                             Present  
4                                          (1530, 11)  
5                                          (1530, 11)  
6                                          (1516, 11)  
7                                            (14, 11)  
8                                                0.0%  
9                               SlidingWindowSplitter  
10                                                  2  
11                                              False  
12                                                all  
13                                               None  
14                                              False  
15                                               auto  
16                                                 60  
17  [14, 28, 35, 49, 56, 21, 42, 7, 8, 6, 41, 20, ...  
18  [14, 28, 35, 49, 56, 21, 42, 7, 8, 6, 41, 20, ...  
19                   [56, 35, 49, 42, 41, 20, 50, 29]  
20                                              False  
21                                       harmonic_max  
22                                                  1  
23                                               [14]  
24                                                 14  
25                                               True  
26                                                add  
27                                              False  
28                                                 No  
29                                                  1  
30                                                  0  
31                                               True  
32                                             linear  
33                                               None  
34                                               None  
35                                              False  
36                                               None  
37                                               None  
38                                               None  
39                                                 -1  
40                                              False  
41                                              False  
42                                    ts-default-name  
43                                               f8f4  
2025-07-10 18:26:19,777:INFO:Engine successfully changes for model 'auto_arima' to 'pmdarima'.
2025-07-10 18:26:19,780:WARNING:
'prophet' is a soft dependency and not included in the pycaret installation. Please run: `pip install prophet` to install.
2025-07-10 18:26:19,780:INFO:Engine for model 'lr_cds_dt' has not been set explicitly, hence returning None.
2025-07-10 18:26:19,780:INFO:Engine for model 'en_cds_dt' has not been set explicitly, hence returning None.
2025-07-10 18:26:19,780:INFO:Engine for model 'ridge_cds_dt' has not been set explicitly, hence returning None.
2025-07-10 18:26:19,781:INFO:Engine for model 'lasso_cds_dt' has not been set explicitly, hence returning None.
2025-07-10 18:26:19,781:INFO:Engine for model 'llar_cds_dt' has not been set explicitly, hence returning None.
2025-07-10 18:26:19,781:INFO:Engine for model 'br_cds_dt' has not been set explicitly, hence returning None.
2025-07-10 18:26:19,782:INFO:Engine for model 'huber_cds_dt' has not been set explicitly, hence returning None.
2025-07-10 18:26:19,784:INFO:Engine for model 'omp_cds_dt' has not been set explicitly, hence returning None.
2025-07-10 18:26:19,786:INFO:Engine for model 'knn_cds_dt' has not been set explicitly, hence returning None.
2025-07-10 18:26:19,786:INFO:Engine for model 'dt_cds_dt' has not been set explicitly, hence returning None.
2025-07-10 18:26:19,786:INFO:Engine for model 'rf_cds_dt' has not been set explicitly, hence returning None.
2025-07-10 18:26:19,787:INFO:Engine for model 'et_cds_dt' has not been set explicitly, hence returning None.
2025-07-10 18:26:19,787:INFO:Engine for model 'gbr_cds_dt' has not been set explicitly, hence returning None.
2025-07-10 18:26:19,787:INFO:Engine for model 'ada_cds_dt' has not been set explicitly, hence returning None.
2025-07-10 18:26:19,787:INFO:Engine for model 'xgboost_cds_dt' has not been set explicitly, hence returning None.
2025-07-10 18:26:19,787:WARNING:
'xgboost' is a soft dependency and not included in the pycaret installation. Please run: `pip install xgboost` to install.
Alternately, you can install this by running `pip install pycaret[models]`
2025-07-10 18:26:19,787:WARNING:
'xgboost' is a soft dependency and not included in the pycaret installation. Please run: `pip install xgboost` to install.
Alternately, you can install this by running `pip install pycaret[models]`
2025-07-10 18:26:19,787:INFO:Engine for model 'lightgbm_cds_dt' has not been set explicitly, hence returning None.
2025-07-10 18:26:19,788:INFO:Engine for model 'catboost_cds_dt' has not been set explicitly, hence returning None.
2025-07-10 18:26:19,788:WARNING:
'catboost' is a soft dependency and not included in the pycaret installation. Please run: `pip install catboost` to install.
Alternately, you can install this by running `pip install pycaret[models]`
2025-07-10 18:26:19,788:WARNING:
'catboost' is a soft dependency and not included in the pycaret installation. Please run: `pip install catboost` to install.
Alternately, you can install this by running `pip install pycaret[models]`
2025-07-10 18:26:19,790:WARNING:
'prophet' is a soft dependency and not included in the pycaret installation. Please run: `pip install prophet` to install.
2025-07-10 18:26:19,790:INFO:Engine for model 'lr_cds_dt' has not been set explicitly, hence returning None.
2025-07-10 18:26:19,790:INFO:Engine for model 'en_cds_dt' has not been set explicitly, hence returning None.
2025-07-10 18:26:19,791:INFO:Engine for model 'ridge_cds_dt' has not been set explicitly, hence returning None.
2025-07-10 18:26:19,791:INFO:Engine for model 'lasso_cds_dt' has not been set explicitly, hence returning None.
2025-07-10 18:26:19,791:INFO:Engine for model 'llar_cds_dt' has not been set explicitly, hence returning None.
2025-07-10 18:26:19,791:INFO:Engine for model 'br_cds_dt' has not been set explicitly, hence returning None.
2025-07-10 18:26:19,791:INFO:Engine for model 'huber_cds_dt' has not been set explicitly, hence returning None.
2025-07-10 18:26:19,794:INFO:Engine for model 'omp_cds_dt' has not been set explicitly, hence returning None.
2025-07-10 18:26:19,796:INFO:Engine for model 'knn_cds_dt' has not been set explicitly, hence returning None.
2025-07-10 18:26:19,796:INFO:Engine for model 'dt_cds_dt' has not been set explicitly, hence returning None.
2025-07-10 18:26:19,796:INFO:Engine for model 'rf_cds_dt' has not been set explicitly, hence returning None.
2025-07-10 18:26:19,796:INFO:Engine for model 'et_cds_dt' has not been set explicitly, hence returning None.
2025-07-10 18:26:19,797:INFO:Engine for model 'gbr_cds_dt' has not been set explicitly, hence returning None.
2025-07-10 18:26:19,797:INFO:Engine for model 'ada_cds_dt' has not been set explicitly, hence returning None.
2025-07-10 18:26:19,797:INFO:Engine for model 'xgboost_cds_dt' has not been set explicitly, hence returning None.
2025-07-10 18:26:19,797:WARNING:
'xgboost' is a soft dependency and not included in the pycaret installation. Please run: `pip install xgboost` to install.
Alternately, you can install this by running `pip install pycaret[models]`
2025-07-10 18:26:19,797:WARNING:
'xgboost' is a soft dependency and not included in the pycaret installation. Please run: `pip install xgboost` to install.
Alternately, you can install this by running `pip install pycaret[models]`
2025-07-10 18:26:19,797:INFO:Engine for model 'lightgbm_cds_dt' has not been set explicitly, hence returning None.
2025-07-10 18:26:19,798:INFO:Engine for model 'catboost_cds_dt' has not been set explicitly, hence returning None.
2025-07-10 18:26:19,798:WARNING:
'catboost' is a soft dependency and not included in the pycaret installation. Please run: `pip install catboost` to install.
Alternately, you can install this by running `pip install pycaret[models]`
2025-07-10 18:26:19,798:WARNING:
'catboost' is a soft dependency and not included in the pycaret installation. Please run: `pip install catboost` to install.
Alternately, you can install this by running `pip install pycaret[models]`
2025-07-10 18:26:19,798:INFO:Engine successfully changes for model 'lr_cds_dt' to 'sklearn'.
2025-07-10 18:26:19,800:WARNING:
'prophet' is a soft dependency and not included in the pycaret installation. Please run: `pip install prophet` to install.
2025-07-10 18:26:19,800:INFO:Engine for model 'en_cds_dt' has not been set explicitly, hence returning None.
2025-07-10 18:26:19,801:INFO:Engine for model 'ridge_cds_dt' has not been set explicitly, hence returning None.
2025-07-10 18:26:19,801:INFO:Engine for model 'lasso_cds_dt' has not been set explicitly, hence returning None.
2025-07-10 18:26:19,801:INFO:Engine for model 'llar_cds_dt' has not been set explicitly, hence returning None.
2025-07-10 18:26:19,801:INFO:Engine for model 'br_cds_dt' has not been set explicitly, hence returning None.
2025-07-10 18:26:19,801:INFO:Engine for model 'huber_cds_dt' has not been set explicitly, hence returning None.
2025-07-10 18:26:19,803:INFO:Engine for model 'omp_cds_dt' has not been set explicitly, hence returning None.
2025-07-10 18:26:19,805:INFO:Engine for model 'knn_cds_dt' has not been set explicitly, hence returning None.
2025-07-10 18:26:19,805:INFO:Engine for model 'dt_cds_dt' has not been set explicitly, hence returning None.
2025-07-10 18:26:19,805:INFO:Engine for model 'rf_cds_dt' has not been set explicitly, hence returning None.
2025-07-10 18:26:19,805:INFO:Engine for model 'et_cds_dt' has not been set explicitly, hence returning None.
2025-07-10 18:26:19,805:INFO:Engine for model 'gbr_cds_dt' has not been set explicitly, hence returning None.
2025-07-10 18:26:19,806:INFO:Engine for model 'ada_cds_dt' has not been set explicitly, hence returning None.
2025-07-10 18:26:19,806:INFO:Engine for model 'xgboost_cds_dt' has not been set explicitly, hence returning None.
2025-07-10 18:26:19,806:WARNING:
'xgboost' is a soft dependency and not included in the pycaret installation. Please run: `pip install xgboost` to install.
Alternately, you can install this by running `pip install pycaret[models]`
2025-07-10 18:26:19,806:WARNING:
'xgboost' is a soft dependency and not included in the pycaret installation. Please run: `pip install xgboost` to install.
Alternately, you can install this by running `pip install pycaret[models]`
2025-07-10 18:26:19,806:INFO:Engine for model 'lightgbm_cds_dt' has not been set explicitly, hence returning None.
2025-07-10 18:26:19,806:INFO:Engine for model 'catboost_cds_dt' has not been set explicitly, hence returning None.
2025-07-10 18:26:19,806:WARNING:
'catboost' is a soft dependency and not included in the pycaret installation. Please run: `pip install catboost` to install.
Alternately, you can install this by running `pip install pycaret[models]`
2025-07-10 18:26:19,806:WARNING:
'catboost' is a soft dependency and not included in the pycaret installation. Please run: `pip install catboost` to install.
Alternately, you can install this by running `pip install pycaret[models]`
2025-07-10 18:26:19,808:WARNING:
'prophet' is a soft dependency and not included in the pycaret installation. Please run: `pip install prophet` to install.
2025-07-10 18:26:19,809:INFO:Engine for model 'en_cds_dt' has not been set explicitly, hence returning None.
2025-07-10 18:26:19,810:INFO:Engine for model 'ridge_cds_dt' has not been set explicitly, hence returning None.
2025-07-10 18:26:19,810:INFO:Engine for model 'lasso_cds_dt' has not been set explicitly, hence returning None.
2025-07-10 18:26:19,810:INFO:Engine for model 'llar_cds_dt' has not been set explicitly, hence returning None.
2025-07-10 18:26:19,811:INFO:Engine for model 'br_cds_dt' has not been set explicitly, hence returning None.
2025-07-10 18:26:19,811:INFO:Engine for model 'huber_cds_dt' has not been set explicitly, hence returning None.
2025-07-10 18:26:19,813:INFO:Engine for model 'omp_cds_dt' has not been set explicitly, hence returning None.
2025-07-10 18:26:19,814:INFO:Engine for model 'knn_cds_dt' has not been set explicitly, hence returning None.
2025-07-10 18:26:19,815:INFO:Engine for model 'dt_cds_dt' has not been set explicitly, hence returning None.
2025-07-10 18:26:19,815:INFO:Engine for model 'rf_cds_dt' has not been set explicitly, hence returning None.
2025-07-10 18:26:19,815:INFO:Engine for model 'et_cds_dt' has not been set explicitly, hence returning None.
2025-07-10 18:26:19,816:INFO:Engine for model 'gbr_cds_dt' has not been set explicitly, hence returning None.
2025-07-10 18:26:19,816:INFO:Engine for model 'ada_cds_dt' has not been set explicitly, hence returning None.
2025-07-10 18:26:19,816:INFO:Engine for model 'xgboost_cds_dt' has not been set explicitly, hence returning None.
2025-07-10 18:26:19,816:WARNING:
'xgboost' is a soft dependency and not included in the pycaret installation. Please run: `pip install xgboost` to install.
Alternately, you can install this by running `pip install pycaret[models]`
2025-07-10 18:26:19,816:WARNING:
'xgboost' is a soft dependency and not included in the pycaret installation. Please run: `pip install xgboost` to install.
Alternately, you can install this by running `pip install pycaret[models]`
2025-07-10 18:26:19,816:INFO:Engine for model 'lightgbm_cds_dt' has not been set explicitly, hence returning None.
2025-07-10 18:26:19,816:INFO:Engine for model 'catboost_cds_dt' has not been set explicitly, hence returning None.
2025-07-10 18:26:19,817:WARNING:
'catboost' is a soft dependency and not included in the pycaret installation. Please run: `pip install catboost` to install.
Alternately, you can install this by running `pip install pycaret[models]`
2025-07-10 18:26:19,817:WARNING:
'catboost' is a soft dependency and not included in the pycaret installation. Please run: `pip install catboost` to install.
Alternately, you can install this by running `pip install pycaret[models]`
2025-07-10 18:26:19,817:INFO:Engine successfully changes for model 'en_cds_dt' to 'sklearn'.
2025-07-10 18:26:19,820:WARNING:
'prophet' is a soft dependency and not included in the pycaret installation. Please run: `pip install prophet` to install.
2025-07-10 18:26:19,820:INFO:Engine for model 'ridge_cds_dt' has not been set explicitly, hence returning None.
2025-07-10 18:26:19,821:INFO:Engine for model 'lasso_cds_dt' has not been set explicitly, hence returning None.
2025-07-10 18:26:19,821:INFO:Engine for model 'llar_cds_dt' has not been set explicitly, hence returning None.
2025-07-10 18:26:19,821:INFO:Engine for model 'br_cds_dt' has not been set explicitly, hence returning None.
2025-07-10 18:26:19,821:INFO:Engine for model 'huber_cds_dt' has not been set explicitly, hence returning None.
2025-07-10 18:26:19,823:INFO:Engine for model 'omp_cds_dt' has not been set explicitly, hence returning None.
2025-07-10 18:26:19,825:INFO:Engine for model 'knn_cds_dt' has not been set explicitly, hence returning None.
2025-07-10 18:26:19,825:INFO:Engine for model 'dt_cds_dt' has not been set explicitly, hence returning None.
2025-07-10 18:26:19,825:INFO:Engine for model 'rf_cds_dt' has not been set explicitly, hence returning None.
2025-07-10 18:26:19,825:INFO:Engine for model 'et_cds_dt' has not been set explicitly, hence returning None.
2025-07-10 18:26:19,825:INFO:Engine for model 'gbr_cds_dt' has not been set explicitly, hence returning None.
2025-07-10 18:26:19,826:INFO:Engine for model 'ada_cds_dt' has not been set explicitly, hence returning None.
2025-07-10 18:26:19,826:INFO:Engine for model 'xgboost_cds_dt' has not been set explicitly, hence returning None.
2025-07-10 18:26:19,826:WARNING:
'xgboost' is a soft dependency and not included in the pycaret installation. Please run: `pip install xgboost` to install.
Alternately, you can install this by running `pip install pycaret[models]`
2025-07-10 18:26:19,826:WARNING:
'xgboost' is a soft dependency and not included in the pycaret installation. Please run: `pip install xgboost` to install.
Alternately, you can install this by running `pip install pycaret[models]`
2025-07-10 18:26:19,826:INFO:Engine for model 'lightgbm_cds_dt' has not been set explicitly, hence returning None.
2025-07-10 18:26:19,826:INFO:Engine for model 'catboost_cds_dt' has not been set explicitly, hence returning None.
2025-07-10 18:26:19,826:WARNING:
'catboost' is a soft dependency and not included in the pycaret installation. Please run: `pip install catboost` to install.
Alternately, you can install this by running `pip install pycaret[models]`
2025-07-10 18:26:19,826:WARNING:
'catboost' is a soft dependency and not included in the pycaret installation. Please run: `pip install catboost` to install.
Alternately, you can install this by running `pip install pycaret[models]`
2025-07-10 18:26:19,829:WARNING:
'prophet' is a soft dependency and not included in the pycaret installation. Please run: `pip install prophet` to install.
2025-07-10 18:26:19,829:INFO:Engine for model 'ridge_cds_dt' has not been set explicitly, hence returning None.
2025-07-10 18:26:19,829:INFO:Engine for model 'lasso_cds_dt' has not been set explicitly, hence returning None.
2025-07-10 18:26:19,829:INFO:Engine for model 'llar_cds_dt' has not been set explicitly, hence returning None.
2025-07-10 18:26:19,830:INFO:Engine for model 'br_cds_dt' has not been set explicitly, hence returning None.
2025-07-10 18:26:19,830:INFO:Engine for model 'huber_cds_dt' has not been set explicitly, hence returning None.
2025-07-10 18:26:19,832:INFO:Engine for model 'omp_cds_dt' has not been set explicitly, hence returning None.
2025-07-10 18:26:19,834:INFO:Engine for model 'knn_cds_dt' has not been set explicitly, hence returning None.
2025-07-10 18:26:19,835:INFO:Engine for model 'dt_cds_dt' has not been set explicitly, hence returning None.
2025-07-10 18:26:19,835:INFO:Engine for model 'rf_cds_dt' has not been set explicitly, hence returning None.
2025-07-10 18:26:19,835:INFO:Engine for model 'et_cds_dt' has not been set explicitly, hence returning None.
2025-07-10 18:26:19,835:INFO:Engine for model 'gbr_cds_dt' has not been set explicitly, hence returning None.
2025-07-10 18:26:19,836:INFO:Engine for model 'ada_cds_dt' has not been set explicitly, hence returning None.
2025-07-10 18:26:19,836:INFO:Engine for model 'xgboost_cds_dt' has not been set explicitly, hence returning None.
2025-07-10 18:26:19,836:WARNING:
'xgboost' is a soft dependency and not included in the pycaret installation. Please run: `pip install xgboost` to install.
Alternately, you can install this by running `pip install pycaret[models]`
2025-07-10 18:26:19,836:WARNING:
'xgboost' is a soft dependency and not included in the pycaret installation. Please run: `pip install xgboost` to install.
Alternately, you can install this by running `pip install pycaret[models]`
2025-07-10 18:26:19,836:INFO:Engine for model 'lightgbm_cds_dt' has not been set explicitly, hence returning None.
2025-07-10 18:26:19,836:INFO:Engine for model 'catboost_cds_dt' has not been set explicitly, hence returning None.
2025-07-10 18:26:19,836:WARNING:
'catboost' is a soft dependency and not included in the pycaret installation. Please run: `pip install catboost` to install.
Alternately, you can install this by running `pip install pycaret[models]`
2025-07-10 18:26:19,836:WARNING:
'catboost' is a soft dependency and not included in the pycaret installation. Please run: `pip install catboost` to install.
Alternately, you can install this by running `pip install pycaret[models]`
2025-07-10 18:26:19,836:INFO:Engine successfully changes for model 'ridge_cds_dt' to 'sklearn'.
2025-07-10 18:26:19,838:WARNING:
'prophet' is a soft dependency and not included in the pycaret installation. Please run: `pip install prophet` to install.
2025-07-10 18:26:19,839:INFO:Engine for model 'lasso_cds_dt' has not been set explicitly, hence returning None.
2025-07-10 18:26:19,839:INFO:Engine for model 'llar_cds_dt' has not been set explicitly, hence returning None.
2025-07-10 18:26:19,839:INFO:Engine for model 'br_cds_dt' has not been set explicitly, hence returning None.
2025-07-10 18:26:19,840:INFO:Engine for model 'huber_cds_dt' has not been set explicitly, hence returning None.
2025-07-10 18:26:19,842:INFO:Engine for model 'omp_cds_dt' has not been set explicitly, hence returning None.
2025-07-10 18:26:19,843:INFO:Engine for model 'knn_cds_dt' has not been set explicitly, hence returning None.
2025-07-10 18:26:19,843:INFO:Engine for model 'dt_cds_dt' has not been set explicitly, hence returning None.
2025-07-10 18:26:19,844:INFO:Engine for model 'rf_cds_dt' has not been set explicitly, hence returning None.
2025-07-10 18:26:19,844:INFO:Engine for model 'et_cds_dt' has not been set explicitly, hence returning None.
2025-07-10 18:26:19,844:INFO:Engine for model 'gbr_cds_dt' has not been set explicitly, hence returning None.
2025-07-10 18:26:19,844:INFO:Engine for model 'ada_cds_dt' has not been set explicitly, hence returning None.
2025-07-10 18:26:19,844:INFO:Engine for model 'xgboost_cds_dt' has not been set explicitly, hence returning None.
2025-07-10 18:26:19,845:WARNING:
'xgboost' is a soft dependency and not included in the pycaret installation. Please run: `pip install xgboost` to install.
Alternately, you can install this by running `pip install pycaret[models]`
2025-07-10 18:26:19,845:WARNING:
'xgboost' is a soft dependency and not included in the pycaret installation. Please run: `pip install xgboost` to install.
Alternately, you can install this by running `pip install pycaret[models]`
2025-07-10 18:26:19,845:INFO:Engine for model 'lightgbm_cds_dt' has not been set explicitly, hence returning None.
2025-07-10 18:26:19,845:INFO:Engine for model 'catboost_cds_dt' has not been set explicitly, hence returning None.
2025-07-10 18:26:19,845:WARNING:
'catboost' is a soft dependency and not included in the pycaret installation. Please run: `pip install catboost` to install.
Alternately, you can install this by running `pip install pycaret[models]`
2025-07-10 18:26:19,845:WARNING:
'catboost' is a soft dependency and not included in the pycaret installation. Please run: `pip install catboost` to install.
Alternately, you can install this by running `pip install pycaret[models]`
2025-07-10 18:26:19,847:WARNING:
'prophet' is a soft dependency and not included in the pycaret installation. Please run: `pip install prophet` to install.
2025-07-10 18:26:19,848:INFO:Engine for model 'lasso_cds_dt' has not been set explicitly, hence returning None.
2025-07-10 18:26:19,849:INFO:Engine for model 'llar_cds_dt' has not been set explicitly, hence returning None.
2025-07-10 18:26:19,849:INFO:Engine for model 'br_cds_dt' has not been set explicitly, hence returning None.
2025-07-10 18:26:19,849:INFO:Engine for model 'huber_cds_dt' has not been set explicitly, hence returning None.
2025-07-10 18:26:19,851:INFO:Engine for model 'omp_cds_dt' has not been set explicitly, hence returning None.
2025-07-10 18:26:19,852:INFO:Engine for model 'knn_cds_dt' has not been set explicitly, hence returning None.
2025-07-10 18:26:19,852:INFO:Engine for model 'dt_cds_dt' has not been set explicitly, hence returning None.
2025-07-10 18:26:19,853:INFO:Engine for model 'rf_cds_dt' has not been set explicitly, hence returning None.
2025-07-10 18:26:19,853:INFO:Engine for model 'et_cds_dt' has not been set explicitly, hence returning None.
2025-07-10 18:26:19,853:INFO:Engine for model 'gbr_cds_dt' has not been set explicitly, hence returning None.
2025-07-10 18:26:19,853:INFO:Engine for model 'ada_cds_dt' has not been set explicitly, hence returning None.
2025-07-10 18:26:19,854:INFO:Engine for model 'xgboost_cds_dt' has not been set explicitly, hence returning None.
2025-07-10 18:26:19,854:WARNING:
'xgboost' is a soft dependency and not included in the pycaret installation. Please run: `pip install xgboost` to install.
Alternately, you can install this by running `pip install pycaret[models]`
2025-07-10 18:26:19,854:WARNING:
'xgboost' is a soft dependency and not included in the pycaret installation. Please run: `pip install xgboost` to install.
Alternately, you can install this by running `pip install pycaret[models]`
2025-07-10 18:26:19,854:INFO:Engine for model 'lightgbm_cds_dt' has not been set explicitly, hence returning None.
2025-07-10 18:26:19,854:INFO:Engine for model 'catboost_cds_dt' has not been set explicitly, hence returning None.
2025-07-10 18:26:19,854:WARNING:
'catboost' is a soft dependency and not included in the pycaret installation. Please run: `pip install catboost` to install.
Alternately, you can install this by running `pip install pycaret[models]`
2025-07-10 18:26:19,854:WARNING:
'catboost' is a soft dependency and not included in the pycaret installation. Please run: `pip install catboost` to install.
Alternately, you can install this by running `pip install pycaret[models]`
2025-07-10 18:26:19,854:INFO:Engine successfully changes for model 'lasso_cds_dt' to 'sklearn'.
2025-07-10 18:26:19,856:WARNING:
'prophet' is a soft dependency and not included in the pycaret installation. Please run: `pip install prophet` to install.
2025-07-10 18:26:19,857:INFO:Engine for model 'llar_cds_dt' has not been set explicitly, hence returning None.
2025-07-10 18:26:19,857:INFO:Engine for model 'br_cds_dt' has not been set explicitly, hence returning None.
2025-07-10 18:26:19,857:INFO:Engine for model 'huber_cds_dt' has not been set explicitly, hence returning None.
2025-07-10 18:26:19,860:INFO:Engine for model 'omp_cds_dt' has not been set explicitly, hence returning None.
2025-07-10 18:26:19,861:INFO:Engine for model 'knn_cds_dt' has not been set explicitly, hence returning None.
2025-07-10 18:26:19,862:INFO:Engine for model 'dt_cds_dt' has not been set explicitly, hence returning None.
2025-07-10 18:26:19,862:INFO:Engine for model 'rf_cds_dt' has not been set explicitly, hence returning None.
2025-07-10 18:26:19,862:INFO:Engine for model 'et_cds_dt' has not been set explicitly, hence returning None.
2025-07-10 18:26:19,862:INFO:Engine for model 'gbr_cds_dt' has not been set explicitly, hence returning None.
2025-07-10 18:26:19,862:INFO:Engine for model 'ada_cds_dt' has not been set explicitly, hence returning None.
2025-07-10 18:26:19,863:INFO:Engine for model 'xgboost_cds_dt' has not been set explicitly, hence returning None.
2025-07-10 18:26:19,863:WARNING:
'xgboost' is a soft dependency and not included in the pycaret installation. Please run: `pip install xgboost` to install.
Alternately, you can install this by running `pip install pycaret[models]`
2025-07-10 18:26:19,863:WARNING:
'xgboost' is a soft dependency and not included in the pycaret installation. Please run: `pip install xgboost` to install.
Alternately, you can install this by running `pip install pycaret[models]`
2025-07-10 18:26:19,863:INFO:Engine for model 'lightgbm_cds_dt' has not been set explicitly, hence returning None.
2025-07-10 18:26:19,863:INFO:Engine for model 'catboost_cds_dt' has not been set explicitly, hence returning None.
2025-07-10 18:26:19,863:WARNING:
'catboost' is a soft dependency and not included in the pycaret installation. Please run: `pip install catboost` to install.
Alternately, you can install this by running `pip install pycaret[models]`
2025-07-10 18:26:19,863:WARNING:
'catboost' is a soft dependency and not included in the pycaret installation. Please run: `pip install catboost` to install.
Alternately, you can install this by running `pip install pycaret[models]`
2025-07-10 18:26:19,866:WARNING:
'prophet' is a soft dependency and not included in the pycaret installation. Please run: `pip install prophet` to install.
2025-07-10 18:26:19,867:INFO:Engine for model 'llar_cds_dt' has not been set explicitly, hence returning None.
2025-07-10 18:26:19,867:INFO:Engine for model 'br_cds_dt' has not been set explicitly, hence returning None.
2025-07-10 18:26:19,867:INFO:Engine for model 'huber_cds_dt' has not been set explicitly, hence returning None.
2025-07-10 18:26:19,869:INFO:Engine for model 'omp_cds_dt' has not been set explicitly, hence returning None.
2025-07-10 18:26:19,870:INFO:Engine for model 'knn_cds_dt' has not been set explicitly, hence returning None.
2025-07-10 18:26:19,871:INFO:Engine for model 'dt_cds_dt' has not been set explicitly, hence returning None.
2025-07-10 18:26:19,871:INFO:Engine for model 'rf_cds_dt' has not been set explicitly, hence returning None.
2025-07-10 18:26:19,871:INFO:Engine for model 'et_cds_dt' has not been set explicitly, hence returning None.
2025-07-10 18:26:19,871:INFO:Engine for model 'gbr_cds_dt' has not been set explicitly, hence returning None.
2025-07-10 18:26:19,872:INFO:Engine for model 'ada_cds_dt' has not been set explicitly, hence returning None.
2025-07-10 18:26:19,872:INFO:Engine for model 'xgboost_cds_dt' has not been set explicitly, hence returning None.
2025-07-10 18:26:19,872:WARNING:
'xgboost' is a soft dependency and not included in the pycaret installation. Please run: `pip install xgboost` to install.
Alternately, you can install this by running `pip install pycaret[models]`
2025-07-10 18:26:19,872:WARNING:
'xgboost' is a soft dependency and not included in the pycaret installation. Please run: `pip install xgboost` to install.
Alternately, you can install this by running `pip install pycaret[models]`
2025-07-10 18:26:19,872:INFO:Engine for model 'lightgbm_cds_dt' has not been set explicitly, hence returning None.
2025-07-10 18:26:19,872:INFO:Engine for model 'catboost_cds_dt' has not been set explicitly, hence returning None.
2025-07-10 18:26:19,872:WARNING:
'catboost' is a soft dependency and not included in the pycaret installation. Please run: `pip install catboost` to install.
Alternately, you can install this by running `pip install pycaret[models]`
2025-07-10 18:26:19,872:WARNING:
'catboost' is a soft dependency and not included in the pycaret installation. Please run: `pip install catboost` to install.
Alternately, you can install this by running `pip install pycaret[models]`
2025-07-10 18:26:19,872:INFO:Engine successfully changes for model 'lar_cds_dt' to 'sklearn'.
2025-07-10 18:26:19,874:WARNING:
'prophet' is a soft dependency and not included in the pycaret installation. Please run: `pip install prophet` to install.
2025-07-10 18:26:19,875:INFO:Engine for model 'llar_cds_dt' has not been set explicitly, hence returning None.
2025-07-10 18:26:19,875:INFO:Engine for model 'br_cds_dt' has not been set explicitly, hence returning None.
2025-07-10 18:26:19,876:INFO:Engine for model 'huber_cds_dt' has not been set explicitly, hence returning None.
2025-07-10 18:26:19,878:INFO:Engine for model 'omp_cds_dt' has not been set explicitly, hence returning None.
2025-07-10 18:26:19,879:INFO:Engine for model 'knn_cds_dt' has not been set explicitly, hence returning None.
2025-07-10 18:26:19,880:INFO:Engine for model 'dt_cds_dt' has not been set explicitly, hence returning None.
2025-07-10 18:26:19,880:INFO:Engine for model 'rf_cds_dt' has not been set explicitly, hence returning None.
2025-07-10 18:26:19,880:INFO:Engine for model 'et_cds_dt' has not been set explicitly, hence returning None.
2025-07-10 18:26:19,880:INFO:Engine for model 'gbr_cds_dt' has not been set explicitly, hence returning None.
2025-07-10 18:26:19,881:INFO:Engine for model 'ada_cds_dt' has not been set explicitly, hence returning None.
2025-07-10 18:26:19,881:INFO:Engine for model 'xgboost_cds_dt' has not been set explicitly, hence returning None.
2025-07-10 18:26:19,881:WARNING:
'xgboost' is a soft dependency and not included in the pycaret installation. Please run: `pip install xgboost` to install.
Alternately, you can install this by running `pip install pycaret[models]`
2025-07-10 18:26:19,881:WARNING:
'xgboost' is a soft dependency and not included in the pycaret installation. Please run: `pip install xgboost` to install.
Alternately, you can install this by running `pip install pycaret[models]`
2025-07-10 18:26:19,881:INFO:Engine for model 'lightgbm_cds_dt' has not been set explicitly, hence returning None.
2025-07-10 18:26:19,881:INFO:Engine for model 'catboost_cds_dt' has not been set explicitly, hence returning None.
2025-07-10 18:26:19,881:WARNING:
'catboost' is a soft dependency and not included in the pycaret installation. Please run: `pip install catboost` to install.
Alternately, you can install this by running `pip install pycaret[models]`
2025-07-10 18:26:19,881:WARNING:
'catboost' is a soft dependency and not included in the pycaret installation. Please run: `pip install catboost` to install.
Alternately, you can install this by running `pip install pycaret[models]`
2025-07-10 18:26:19,884:WARNING:
'prophet' is a soft dependency and not included in the pycaret installation. Please run: `pip install prophet` to install.
2025-07-10 18:26:19,884:INFO:Engine for model 'llar_cds_dt' has not been set explicitly, hence returning None.
2025-07-10 18:26:19,885:INFO:Engine for model 'br_cds_dt' has not been set explicitly, hence returning None.
2025-07-10 18:26:19,885:INFO:Engine for model 'huber_cds_dt' has not been set explicitly, hence returning None.
2025-07-10 18:26:19,887:INFO:Engine for model 'omp_cds_dt' has not been set explicitly, hence returning None.
2025-07-10 18:26:19,888:INFO:Engine for model 'knn_cds_dt' has not been set explicitly, hence returning None.
2025-07-10 18:26:19,888:INFO:Engine for model 'dt_cds_dt' has not been set explicitly, hence returning None.
2025-07-10 18:26:19,889:INFO:Engine for model 'rf_cds_dt' has not been set explicitly, hence returning None.
2025-07-10 18:26:19,889:INFO:Engine for model 'et_cds_dt' has not been set explicitly, hence returning None.
2025-07-10 18:26:19,889:INFO:Engine for model 'gbr_cds_dt' has not been set explicitly, hence returning None.
2025-07-10 18:26:19,889:INFO:Engine for model 'ada_cds_dt' has not been set explicitly, hence returning None.
2025-07-10 18:26:19,889:INFO:Engine for model 'xgboost_cds_dt' has not been set explicitly, hence returning None.
2025-07-10 18:26:19,889:WARNING:
'xgboost' is a soft dependency and not included in the pycaret installation. Please run: `pip install xgboost` to install.
Alternately, you can install this by running `pip install pycaret[models]`
2025-07-10 18:26:19,889:WARNING:
'xgboost' is a soft dependency and not included in the pycaret installation. Please run: `pip install xgboost` to install.
Alternately, you can install this by running `pip install pycaret[models]`
2025-07-10 18:26:19,889:INFO:Engine for model 'lightgbm_cds_dt' has not been set explicitly, hence returning None.
2025-07-10 18:26:19,890:INFO:Engine for model 'catboost_cds_dt' has not been set explicitly, hence returning None.
2025-07-10 18:26:19,890:WARNING:
'catboost' is a soft dependency and not included in the pycaret installation. Please run: `pip install catboost` to install.
Alternately, you can install this by running `pip install pycaret[models]`
2025-07-10 18:26:19,890:WARNING:
'catboost' is a soft dependency and not included in the pycaret installation. Please run: `pip install catboost` to install.
Alternately, you can install this by running `pip install pycaret[models]`
2025-07-10 18:26:19,890:INFO:Engine successfully changes for model 'llar_cds_dt' to 'sklearn'.
2025-07-10 18:26:19,892:WARNING:
'prophet' is a soft dependency and not included in the pycaret installation. Please run: `pip install prophet` to install.
2025-07-10 18:26:19,893:INFO:Engine for model 'br_cds_dt' has not been set explicitly, hence returning None.
2025-07-10 18:26:19,894:INFO:Engine for model 'huber_cds_dt' has not been set explicitly, hence returning None.
2025-07-10 18:26:19,896:INFO:Engine for model 'omp_cds_dt' has not been set explicitly, hence returning None.
2025-07-10 18:26:19,897:INFO:Engine for model 'knn_cds_dt' has not been set explicitly, hence returning None.
2025-07-10 18:26:19,897:INFO:Engine for model 'dt_cds_dt' has not been set explicitly, hence returning None.
2025-07-10 18:26:19,898:INFO:Engine for model 'rf_cds_dt' has not been set explicitly, hence returning None.
2025-07-10 18:26:19,898:INFO:Engine for model 'et_cds_dt' has not been set explicitly, hence returning None.
2025-07-10 18:26:19,898:INFO:Engine for model 'gbr_cds_dt' has not been set explicitly, hence returning None.
2025-07-10 18:26:19,899:INFO:Engine for model 'ada_cds_dt' has not been set explicitly, hence returning None.
2025-07-10 18:26:19,899:INFO:Engine for model 'xgboost_cds_dt' has not been set explicitly, hence returning None.
2025-07-10 18:26:19,899:WARNING:
'xgboost' is a soft dependency and not included in the pycaret installation. Please run: `pip install xgboost` to install.
Alternately, you can install this by running `pip install pycaret[models]`
2025-07-10 18:26:19,899:WARNING:
'xgboost' is a soft dependency and not included in the pycaret installation. Please run: `pip install xgboost` to install.
Alternately, you can install this by running `pip install pycaret[models]`
2025-07-10 18:26:19,899:INFO:Engine for model 'lightgbm_cds_dt' has not been set explicitly, hence returning None.
2025-07-10 18:26:19,899:INFO:Engine for model 'catboost_cds_dt' has not been set explicitly, hence returning None.
2025-07-10 18:26:19,899:WARNING:
'catboost' is a soft dependency and not included in the pycaret installation. Please run: `pip install catboost` to install.
Alternately, you can install this by running `pip install pycaret[models]`
2025-07-10 18:26:19,899:WARNING:
'catboost' is a soft dependency and not included in the pycaret installation. Please run: `pip install catboost` to install.
Alternately, you can install this by running `pip install pycaret[models]`
2025-07-10 18:26:19,902:WARNING:
'prophet' is a soft dependency and not included in the pycaret installation. Please run: `pip install prophet` to install.
2025-07-10 18:26:19,902:INFO:Engine for model 'br_cds_dt' has not been set explicitly, hence returning None.
2025-07-10 18:26:19,903:INFO:Engine for model 'huber_cds_dt' has not been set explicitly, hence returning None.
2025-07-10 18:26:19,904:INFO:Engine for model 'omp_cds_dt' has not been set explicitly, hence returning None.
2025-07-10 18:26:19,906:INFO:Engine for model 'knn_cds_dt' has not been set explicitly, hence returning None.
2025-07-10 18:26:19,906:INFO:Engine for model 'dt_cds_dt' has not been set explicitly, hence returning None.
2025-07-10 18:26:19,906:INFO:Engine for model 'rf_cds_dt' has not been set explicitly, hence returning None.
2025-07-10 18:26:19,907:INFO:Engine for model 'et_cds_dt' has not been set explicitly, hence returning None.
2025-07-10 18:26:19,907:INFO:Engine for model 'gbr_cds_dt' has not been set explicitly, hence returning None.
2025-07-10 18:26:19,907:INFO:Engine for model 'ada_cds_dt' has not been set explicitly, hence returning None.
2025-07-10 18:26:19,907:INFO:Engine for model 'xgboost_cds_dt' has not been set explicitly, hence returning None.
2025-07-10 18:26:19,907:WARNING:
'xgboost' is a soft dependency and not included in the pycaret installation. Please run: `pip install xgboost` to install.
Alternately, you can install this by running `pip install pycaret[models]`
2025-07-10 18:26:19,907:WARNING:
'xgboost' is a soft dependency and not included in the pycaret installation. Please run: `pip install xgboost` to install.
Alternately, you can install this by running `pip install pycaret[models]`
2025-07-10 18:26:19,907:INFO:Engine for model 'lightgbm_cds_dt' has not been set explicitly, hence returning None.
2025-07-10 18:26:19,908:INFO:Engine for model 'catboost_cds_dt' has not been set explicitly, hence returning None.
2025-07-10 18:26:19,908:WARNING:
'catboost' is a soft dependency and not included in the pycaret installation. Please run: `pip install catboost` to install.
Alternately, you can install this by running `pip install pycaret[models]`
2025-07-10 18:26:19,908:WARNING:
'catboost' is a soft dependency and not included in the pycaret installation. Please run: `pip install catboost` to install.
Alternately, you can install this by running `pip install pycaret[models]`
2025-07-10 18:26:19,908:INFO:Engine successfully changes for model 'br_cds_dt' to 'sklearn'.
2025-07-10 18:26:19,910:WARNING:
'prophet' is a soft dependency and not included in the pycaret installation. Please run: `pip install prophet` to install.
2025-07-10 18:26:19,911:INFO:Engine for model 'huber_cds_dt' has not been set explicitly, hence returning None.
2025-07-10 18:26:19,913:INFO:Engine for model 'omp_cds_dt' has not been set explicitly, hence returning None.
2025-07-10 18:26:19,915:INFO:Engine for model 'knn_cds_dt' has not been set explicitly, hence returning None.
2025-07-10 18:26:19,916:INFO:Engine for model 'dt_cds_dt' has not been set explicitly, hence returning None.
2025-07-10 18:26:19,916:INFO:Engine for model 'rf_cds_dt' has not been set explicitly, hence returning None.
2025-07-10 18:26:19,917:INFO:Engine for model 'et_cds_dt' has not been set explicitly, hence returning None.
2025-07-10 18:26:19,917:INFO:Engine for model 'gbr_cds_dt' has not been set explicitly, hence returning None.
2025-07-10 18:26:19,917:INFO:Engine for model 'ada_cds_dt' has not been set explicitly, hence returning None.
2025-07-10 18:26:19,917:INFO:Engine for model 'xgboost_cds_dt' has not been set explicitly, hence returning None.
2025-07-10 18:26:19,918:WARNING:
'xgboost' is a soft dependency and not included in the pycaret installation. Please run: `pip install xgboost` to install.
Alternately, you can install this by running `pip install pycaret[models]`
2025-07-10 18:26:19,918:WARNING:
'xgboost' is a soft dependency and not included in the pycaret installation. Please run: `pip install xgboost` to install.
Alternately, you can install this by running `pip install pycaret[models]`
2025-07-10 18:26:19,918:INFO:Engine for model 'lightgbm_cds_dt' has not been set explicitly, hence returning None.
2025-07-10 18:26:19,918:INFO:Engine for model 'catboost_cds_dt' has not been set explicitly, hence returning None.
2025-07-10 18:26:19,918:WARNING:
'catboost' is a soft dependency and not included in the pycaret installation. Please run: `pip install catboost` to install.
Alternately, you can install this by running `pip install pycaret[models]`
2025-07-10 18:26:19,918:WARNING:
'catboost' is a soft dependency and not included in the pycaret installation. Please run: `pip install catboost` to install.
Alternately, you can install this by running `pip install pycaret[models]`
2025-07-10 18:26:19,920:WARNING:
'prophet' is a soft dependency and not included in the pycaret installation. Please run: `pip install prophet` to install.
2025-07-10 18:26:19,921:INFO:Engine for model 'huber_cds_dt' has not been set explicitly, hence returning None.
2025-07-10 18:26:19,923:INFO:Engine for model 'omp_cds_dt' has not been set explicitly, hence returning None.
2025-07-10 18:26:19,924:INFO:Engine for model 'knn_cds_dt' has not been set explicitly, hence returning None.
2025-07-10 18:26:19,925:INFO:Engine for model 'dt_cds_dt' has not been set explicitly, hence returning None.
2025-07-10 18:26:19,925:INFO:Engine for model 'rf_cds_dt' has not been set explicitly, hence returning None.
2025-07-10 18:26:19,925:INFO:Engine for model 'et_cds_dt' has not been set explicitly, hence returning None.
2025-07-10 18:26:19,925:INFO:Engine for model 'gbr_cds_dt' has not been set explicitly, hence returning None.
2025-07-10 18:26:19,926:INFO:Engine for model 'ada_cds_dt' has not been set explicitly, hence returning None.
2025-07-10 18:26:19,926:INFO:Engine for model 'xgboost_cds_dt' has not been set explicitly, hence returning None.
2025-07-10 18:26:19,926:WARNING:
'xgboost' is a soft dependency and not included in the pycaret installation. Please run: `pip install xgboost` to install.
Alternately, you can install this by running `pip install pycaret[models]`
2025-07-10 18:26:19,926:WARNING:
'xgboost' is a soft dependency and not included in the pycaret installation. Please run: `pip install xgboost` to install.
Alternately, you can install this by running `pip install pycaret[models]`
2025-07-10 18:26:19,926:INFO:Engine for model 'lightgbm_cds_dt' has not been set explicitly, hence returning None.
2025-07-10 18:26:19,926:INFO:Engine for model 'catboost_cds_dt' has not been set explicitly, hence returning None.
2025-07-10 18:26:19,926:WARNING:
'catboost' is a soft dependency and not included in the pycaret installation. Please run: `pip install catboost` to install.
Alternately, you can install this by running `pip install pycaret[models]`
2025-07-10 18:26:19,926:WARNING:
'catboost' is a soft dependency and not included in the pycaret installation. Please run: `pip install catboost` to install.
Alternately, you can install this by running `pip install pycaret[models]`
2025-07-10 18:26:19,926:INFO:Engine successfully changes for model 'huber_cds_dt' to 'sklearn'.
2025-07-10 18:26:19,928:WARNING:
'prophet' is a soft dependency and not included in the pycaret installation. Please run: `pip install prophet` to install.
2025-07-10 18:26:19,932:INFO:Engine for model 'omp_cds_dt' has not been set explicitly, hence returning None.
2025-07-10 18:26:19,934:INFO:Engine for model 'knn_cds_dt' has not been set explicitly, hence returning None.
2025-07-10 18:26:19,934:INFO:Engine for model 'dt_cds_dt' has not been set explicitly, hence returning None.
2025-07-10 18:26:19,934:INFO:Engine for model 'rf_cds_dt' has not been set explicitly, hence returning None.
2025-07-10 18:26:19,934:INFO:Engine for model 'et_cds_dt' has not been set explicitly, hence returning None.
2025-07-10 18:26:19,935:INFO:Engine for model 'gbr_cds_dt' has not been set explicitly, hence returning None.
2025-07-10 18:26:19,935:INFO:Engine for model 'ada_cds_dt' has not been set explicitly, hence returning None.
2025-07-10 18:26:19,935:INFO:Engine for model 'xgboost_cds_dt' has not been set explicitly, hence returning None.
2025-07-10 18:26:19,935:WARNING:
'xgboost' is a soft dependency and not included in the pycaret installation. Please run: `pip install xgboost` to install.
Alternately, you can install this by running `pip install pycaret[models]`
2025-07-10 18:26:19,935:WARNING:
'xgboost' is a soft dependency and not included in the pycaret installation. Please run: `pip install xgboost` to install.
Alternately, you can install this by running `pip install pycaret[models]`
2025-07-10 18:26:19,935:INFO:Engine for model 'lightgbm_cds_dt' has not been set explicitly, hence returning None.
2025-07-10 18:26:19,935:INFO:Engine for model 'catboost_cds_dt' has not been set explicitly, hence returning None.
2025-07-10 18:26:19,935:WARNING:
'catboost' is a soft dependency and not included in the pycaret installation. Please run: `pip install catboost` to install.
Alternately, you can install this by running `pip install pycaret[models]`
2025-07-10 18:26:19,935:WARNING:
'catboost' is a soft dependency and not included in the pycaret installation. Please run: `pip install catboost` to install.
Alternately, you can install this by running `pip install pycaret[models]`
2025-07-10 18:26:19,938:WARNING:
'prophet' is a soft dependency and not included in the pycaret installation. Please run: `pip install prophet` to install.
2025-07-10 18:26:19,940:INFO:Engine for model 'omp_cds_dt' has not been set explicitly, hence returning None.
2025-07-10 18:26:19,942:INFO:Engine for model 'knn_cds_dt' has not been set explicitly, hence returning None.
2025-07-10 18:26:19,942:INFO:Engine for model 'dt_cds_dt' has not been set explicitly, hence returning None.
2025-07-10 18:26:19,942:INFO:Engine for model 'rf_cds_dt' has not been set explicitly, hence returning None.
2025-07-10 18:26:19,942:INFO:Engine for model 'et_cds_dt' has not been set explicitly, hence returning None.
2025-07-10 18:26:19,943:INFO:Engine for model 'gbr_cds_dt' has not been set explicitly, hence returning None.
2025-07-10 18:26:19,943:INFO:Engine for model 'ada_cds_dt' has not been set explicitly, hence returning None.
2025-07-10 18:26:19,943:INFO:Engine for model 'xgboost_cds_dt' has not been set explicitly, hence returning None.
2025-07-10 18:26:19,943:WARNING:
'xgboost' is a soft dependency and not included in the pycaret installation. Please run: `pip install xgboost` to install.
Alternately, you can install this by running `pip install pycaret[models]`
2025-07-10 18:26:19,943:WARNING:
'xgboost' is a soft dependency and not included in the pycaret installation. Please run: `pip install xgboost` to install.
Alternately, you can install this by running `pip install pycaret[models]`
2025-07-10 18:26:19,943:INFO:Engine for model 'lightgbm_cds_dt' has not been set explicitly, hence returning None.
2025-07-10 18:26:19,943:INFO:Engine for model 'catboost_cds_dt' has not been set explicitly, hence returning None.
2025-07-10 18:26:19,943:WARNING:
'catboost' is a soft dependency and not included in the pycaret installation. Please run: `pip install catboost` to install.
Alternately, you can install this by running `pip install pycaret[models]`
2025-07-10 18:26:19,943:WARNING:
'catboost' is a soft dependency and not included in the pycaret installation. Please run: `pip install catboost` to install.
Alternately, you can install this by running `pip install pycaret[models]`
2025-07-10 18:26:19,944:INFO:Engine successfully changes for model 'par_cds_dt' to 'sklearn'.
2025-07-10 18:26:19,946:WARNING:
'prophet' is a soft dependency and not included in the pycaret installation. Please run: `pip install prophet` to install.
2025-07-10 18:26:19,950:INFO:Engine for model 'omp_cds_dt' has not been set explicitly, hence returning None.
2025-07-10 18:26:19,952:INFO:Engine for model 'knn_cds_dt' has not been set explicitly, hence returning None.
2025-07-10 18:26:19,952:INFO:Engine for model 'dt_cds_dt' has not been set explicitly, hence returning None.
2025-07-10 18:26:19,952:INFO:Engine for model 'rf_cds_dt' has not been set explicitly, hence returning None.
2025-07-10 18:26:19,952:INFO:Engine for model 'et_cds_dt' has not been set explicitly, hence returning None.
2025-07-10 18:26:19,952:INFO:Engine for model 'gbr_cds_dt' has not been set explicitly, hence returning None.
2025-07-10 18:26:19,953:INFO:Engine for model 'ada_cds_dt' has not been set explicitly, hence returning None.
2025-07-10 18:26:19,953:INFO:Engine for model 'xgboost_cds_dt' has not been set explicitly, hence returning None.
2025-07-10 18:26:19,953:WARNING:
'xgboost' is a soft dependency and not included in the pycaret installation. Please run: `pip install xgboost` to install.
Alternately, you can install this by running `pip install pycaret[models]`
2025-07-10 18:26:19,953:WARNING:
'xgboost' is a soft dependency and not included in the pycaret installation. Please run: `pip install xgboost` to install.
Alternately, you can install this by running `pip install pycaret[models]`
2025-07-10 18:26:19,953:INFO:Engine for model 'lightgbm_cds_dt' has not been set explicitly, hence returning None.
2025-07-10 18:26:19,953:INFO:Engine for model 'catboost_cds_dt' has not been set explicitly, hence returning None.
2025-07-10 18:26:19,953:WARNING:
'catboost' is a soft dependency and not included in the pycaret installation. Please run: `pip install catboost` to install.
Alternately, you can install this by running `pip install pycaret[models]`
2025-07-10 18:26:19,953:WARNING:
'catboost' is a soft dependency and not included in the pycaret installation. Please run: `pip install catboost` to install.
Alternately, you can install this by running `pip install pycaret[models]`
2025-07-10 18:26:19,956:WARNING:
'prophet' is a soft dependency and not included in the pycaret installation. Please run: `pip install prophet` to install.
2025-07-10 18:26:19,958:INFO:Engine for model 'omp_cds_dt' has not been set explicitly, hence returning None.
2025-07-10 18:26:19,960:INFO:Engine for model 'knn_cds_dt' has not been set explicitly, hence returning None.
2025-07-10 18:26:19,961:INFO:Engine for model 'dt_cds_dt' has not been set explicitly, hence returning None.
2025-07-10 18:26:19,961:INFO:Engine for model 'rf_cds_dt' has not been set explicitly, hence returning None.
2025-07-10 18:26:19,961:INFO:Engine for model 'et_cds_dt' has not been set explicitly, hence returning None.
2025-07-10 18:26:19,962:INFO:Engine for model 'gbr_cds_dt' has not been set explicitly, hence returning None.
2025-07-10 18:26:19,962:INFO:Engine for model 'ada_cds_dt' has not been set explicitly, hence returning None.
2025-07-10 18:26:19,962:INFO:Engine for model 'xgboost_cds_dt' has not been set explicitly, hence returning None.
2025-07-10 18:26:19,962:WARNING:
'xgboost' is a soft dependency and not included in the pycaret installation. Please run: `pip install xgboost` to install.
Alternately, you can install this by running `pip install pycaret[models]`
2025-07-10 18:26:19,962:WARNING:
'xgboost' is a soft dependency and not included in the pycaret installation. Please run: `pip install xgboost` to install.
Alternately, you can install this by running `pip install pycaret[models]`
2025-07-10 18:26:19,962:INFO:Engine for model 'lightgbm_cds_dt' has not been set explicitly, hence returning None.
2025-07-10 18:26:19,962:INFO:Engine for model 'catboost_cds_dt' has not been set explicitly, hence returning None.
2025-07-10 18:26:19,962:WARNING:
'catboost' is a soft dependency and not included in the pycaret installation. Please run: `pip install catboost` to install.
Alternately, you can install this by running `pip install pycaret[models]`
2025-07-10 18:26:19,962:WARNING:
'catboost' is a soft dependency and not included in the pycaret installation. Please run: `pip install catboost` to install.
Alternately, you can install this by running `pip install pycaret[models]`
2025-07-10 18:26:19,963:INFO:Engine successfully changes for model 'omp_cds_dt' to 'sklearn'.
2025-07-10 18:26:19,965:WARNING:
'prophet' is a soft dependency and not included in the pycaret installation. Please run: `pip install prophet` to install.
2025-07-10 18:26:19,970:INFO:Engine for model 'knn_cds_dt' has not been set explicitly, hence returning None.
2025-07-10 18:26:19,970:INFO:Engine for model 'dt_cds_dt' has not been set explicitly, hence returning None.
2025-07-10 18:26:19,970:INFO:Engine for model 'rf_cds_dt' has not been set explicitly, hence returning None.
2025-07-10 18:26:19,971:INFO:Engine for model 'et_cds_dt' has not been set explicitly, hence returning None.
2025-07-10 18:26:19,971:INFO:Engine for model 'gbr_cds_dt' has not been set explicitly, hence returning None.
2025-07-10 18:26:19,971:INFO:Engine for model 'ada_cds_dt' has not been set explicitly, hence returning None.
2025-07-10 18:26:19,971:INFO:Engine for model 'xgboost_cds_dt' has not been set explicitly, hence returning None.
2025-07-10 18:26:19,971:WARNING:
'xgboost' is a soft dependency and not included in the pycaret installation. Please run: `pip install xgboost` to install.
Alternately, you can install this by running `pip install pycaret[models]`
2025-07-10 18:26:19,971:WARNING:
'xgboost' is a soft dependency and not included in the pycaret installation. Please run: `pip install xgboost` to install.
Alternately, you can install this by running `pip install pycaret[models]`
2025-07-10 18:26:19,971:INFO:Engine for model 'lightgbm_cds_dt' has not been set explicitly, hence returning None.
2025-07-10 18:26:19,972:INFO:Engine for model 'catboost_cds_dt' has not been set explicitly, hence returning None.
2025-07-10 18:26:19,972:WARNING:
'catboost' is a soft dependency and not included in the pycaret installation. Please run: `pip install catboost` to install.
Alternately, you can install this by running `pip install pycaret[models]`
2025-07-10 18:26:19,972:WARNING:
'catboost' is a soft dependency and not included in the pycaret installation. Please run: `pip install catboost` to install.
Alternately, you can install this by running `pip install pycaret[models]`
2025-07-10 18:26:19,976:WARNING:
'prophet' is a soft dependency and not included in the pycaret installation. Please run: `pip install prophet` to install.
2025-07-10 18:26:19,981:INFO:Engine for model 'knn_cds_dt' has not been set explicitly, hence returning None.
2025-07-10 18:26:19,981:INFO:Engine for model 'dt_cds_dt' has not been set explicitly, hence returning None.
2025-07-10 18:26:19,982:INFO:Engine for model 'rf_cds_dt' has not been set explicitly, hence returning None.
2025-07-10 18:26:19,982:INFO:Engine for model 'et_cds_dt' has not been set explicitly, hence returning None.
2025-07-10 18:26:19,982:INFO:Engine for model 'gbr_cds_dt' has not been set explicitly, hence returning None.
2025-07-10 18:26:19,982:INFO:Engine for model 'ada_cds_dt' has not been set explicitly, hence returning None.
2025-07-10 18:26:19,983:INFO:Engine for model 'xgboost_cds_dt' has not been set explicitly, hence returning None.
2025-07-10 18:26:19,983:WARNING:
'xgboost' is a soft dependency and not included in the pycaret installation. Please run: `pip install xgboost` to install.
Alternately, you can install this by running `pip install pycaret[models]`
2025-07-10 18:26:19,983:WARNING:
'xgboost' is a soft dependency and not included in the pycaret installation. Please run: `pip install xgboost` to install.
Alternately, you can install this by running `pip install pycaret[models]`
2025-07-10 18:26:19,983:INFO:Engine for model 'lightgbm_cds_dt' has not been set explicitly, hence returning None.
2025-07-10 18:26:19,983:INFO:Engine for model 'catboost_cds_dt' has not been set explicitly, hence returning None.
2025-07-10 18:26:19,983:WARNING:
'catboost' is a soft dependency and not included in the pycaret installation. Please run: `pip install catboost` to install.
Alternately, you can install this by running `pip install pycaret[models]`
2025-07-10 18:26:19,984:WARNING:
'catboost' is a soft dependency and not included in the pycaret installation. Please run: `pip install catboost` to install.
Alternately, you can install this by running `pip install pycaret[models]`
2025-07-10 18:26:19,984:INFO:Engine successfully changes for model 'knn_cds_dt' to 'sklearn'.
2025-07-10 18:26:19,986:WARNING:
'prophet' is a soft dependency and not included in the pycaret installation. Please run: `pip install prophet` to install.
2025-07-10 18:26:19,990:INFO:Engine for model 'dt_cds_dt' has not been set explicitly, hence returning None.
2025-07-10 18:26:19,991:INFO:Engine for model 'rf_cds_dt' has not been set explicitly, hence returning None.
2025-07-10 18:26:19,991:INFO:Engine for model 'et_cds_dt' has not been set explicitly, hence returning None.
2025-07-10 18:26:19,991:INFO:Engine for model 'gbr_cds_dt' has not been set explicitly, hence returning None.
2025-07-10 18:26:19,991:INFO:Engine for model 'ada_cds_dt' has not been set explicitly, hence returning None.
2025-07-10 18:26:19,992:INFO:Engine for model 'xgboost_cds_dt' has not been set explicitly, hence returning None.
2025-07-10 18:26:19,992:WARNING:
'xgboost' is a soft dependency and not included in the pycaret installation. Please run: `pip install xgboost` to install.
Alternately, you can install this by running `pip install pycaret[models]`
2025-07-10 18:26:19,992:WARNING:
'xgboost' is a soft dependency and not included in the pycaret installation. Please run: `pip install xgboost` to install.
Alternately, you can install this by running `pip install pycaret[models]`
2025-07-10 18:26:19,992:INFO:Engine for model 'lightgbm_cds_dt' has not been set explicitly, hence returning None.
2025-07-10 18:26:19,992:INFO:Engine for model 'catboost_cds_dt' has not been set explicitly, hence returning None.
2025-07-10 18:26:19,992:WARNING:
'catboost' is a soft dependency and not included in the pycaret installation. Please run: `pip install catboost` to install.
Alternately, you can install this by running `pip install pycaret[models]`
2025-07-10 18:26:19,992:WARNING:
'catboost' is a soft dependency and not included in the pycaret installation. Please run: `pip install catboost` to install.
Alternately, you can install this by running `pip install pycaret[models]`
2025-07-10 18:26:19,996:WARNING:
'prophet' is a soft dependency and not included in the pycaret installation. Please run: `pip install prophet` to install.
2025-07-10 18:26:20,001:INFO:Engine for model 'dt_cds_dt' has not been set explicitly, hence returning None.
2025-07-10 18:26:20,002:INFO:Engine for model 'rf_cds_dt' has not been set explicitly, hence returning None.
2025-07-10 18:26:20,002:INFO:Engine for model 'et_cds_dt' has not been set explicitly, hence returning None.
2025-07-10 18:26:20,002:INFO:Engine for model 'gbr_cds_dt' has not been set explicitly, hence returning None.
2025-07-10 18:26:20,002:INFO:Engine for model 'ada_cds_dt' has not been set explicitly, hence returning None.
2025-07-10 18:26:20,002:INFO:Engine for model 'xgboost_cds_dt' has not been set explicitly, hence returning None.
2025-07-10 18:26:20,002:WARNING:
'xgboost' is a soft dependency and not included in the pycaret installation. Please run: `pip install xgboost` to install.
Alternately, you can install this by running `pip install pycaret[models]`
2025-07-10 18:26:20,002:WARNING:
'xgboost' is a soft dependency and not included in the pycaret installation. Please run: `pip install xgboost` to install.
Alternately, you can install this by running `pip install pycaret[models]`
2025-07-10 18:26:20,002:INFO:Engine for model 'lightgbm_cds_dt' has not been set explicitly, hence returning None.
2025-07-10 18:26:20,003:INFO:Engine for model 'catboost_cds_dt' has not been set explicitly, hence returning None.
2025-07-10 18:26:20,003:WARNING:
'catboost' is a soft dependency and not included in the pycaret installation. Please run: `pip install catboost` to install.
Alternately, you can install this by running `pip install pycaret[models]`
2025-07-10 18:26:20,003:WARNING:
'catboost' is a soft dependency and not included in the pycaret installation. Please run: `pip install catboost` to install.
Alternately, you can install this by running `pip install pycaret[models]`
2025-07-10 18:26:20,003:INFO:Engine successfully changes for model 'dt_cds_dt' to 'sklearn'.
2025-07-10 18:26:20,005:WARNING:
'prophet' is a soft dependency and not included in the pycaret installation. Please run: `pip install prophet` to install.
2025-07-10 18:26:20,010:INFO:Engine for model 'rf_cds_dt' has not been set explicitly, hence returning None.
2025-07-10 18:26:20,010:INFO:Engine for model 'et_cds_dt' has not been set explicitly, hence returning None.
2025-07-10 18:26:20,010:INFO:Engine for model 'gbr_cds_dt' has not been set explicitly, hence returning None.
2025-07-10 18:26:20,011:INFO:Engine for model 'ada_cds_dt' has not been set explicitly, hence returning None.
2025-07-10 18:26:20,011:INFO:Engine for model 'xgboost_cds_dt' has not been set explicitly, hence returning None.
2025-07-10 18:26:20,011:WARNING:
'xgboost' is a soft dependency and not included in the pycaret installation. Please run: `pip install xgboost` to install.
Alternately, you can install this by running `pip install pycaret[models]`
2025-07-10 18:26:20,011:WARNING:
'xgboost' is a soft dependency and not included in the pycaret installation. Please run: `pip install xgboost` to install.
Alternately, you can install this by running `pip install pycaret[models]`
2025-07-10 18:26:20,011:INFO:Engine for model 'lightgbm_cds_dt' has not been set explicitly, hence returning None.
2025-07-10 18:26:20,011:INFO:Engine for model 'catboost_cds_dt' has not been set explicitly, hence returning None.
2025-07-10 18:26:20,011:WARNING:
'catboost' is a soft dependency and not included in the pycaret installation. Please run: `pip install catboost` to install.
Alternately, you can install this by running `pip install pycaret[models]`
2025-07-10 18:26:20,012:WARNING:
'catboost' is a soft dependency and not included in the pycaret installation. Please run: `pip install catboost` to install.
Alternately, you can install this by running `pip install pycaret[models]`
2025-07-10 18:26:20,014:WARNING:
'prophet' is a soft dependency and not included in the pycaret installation. Please run: `pip install prophet` to install.
2025-07-10 18:26:20,019:INFO:Engine for model 'rf_cds_dt' has not been set explicitly, hence returning None.
2025-07-10 18:26:20,019:INFO:Engine for model 'et_cds_dt' has not been set explicitly, hence returning None.
2025-07-10 18:26:20,020:INFO:Engine for model 'gbr_cds_dt' has not been set explicitly, hence returning None.
2025-07-10 18:26:20,020:INFO:Engine for model 'ada_cds_dt' has not been set explicitly, hence returning None.
2025-07-10 18:26:20,020:INFO:Engine for model 'xgboost_cds_dt' has not been set explicitly, hence returning None.
2025-07-10 18:26:20,020:WARNING:
'xgboost' is a soft dependency and not included in the pycaret installation. Please run: `pip install xgboost` to install.
Alternately, you can install this by running `pip install pycaret[models]`
2025-07-10 18:26:20,020:WARNING:
'xgboost' is a soft dependency and not included in the pycaret installation. Please run: `pip install xgboost` to install.
Alternately, you can install this by running `pip install pycaret[models]`
2025-07-10 18:26:20,020:INFO:Engine for model 'lightgbm_cds_dt' has not been set explicitly, hence returning None.
2025-07-10 18:26:20,020:INFO:Engine for model 'catboost_cds_dt' has not been set explicitly, hence returning None.
2025-07-10 18:26:20,020:WARNING:
'catboost' is a soft dependency and not included in the pycaret installation. Please run: `pip install catboost` to install.
Alternately, you can install this by running `pip install pycaret[models]`
2025-07-10 18:26:20,020:WARNING:
'catboost' is a soft dependency and not included in the pycaret installation. Please run: `pip install catboost` to install.
Alternately, you can install this by running `pip install pycaret[models]`
2025-07-10 18:26:20,021:INFO:Engine successfully changes for model 'rf_cds_dt' to 'sklearn'.
2025-07-10 18:26:20,023:WARNING:
'prophet' is a soft dependency and not included in the pycaret installation. Please run: `pip install prophet` to install.
2025-07-10 18:26:20,027:INFO:Engine for model 'et_cds_dt' has not been set explicitly, hence returning None.
2025-07-10 18:26:20,028:INFO:Engine for model 'gbr_cds_dt' has not been set explicitly, hence returning None.
2025-07-10 18:26:20,028:INFO:Engine for model 'ada_cds_dt' has not been set explicitly, hence returning None.
2025-07-10 18:26:20,028:INFO:Engine for model 'xgboost_cds_dt' has not been set explicitly, hence returning None.
2025-07-10 18:26:20,028:WARNING:
'xgboost' is a soft dependency and not included in the pycaret installation. Please run: `pip install xgboost` to install.
Alternately, you can install this by running `pip install pycaret[models]`
2025-07-10 18:26:20,028:WARNING:
'xgboost' is a soft dependency and not included in the pycaret installation. Please run: `pip install xgboost` to install.
Alternately, you can install this by running `pip install pycaret[models]`
2025-07-10 18:26:20,028:INFO:Engine for model 'lightgbm_cds_dt' has not been set explicitly, hence returning None.
2025-07-10 18:26:20,028:INFO:Engine for model 'catboost_cds_dt' has not been set explicitly, hence returning None.
2025-07-10 18:26:20,028:WARNING:
'catboost' is a soft dependency and not included in the pycaret installation. Please run: `pip install catboost` to install.
Alternately, you can install this by running `pip install pycaret[models]`
2025-07-10 18:26:20,028:WARNING:
'catboost' is a soft dependency and not included in the pycaret installation. Please run: `pip install catboost` to install.
Alternately, you can install this by running `pip install pycaret[models]`
2025-07-10 18:26:20,031:WARNING:
'prophet' is a soft dependency and not included in the pycaret installation. Please run: `pip install prophet` to install.
2025-07-10 18:26:20,036:INFO:Engine for model 'et_cds_dt' has not been set explicitly, hence returning None.
2025-07-10 18:26:20,036:INFO:Engine for model 'gbr_cds_dt' has not been set explicitly, hence returning None.
2025-07-10 18:26:20,037:INFO:Engine for model 'ada_cds_dt' has not been set explicitly, hence returning None.
2025-07-10 18:26:20,037:INFO:Engine for model 'xgboost_cds_dt' has not been set explicitly, hence returning None.
2025-07-10 18:26:20,037:WARNING:
'xgboost' is a soft dependency and not included in the pycaret installation. Please run: `pip install xgboost` to install.
Alternately, you can install this by running `pip install pycaret[models]`
2025-07-10 18:26:20,037:WARNING:
'xgboost' is a soft dependency and not included in the pycaret installation. Please run: `pip install xgboost` to install.
Alternately, you can install this by running `pip install pycaret[models]`
2025-07-10 18:26:20,037:INFO:Engine for model 'lightgbm_cds_dt' has not been set explicitly, hence returning None.
2025-07-10 18:26:20,037:INFO:Engine for model 'catboost_cds_dt' has not been set explicitly, hence returning None.
2025-07-10 18:26:20,037:WARNING:
'catboost' is a soft dependency and not included in the pycaret installation. Please run: `pip install catboost` to install.
Alternately, you can install this by running `pip install pycaret[models]`
2025-07-10 18:26:20,037:WARNING:
'catboost' is a soft dependency and not included in the pycaret installation. Please run: `pip install catboost` to install.
Alternately, you can install this by running `pip install pycaret[models]`
2025-07-10 18:26:20,037:INFO:Engine successfully changes for model 'et_cds_dt' to 'sklearn'.
2025-07-10 18:26:20,039:WARNING:
'prophet' is a soft dependency and not included in the pycaret installation. Please run: `pip install prophet` to install.
2025-07-10 18:26:20,044:INFO:Engine for model 'gbr_cds_dt' has not been set explicitly, hence returning None.
2025-07-10 18:26:20,045:INFO:Engine for model 'ada_cds_dt' has not been set explicitly, hence returning None.
2025-07-10 18:26:20,045:INFO:Engine for model 'xgboost_cds_dt' has not been set explicitly, hence returning None.
2025-07-10 18:26:20,045:WARNING:
'xgboost' is a soft dependency and not included in the pycaret installation. Please run: `pip install xgboost` to install.
Alternately, you can install this by running `pip install pycaret[models]`
2025-07-10 18:26:20,045:WARNING:
'xgboost' is a soft dependency and not included in the pycaret installation. Please run: `pip install xgboost` to install.
Alternately, you can install this by running `pip install pycaret[models]`
2025-07-10 18:26:20,045:INFO:Engine for model 'lightgbm_cds_dt' has not been set explicitly, hence returning None.
2025-07-10 18:26:20,045:INFO:Engine for model 'catboost_cds_dt' has not been set explicitly, hence returning None.
2025-07-10 18:26:20,045:WARNING:
'catboost' is a soft dependency and not included in the pycaret installation. Please run: `pip install catboost` to install.
Alternately, you can install this by running `pip install pycaret[models]`
2025-07-10 18:26:20,045:WARNING:
'catboost' is a soft dependency and not included in the pycaret installation. Please run: `pip install catboost` to install.
Alternately, you can install this by running `pip install pycaret[models]`
2025-07-10 18:26:20,048:WARNING:
'prophet' is a soft dependency and not included in the pycaret installation. Please run: `pip install prophet` to install.
2025-07-10 18:26:20,054:INFO:Engine for model 'gbr_cds_dt' has not been set explicitly, hence returning None.
2025-07-10 18:26:20,054:INFO:Engine for model 'ada_cds_dt' has not been set explicitly, hence returning None.
2025-07-10 18:26:20,054:INFO:Engine for model 'xgboost_cds_dt' has not been set explicitly, hence returning None.
2025-07-10 18:26:20,054:WARNING:
'xgboost' is a soft dependency and not included in the pycaret installation. Please run: `pip install xgboost` to install.
Alternately, you can install this by running `pip install pycaret[models]`
2025-07-10 18:26:20,054:WARNING:
'xgboost' is a soft dependency and not included in the pycaret installation. Please run: `pip install xgboost` to install.
Alternately, you can install this by running `pip install pycaret[models]`
2025-07-10 18:26:20,054:INFO:Engine for model 'lightgbm_cds_dt' has not been set explicitly, hence returning None.
2025-07-10 18:26:20,054:INFO:Engine for model 'catboost_cds_dt' has not been set explicitly, hence returning None.
2025-07-10 18:26:20,054:WARNING:
'catboost' is a soft dependency and not included in the pycaret installation. Please run: `pip install catboost` to install.
Alternately, you can install this by running `pip install pycaret[models]`
2025-07-10 18:26:20,054:WARNING:
'catboost' is a soft dependency and not included in the pycaret installation. Please run: `pip install catboost` to install.
Alternately, you can install this by running `pip install pycaret[models]`
2025-07-10 18:26:20,055:INFO:Engine successfully changes for model 'gbr_cds_dt' to 'sklearn'.
2025-07-10 18:26:20,057:WARNING:
'prophet' is a soft dependency and not included in the pycaret installation. Please run: `pip install prophet` to install.
2025-07-10 18:26:20,062:INFO:Engine for model 'ada_cds_dt' has not been set explicitly, hence returning None.
2025-07-10 18:26:20,062:INFO:Engine for model 'xgboost_cds_dt' has not been set explicitly, hence returning None.
2025-07-10 18:26:20,062:WARNING:
'xgboost' is a soft dependency and not included in the pycaret installation. Please run: `pip install xgboost` to install.
Alternately, you can install this by running `pip install pycaret[models]`
2025-07-10 18:26:20,062:WARNING:
'xgboost' is a soft dependency and not included in the pycaret installation. Please run: `pip install xgboost` to install.
Alternately, you can install this by running `pip install pycaret[models]`
2025-07-10 18:26:20,062:INFO:Engine for model 'lightgbm_cds_dt' has not been set explicitly, hence returning None.
2025-07-10 18:26:20,063:INFO:Engine for model 'catboost_cds_dt' has not been set explicitly, hence returning None.
2025-07-10 18:26:20,063:WARNING:
'catboost' is a soft dependency and not included in the pycaret installation. Please run: `pip install catboost` to install.
Alternately, you can install this by running `pip install pycaret[models]`
2025-07-10 18:26:20,063:WARNING:
'catboost' is a soft dependency and not included in the pycaret installation. Please run: `pip install catboost` to install.
Alternately, you can install this by running `pip install pycaret[models]`
2025-07-10 18:26:20,065:WARNING:
'prophet' is a soft dependency and not included in the pycaret installation. Please run: `pip install prophet` to install.
2025-07-10 18:26:20,071:INFO:Engine for model 'ada_cds_dt' has not been set explicitly, hence returning None.
2025-07-10 18:26:20,071:INFO:Engine for model 'xgboost_cds_dt' has not been set explicitly, hence returning None.
2025-07-10 18:26:20,071:WARNING:
'xgboost' is a soft dependency and not included in the pycaret installation. Please run: `pip install xgboost` to install.
Alternately, you can install this by running `pip install pycaret[models]`
2025-07-10 18:26:20,071:WARNING:
'xgboost' is a soft dependency and not included in the pycaret installation. Please run: `pip install xgboost` to install.
Alternately, you can install this by running `pip install pycaret[models]`
2025-07-10 18:26:20,071:INFO:Engine for model 'lightgbm_cds_dt' has not been set explicitly, hence returning None.
2025-07-10 18:26:20,071:INFO:Engine for model 'catboost_cds_dt' has not been set explicitly, hence returning None.
2025-07-10 18:26:20,071:WARNING:
'catboost' is a soft dependency and not included in the pycaret installation. Please run: `pip install catboost` to install.
Alternately, you can install this by running `pip install pycaret[models]`
2025-07-10 18:26:20,071:WARNING:
'catboost' is a soft dependency and not included in the pycaret installation. Please run: `pip install catboost` to install.
Alternately, you can install this by running `pip install pycaret[models]`
2025-07-10 18:26:20,072:INFO:Engine successfully changes for model 'ada_cds_dt' to 'sklearn'.
2025-07-10 18:26:20,074:WARNING:
'prophet' is a soft dependency and not included in the pycaret installation. Please run: `pip install prophet` to install.
2025-07-10 18:26:20,079:INFO:Engine for model 'xgboost_cds_dt' has not been set explicitly, hence returning None.
2025-07-10 18:26:20,079:WARNING:
'xgboost' is a soft dependency and not included in the pycaret installation. Please run: `pip install xgboost` to install.
Alternately, you can install this by running `pip install pycaret[models]`
2025-07-10 18:26:20,079:WARNING:
'xgboost' is a soft dependency and not included in the pycaret installation. Please run: `pip install xgboost` to install.
Alternately, you can install this by running `pip install pycaret[models]`
2025-07-10 18:26:20,079:INFO:Engine for model 'lightgbm_cds_dt' has not been set explicitly, hence returning None.
2025-07-10 18:26:20,080:INFO:Engine for model 'catboost_cds_dt' has not been set explicitly, hence returning None.
2025-07-10 18:26:20,080:WARNING:
'catboost' is a soft dependency and not included in the pycaret installation. Please run: `pip install catboost` to install.
Alternately, you can install this by running `pip install pycaret[models]`
2025-07-10 18:26:20,080:WARNING:
'catboost' is a soft dependency and not included in the pycaret installation. Please run: `pip install catboost` to install.
Alternately, you can install this by running `pip install pycaret[models]`
2025-07-10 18:26:20,082:WARNING:
'prophet' is a soft dependency and not included in the pycaret installation. Please run: `pip install prophet` to install.
2025-07-10 18:26:20,088:INFO:Engine for model 'xgboost_cds_dt' has not been set explicitly, hence returning None.
2025-07-10 18:26:20,088:WARNING:
'xgboost' is a soft dependency and not included in the pycaret installation. Please run: `pip install xgboost` to install.
Alternately, you can install this by running `pip install pycaret[models]`
2025-07-10 18:26:20,088:WARNING:
'xgboost' is a soft dependency and not included in the pycaret installation. Please run: `pip install xgboost` to install.
Alternately, you can install this by running `pip install pycaret[models]`
2025-07-10 18:26:20,088:INFO:Engine for model 'lightgbm_cds_dt' has not been set explicitly, hence returning None.
2025-07-10 18:26:20,088:INFO:Engine for model 'catboost_cds_dt' has not been set explicitly, hence returning None.
2025-07-10 18:26:20,088:WARNING:
'catboost' is a soft dependency and not included in the pycaret installation. Please run: `pip install catboost` to install.
Alternately, you can install this by running `pip install pycaret[models]`
2025-07-10 18:26:20,088:WARNING:
'catboost' is a soft dependency and not included in the pycaret installation. Please run: `pip install catboost` to install.
Alternately, you can install this by running `pip install pycaret[models]`
2025-07-10 18:26:20,089:INFO:Engine successfully changes for model 'xgboost_cds_dt' to 'sklearn'.
2025-07-10 18:26:20,091:WARNING:
'prophet' is a soft dependency and not included in the pycaret installation. Please run: `pip install prophet` to install.
2025-07-10 18:26:20,096:WARNING:
'xgboost' is a soft dependency and not included in the pycaret installation. Please run: `pip install xgboost` to install.
Alternately, you can install this by running `pip install pycaret[models]`
2025-07-10 18:26:20,096:WARNING:
'xgboost' is a soft dependency and not included in the pycaret installation. Please run: `pip install xgboost` to install.
Alternately, you can install this by running `pip install pycaret[models]`
2025-07-10 18:26:20,096:INFO:Engine for model 'lightgbm_cds_dt' has not been set explicitly, hence returning None.
2025-07-10 18:26:20,097:INFO:Engine for model 'catboost_cds_dt' has not been set explicitly, hence returning None.
2025-07-10 18:26:20,097:WARNING:
'catboost' is a soft dependency and not included in the pycaret installation. Please run: `pip install catboost` to install.
Alternately, you can install this by running `pip install pycaret[models]`
2025-07-10 18:26:20,097:WARNING:
'catboost' is a soft dependency and not included in the pycaret installation. Please run: `pip install catboost` to install.
Alternately, you can install this by running `pip install pycaret[models]`
2025-07-10 18:26:20,099:WARNING:
'prophet' is a soft dependency and not included in the pycaret installation. Please run: `pip install prophet` to install.
2025-07-10 18:26:20,105:WARNING:
'xgboost' is a soft dependency and not included in the pycaret installation. Please run: `pip install xgboost` to install.
Alternately, you can install this by running `pip install pycaret[models]`
2025-07-10 18:26:20,105:WARNING:
'xgboost' is a soft dependency and not included in the pycaret installation. Please run: `pip install xgboost` to install.
Alternately, you can install this by running `pip install pycaret[models]`
2025-07-10 18:26:20,105:INFO:Engine for model 'lightgbm_cds_dt' has not been set explicitly, hence returning None.
2025-07-10 18:26:20,105:INFO:Engine for model 'catboost_cds_dt' has not been set explicitly, hence returning None.
2025-07-10 18:26:20,105:WARNING:
'catboost' is a soft dependency and not included in the pycaret installation. Please run: `pip install catboost` to install.
Alternately, you can install this by running `pip install pycaret[models]`
2025-07-10 18:26:20,105:WARNING:
'catboost' is a soft dependency and not included in the pycaret installation. Please run: `pip install catboost` to install.
Alternately, you can install this by running `pip install pycaret[models]`
2025-07-10 18:26:20,106:INFO:Engine successfully changes for model 'lightgbm_cds_dt' to 'sklearn'.
2025-07-10 18:26:20,108:WARNING:
'prophet' is a soft dependency and not included in the pycaret installation. Please run: `pip install prophet` to install.
2025-07-10 18:26:20,113:WARNING:
'xgboost' is a soft dependency and not included in the pycaret installation. Please run: `pip install xgboost` to install.
Alternately, you can install this by running `pip install pycaret[models]`
2025-07-10 18:26:20,113:WARNING:
'xgboost' is a soft dependency and not included in the pycaret installation. Please run: `pip install xgboost` to install.
Alternately, you can install this by running `pip install pycaret[models]`
2025-07-10 18:26:20,113:INFO:Engine for model 'catboost_cds_dt' has not been set explicitly, hence returning None.
2025-07-10 18:26:20,113:WARNING:
'catboost' is a soft dependency and not included in the pycaret installation. Please run: `pip install catboost` to install.
Alternately, you can install this by running `pip install pycaret[models]`
2025-07-10 18:26:20,113:WARNING:
'catboost' is a soft dependency and not included in the pycaret installation. Please run: `pip install catboost` to install.
Alternately, you can install this by running `pip install pycaret[models]`
2025-07-10 18:26:20,116:WARNING:
'prophet' is a soft dependency and not included in the pycaret installation. Please run: `pip install prophet` to install.
2025-07-10 18:26:20,122:WARNING:
'xgboost' is a soft dependency and not included in the pycaret installation. Please run: `pip install xgboost` to install.
Alternately, you can install this by running `pip install pycaret[models]`
2025-07-10 18:26:20,122:WARNING:
'xgboost' is a soft dependency and not included in the pycaret installation. Please run: `pip install xgboost` to install.
Alternately, you can install this by running `pip install pycaret[models]`
2025-07-10 18:26:20,122:INFO:Engine for model 'catboost_cds_dt' has not been set explicitly, hence returning None.
2025-07-10 18:26:20,122:WARNING:
'catboost' is a soft dependency and not included in the pycaret installation. Please run: `pip install catboost` to install.
Alternately, you can install this by running `pip install pycaret[models]`
2025-07-10 18:26:20,122:WARNING:
'catboost' is a soft dependency and not included in the pycaret installation. Please run: `pip install catboost` to install.
Alternately, you can install this by running `pip install pycaret[models]`
2025-07-10 18:26:20,122:INFO:Engine successfully changes for model 'catboost_cds_dt' to 'sklearn'.
2025-07-10 18:26:20,125:WARNING:
'prophet' is a soft dependency and not included in the pycaret installation. Please run: `pip install prophet` to install.
2025-07-10 18:26:20,130:WARNING:
'xgboost' is a soft dependency and not included in the pycaret installation. Please run: `pip install xgboost` to install.
Alternately, you can install this by running `pip install pycaret[models]`
2025-07-10 18:26:20,130:WARNING:
'xgboost' is a soft dependency and not included in the pycaret installation. Please run: `pip install xgboost` to install.
Alternately, you can install this by running `pip install pycaret[models]`
2025-07-10 18:26:20,130:WARNING:
'catboost' is a soft dependency and not included in the pycaret installation. Please run: `pip install catboost` to install.
Alternately, you can install this by running `pip install pycaret[models]`
2025-07-10 18:26:20,130:WARNING:
'catboost' is a soft dependency and not included in the pycaret installation. Please run: `pip install catboost` to install.
Alternately, you can install this by running `pip install pycaret[models]`
2025-07-10 18:26:20,133:WARNING:
'prophet' is a soft dependency and not included in the pycaret installation. Please run: `pip install prophet` to install.
2025-07-10 18:26:20,139:WARNING:
'xgboost' is a soft dependency and not included in the pycaret installation. Please run: `pip install xgboost` to install.
Alternately, you can install this by running `pip install pycaret[models]`
2025-07-10 18:26:20,139:WARNING:
'xgboost' is a soft dependency and not included in the pycaret installation. Please run: `pip install xgboost` to install.
Alternately, you can install this by running `pip install pycaret[models]`
2025-07-10 18:26:20,139:WARNING:
'catboost' is a soft dependency and not included in the pycaret installation. Please run: `pip install catboost` to install.
Alternately, you can install this by running `pip install pycaret[models]`
2025-07-10 18:26:20,139:WARNING:
'catboost' is a soft dependency and not included in the pycaret installation. Please run: `pip install catboost` to install.
Alternately, you can install this by running `pip install pycaret[models]`
2025-07-10 18:26:20,141:WARNING:
'prophet' is a soft dependency and not included in the pycaret installation. Please run: `pip install prophet` to install.
2025-07-10 18:26:20,147:WARNING:
'xgboost' is a soft dependency and not included in the pycaret installation. Please run: `pip install xgboost` to install.
Alternately, you can install this by running `pip install pycaret[models]`
2025-07-10 18:26:20,147:WARNING:
'xgboost' is a soft dependency and not included in the pycaret installation. Please run: `pip install xgboost` to install.
Alternately, you can install this by running `pip install pycaret[models]`
2025-07-10 18:26:20,147:WARNING:
'catboost' is a soft dependency and not included in the pycaret installation. Please run: `pip install catboost` to install.
Alternately, you can install this by running `pip install pycaret[models]`
2025-07-10 18:26:20,147:WARNING:
'catboost' is a soft dependency and not included in the pycaret installation. Please run: `pip install catboost` to install.
Alternately, you can install this by running `pip install pycaret[models]`
2025-07-10 18:26:20,149:WARNING:
'prophet' is a soft dependency and not included in the pycaret installation. Please run: `pip install prophet` to install.
2025-07-10 18:26:20,155:WARNING:
'xgboost' is a soft dependency and not included in the pycaret installation. Please run: `pip install xgboost` to install.
Alternately, you can install this by running `pip install pycaret[models]`
2025-07-10 18:26:20,155:WARNING:
'xgboost' is a soft dependency and not included in the pycaret installation. Please run: `pip install xgboost` to install.
Alternately, you can install this by running `pip install pycaret[models]`
2025-07-10 18:26:20,155:WARNING:
'catboost' is a soft dependency and not included in the pycaret installation. Please run: `pip install catboost` to install.
Alternately, you can install this by running `pip install pycaret[models]`
2025-07-10 18:26:20,155:WARNING:
'catboost' is a soft dependency and not included in the pycaret installation. Please run: `pip install catboost` to install.
Alternately, you can install this by running `pip install pycaret[models]`
2025-07-10 18:26:20,156:INFO:setup() successfully completed in 0.5s...............
2025-07-10 18:26:20,156:INFO:Initializing compare_models()
2025-07-10 18:26:20,156:INFO:compare_models(self=<pycaret.time_series.forecasting.oop.TSForecastingExperiment object at 0x7fc3c13485b0>, include=None, fold=None, round=4, cross_validation=True, sort=RMSE, n_select=5, budget_time=10, turbo=True, errors=ignore, fit_kwargs=None, groups=None, experiment_custom_tags=None, probability_threshold=None, verbose=True, parallel=None, caller_params={'self': <pycaret.time_series.forecasting.oop.TSForecastingExperiment object at 0x7fc3c13485b0>, 'include': None, 'exclude': None, 'fold': None, 'round': 4, 'cross_validation': True, 'sort': 'RMSE', 'n_select': 5, 'budget_time': 10, 'turbo': True, 'errors': 'ignore', 'fit_kwargs': None, 'experiment_custom_tags': None, 'engine': None, 'verbose': True, 'parallel': None, '__class__': <class 'pycaret.time_series.forecasting.oop.TSForecastingExperiment'>}, exclude=None)
2025-07-10 18:26:20,156:INFO:Checking exceptions
2025-07-10 18:26:20,157:INFO:Preparing display monitor
2025-07-10 18:26:20,172:WARNING:/home/leon/.conda/envs/bd_inv_predict/lib/python3.10/site-packages/pycaret/internal/pycaret_experiment/supervised_experiment.py:713: UserWarning: Unsupported estimator `ensemble_forecaster` for method `compare_models()`, removing from model_library
  warnings.warn(

2025-07-10 18:26:20,173:INFO:Time budget is 10 minutes
2025-07-10 18:26:20,173:INFO:Initializing ARIMA
2025-07-10 18:26:20,173:INFO:Total runtime is 2.0662943522135415e-06 minutes
2025-07-10 18:26:20,175:INFO:SubProcess create_model() called ==================================
2025-07-10 18:26:20,175:INFO:Initializing create_model()
2025-07-10 18:26:20,175:INFO:create_model(self=<pycaret.time_series.forecasting.oop.TSForecastingExperiment object at 0x7fc3c13485b0>, estimator=arima, fold=None, round=4, cross_validation=True, predict=True, fit_kwargs={}, groups=None, refit=False, probability_threshold=None, experiment_custom_tags=None, verbose=False, system=False, add_to_model_list=True, metrics=None, display=<pycaret.internal.display.display.CommonDisplay object at 0x7fc2ee88dd50>, model_only=True, return_train_score=False, error_score=0.0, kwargs={})
2025-07-10 18:26:20,176:INFO:Checking exceptions
2025-07-10 18:26:20,176:INFO:Importing libraries
2025-07-10 18:26:20,176:INFO:Copying training dataset
2025-07-10 18:26:20,177:INFO:Defining folds
2025-07-10 18:26:20,177:INFO:Declaring metric variables
2025-07-10 18:26:20,179:INFO:Importing untrained model
2025-07-10 18:26:20,182:INFO:ARIMA Imported successfully
2025-07-10 18:26:20,188:INFO:Starting cross validation
2025-07-10 18:26:20,189:INFO:Cross validating with SlidingWindowSplitter(fh=ForecastingHorizon([1, 2, 3, 4, 5, 6, 7, 8, 9, 10, 11, 12, 13, 14], dtype='int64', is_relative=True),
                      step_length=14, window_length=1488), n_jobs=-1
2025-07-10 18:26:22,338:WARNING:/home/leon/.conda/envs/bd_inv_predict/lib/python3.10/site-packages/sklearn/metrics/_regression.py:483: FutureWarning: 'squared' is deprecated in version 1.4 and will be removed in 1.6. To calculate the root mean squared error, use the function'root_mean_squared_error'.
  warnings.warn(

2025-07-10 18:26:22,338:WARNING:/home/leon/.conda/envs/bd_inv_predict/lib/python3.10/site-packages/sklearn/metrics/_regression.py:483: FutureWarning: 'squared' is deprecated in version 1.4 and will be removed in 1.6. To calculate the root mean squared error, use the function'root_mean_squared_error'.
  warnings.warn(

2025-07-10 18:26:22,845:WARNING:/home/leon/.conda/envs/bd_inv_predict/lib/python3.10/site-packages/statsmodels/base/model.py:607: ConvergenceWarning: Maximum Likelihood optimization failed to converge. Check mle_retvals
  warnings.warn("Maximum Likelihood optimization failed to "

2025-07-10 18:26:23,012:WARNING:/home/leon/.conda/envs/bd_inv_predict/lib/python3.10/site-packages/sklearn/metrics/_regression.py:483: FutureWarning: 'squared' is deprecated in version 1.4 and will be removed in 1.6. To calculate the root mean squared error, use the function'root_mean_squared_error'.
  warnings.warn(

2025-07-10 18:26:23,012:WARNING:/home/leon/.conda/envs/bd_inv_predict/lib/python3.10/site-packages/sklearn/metrics/_regression.py:483: FutureWarning: 'squared' is deprecated in version 1.4 and will be removed in 1.6. To calculate the root mean squared error, use the function'root_mean_squared_error'.
  warnings.warn(

2025-07-10 18:26:23,023:INFO:Calculating mean and std
2025-07-10 18:26:23,024:INFO:Creating metrics dataframe
2025-07-10 18:26:23,027:WARNING:/home/leon/.conda/envs/bd_inv_predict/lib/python3.10/site-packages/pycaret/time_series/forecasting/oop.py:2694: FutureWarning: The behavior of DataFrame concatenation with empty or all-NA entries is deprecated. In a future version, this will no longer exclude empty or all-NA columns when determining the result dtypes. To retain the old behavior, exclude the relevant entries before the concat operation.
  model_results = pd.concat((model_results, model_avgs), axis=0)

2025-07-10 18:26:23,029:INFO:Uploading results into container
2025-07-10 18:26:23,029:INFO:Uploading model into container now
2025-07-10 18:26:23,030:INFO:_master_model_container: 1
2025-07-10 18:26:23,030:INFO:_display_container: 2
2025-07-10 18:26:23,030:INFO:ARIMA(seasonal_order=(0, 1, 0, 14))
2025-07-10 18:26:23,030:INFO:create_model() successfully completed......................................
2025-07-10 18:26:23,210:INFO:SubProcess create_model() end ==================================
2025-07-10 18:26:23,210:INFO:Creating metrics dataframe
2025-07-10 18:26:23,216:INFO:Initializing Auto ARIMA
2025-07-10 18:26:23,216:INFO:Total runtime is 0.050728332996368405 minutes
2025-07-10 18:26:23,219:INFO:SubProcess create_model() called ==================================
2025-07-10 18:26:23,219:INFO:Initializing create_model()
2025-07-10 18:26:23,219:INFO:create_model(self=<pycaret.time_series.forecasting.oop.TSForecastingExperiment object at 0x7fc3c13485b0>, estimator=auto_arima, fold=None, round=4, cross_validation=True, predict=True, fit_kwargs={}, groups=None, refit=False, probability_threshold=None, experiment_custom_tags=None, verbose=False, system=False, add_to_model_list=True, metrics=None, display=<pycaret.internal.display.display.CommonDisplay object at 0x7fc2ee88dd50>, model_only=True, return_train_score=False, error_score=0.0, kwargs={})
2025-07-10 18:26:23,219:INFO:Checking exceptions
2025-07-10 18:26:23,219:INFO:Importing libraries
2025-07-10 18:26:23,219:INFO:Copying training dataset
2025-07-10 18:26:23,222:INFO:Defining folds
2025-07-10 18:26:23,222:INFO:Declaring metric variables
2025-07-10 18:26:23,225:INFO:Importing untrained model
2025-07-10 18:26:23,228:INFO:Auto ARIMA Imported successfully
2025-07-10 18:26:23,236:INFO:Starting cross validation
2025-07-10 18:26:23,237:INFO:Cross validating with SlidingWindowSplitter(fh=ForecastingHorizon([1, 2, 3, 4, 5, 6, 7, 8, 9, 10, 11, 12, 13, 14], dtype='int64', is_relative=True),
                      step_length=14, window_length=1488), n_jobs=-1
2025-07-10 18:28:24,321:WARNING:/home/leon/.conda/envs/bd_inv_predict/lib/python3.10/site-packages/sklearn/metrics/_regression.py:483: FutureWarning: 'squared' is deprecated in version 1.4 and will be removed in 1.6. To calculate the root mean squared error, use the function'root_mean_squared_error'.
  warnings.warn(

2025-07-10 18:28:24,321:WARNING:/home/leon/.conda/envs/bd_inv_predict/lib/python3.10/site-packages/sklearn/metrics/_regression.py:483: FutureWarning: 'squared' is deprecated in version 1.4 and will be removed in 1.6. To calculate the root mean squared error, use the function'root_mean_squared_error'.
  warnings.warn(

2025-07-10 18:28:51,961:WARNING:/home/leon/.conda/envs/bd_inv_predict/lib/python3.10/site-packages/sklearn/metrics/_regression.py:483: FutureWarning: 'squared' is deprecated in version 1.4 and will be removed in 1.6. To calculate the root mean squared error, use the function'root_mean_squared_error'.
  warnings.warn(

2025-07-10 18:28:51,962:WARNING:/home/leon/.conda/envs/bd_inv_predict/lib/python3.10/site-packages/sklearn/metrics/_regression.py:483: FutureWarning: 'squared' is deprecated in version 1.4 and will be removed in 1.6. To calculate the root mean squared error, use the function'root_mean_squared_error'.
  warnings.warn(

2025-07-10 18:28:51,967:INFO:Calculating mean and std
2025-07-10 18:28:51,967:INFO:Creating metrics dataframe
2025-07-10 18:28:51,971:WARNING:/home/leon/.conda/envs/bd_inv_predict/lib/python3.10/site-packages/pycaret/time_series/forecasting/oop.py:2694: FutureWarning: The behavior of DataFrame concatenation with empty or all-NA entries is deprecated. In a future version, this will no longer exclude empty or all-NA columns when determining the result dtypes. To retain the old behavior, exclude the relevant entries before the concat operation.
  model_results = pd.concat((model_results, model_avgs), axis=0)

2025-07-10 18:28:51,973:INFO:Uploading results into container
2025-07-10 18:28:51,973:INFO:Uploading model into container now
2025-07-10 18:28:51,974:INFO:_master_model_container: 2
2025-07-10 18:28:51,974:INFO:_display_container: 2
2025-07-10 18:28:51,975:INFO:AutoARIMA(random_state=123, sp=14, suppress_warnings=True)
2025-07-10 18:28:51,975:INFO:create_model() successfully completed......................................
2025-07-10 18:28:52,156:INFO:SubProcess create_model() end ==================================
2025-07-10 18:28:52,157:INFO:Creating metrics dataframe
2025-07-10 18:28:52,162:INFO:Initializing Croston
2025-07-10 18:28:52,162:INFO:Total runtime is 2.533153633276622 minutes
2025-07-10 18:28:52,165:INFO:SubProcess create_model() called ==================================
2025-07-10 18:28:52,165:INFO:Initializing create_model()
2025-07-10 18:28:52,165:INFO:create_model(self=<pycaret.time_series.forecasting.oop.TSForecastingExperiment object at 0x7fc3c13485b0>, estimator=croston, fold=None, round=4, cross_validation=True, predict=True, fit_kwargs={}, groups=None, refit=False, probability_threshold=None, experiment_custom_tags=None, verbose=False, system=False, add_to_model_list=True, metrics=None, display=<pycaret.internal.display.display.CommonDisplay object at 0x7fc2ee88dd50>, model_only=True, return_train_score=False, error_score=0.0, kwargs={})
2025-07-10 18:28:52,165:INFO:Checking exceptions
2025-07-10 18:28:52,165:INFO:Importing libraries
2025-07-10 18:28:52,165:INFO:Copying training dataset
2025-07-10 18:28:52,167:INFO:Defining folds
2025-07-10 18:28:52,167:INFO:Declaring metric variables
2025-07-10 18:28:52,170:INFO:Importing untrained model
2025-07-10 18:28:52,173:INFO:Croston Imported successfully
2025-07-10 18:28:52,180:INFO:Starting cross validation
2025-07-10 18:28:52,181:INFO:Cross validating with SlidingWindowSplitter(fh=ForecastingHorizon([1, 2, 3, 4, 5, 6, 7, 8, 9, 10, 11, 12, 13, 14], dtype='int64', is_relative=True),
                      step_length=14, window_length=1488), n_jobs=-1
2025-07-10 18:28:53,169:WARNING:/home/leon/.conda/envs/bd_inv_predict/lib/python3.10/site-packages/sklearn/metrics/_regression.py:483: FutureWarning: 'squared' is deprecated in version 1.4 and will be removed in 1.6. To calculate the root mean squared error, use the function'root_mean_squared_error'.
  warnings.warn(

2025-07-10 18:28:53,170:WARNING:/home/leon/.conda/envs/bd_inv_predict/lib/python3.10/site-packages/sklearn/metrics/_regression.py:483: FutureWarning: 'squared' is deprecated in version 1.4 and will be removed in 1.6. To calculate the root mean squared error, use the function'root_mean_squared_error'.
  warnings.warn(

2025-07-10 18:28:53,176:WARNING:/home/leon/.conda/envs/bd_inv_predict/lib/python3.10/site-packages/sklearn/metrics/_regression.py:483: FutureWarning: 'squared' is deprecated in version 1.4 and will be removed in 1.6. To calculate the root mean squared error, use the function'root_mean_squared_error'.
  warnings.warn(

2025-07-10 18:28:53,177:WARNING:/home/leon/.conda/envs/bd_inv_predict/lib/python3.10/site-packages/sklearn/metrics/_regression.py:483: FutureWarning: 'squared' is deprecated in version 1.4 and will be removed in 1.6. To calculate the root mean squared error, use the function'root_mean_squared_error'.
  warnings.warn(

2025-07-10 18:28:53,188:INFO:Calculating mean and std
2025-07-10 18:28:53,189:INFO:Creating metrics dataframe
2025-07-10 18:28:53,192:WARNING:/home/leon/.conda/envs/bd_inv_predict/lib/python3.10/site-packages/pycaret/time_series/forecasting/oop.py:2694: FutureWarning: The behavior of DataFrame concatenation with empty or all-NA entries is deprecated. In a future version, this will no longer exclude empty or all-NA columns when determining the result dtypes. To retain the old behavior, exclude the relevant entries before the concat operation.
  model_results = pd.concat((model_results, model_avgs), axis=0)

2025-07-10 18:28:53,196:INFO:Uploading results into container
2025-07-10 18:28:53,197:INFO:Uploading model into container now
2025-07-10 18:28:53,198:INFO:_master_model_container: 3
2025-07-10 18:28:53,198:INFO:_display_container: 2
2025-07-10 18:28:53,198:INFO:Croston()
2025-07-10 18:28:53,198:INFO:create_model() successfully completed......................................
2025-07-10 18:28:53,372:INFO:SubProcess create_model() end ==================================
2025-07-10 18:28:53,372:INFO:Creating metrics dataframe
2025-07-10 18:28:53,378:INFO:Initializing Linear w/ Cond. Deseasonalize & Detrending
2025-07-10 18:28:53,378:INFO:Total runtime is 2.5534185051918032 minutes
2025-07-10 18:28:53,380:INFO:SubProcess create_model() called ==================================
2025-07-10 18:28:53,380:INFO:Initializing create_model()
2025-07-10 18:28:53,380:INFO:create_model(self=<pycaret.time_series.forecasting.oop.TSForecastingExperiment object at 0x7fc3c13485b0>, estimator=lr_cds_dt, fold=None, round=4, cross_validation=True, predict=True, fit_kwargs={}, groups=None, refit=False, probability_threshold=None, experiment_custom_tags=None, verbose=False, system=False, add_to_model_list=True, metrics=None, display=<pycaret.internal.display.display.CommonDisplay object at 0x7fc2ee88dd50>, model_only=True, return_train_score=False, error_score=0.0, kwargs={})
2025-07-10 18:28:53,380:INFO:Checking exceptions
2025-07-10 18:28:53,380:INFO:Importing libraries
2025-07-10 18:28:53,380:INFO:Copying training dataset
2025-07-10 18:28:53,383:INFO:Defining folds
2025-07-10 18:28:53,383:INFO:Declaring metric variables
2025-07-10 18:28:53,386:INFO:Importing untrained model
2025-07-10 18:28:53,389:INFO:Linear w/ Cond. Deseasonalize & Detrending Imported successfully
2025-07-10 18:28:53,395:INFO:Starting cross validation
2025-07-10 18:28:53,396:INFO:Cross validating with SlidingWindowSplitter(fh=ForecastingHorizon([1, 2, 3, 4, 5, 6, 7, 8, 9, 10, 11, 12, 13, 14], dtype='int64', is_relative=True),
                      step_length=14, window_length=1488), n_jobs=-1
2025-07-10 18:28:54,489:WARNING:
'prophet' is a soft dependency and not included in the pycaret installation. Please run: `pip install prophet` to install.
2025-07-10 18:28:54,504:WARNING:
'prophet' is a soft dependency and not included in the pycaret installation. Please run: `pip install prophet` to install.
2025-07-10 18:28:54,876:WARNING:/home/leon/.conda/envs/bd_inv_predict/lib/python3.10/site-packages/sklearn/metrics/_regression.py:483: FutureWarning: 'squared' is deprecated in version 1.4 and will be removed in 1.6. To calculate the root mean squared error, use the function'root_mean_squared_error'.
  warnings.warn(

2025-07-10 18:28:54,876:WARNING:/home/leon/.conda/envs/bd_inv_predict/lib/python3.10/site-packages/sklearn/metrics/_regression.py:483: FutureWarning: 'squared' is deprecated in version 1.4 and will be removed in 1.6. To calculate the root mean squared error, use the function'root_mean_squared_error'.
  warnings.warn(

2025-07-10 18:28:54,896:WARNING:/home/leon/.conda/envs/bd_inv_predict/lib/python3.10/site-packages/sklearn/metrics/_regression.py:483: FutureWarning: 'squared' is deprecated in version 1.4 and will be removed in 1.6. To calculate the root mean squared error, use the function'root_mean_squared_error'.
  warnings.warn(

2025-07-10 18:28:54,897:WARNING:/home/leon/.conda/envs/bd_inv_predict/lib/python3.10/site-packages/sklearn/metrics/_regression.py:483: FutureWarning: 'squared' is deprecated in version 1.4 and will be removed in 1.6. To calculate the root mean squared error, use the function'root_mean_squared_error'.
  warnings.warn(

2025-07-10 18:28:54,903:INFO:Calculating mean and std
2025-07-10 18:28:54,904:INFO:Creating metrics dataframe
2025-07-10 18:28:54,905:WARNING:/home/leon/.conda/envs/bd_inv_predict/lib/python3.10/site-packages/pycaret/time_series/forecasting/oop.py:2694: FutureWarning: The behavior of DataFrame concatenation with empty or all-NA entries is deprecated. In a future version, this will no longer exclude empty or all-NA columns when determining the result dtypes. To retain the old behavior, exclude the relevant entries before the concat operation.
  model_results = pd.concat((model_results, model_avgs), axis=0)

2025-07-10 18:28:54,908:INFO:Uploading results into container
2025-07-10 18:28:54,908:INFO:Uploading model into container now
2025-07-10 18:28:54,909:INFO:_master_model_container: 4
2025-07-10 18:28:54,909:INFO:_display_container: 2
2025-07-10 18:28:54,911:INFO:BaseCdsDtForecaster(fe_target_rr=[WindowSummarizer(lag_feature={'lag': [14, 13,
                                                                        12, 11,
                                                                        10, 9,
                                                                        8, 7, 6,
                                                                        5, 4, 3,
                                                                        2, 1]},
                                                   n_jobs=1)],
                    regressor=LinearRegression(n_jobs=-1), sp=14,
                    window_length=14)
2025-07-10 18:28:54,911:INFO:create_model() successfully completed......................................
2025-07-10 18:28:55,080:INFO:SubProcess create_model() end ==================================
2025-07-10 18:28:55,081:INFO:Creating metrics dataframe
2025-07-10 18:28:55,087:INFO:Initializing Elastic Net w/ Cond. Deseasonalize & Detrending
2025-07-10 18:28:55,087:INFO:Total runtime is 2.5819091717402145 minutes
2025-07-10 18:28:55,089:INFO:SubProcess create_model() called ==================================
2025-07-10 18:28:55,089:INFO:Initializing create_model()
2025-07-10 18:28:55,090:INFO:create_model(self=<pycaret.time_series.forecasting.oop.TSForecastingExperiment object at 0x7fc3c13485b0>, estimator=en_cds_dt, fold=None, round=4, cross_validation=True, predict=True, fit_kwargs={}, groups=None, refit=False, probability_threshold=None, experiment_custom_tags=None, verbose=False, system=False, add_to_model_list=True, metrics=None, display=<pycaret.internal.display.display.CommonDisplay object at 0x7fc2ee88dd50>, model_only=True, return_train_score=False, error_score=0.0, kwargs={})
2025-07-10 18:28:55,090:INFO:Checking exceptions
2025-07-10 18:28:55,090:INFO:Importing libraries
2025-07-10 18:28:55,090:INFO:Copying training dataset
2025-07-10 18:28:55,092:INFO:Defining folds
2025-07-10 18:28:55,092:INFO:Declaring metric variables
2025-07-10 18:28:55,094:INFO:Importing untrained model
2025-07-10 18:28:55,098:INFO:Elastic Net w/ Cond. Deseasonalize & Detrending Imported successfully
2025-07-10 18:28:55,105:INFO:Starting cross validation
2025-07-10 18:28:55,106:INFO:Cross validating with SlidingWindowSplitter(fh=ForecastingHorizon([1, 2, 3, 4, 5, 6, 7, 8, 9, 10, 11, 12, 13, 14], dtype='int64', is_relative=True),
                      step_length=14, window_length=1488), n_jobs=-1
2025-07-10 18:28:56,200:WARNING:
'prophet' is a soft dependency and not included in the pycaret installation. Please run: `pip install prophet` to install.
2025-07-10 18:28:56,219:WARNING:
'prophet' is a soft dependency and not included in the pycaret installation. Please run: `pip install prophet` to install.
2025-07-10 18:28:56,605:WARNING:/home/leon/.conda/envs/bd_inv_predict/lib/python3.10/site-packages/sklearn/metrics/_regression.py:483: FutureWarning: 'squared' is deprecated in version 1.4 and will be removed in 1.6. To calculate the root mean squared error, use the function'root_mean_squared_error'.
  warnings.warn(

2025-07-10 18:28:56,605:WARNING:/home/leon/.conda/envs/bd_inv_predict/lib/python3.10/site-packages/sklearn/metrics/_regression.py:483: FutureWarning: 'squared' is deprecated in version 1.4 and will be removed in 1.6. To calculate the root mean squared error, use the function'root_mean_squared_error'.
  warnings.warn(

2025-07-10 18:28:56,634:WARNING:/home/leon/.conda/envs/bd_inv_predict/lib/python3.10/site-packages/sklearn/metrics/_regression.py:483: FutureWarning: 'squared' is deprecated in version 1.4 and will be removed in 1.6. To calculate the root mean squared error, use the function'root_mean_squared_error'.
  warnings.warn(

2025-07-10 18:28:56,634:WARNING:/home/leon/.conda/envs/bd_inv_predict/lib/python3.10/site-packages/sklearn/metrics/_regression.py:483: FutureWarning: 'squared' is deprecated in version 1.4 and will be removed in 1.6. To calculate the root mean squared error, use the function'root_mean_squared_error'.
  warnings.warn(

2025-07-10 18:28:56,639:INFO:Calculating mean and std
2025-07-10 18:28:56,640:INFO:Creating metrics dataframe
2025-07-10 18:28:56,642:WARNING:/home/leon/.conda/envs/bd_inv_predict/lib/python3.10/site-packages/pycaret/time_series/forecasting/oop.py:2694: FutureWarning: The behavior of DataFrame concatenation with empty or all-NA entries is deprecated. In a future version, this will no longer exclude empty or all-NA columns when determining the result dtypes. To retain the old behavior, exclude the relevant entries before the concat operation.
  model_results = pd.concat((model_results, model_avgs), axis=0)

2025-07-10 18:28:56,644:INFO:Uploading results into container
2025-07-10 18:28:56,644:INFO:Uploading model into container now
2025-07-10 18:28:56,645:INFO:_master_model_container: 5
2025-07-10 18:28:56,645:INFO:_display_container: 2
2025-07-10 18:28:56,647:INFO:BaseCdsDtForecaster(fe_target_rr=[WindowSummarizer(lag_feature={'lag': [14, 13,
                                                                        12, 11,
                                                                        10, 9,
                                                                        8, 7, 6,
                                                                        5, 4, 3,
                                                                        2, 1]},
                                                   n_jobs=1)],
                    regressor=ElasticNet(random_state=123), sp=14,
                    window_length=14)
2025-07-10 18:28:56,647:INFO:create_model() successfully completed......................................
2025-07-10 18:28:56,818:INFO:SubProcess create_model() end ==================================
2025-07-10 18:28:56,818:INFO:Creating metrics dataframe
2025-07-10 18:28:56,824:INFO:Initializing Ridge w/ Cond. Deseasonalize & Detrending
2025-07-10 18:28:56,824:INFO:Total runtime is 2.610853608449301 minutes
2025-07-10 18:28:56,826:INFO:SubProcess create_model() called ==================================
2025-07-10 18:28:56,826:INFO:Initializing create_model()
2025-07-10 18:28:56,826:INFO:create_model(self=<pycaret.time_series.forecasting.oop.TSForecastingExperiment object at 0x7fc3c13485b0>, estimator=ridge_cds_dt, fold=None, round=4, cross_validation=True, predict=True, fit_kwargs={}, groups=None, refit=False, probability_threshold=None, experiment_custom_tags=None, verbose=False, system=False, add_to_model_list=True, metrics=None, display=<pycaret.internal.display.display.CommonDisplay object at 0x7fc2ee88dd50>, model_only=True, return_train_score=False, error_score=0.0, kwargs={})
2025-07-10 18:28:56,826:INFO:Checking exceptions
2025-07-10 18:28:56,826:INFO:Importing libraries
2025-07-10 18:28:56,826:INFO:Copying training dataset
2025-07-10 18:28:56,828:INFO:Defining folds
2025-07-10 18:28:56,828:INFO:Declaring metric variables
2025-07-10 18:28:56,831:INFO:Importing untrained model
2025-07-10 18:28:56,835:INFO:Ridge w/ Cond. Deseasonalize & Detrending Imported successfully
2025-07-10 18:28:56,841:INFO:Starting cross validation
2025-07-10 18:28:56,842:INFO:Cross validating with SlidingWindowSplitter(fh=ForecastingHorizon([1, 2, 3, 4, 5, 6, 7, 8, 9, 10, 11, 12, 13, 14], dtype='int64', is_relative=True),
                      step_length=14, window_length=1488), n_jobs=-1
2025-07-10 18:28:57,924:WARNING:
'prophet' is a soft dependency and not included in the pycaret installation. Please run: `pip install prophet` to install.
2025-07-10 18:28:57,924:WARNING:
'prophet' is a soft dependency and not included in the pycaret installation. Please run: `pip install prophet` to install.
2025-07-10 18:28:58,322:WARNING:/home/leon/.conda/envs/bd_inv_predict/lib/python3.10/site-packages/sklearn/metrics/_regression.py:483: FutureWarning: 'squared' is deprecated in version 1.4 and will be removed in 1.6. To calculate the root mean squared error, use the function'root_mean_squared_error'.
  warnings.warn(

2025-07-10 18:28:58,322:WARNING:/home/leon/.conda/envs/bd_inv_predict/lib/python3.10/site-packages/sklearn/metrics/_regression.py:483: FutureWarning: 'squared' is deprecated in version 1.4 and will be removed in 1.6. To calculate the root mean squared error, use the function'root_mean_squared_error'.
  warnings.warn(

2025-07-10 18:28:58,341:WARNING:/home/leon/.conda/envs/bd_inv_predict/lib/python3.10/site-packages/sklearn/metrics/_regression.py:483: FutureWarning: 'squared' is deprecated in version 1.4 and will be removed in 1.6. To calculate the root mean squared error, use the function'root_mean_squared_error'.
  warnings.warn(

2025-07-10 18:28:58,341:WARNING:/home/leon/.conda/envs/bd_inv_predict/lib/python3.10/site-packages/sklearn/metrics/_regression.py:483: FutureWarning: 'squared' is deprecated in version 1.4 and will be removed in 1.6. To calculate the root mean squared error, use the function'root_mean_squared_error'.
  warnings.warn(

2025-07-10 18:28:58,354:INFO:Calculating mean and std
2025-07-10 18:28:58,355:INFO:Creating metrics dataframe
2025-07-10 18:28:58,357:WARNING:/home/leon/.conda/envs/bd_inv_predict/lib/python3.10/site-packages/pycaret/time_series/forecasting/oop.py:2694: FutureWarning: The behavior of DataFrame concatenation with empty or all-NA entries is deprecated. In a future version, this will no longer exclude empty or all-NA columns when determining the result dtypes. To retain the old behavior, exclude the relevant entries before the concat operation.
  model_results = pd.concat((model_results, model_avgs), axis=0)

2025-07-10 18:28:58,359:INFO:Uploading results into container
2025-07-10 18:28:58,360:INFO:Uploading model into container now
2025-07-10 18:28:58,361:INFO:_master_model_container: 6
2025-07-10 18:28:58,361:INFO:_display_container: 2
2025-07-10 18:28:58,363:INFO:BaseCdsDtForecaster(fe_target_rr=[WindowSummarizer(lag_feature={'lag': [14, 13,
                                                                        12, 11,
                                                                        10, 9,
                                                                        8, 7, 6,
                                                                        5, 4, 3,
                                                                        2, 1]},
                                                   n_jobs=1)],
                    regressor=Ridge(random_state=123), sp=14, window_length=14)
2025-07-10 18:28:58,363:INFO:create_model() successfully completed......................................
2025-07-10 18:28:58,532:INFO:SubProcess create_model() end ==================================
2025-07-10 18:28:58,533:INFO:Creating metrics dataframe
2025-07-10 18:28:58,539:INFO:Initializing Lasso w/ Cond. Deseasonalize & Detrending
2025-07-10 18:28:58,539:INFO:Total runtime is 2.6394384145736702 minutes
2025-07-10 18:28:58,541:INFO:SubProcess create_model() called ==================================
2025-07-10 18:28:58,542:INFO:Initializing create_model()
2025-07-10 18:28:58,542:INFO:create_model(self=<pycaret.time_series.forecasting.oop.TSForecastingExperiment object at 0x7fc3c13485b0>, estimator=lasso_cds_dt, fold=None, round=4, cross_validation=True, predict=True, fit_kwargs={}, groups=None, refit=False, probability_threshold=None, experiment_custom_tags=None, verbose=False, system=False, add_to_model_list=True, metrics=None, display=<pycaret.internal.display.display.CommonDisplay object at 0x7fc2ee88dd50>, model_only=True, return_train_score=False, error_score=0.0, kwargs={})
2025-07-10 18:28:58,542:INFO:Checking exceptions
2025-07-10 18:28:58,542:INFO:Importing libraries
2025-07-10 18:28:58,542:INFO:Copying training dataset
2025-07-10 18:28:58,545:INFO:Defining folds
2025-07-10 18:28:58,545:INFO:Declaring metric variables
2025-07-10 18:28:58,547:INFO:Importing untrained model
2025-07-10 18:28:58,551:INFO:Lasso w/ Cond. Deseasonalize & Detrending Imported successfully
2025-07-10 18:28:58,559:INFO:Starting cross validation
2025-07-10 18:28:58,561:INFO:Cross validating with SlidingWindowSplitter(fh=ForecastingHorizon([1, 2, 3, 4, 5, 6, 7, 8, 9, 10, 11, 12, 13, 14], dtype='int64', is_relative=True),
                      step_length=14, window_length=1488), n_jobs=-1
2025-07-10 18:28:58,974:WARNING:/home/leon/.conda/envs/bd_inv_predict/lib/python3.10/site-packages/sklearn/metrics/_regression.py:483: FutureWarning: 'squared' is deprecated in version 1.4 and will be removed in 1.6. To calculate the root mean squared error, use the function'root_mean_squared_error'.
  warnings.warn(

2025-07-10 18:28:58,975:WARNING:/home/leon/.conda/envs/bd_inv_predict/lib/python3.10/site-packages/sklearn/metrics/_regression.py:483: FutureWarning: 'squared' is deprecated in version 1.4 and will be removed in 1.6. To calculate the root mean squared error, use the function'root_mean_squared_error'.
  warnings.warn(

2025-07-10 18:28:58,979:WARNING:/home/leon/.conda/envs/bd_inv_predict/lib/python3.10/site-packages/sklearn/metrics/_regression.py:483: FutureWarning: 'squared' is deprecated in version 1.4 and will be removed in 1.6. To calculate the root mean squared error, use the function'root_mean_squared_error'.
  warnings.warn(

2025-07-10 18:28:58,979:WARNING:/home/leon/.conda/envs/bd_inv_predict/lib/python3.10/site-packages/sklearn/metrics/_regression.py:483: FutureWarning: 'squared' is deprecated in version 1.4 and will be removed in 1.6. To calculate the root mean squared error, use the function'root_mean_squared_error'.
  warnings.warn(

2025-07-10 18:28:58,985:INFO:Calculating mean and std
2025-07-10 18:28:58,986:INFO:Creating metrics dataframe
2025-07-10 18:28:58,987:WARNING:/home/leon/.conda/envs/bd_inv_predict/lib/python3.10/site-packages/pycaret/time_series/forecasting/oop.py:2694: FutureWarning: The behavior of DataFrame concatenation with empty or all-NA entries is deprecated. In a future version, this will no longer exclude empty or all-NA columns when determining the result dtypes. To retain the old behavior, exclude the relevant entries before the concat operation.
  model_results = pd.concat((model_results, model_avgs), axis=0)

2025-07-10 18:28:58,989:INFO:Uploading results into container
2025-07-10 18:28:58,989:INFO:Uploading model into container now
2025-07-10 18:28:58,990:INFO:_master_model_container: 7
2025-07-10 18:28:58,990:INFO:_display_container: 2
2025-07-10 18:28:58,992:INFO:BaseCdsDtForecaster(fe_target_rr=[WindowSummarizer(lag_feature={'lag': [14, 13,
                                                                        12, 11,
                                                                        10, 9,
                                                                        8, 7, 6,
                                                                        5, 4, 3,
                                                                        2, 1]},
                                                   n_jobs=1)],
                    regressor=Lasso(random_state=123), sp=14, window_length=14)
2025-07-10 18:28:58,992:INFO:create_model() successfully completed......................................
2025-07-10 18:28:59,154:INFO:SubProcess create_model() end ==================================
2025-07-10 18:28:59,154:INFO:Creating metrics dataframe
2025-07-10 18:28:59,160:INFO:Initializing Lasso Least Angular Regressor w/ Cond. Deseasonalize & Detrending
2025-07-10 18:28:59,160:INFO:Total runtime is 2.6497918208440154 minutes
2025-07-10 18:28:59,162:INFO:SubProcess create_model() called ==================================
2025-07-10 18:28:59,162:INFO:Initializing create_model()
2025-07-10 18:28:59,162:INFO:create_model(self=<pycaret.time_series.forecasting.oop.TSForecastingExperiment object at 0x7fc3c13485b0>, estimator=llar_cds_dt, fold=None, round=4, cross_validation=True, predict=True, fit_kwargs={}, groups=None, refit=False, probability_threshold=None, experiment_custom_tags=None, verbose=False, system=False, add_to_model_list=True, metrics=None, display=<pycaret.internal.display.display.CommonDisplay object at 0x7fc2ee88dd50>, model_only=True, return_train_score=False, error_score=0.0, kwargs={})
2025-07-10 18:28:59,163:INFO:Checking exceptions
2025-07-10 18:28:59,163:INFO:Importing libraries
2025-07-10 18:28:59,163:INFO:Copying training dataset
2025-07-10 18:28:59,165:INFO:Defining folds
2025-07-10 18:28:59,165:INFO:Declaring metric variables
2025-07-10 18:28:59,168:INFO:Importing untrained model
2025-07-10 18:28:59,171:INFO:Lasso Least Angular Regressor w/ Cond. Deseasonalize & Detrending Imported successfully
2025-07-10 18:28:59,177:INFO:Starting cross validation
2025-07-10 18:28:59,178:INFO:Cross validating with SlidingWindowSplitter(fh=ForecastingHorizon([1, 2, 3, 4, 5, 6, 7, 8, 9, 10, 11, 12, 13, 14], dtype='int64', is_relative=True),
                      step_length=14, window_length=1488), n_jobs=-1
2025-07-10 18:28:59,307:WARNING:
'prophet' is a soft dependency and not included in the pycaret installation. Please run: `pip install prophet` to install.
2025-07-10 18:28:59,309:WARNING:
'prophet' is a soft dependency and not included in the pycaret installation. Please run: `pip install prophet` to install.
2025-07-10 18:28:59,698:WARNING:/home/leon/.conda/envs/bd_inv_predict/lib/python3.10/site-packages/sklearn/metrics/_regression.py:483: FutureWarning: 'squared' is deprecated in version 1.4 and will be removed in 1.6. To calculate the root mean squared error, use the function'root_mean_squared_error'.
  warnings.warn(

2025-07-10 18:28:59,699:WARNING:/home/leon/.conda/envs/bd_inv_predict/lib/python3.10/site-packages/sklearn/metrics/_regression.py:483: FutureWarning: 'squared' is deprecated in version 1.4 and will be removed in 1.6. To calculate the root mean squared error, use the function'root_mean_squared_error'.
  warnings.warn(

2025-07-10 18:28:59,704:WARNING:/home/leon/.conda/envs/bd_inv_predict/lib/python3.10/site-packages/sklearn/metrics/_regression.py:483: FutureWarning: 'squared' is deprecated in version 1.4 and will be removed in 1.6. To calculate the root mean squared error, use the function'root_mean_squared_error'.
  warnings.warn(

2025-07-10 18:28:59,705:WARNING:/home/leon/.conda/envs/bd_inv_predict/lib/python3.10/site-packages/sklearn/metrics/_regression.py:483: FutureWarning: 'squared' is deprecated in version 1.4 and will be removed in 1.6. To calculate the root mean squared error, use the function'root_mean_squared_error'.
  warnings.warn(

2025-07-10 18:28:59,711:INFO:Calculating mean and std
2025-07-10 18:28:59,712:INFO:Creating metrics dataframe
2025-07-10 18:28:59,714:WARNING:/home/leon/.conda/envs/bd_inv_predict/lib/python3.10/site-packages/pycaret/time_series/forecasting/oop.py:2694: FutureWarning: The behavior of DataFrame concatenation with empty or all-NA entries is deprecated. In a future version, this will no longer exclude empty or all-NA columns when determining the result dtypes. To retain the old behavior, exclude the relevant entries before the concat operation.
  model_results = pd.concat((model_results, model_avgs), axis=0)

2025-07-10 18:28:59,716:INFO:Uploading results into container
2025-07-10 18:28:59,717:INFO:Uploading model into container now
2025-07-10 18:28:59,717:INFO:_master_model_container: 8
2025-07-10 18:28:59,718:INFO:_display_container: 2
2025-07-10 18:28:59,719:INFO:BaseCdsDtForecaster(fe_target_rr=[WindowSummarizer(lag_feature={'lag': [14, 13,
                                                                        12, 11,
                                                                        10, 9,
                                                                        8, 7, 6,
                                                                        5, 4, 3,
                                                                        2, 1]},
                                                   n_jobs=1)],
                    regressor=LassoLars(random_state=123), sp=14,
                    window_length=14)
2025-07-10 18:28:59,719:INFO:create_model() successfully completed......................................
2025-07-10 18:28:59,884:INFO:SubProcess create_model() end ==================================
2025-07-10 18:28:59,884:INFO:Creating metrics dataframe
2025-07-10 18:28:59,890:INFO:Initializing Bayesian Ridge w/ Cond. Deseasonalize & Detrending
2025-07-10 18:28:59,891:INFO:Total runtime is 2.661966824531556 minutes
2025-07-10 18:28:59,893:INFO:SubProcess create_model() called ==================================
2025-07-10 18:28:59,893:INFO:Initializing create_model()
2025-07-10 18:28:59,893:INFO:create_model(self=<pycaret.time_series.forecasting.oop.TSForecastingExperiment object at 0x7fc3c13485b0>, estimator=br_cds_dt, fold=None, round=4, cross_validation=True, predict=True, fit_kwargs={}, groups=None, refit=False, probability_threshold=None, experiment_custom_tags=None, verbose=False, system=False, add_to_model_list=True, metrics=None, display=<pycaret.internal.display.display.CommonDisplay object at 0x7fc2ee88dd50>, model_only=True, return_train_score=False, error_score=0.0, kwargs={})
2025-07-10 18:28:59,893:INFO:Checking exceptions
2025-07-10 18:28:59,893:INFO:Importing libraries
2025-07-10 18:28:59,893:INFO:Copying training dataset
2025-07-10 18:28:59,896:INFO:Defining folds
2025-07-10 18:28:59,896:INFO:Declaring metric variables
2025-07-10 18:28:59,899:INFO:Importing untrained model
2025-07-10 18:28:59,902:INFO:Bayesian Ridge w/ Cond. Deseasonalize & Detrending Imported successfully
2025-07-10 18:28:59,909:INFO:Starting cross validation
2025-07-10 18:28:59,910:INFO:Cross validating with SlidingWindowSplitter(fh=ForecastingHorizon([1, 2, 3, 4, 5, 6, 7, 8, 9, 10, 11, 12, 13, 14], dtype='int64', is_relative=True),
                      step_length=14, window_length=1488), n_jobs=-1
2025-07-10 18:29:00,046:WARNING:
'prophet' is a soft dependency and not included in the pycaret installation. Please run: `pip install prophet` to install.
2025-07-10 18:29:00,049:WARNING:
'prophet' is a soft dependency and not included in the pycaret installation. Please run: `pip install prophet` to install.
2025-07-10 18:29:00,446:WARNING:/home/leon/.conda/envs/bd_inv_predict/lib/python3.10/site-packages/sklearn/metrics/_regression.py:483: FutureWarning: 'squared' is deprecated in version 1.4 and will be removed in 1.6. To calculate the root mean squared error, use the function'root_mean_squared_error'.
  warnings.warn(

2025-07-10 18:29:00,446:WARNING:/home/leon/.conda/envs/bd_inv_predict/lib/python3.10/site-packages/sklearn/metrics/_regression.py:483: FutureWarning: 'squared' is deprecated in version 1.4 and will be removed in 1.6. To calculate the root mean squared error, use the function'root_mean_squared_error'.
  warnings.warn(

2025-07-10 18:29:00,456:WARNING:/home/leon/.conda/envs/bd_inv_predict/lib/python3.10/site-packages/sklearn/metrics/_regression.py:483: FutureWarning: 'squared' is deprecated in version 1.4 and will be removed in 1.6. To calculate the root mean squared error, use the function'root_mean_squared_error'.
  warnings.warn(

2025-07-10 18:29:00,456:WARNING:/home/leon/.conda/envs/bd_inv_predict/lib/python3.10/site-packages/sklearn/metrics/_regression.py:483: FutureWarning: 'squared' is deprecated in version 1.4 and will be removed in 1.6. To calculate the root mean squared error, use the function'root_mean_squared_error'.
  warnings.warn(

2025-07-10 18:29:00,467:INFO:Calculating mean and std
2025-07-10 18:29:00,468:INFO:Creating metrics dataframe
2025-07-10 18:29:00,469:WARNING:/home/leon/.conda/envs/bd_inv_predict/lib/python3.10/site-packages/pycaret/time_series/forecasting/oop.py:2694: FutureWarning: The behavior of DataFrame concatenation with empty or all-NA entries is deprecated. In a future version, this will no longer exclude empty or all-NA columns when determining the result dtypes. To retain the old behavior, exclude the relevant entries before the concat operation.
  model_results = pd.concat((model_results, model_avgs), axis=0)

2025-07-10 18:29:00,471:INFO:Uploading results into container
2025-07-10 18:29:00,472:INFO:Uploading model into container now
2025-07-10 18:29:00,472:INFO:_master_model_container: 9
2025-07-10 18:29:00,472:INFO:_display_container: 2
2025-07-10 18:29:00,474:INFO:BaseCdsDtForecaster(fe_target_rr=[WindowSummarizer(lag_feature={'lag': [14, 13,
                                                                        12, 11,
                                                                        10, 9,
                                                                        8, 7, 6,
                                                                        5, 4, 3,
                                                                        2, 1]},
                                                   n_jobs=1)],
                    regressor=BayesianRidge(), sp=14, window_length=14)
2025-07-10 18:29:00,474:INFO:create_model() successfully completed......................................
2025-07-10 18:29:00,633:INFO:SubProcess create_model() end ==================================
2025-07-10 18:29:00,633:INFO:Creating metrics dataframe
2025-07-10 18:29:00,640:INFO:Initializing Huber w/ Cond. Deseasonalize & Detrending
2025-07-10 18:29:00,641:INFO:Total runtime is 2.6744666139284776 minutes
2025-07-10 18:29:00,643:INFO:SubProcess create_model() called ==================================
2025-07-10 18:29:00,643:INFO:Initializing create_model()
2025-07-10 18:29:00,644:INFO:create_model(self=<pycaret.time_series.forecasting.oop.TSForecastingExperiment object at 0x7fc3c13485b0>, estimator=huber_cds_dt, fold=None, round=4, cross_validation=True, predict=True, fit_kwargs={}, groups=None, refit=False, probability_threshold=None, experiment_custom_tags=None, verbose=False, system=False, add_to_model_list=True, metrics=None, display=<pycaret.internal.display.display.CommonDisplay object at 0x7fc2ee88dd50>, model_only=True, return_train_score=False, error_score=0.0, kwargs={})
2025-07-10 18:29:00,644:INFO:Checking exceptions
2025-07-10 18:29:00,644:INFO:Importing libraries
2025-07-10 18:29:00,644:INFO:Copying training dataset
2025-07-10 18:29:00,646:INFO:Defining folds
2025-07-10 18:29:00,646:INFO:Declaring metric variables
2025-07-10 18:29:00,648:INFO:Importing untrained model
2025-07-10 18:29:00,653:INFO:Huber w/ Cond. Deseasonalize & Detrending Imported successfully
2025-07-10 18:29:00,659:INFO:Starting cross validation
2025-07-10 18:29:00,660:INFO:Cross validating with SlidingWindowSplitter(fh=ForecastingHorizon([1, 2, 3, 4, 5, 6, 7, 8, 9, 10, 11, 12, 13, 14], dtype='int64', is_relative=True),
                      step_length=14, window_length=1488), n_jobs=-1
2025-07-10 18:29:00,765:WARNING:/home/leon/.conda/envs/bd_inv_predict/lib/python3.10/site-packages/sklearn/linear_model/_huber.py:342: ConvergenceWarning: lbfgs failed to converge (status=1):
STOP: TOTAL NO. of ITERATIONS REACHED LIMIT.

Increase the number of iterations (max_iter) or scale the data as shown in:
    https://scikit-learn.org/stable/modules/preprocessing.html
  self.n_iter_ = _check_optimize_result("lbfgs", opt_res, self.max_iter)

2025-07-10 18:29:00,768:WARNING:/home/leon/.conda/envs/bd_inv_predict/lib/python3.10/site-packages/sklearn/linear_model/_huber.py:342: ConvergenceWarning: lbfgs failed to converge (status=1):
STOP: TOTAL NO. of ITERATIONS REACHED LIMIT.

Increase the number of iterations (max_iter) or scale the data as shown in:
    https://scikit-learn.org/stable/modules/preprocessing.html
  self.n_iter_ = _check_optimize_result("lbfgs", opt_res, self.max_iter)

2025-07-10 18:29:01,095:WARNING:/home/leon/.conda/envs/bd_inv_predict/lib/python3.10/site-packages/sklearn/metrics/_regression.py:483: FutureWarning: 'squared' is deprecated in version 1.4 and will be removed in 1.6. To calculate the root mean squared error, use the function'root_mean_squared_error'.
  warnings.warn(

2025-07-10 18:29:01,096:WARNING:/home/leon/.conda/envs/bd_inv_predict/lib/python3.10/site-packages/sklearn/metrics/_regression.py:483: FutureWarning: 'squared' is deprecated in version 1.4 and will be removed in 1.6. To calculate the root mean squared error, use the function'root_mean_squared_error'.
  warnings.warn(

2025-07-10 18:29:01,119:WARNING:/home/leon/.conda/envs/bd_inv_predict/lib/python3.10/site-packages/sklearn/metrics/_regression.py:483: FutureWarning: 'squared' is deprecated in version 1.4 and will be removed in 1.6. To calculate the root mean squared error, use the function'root_mean_squared_error'.
  warnings.warn(

2025-07-10 18:29:01,119:WARNING:/home/leon/.conda/envs/bd_inv_predict/lib/python3.10/site-packages/sklearn/metrics/_regression.py:483: FutureWarning: 'squared' is deprecated in version 1.4 and will be removed in 1.6. To calculate the root mean squared error, use the function'root_mean_squared_error'.
  warnings.warn(

2025-07-10 18:29:01,123:INFO:Calculating mean and std
2025-07-10 18:29:01,124:INFO:Creating metrics dataframe
2025-07-10 18:29:01,126:WARNING:/home/leon/.conda/envs/bd_inv_predict/lib/python3.10/site-packages/pycaret/time_series/forecasting/oop.py:2694: FutureWarning: The behavior of DataFrame concatenation with empty or all-NA entries is deprecated. In a future version, this will no longer exclude empty or all-NA columns when determining the result dtypes. To retain the old behavior, exclude the relevant entries before the concat operation.
  model_results = pd.concat((model_results, model_avgs), axis=0)

2025-07-10 18:29:01,127:INFO:Uploading results into container
2025-07-10 18:29:01,127:INFO:Uploading model into container now
2025-07-10 18:29:01,128:INFO:_master_model_container: 10
2025-07-10 18:29:01,128:INFO:_display_container: 2
2025-07-10 18:29:01,129:INFO:BaseCdsDtForecaster(fe_target_rr=[WindowSummarizer(lag_feature={'lag': [14, 13,
                                                                        12, 11,
                                                                        10, 9,
                                                                        8, 7, 6,
                                                                        5, 4, 3,
                                                                        2, 1]},
                                                   n_jobs=1)],
                    regressor=HuberRegressor(), sp=14, window_length=14)
2025-07-10 18:29:01,129:INFO:create_model() successfully completed......................................
2025-07-10 18:29:01,290:INFO:SubProcess create_model() end ==================================
2025-07-10 18:29:01,290:INFO:Creating metrics dataframe
2025-07-10 18:29:01,297:INFO:Initializing Orthogonal Matching Pursuit w/ Cond. Deseasonalize & Detrending
2025-07-10 18:29:01,297:INFO:Total runtime is 2.6854147990544646 minutes
2025-07-10 18:29:01,301:INFO:SubProcess create_model() called ==================================
2025-07-10 18:29:01,301:INFO:Initializing create_model()
2025-07-10 18:29:01,301:INFO:create_model(self=<pycaret.time_series.forecasting.oop.TSForecastingExperiment object at 0x7fc3c13485b0>, estimator=omp_cds_dt, fold=None, round=4, cross_validation=True, predict=True, fit_kwargs={}, groups=None, refit=False, probability_threshold=None, experiment_custom_tags=None, verbose=False, system=False, add_to_model_list=True, metrics=None, display=<pycaret.internal.display.display.CommonDisplay object at 0x7fc2ee88dd50>, model_only=True, return_train_score=False, error_score=0.0, kwargs={})
2025-07-10 18:29:01,301:INFO:Checking exceptions
2025-07-10 18:29:01,301:INFO:Importing libraries
2025-07-10 18:29:01,302:INFO:Copying training dataset
2025-07-10 18:29:01,304:INFO:Defining folds
2025-07-10 18:29:01,304:INFO:Declaring metric variables
2025-07-10 18:29:01,307:INFO:Importing untrained model
2025-07-10 18:29:01,311:INFO:Orthogonal Matching Pursuit w/ Cond. Deseasonalize & Detrending Imported successfully
2025-07-10 18:29:01,322:INFO:Starting cross validation
2025-07-10 18:29:01,323:INFO:Cross validating with SlidingWindowSplitter(fh=ForecastingHorizon([1, 2, 3, 4, 5, 6, 7, 8, 9, 10, 11, 12, 13, 14], dtype='int64', is_relative=True),
                      step_length=14, window_length=1488), n_jobs=-1
2025-07-10 18:29:01,735:WARNING:/home/leon/.conda/envs/bd_inv_predict/lib/python3.10/site-packages/sklearn/metrics/_regression.py:483: FutureWarning: 'squared' is deprecated in version 1.4 and will be removed in 1.6. To calculate the root mean squared error, use the function'root_mean_squared_error'.
  warnings.warn(

2025-07-10 18:29:01,736:WARNING:/home/leon/.conda/envs/bd_inv_predict/lib/python3.10/site-packages/sklearn/metrics/_regression.py:483: FutureWarning: 'squared' is deprecated in version 1.4 and will be removed in 1.6. To calculate the root mean squared error, use the function'root_mean_squared_error'.
  warnings.warn(

2025-07-10 18:29:01,753:WARNING:/home/leon/.conda/envs/bd_inv_predict/lib/python3.10/site-packages/sklearn/metrics/_regression.py:483: FutureWarning: 'squared' is deprecated in version 1.4 and will be removed in 1.6. To calculate the root mean squared error, use the function'root_mean_squared_error'.
  warnings.warn(

2025-07-10 18:29:01,753:WARNING:/home/leon/.conda/envs/bd_inv_predict/lib/python3.10/site-packages/sklearn/metrics/_regression.py:483: FutureWarning: 'squared' is deprecated in version 1.4 and will be removed in 1.6. To calculate the root mean squared error, use the function'root_mean_squared_error'.
  warnings.warn(

2025-07-10 18:29:01,766:INFO:Calculating mean and std
2025-07-10 18:29:01,767:INFO:Creating metrics dataframe
2025-07-10 18:29:01,769:WARNING:/home/leon/.conda/envs/bd_inv_predict/lib/python3.10/site-packages/pycaret/time_series/forecasting/oop.py:2694: FutureWarning: The behavior of DataFrame concatenation with empty or all-NA entries is deprecated. In a future version, this will no longer exclude empty or all-NA columns when determining the result dtypes. To retain the old behavior, exclude the relevant entries before the concat operation.
  model_results = pd.concat((model_results, model_avgs), axis=0)

2025-07-10 18:29:01,770:INFO:Uploading results into container
2025-07-10 18:29:01,770:INFO:Uploading model into container now
2025-07-10 18:29:01,771:INFO:_master_model_container: 11
2025-07-10 18:29:01,771:INFO:_display_container: 2
2025-07-10 18:29:01,772:INFO:BaseCdsDtForecaster(fe_target_rr=[WindowSummarizer(lag_feature={'lag': [14, 13,
                                                                        12, 11,
                                                                        10, 9,
                                                                        8, 7, 6,
                                                                        5, 4, 3,
                                                                        2, 1]},
                                                   n_jobs=1)],
                    regressor=OrthogonalMatchingPursuit(), sp=14,
                    window_length=14)
2025-07-10 18:29:01,772:INFO:create_model() successfully completed......................................
2025-07-10 18:29:01,934:INFO:SubProcess create_model() end ==================================
2025-07-10 18:29:01,934:INFO:Creating metrics dataframe
2025-07-10 18:29:01,940:INFO:Initializing K Neighbors w/ Cond. Deseasonalize & Detrending
2025-07-10 18:29:01,941:INFO:Total runtime is 2.696133244037629 minutes
2025-07-10 18:29:01,943:INFO:SubProcess create_model() called ==================================
2025-07-10 18:29:01,943:INFO:Initializing create_model()
2025-07-10 18:29:01,943:INFO:create_model(self=<pycaret.time_series.forecasting.oop.TSForecastingExperiment object at 0x7fc3c13485b0>, estimator=knn_cds_dt, fold=None, round=4, cross_validation=True, predict=True, fit_kwargs={}, groups=None, refit=False, probability_threshold=None, experiment_custom_tags=None, verbose=False, system=False, add_to_model_list=True, metrics=None, display=<pycaret.internal.display.display.CommonDisplay object at 0x7fc2ee88dd50>, model_only=True, return_train_score=False, error_score=0.0, kwargs={})
2025-07-10 18:29:01,943:INFO:Checking exceptions
2025-07-10 18:29:01,943:INFO:Importing libraries
2025-07-10 18:29:01,943:INFO:Copying training dataset
2025-07-10 18:29:01,946:INFO:Defining folds
2025-07-10 18:29:01,946:INFO:Declaring metric variables
2025-07-10 18:29:01,949:INFO:Importing untrained model
2025-07-10 18:29:01,953:INFO:K Neighbors w/ Cond. Deseasonalize & Detrending Imported successfully
2025-07-10 18:29:01,959:INFO:Starting cross validation
2025-07-10 18:29:01,960:INFO:Cross validating with SlidingWindowSplitter(fh=ForecastingHorizon([1, 2, 3, 4, 5, 6, 7, 8, 9, 10, 11, 12, 13, 14], dtype='int64', is_relative=True),
                      step_length=14, window_length=1488), n_jobs=-1
2025-07-10 18:29:02,458:WARNING:/home/leon/.conda/envs/bd_inv_predict/lib/python3.10/site-packages/sklearn/metrics/_regression.py:483: FutureWarning: 'squared' is deprecated in version 1.4 and will be removed in 1.6. To calculate the root mean squared error, use the function'root_mean_squared_error'.
  warnings.warn(

2025-07-10 18:29:02,459:WARNING:/home/leon/.conda/envs/bd_inv_predict/lib/python3.10/site-packages/sklearn/metrics/_regression.py:483: FutureWarning: 'squared' is deprecated in version 1.4 and will be removed in 1.6. To calculate the root mean squared error, use the function'root_mean_squared_error'.
  warnings.warn(

2025-07-10 18:29:02,471:WARNING:/home/leon/.conda/envs/bd_inv_predict/lib/python3.10/site-packages/sklearn/metrics/_regression.py:483: FutureWarning: 'squared' is deprecated in version 1.4 and will be removed in 1.6. To calculate the root mean squared error, use the function'root_mean_squared_error'.
  warnings.warn(

2025-07-10 18:29:02,472:WARNING:/home/leon/.conda/envs/bd_inv_predict/lib/python3.10/site-packages/sklearn/metrics/_regression.py:483: FutureWarning: 'squared' is deprecated in version 1.4 and will be removed in 1.6. To calculate the root mean squared error, use the function'root_mean_squared_error'.
  warnings.warn(

2025-07-10 18:29:02,477:INFO:Calculating mean and std
2025-07-10 18:29:02,477:INFO:Creating metrics dataframe
2025-07-10 18:29:02,479:WARNING:/home/leon/.conda/envs/bd_inv_predict/lib/python3.10/site-packages/pycaret/time_series/forecasting/oop.py:2694: FutureWarning: The behavior of DataFrame concatenation with empty or all-NA entries is deprecated. In a future version, this will no longer exclude empty or all-NA columns when determining the result dtypes. To retain the old behavior, exclude the relevant entries before the concat operation.
  model_results = pd.concat((model_results, model_avgs), axis=0)

2025-07-10 18:29:02,481:INFO:Uploading results into container
2025-07-10 18:29:02,481:INFO:Uploading model into container now
2025-07-10 18:29:02,481:INFO:_master_model_container: 12
2025-07-10 18:29:02,482:INFO:_display_container: 2
2025-07-10 18:29:02,483:INFO:BaseCdsDtForecaster(fe_target_rr=[WindowSummarizer(lag_feature={'lag': [14, 13,
                                                                        12, 11,
                                                                        10, 9,
                                                                        8, 7, 6,
                                                                        5, 4, 3,
                                                                        2, 1]},
                                                   n_jobs=1)],
                    regressor=KNeighborsRegressor(n_jobs=-1), sp=14,
                    window_length=14)
2025-07-10 18:29:02,484:INFO:create_model() successfully completed......................................
2025-07-10 18:29:02,642:INFO:SubProcess create_model() end ==================================
2025-07-10 18:29:02,642:INFO:Creating metrics dataframe
2025-07-10 18:29:02,648:INFO:Initializing Decision Tree w/ Cond. Deseasonalize & Detrending
2025-07-10 18:29:02,648:INFO:Total runtime is 2.7079284310340888 minutes
2025-07-10 18:29:02,651:INFO:SubProcess create_model() called ==================================
2025-07-10 18:29:02,651:INFO:Initializing create_model()
2025-07-10 18:29:02,651:INFO:create_model(self=<pycaret.time_series.forecasting.oop.TSForecastingExperiment object at 0x7fc3c13485b0>, estimator=dt_cds_dt, fold=None, round=4, cross_validation=True, predict=True, fit_kwargs={}, groups=None, refit=False, probability_threshold=None, experiment_custom_tags=None, verbose=False, system=False, add_to_model_list=True, metrics=None, display=<pycaret.internal.display.display.CommonDisplay object at 0x7fc2ee88dd50>, model_only=True, return_train_score=False, error_score=0.0, kwargs={})
2025-07-10 18:29:02,651:INFO:Checking exceptions
2025-07-10 18:29:02,651:INFO:Importing libraries
2025-07-10 18:29:02,651:INFO:Copying training dataset
2025-07-10 18:29:02,654:INFO:Defining folds
2025-07-10 18:29:02,654:INFO:Declaring metric variables
2025-07-10 18:29:02,657:INFO:Importing untrained model
2025-07-10 18:29:02,662:INFO:Decision Tree w/ Cond. Deseasonalize & Detrending Imported successfully
2025-07-10 18:29:02,673:INFO:Starting cross validation
2025-07-10 18:29:02,675:INFO:Cross validating with SlidingWindowSplitter(fh=ForecastingHorizon([1, 2, 3, 4, 5, 6, 7, 8, 9, 10, 11, 12, 13, 14], dtype='int64', is_relative=True),
                      step_length=14, window_length=1488), n_jobs=-1
2025-07-10 18:29:03,117:WARNING:/home/leon/.conda/envs/bd_inv_predict/lib/python3.10/site-packages/sklearn/metrics/_regression.py:483: FutureWarning: 'squared' is deprecated in version 1.4 and will be removed in 1.6. To calculate the root mean squared error, use the function'root_mean_squared_error'.
  warnings.warn(

2025-07-10 18:29:03,118:WARNING:/home/leon/.conda/envs/bd_inv_predict/lib/python3.10/site-packages/sklearn/metrics/_regression.py:483: FutureWarning: 'squared' is deprecated in version 1.4 and will be removed in 1.6. To calculate the root mean squared error, use the function'root_mean_squared_error'.
  warnings.warn(

2025-07-10 18:29:03,141:WARNING:/home/leon/.conda/envs/bd_inv_predict/lib/python3.10/site-packages/sklearn/metrics/_regression.py:483: FutureWarning: 'squared' is deprecated in version 1.4 and will be removed in 1.6. To calculate the root mean squared error, use the function'root_mean_squared_error'.
  warnings.warn(

2025-07-10 18:29:03,141:WARNING:/home/leon/.conda/envs/bd_inv_predict/lib/python3.10/site-packages/sklearn/metrics/_regression.py:483: FutureWarning: 'squared' is deprecated in version 1.4 and will be removed in 1.6. To calculate the root mean squared error, use the function'root_mean_squared_error'.
  warnings.warn(

2025-07-10 18:29:03,153:INFO:Calculating mean and std
2025-07-10 18:29:03,154:INFO:Creating metrics dataframe
2025-07-10 18:29:03,156:WARNING:/home/leon/.conda/envs/bd_inv_predict/lib/python3.10/site-packages/pycaret/time_series/forecasting/oop.py:2694: FutureWarning: The behavior of DataFrame concatenation with empty or all-NA entries is deprecated. In a future version, this will no longer exclude empty or all-NA columns when determining the result dtypes. To retain the old behavior, exclude the relevant entries before the concat operation.
  model_results = pd.concat((model_results, model_avgs), axis=0)

2025-07-10 18:29:03,158:INFO:Uploading results into container
2025-07-10 18:29:03,158:INFO:Uploading model into container now
2025-07-10 18:29:03,158:INFO:_master_model_container: 13
2025-07-10 18:29:03,159:INFO:_display_container: 2
2025-07-10 18:29:03,161:INFO:BaseCdsDtForecaster(fe_target_rr=[WindowSummarizer(lag_feature={'lag': [14, 13,
                                                                        12, 11,
                                                                        10, 9,
                                                                        8, 7, 6,
                                                                        5, 4, 3,
                                                                        2, 1]},
                                                   n_jobs=1)],
                    regressor=DecisionTreeRegressor(random_state=123), sp=14,
                    window_length=14)
2025-07-10 18:29:03,161:INFO:create_model() successfully completed......................................
2025-07-10 18:29:03,323:INFO:SubProcess create_model() end ==================================
2025-07-10 18:29:03,323:INFO:Creating metrics dataframe
2025-07-10 18:29:03,330:INFO:Initializing Random Forest w/ Cond. Deseasonalize & Detrending
2025-07-10 18:29:03,330:INFO:Total runtime is 2.719290983676911 minutes
2025-07-10 18:29:03,333:INFO:SubProcess create_model() called ==================================
2025-07-10 18:29:03,333:INFO:Initializing create_model()
2025-07-10 18:29:03,333:INFO:create_model(self=<pycaret.time_series.forecasting.oop.TSForecastingExperiment object at 0x7fc3c13485b0>, estimator=rf_cds_dt, fold=None, round=4, cross_validation=True, predict=True, fit_kwargs={}, groups=None, refit=False, probability_threshold=None, experiment_custom_tags=None, verbose=False, system=False, add_to_model_list=True, metrics=None, display=<pycaret.internal.display.display.CommonDisplay object at 0x7fc2ee88dd50>, model_only=True, return_train_score=False, error_score=0.0, kwargs={})
2025-07-10 18:29:03,333:INFO:Checking exceptions
2025-07-10 18:29:03,333:INFO:Importing libraries
2025-07-10 18:29:03,333:INFO:Copying training dataset
2025-07-10 18:29:03,335:INFO:Defining folds
2025-07-10 18:29:03,335:INFO:Declaring metric variables
2025-07-10 18:29:03,338:INFO:Importing untrained model
2025-07-10 18:29:03,341:INFO:Random Forest w/ Cond. Deseasonalize & Detrending Imported successfully
2025-07-10 18:29:03,347:INFO:Starting cross validation
2025-07-10 18:29:03,348:INFO:Cross validating with SlidingWindowSplitter(fh=ForecastingHorizon([1, 2, 3, 4, 5, 6, 7, 8, 9, 10, 11, 12, 13, 14], dtype='int64', is_relative=True),
                      step_length=14, window_length=1488), n_jobs=-1
2025-07-10 18:29:04,396:WARNING:/home/leon/.conda/envs/bd_inv_predict/lib/python3.10/site-packages/sklearn/metrics/_regression.py:483: FutureWarning: 'squared' is deprecated in version 1.4 and will be removed in 1.6. To calculate the root mean squared error, use the function'root_mean_squared_error'.
  warnings.warn(

2025-07-10 18:29:04,396:WARNING:/home/leon/.conda/envs/bd_inv_predict/lib/python3.10/site-packages/sklearn/metrics/_regression.py:483: FutureWarning: 'squared' is deprecated in version 1.4 and will be removed in 1.6. To calculate the root mean squared error, use the function'root_mean_squared_error'.
  warnings.warn(

2025-07-10 18:29:04,440:WARNING:/home/leon/.conda/envs/bd_inv_predict/lib/python3.10/site-packages/sklearn/metrics/_regression.py:483: FutureWarning: 'squared' is deprecated in version 1.4 and will be removed in 1.6. To calculate the root mean squared error, use the function'root_mean_squared_error'.
  warnings.warn(

2025-07-10 18:29:04,440:WARNING:/home/leon/.conda/envs/bd_inv_predict/lib/python3.10/site-packages/sklearn/metrics/_regression.py:483: FutureWarning: 'squared' is deprecated in version 1.4 and will be removed in 1.6. To calculate the root mean squared error, use the function'root_mean_squared_error'.
  warnings.warn(

2025-07-10 18:29:04,452:INFO:Calculating mean and std
2025-07-10 18:29:04,453:INFO:Creating metrics dataframe
2025-07-10 18:29:04,454:WARNING:/home/leon/.conda/envs/bd_inv_predict/lib/python3.10/site-packages/pycaret/time_series/forecasting/oop.py:2694: FutureWarning: The behavior of DataFrame concatenation with empty or all-NA entries is deprecated. In a future version, this will no longer exclude empty or all-NA columns when determining the result dtypes. To retain the old behavior, exclude the relevant entries before the concat operation.
  model_results = pd.concat((model_results, model_avgs), axis=0)

2025-07-10 18:29:04,456:INFO:Uploading results into container
2025-07-10 18:29:04,456:INFO:Uploading model into container now
2025-07-10 18:29:04,456:INFO:_master_model_container: 14
2025-07-10 18:29:04,457:INFO:_display_container: 2
2025-07-10 18:29:04,458:INFO:BaseCdsDtForecaster(fe_target_rr=[WindowSummarizer(lag_feature={'lag': [14, 13,
                                                                        12, 11,
                                                                        10, 9,
                                                                        8, 7, 6,
                                                                        5, 4, 3,
                                                                        2, 1]},
                                                   n_jobs=1)],
                    regressor=RandomForestRegressor(n_jobs=-1, random_state=123),
                    sp=14, window_length=14)
2025-07-10 18:29:04,458:INFO:create_model() successfully completed......................................
2025-07-10 18:29:04,621:INFO:SubProcess create_model() end ==================================
2025-07-10 18:29:04,621:INFO:Creating metrics dataframe
2025-07-10 18:29:04,628:INFO:Initializing Extra Trees w/ Cond. Deseasonalize & Detrending
2025-07-10 18:29:04,628:INFO:Total runtime is 2.7409304936726895 minutes
2025-07-10 18:29:04,631:INFO:SubProcess create_model() called ==================================
2025-07-10 18:29:04,631:INFO:Initializing create_model()
2025-07-10 18:29:04,631:INFO:create_model(self=<pycaret.time_series.forecasting.oop.TSForecastingExperiment object at 0x7fc3c13485b0>, estimator=et_cds_dt, fold=None, round=4, cross_validation=True, predict=True, fit_kwargs={}, groups=None, refit=False, probability_threshold=None, experiment_custom_tags=None, verbose=False, system=False, add_to_model_list=True, metrics=None, display=<pycaret.internal.display.display.CommonDisplay object at 0x7fc2ee88dd50>, model_only=True, return_train_score=False, error_score=0.0, kwargs={})
2025-07-10 18:29:04,631:INFO:Checking exceptions
2025-07-10 18:29:04,631:INFO:Importing libraries
2025-07-10 18:29:04,631:INFO:Copying training dataset
2025-07-10 18:29:04,634:INFO:Defining folds
2025-07-10 18:29:04,634:INFO:Declaring metric variables
2025-07-10 18:29:04,636:INFO:Importing untrained model
2025-07-10 18:29:04,640:INFO:Extra Trees w/ Cond. Deseasonalize & Detrending Imported successfully
2025-07-10 18:29:04,647:INFO:Starting cross validation
2025-07-10 18:29:04,648:INFO:Cross validating with SlidingWindowSplitter(fh=ForecastingHorizon([1, 2, 3, 4, 5, 6, 7, 8, 9, 10, 11, 12, 13, 14], dtype='int64', is_relative=True),
                      step_length=14, window_length=1488), n_jobs=-1
2025-07-10 18:29:05,417:WARNING:/home/leon/.conda/envs/bd_inv_predict/lib/python3.10/site-packages/sklearn/metrics/_regression.py:483: FutureWarning: 'squared' is deprecated in version 1.4 and will be removed in 1.6. To calculate the root mean squared error, use the function'root_mean_squared_error'.
  warnings.warn(

2025-07-10 18:29:05,417:WARNING:/home/leon/.conda/envs/bd_inv_predict/lib/python3.10/site-packages/sklearn/metrics/_regression.py:483: FutureWarning: 'squared' is deprecated in version 1.4 and will be removed in 1.6. To calculate the root mean squared error, use the function'root_mean_squared_error'.
  warnings.warn(

2025-07-10 18:29:05,435:WARNING:/home/leon/.conda/envs/bd_inv_predict/lib/python3.10/site-packages/sklearn/metrics/_regression.py:483: FutureWarning: 'squared' is deprecated in version 1.4 and will be removed in 1.6. To calculate the root mean squared error, use the function'root_mean_squared_error'.
  warnings.warn(

2025-07-10 18:29:05,435:WARNING:/home/leon/.conda/envs/bd_inv_predict/lib/python3.10/site-packages/sklearn/metrics/_regression.py:483: FutureWarning: 'squared' is deprecated in version 1.4 and will be removed in 1.6. To calculate the root mean squared error, use the function'root_mean_squared_error'.
  warnings.warn(

2025-07-10 18:29:05,441:INFO:Calculating mean and std
2025-07-10 18:29:05,442:INFO:Creating metrics dataframe
2025-07-10 18:29:05,444:WARNING:/home/leon/.conda/envs/bd_inv_predict/lib/python3.10/site-packages/pycaret/time_series/forecasting/oop.py:2694: FutureWarning: The behavior of DataFrame concatenation with empty or all-NA entries is deprecated. In a future version, this will no longer exclude empty or all-NA columns when determining the result dtypes. To retain the old behavior, exclude the relevant entries before the concat operation.
  model_results = pd.concat((model_results, model_avgs), axis=0)

2025-07-10 18:29:05,446:INFO:Uploading results into container
2025-07-10 18:29:05,446:INFO:Uploading model into container now
2025-07-10 18:29:05,446:INFO:_master_model_container: 15
2025-07-10 18:29:05,446:INFO:_display_container: 2
2025-07-10 18:29:05,448:INFO:BaseCdsDtForecaster(fe_target_rr=[WindowSummarizer(lag_feature={'lag': [14, 13,
                                                                        12, 11,
                                                                        10, 9,
                                                                        8, 7, 6,
                                                                        5, 4, 3,
                                                                        2, 1]},
                                                   n_jobs=1)],
                    regressor=ExtraTreesRegressor(n_jobs=-1, random_state=123),
                    sp=14, window_length=14)
2025-07-10 18:29:05,448:INFO:create_model() successfully completed......................................
2025-07-10 18:29:05,609:INFO:SubProcess create_model() end ==================================
2025-07-10 18:29:05,609:INFO:Creating metrics dataframe
2025-07-10 18:29:05,617:INFO:Initializing Gradient Boosting w/ Cond. Deseasonalize & Detrending
2025-07-10 18:29:05,617:INFO:Total runtime is 2.7574097474416104 minutes
2025-07-10 18:29:05,620:INFO:SubProcess create_model() called ==================================
2025-07-10 18:29:05,620:INFO:Initializing create_model()
2025-07-10 18:29:05,620:INFO:create_model(self=<pycaret.time_series.forecasting.oop.TSForecastingExperiment object at 0x7fc3c13485b0>, estimator=gbr_cds_dt, fold=None, round=4, cross_validation=True, predict=True, fit_kwargs={}, groups=None, refit=False, probability_threshold=None, experiment_custom_tags=None, verbose=False, system=False, add_to_model_list=True, metrics=None, display=<pycaret.internal.display.display.CommonDisplay object at 0x7fc2ee88dd50>, model_only=True, return_train_score=False, error_score=0.0, kwargs={})
2025-07-10 18:29:05,621:INFO:Checking exceptions
2025-07-10 18:29:05,621:INFO:Importing libraries
2025-07-10 18:29:05,621:INFO:Copying training dataset
2025-07-10 18:29:05,623:INFO:Defining folds
2025-07-10 18:29:05,623:INFO:Declaring metric variables
2025-07-10 18:29:05,626:INFO:Importing untrained model
2025-07-10 18:29:05,629:INFO:Gradient Boosting w/ Cond. Deseasonalize & Detrending Imported successfully
2025-07-10 18:29:05,635:INFO:Starting cross validation
2025-07-10 18:29:05,636:INFO:Cross validating with SlidingWindowSplitter(fh=ForecastingHorizon([1, 2, 3, 4, 5, 6, 7, 8, 9, 10, 11, 12, 13, 14], dtype='int64', is_relative=True),
                      step_length=14, window_length=1488), n_jobs=-1
2025-07-10 18:29:06,702:WARNING:/home/leon/.conda/envs/bd_inv_predict/lib/python3.10/site-packages/sklearn/metrics/_regression.py:483: FutureWarning: 'squared' is deprecated in version 1.4 and will be removed in 1.6. To calculate the root mean squared error, use the function'root_mean_squared_error'.
  warnings.warn(

2025-07-10 18:29:06,702:WARNING:/home/leon/.conda/envs/bd_inv_predict/lib/python3.10/site-packages/sklearn/metrics/_regression.py:483: FutureWarning: 'squared' is deprecated in version 1.4 and will be removed in 1.6. To calculate the root mean squared error, use the function'root_mean_squared_error'.
  warnings.warn(

2025-07-10 18:29:06,730:WARNING:/home/leon/.conda/envs/bd_inv_predict/lib/python3.10/site-packages/sklearn/metrics/_regression.py:483: FutureWarning: 'squared' is deprecated in version 1.4 and will be removed in 1.6. To calculate the root mean squared error, use the function'root_mean_squared_error'.
  warnings.warn(

2025-07-10 18:29:06,731:WARNING:/home/leon/.conda/envs/bd_inv_predict/lib/python3.10/site-packages/sklearn/metrics/_regression.py:483: FutureWarning: 'squared' is deprecated in version 1.4 and will be removed in 1.6. To calculate the root mean squared error, use the function'root_mean_squared_error'.
  warnings.warn(

2025-07-10 18:29:06,735:INFO:Calculating mean and std
2025-07-10 18:29:06,736:INFO:Creating metrics dataframe
2025-07-10 18:29:06,737:WARNING:/home/leon/.conda/envs/bd_inv_predict/lib/python3.10/site-packages/pycaret/time_series/forecasting/oop.py:2694: FutureWarning: The behavior of DataFrame concatenation with empty or all-NA entries is deprecated. In a future version, this will no longer exclude empty or all-NA columns when determining the result dtypes. To retain the old behavior, exclude the relevant entries before the concat operation.
  model_results = pd.concat((model_results, model_avgs), axis=0)

2025-07-10 18:29:06,739:INFO:Uploading results into container
2025-07-10 18:29:06,740:INFO:Uploading model into container now
2025-07-10 18:29:06,740:INFO:_master_model_container: 16
2025-07-10 18:29:06,740:INFO:_display_container: 2
2025-07-10 18:29:06,742:INFO:BaseCdsDtForecaster(fe_target_rr=[WindowSummarizer(lag_feature={'lag': [14, 13,
                                                                        12, 11,
                                                                        10, 9,
                                                                        8, 7, 6,
                                                                        5, 4, 3,
                                                                        2, 1]},
                                                   n_jobs=1)],
                    regressor=GradientBoostingRegressor(random_state=123),
                    sp=14, window_length=14)
2025-07-10 18:29:06,742:INFO:create_model() successfully completed......................................
2025-07-10 18:29:06,903:INFO:SubProcess create_model() end ==================================
2025-07-10 18:29:06,904:INFO:Creating metrics dataframe
2025-07-10 18:29:06,911:INFO:Initializing AdaBoost w/ Cond. Deseasonalize & Detrending
2025-07-10 18:29:06,911:INFO:Total runtime is 2.778974382082622 minutes
2025-07-10 18:29:06,913:INFO:SubProcess create_model() called ==================================
2025-07-10 18:29:06,913:INFO:Initializing create_model()
2025-07-10 18:29:06,913:INFO:create_model(self=<pycaret.time_series.forecasting.oop.TSForecastingExperiment object at 0x7fc3c13485b0>, estimator=ada_cds_dt, fold=None, round=4, cross_validation=True, predict=True, fit_kwargs={}, groups=None, refit=False, probability_threshold=None, experiment_custom_tags=None, verbose=False, system=False, add_to_model_list=True, metrics=None, display=<pycaret.internal.display.display.CommonDisplay object at 0x7fc2ee88dd50>, model_only=True, return_train_score=False, error_score=0.0, kwargs={})
2025-07-10 18:29:06,913:INFO:Checking exceptions
2025-07-10 18:29:06,913:INFO:Importing libraries
2025-07-10 18:29:06,914:INFO:Copying training dataset
2025-07-10 18:29:06,917:INFO:Defining folds
2025-07-10 18:29:06,917:INFO:Declaring metric variables
2025-07-10 18:29:06,920:INFO:Importing untrained model
2025-07-10 18:29:06,923:INFO:AdaBoost w/ Cond. Deseasonalize & Detrending Imported successfully
2025-07-10 18:29:06,929:INFO:Starting cross validation
2025-07-10 18:29:06,929:INFO:Cross validating with SlidingWindowSplitter(fh=ForecastingHorizon([1, 2, 3, 4, 5, 6, 7, 8, 9, 10, 11, 12, 13, 14], dtype='int64', is_relative=True),
                      step_length=14, window_length=1488), n_jobs=-1
2025-07-10 18:29:07,568:WARNING:/home/leon/.conda/envs/bd_inv_predict/lib/python3.10/site-packages/sklearn/metrics/_regression.py:483: FutureWarning: 'squared' is deprecated in version 1.4 and will be removed in 1.6. To calculate the root mean squared error, use the function'root_mean_squared_error'.
  warnings.warn(

2025-07-10 18:29:07,568:WARNING:/home/leon/.conda/envs/bd_inv_predict/lib/python3.10/site-packages/sklearn/metrics/_regression.py:483: FutureWarning: 'squared' is deprecated in version 1.4 and will be removed in 1.6. To calculate the root mean squared error, use the function'root_mean_squared_error'.
  warnings.warn(

2025-07-10 18:29:07,585:WARNING:/home/leon/.conda/envs/bd_inv_predict/lib/python3.10/site-packages/sklearn/metrics/_regression.py:483: FutureWarning: 'squared' is deprecated in version 1.4 and will be removed in 1.6. To calculate the root mean squared error, use the function'root_mean_squared_error'.
  warnings.warn(

2025-07-10 18:29:07,585:WARNING:/home/leon/.conda/envs/bd_inv_predict/lib/python3.10/site-packages/sklearn/metrics/_regression.py:483: FutureWarning: 'squared' is deprecated in version 1.4 and will be removed in 1.6. To calculate the root mean squared error, use the function'root_mean_squared_error'.
  warnings.warn(

2025-07-10 18:29:07,594:INFO:Calculating mean and std
2025-07-10 18:29:07,595:INFO:Creating metrics dataframe
2025-07-10 18:29:07,597:WARNING:/home/leon/.conda/envs/bd_inv_predict/lib/python3.10/site-packages/pycaret/time_series/forecasting/oop.py:2694: FutureWarning: The behavior of DataFrame concatenation with empty or all-NA entries is deprecated. In a future version, this will no longer exclude empty or all-NA columns when determining the result dtypes. To retain the old behavior, exclude the relevant entries before the concat operation.
  model_results = pd.concat((model_results, model_avgs), axis=0)

2025-07-10 18:29:07,599:INFO:Uploading results into container
2025-07-10 18:29:07,599:INFO:Uploading model into container now
2025-07-10 18:29:07,599:INFO:_master_model_container: 17
2025-07-10 18:29:07,600:INFO:_display_container: 2
2025-07-10 18:29:07,601:INFO:BaseCdsDtForecaster(fe_target_rr=[WindowSummarizer(lag_feature={'lag': [14, 13,
                                                                        12, 11,
                                                                        10, 9,
                                                                        8, 7, 6,
                                                                        5, 4, 3,
                                                                        2, 1]},
                                                   n_jobs=1)],
                    regressor=AdaBoostRegressor(random_state=123), sp=14,
                    window_length=14)
2025-07-10 18:29:07,601:INFO:create_model() successfully completed......................................
2025-07-10 18:29:07,763:INFO:SubProcess create_model() end ==================================
2025-07-10 18:29:07,763:INFO:Creating metrics dataframe
2025-07-10 18:29:07,771:INFO:Initializing Light Gradient Boosting w/ Cond. Deseasonalize & Detrending
2025-07-10 18:29:07,771:INFO:Total runtime is 2.7933044989903775 minutes
2025-07-10 18:29:07,773:INFO:SubProcess create_model() called ==================================
2025-07-10 18:29:07,773:INFO:Initializing create_model()
2025-07-10 18:29:07,773:INFO:create_model(self=<pycaret.time_series.forecasting.oop.TSForecastingExperiment object at 0x7fc3c13485b0>, estimator=lightgbm_cds_dt, fold=None, round=4, cross_validation=True, predict=True, fit_kwargs={}, groups=None, refit=False, probability_threshold=None, experiment_custom_tags=None, verbose=False, system=False, add_to_model_list=True, metrics=None, display=<pycaret.internal.display.display.CommonDisplay object at 0x7fc2ee88dd50>, model_only=True, return_train_score=False, error_score=0.0, kwargs={})
2025-07-10 18:29:07,773:INFO:Checking exceptions
2025-07-10 18:29:07,773:INFO:Importing libraries
2025-07-10 18:29:07,773:INFO:Copying training dataset
2025-07-10 18:29:07,776:INFO:Defining folds
2025-07-10 18:29:07,776:INFO:Declaring metric variables
2025-07-10 18:29:07,778:INFO:Importing untrained model
2025-07-10 18:29:07,782:INFO:Light Gradient Boosting w/ Cond. Deseasonalize & Detrending Imported successfully
2025-07-10 18:29:07,788:INFO:Starting cross validation
2025-07-10 18:29:07,789:INFO:Cross validating with SlidingWindowSplitter(fh=ForecastingHorizon([1, 2, 3, 4, 5, 6, 7, 8, 9, 10, 11, 12, 13, 14], dtype='int64', is_relative=True),
                      step_length=14, window_length=1488), n_jobs=-1
2025-07-10 18:34:33,538:INFO:PyCaret TSForecastingExperiment
2025-07-10 18:34:33,538:INFO:Logging name: ts-default-name
2025-07-10 18:34:33,538:INFO:ML Usecase: MLUsecase.TIME_SERIES
2025-07-10 18:34:33,538:INFO:version 3.3.2
2025-07-10 18:34:33,538:INFO:Initializing setup()
2025-07-10 18:34:33,538:INFO:self.USI: 583d
2025-07-10 18:34:33,538:INFO:self._variable_keys: {'approach_type', 'log_plots_param', 'fold_param', 'enforce_pi', 'y_train_transformed', 'pipeline', 'X_test', 'y_test_transformed', '_ml_usecase', 'fh', 'html_param', 'idx', 'seasonality_present', 'model_engines', 'logging_param', 'seed', 'X_train', 'exogenous_present', 'USI', '_available_plots', 'significant_sps', 'y', 'strictly_positive', 'all_sps_to_use', 'exp_name_log', 'X_train_transformed', 'gpu_param', 'gpu_n_jobs_param', 'fold_generator', 'candidate_sps', 'X', 'X_test_transformed', 'enforce_exogenous', 'data', 'index_type', 'memory', 'y_train', 'significant_sps_no_harmonics', 'X_transformed', 'y_transformed', 'y_test', 'primary_sp_to_use', 'exp_id', 'n_jobs_param'}
2025-07-10 18:34:33,538:INFO:Checking environment
2025-07-10 18:34:33,538:INFO:python_version: 3.10.18
2025-07-10 18:34:33,538:INFO:python_build: ('main', 'Jun  5 2025 13:14:17')
2025-07-10 18:34:33,538:INFO:machine: x86_64
2025-07-10 18:34:33,538:INFO:platform: Linux-6.12.34-1-MANJARO-x86_64-with-glibc2.41
2025-07-10 18:34:33,538:INFO:Memory: svmem(total=24909271040, available=11903959040, percent=52.2, used=10373447680, free=5407236096, active=12964306944, inactive=4043489280, buffers=280469504, cached=8848117760, shared=2218467328, slab=938471424)
2025-07-10 18:34:33,539:INFO:Physical Core: 6
2025-07-10 18:34:33,539:INFO:Logical Core: 12
2025-07-10 18:34:33,539:INFO:Checking libraries
2025-07-10 18:34:33,539:INFO:System:
2025-07-10 18:34:33,539:INFO:    python: 3.10.18 (main, Jun  5 2025, 13:14:17) [GCC 11.2.0]
2025-07-10 18:34:33,539:INFO:executable: /home/leon/.conda/envs/bd_inv_predict/bin/python
2025-07-10 18:34:33,539:INFO:   machine: Linux-6.12.34-1-MANJARO-x86_64-with-glibc2.41
2025-07-10 18:34:33,539:INFO:PyCaret required dependencies:
2025-07-10 18:34:33,539:INFO:                 pip: 25.1
2025-07-10 18:34:33,539:INFO:          setuptools: 78.1.1
2025-07-10 18:34:33,539:INFO:             pycaret: 3.3.2
2025-07-10 18:34:33,539:INFO:             IPython: 8.30.0
2025-07-10 18:34:33,539:INFO:          ipywidgets: 8.1.5
2025-07-10 18:34:33,539:INFO:                tqdm: 4.67.1
2025-07-10 18:34:33,539:INFO:               numpy: 1.26.4
2025-07-10 18:34:33,539:INFO:              pandas: 2.1.4
2025-07-10 18:34:33,539:INFO:              jinja2: 3.1.6
2025-07-10 18:34:33,539:INFO:               scipy: 1.11.4
2025-07-10 18:34:33,539:INFO:              joblib: 1.3.2
2025-07-10 18:34:33,539:INFO:             sklearn: 1.4.2
2025-07-10 18:34:33,539:INFO:                pyod: 2.0.5
2025-07-10 18:34:33,539:INFO:            imblearn: 0.13.0
2025-07-10 18:34:33,539:INFO:   category_encoders: 2.7.0
2025-07-10 18:34:33,539:INFO:            lightgbm: 4.6.0
2025-07-10 18:34:33,539:INFO:               numba: 0.61.2
2025-07-10 18:34:33,539:INFO:            requests: 2.32.4
2025-07-10 18:34:33,539:INFO:          matplotlib: 3.7.5
2025-07-10 18:34:33,539:INFO:          scikitplot: 0.3.7
2025-07-10 18:34:33,539:INFO:         yellowbrick: 1.5
2025-07-10 18:34:33,539:INFO:              plotly: 5.24.1
2025-07-10 18:34:33,539:INFO:    plotly-resampler: Not installed
2025-07-10 18:34:33,539:INFO:             kaleido: 1.0.0
2025-07-10 18:34:33,539:INFO:           schemdraw: 0.15
2025-07-10 18:34:33,539:INFO:         statsmodels: 0.14.5
2025-07-10 18:34:33,539:INFO:              sktime: 0.26.0
2025-07-10 18:34:33,539:INFO:               tbats: 1.1.3
2025-07-10 18:34:33,539:INFO:            pmdarima: 2.0.4
2025-07-10 18:34:33,540:INFO:              psutil: 5.9.0
2025-07-10 18:34:33,540:INFO:          markupsafe: 3.0.2
2025-07-10 18:34:33,540:INFO:             pickle5: Not installed
2025-07-10 18:34:33,540:INFO:         cloudpickle: 3.1.1
2025-07-10 18:34:33,540:INFO:         deprecation: 2.1.0
2025-07-10 18:34:33,540:INFO:              xxhash: 3.5.0
2025-07-10 18:34:33,540:INFO:           wurlitzer: 3.1.1
2025-07-10 18:34:33,540:INFO:PyCaret optional dependencies:
2025-07-10 18:34:33,540:INFO:                shap: Not installed
2025-07-10 18:34:33,540:INFO:           interpret: Not installed
2025-07-10 18:34:33,540:INFO:                umap: Not installed
2025-07-10 18:34:33,540:INFO:     ydata_profiling: Not installed
2025-07-10 18:34:33,540:INFO:  explainerdashboard: Not installed
2025-07-10 18:34:33,540:INFO:             autoviz: Not installed
2025-07-10 18:34:33,540:INFO:           fairlearn: Not installed
2025-07-10 18:34:33,540:INFO:          deepchecks: Not installed
2025-07-10 18:34:33,540:INFO:             xgboost: Not installed
2025-07-10 18:34:33,540:INFO:            catboost: Not installed
2025-07-10 18:34:33,540:INFO:              kmodes: Not installed
2025-07-10 18:34:33,540:INFO:             mlxtend: Not installed
2025-07-10 18:34:33,540:INFO:       statsforecast: Not installed
2025-07-10 18:34:33,540:INFO:        tune_sklearn: Not installed
2025-07-10 18:34:33,540:INFO:                 ray: Not installed
2025-07-10 18:34:33,540:INFO:            hyperopt: Not installed
2025-07-10 18:34:33,540:INFO:              optuna: Not installed
2025-07-10 18:34:33,540:INFO:               skopt: Not installed
2025-07-10 18:34:33,540:INFO:              mlflow: Not installed
2025-07-10 18:34:33,540:INFO:              gradio: Not installed
2025-07-10 18:34:33,540:INFO:             fastapi: Not installed
2025-07-10 18:34:33,540:INFO:             uvicorn: Not installed
2025-07-10 18:34:33,540:INFO:              m2cgen: Not installed
2025-07-10 18:34:33,540:INFO:           evidently: Not installed
2025-07-10 18:34:33,540:INFO:               fugue: Not installed
2025-07-10 18:34:33,540:INFO:           streamlit: Not installed
2025-07-10 18:34:33,540:INFO:             prophet: Not installed
2025-07-10 18:34:33,540:INFO:None
2025-07-10 18:34:33,546:INFO:Set Forecast Horizon.
2025-07-10 18:34:33,547:INFO:Set up Train-Test Splits.
2025-07-10 18:34:33,552:INFO:Preparing preprocessing pipeline...
2025-07-10 18:34:33,552:INFO:Set up imputation for Target variable(s).
2025-07-10 18:34:33,605:INFO:Finished creating preprocessing pipeline.
2025-07-10 18:34:33,610:INFO:Pipeline: ForecastingPipeline(steps=[('forecaster',
                            TransformedTargetForecaster(steps=[('transformer_target',
                                                                TransformerPipeline(steps=[('numerical_imputer',
                                                                                            Imputer(method='linear',
                                                                                                    random_state=123))])),
                                                               ('model',
                                                                DummyForecaster())]))])
2025-07-10 18:34:33,610:INFO:Set up Seasonal Period.
2025-07-10 18:34:33,619:INFO:Setting the seasonal component type - 'add' or 'mul'.
2025-07-10 18:34:33,619:INFO:Checking if data is strictly positive.
2025-07-10 18:34:33,643:INFO:Creating final display dataframe.
2025-07-10 18:34:33,658:INFO:Setup Display Container:                                           Description  \
0                                          session_id   
1                                              Target   
2                                            Approach   
3                                 Exogenous Variables   
4                                 Original data shape   
5                              Transformed data shape   
6                         Transformed train set shape   
7                          Transformed test set shape   
8                            Rows with missing values   
9                                      Fold Generator   
10                                        Fold Number   
11                        Enforce Prediction Interval   
12                    Splits used for hyperparameters   
13                    User Defined Seasonal Period(s)   
14                            Ignore Seasonality Test   
15                         Seasonality Detection Algo   
16                             Max Period to Consider   
17                          Seasonal Period(s) Tested   
18                     Significant Seasonal Period(s)   
19   Significant Seasonal Period(s) without Harmonics   
20                                   Remove Harmonics   
21                             Harmonics Order Method   
22                           Num Seasonalities to Use   
23                           All Seasonalities to Use   
24                                Primary Seasonality   
25                                Seasonality Present   
26                                   Seasonality Type   
27                           Target Strictly Positive   
28                                 Target White Noise   
29                                      Recommended d   
30                             Recommended Seasonal D   
31                                         Preprocess   
32                      Numerical Imputation (Target)   
33                            Transformation (Target)   
34                                   Scaling (Target)   
35  Feature Engineering (Target) - Reduced Regression   
36                   Numerical Imputation (Exogenous)   
37                         Transformation (Exogenous)   
38                                Scaling (Exogenous)   
39                                           CPU Jobs   
40                                            Use GPU   
41                                     Log Experiment   
42                                    Experiment Name   
43                                                USI   

                                                Value  
0                                                 123  
1                             FOODS_3_586_amount_sold  
2                                          Univariate  
3                                             Present  
4                                          (1530, 11)  
5                                          (1530, 11)  
6                                          (1516, 11)  
7                                            (14, 11)  
8                                                0.0%  
9                               SlidingWindowSplitter  
10                                                  2  
11                                              False  
12                                                all  
13                                               None  
14                                              False  
15                                               auto  
16                                                 60  
17  [14, 28, 35, 49, 56, 21, 42, 7, 8, 6, 41, 20, ...  
18  [14, 28, 35, 49, 56, 21, 42, 7, 8, 6, 41, 20, ...  
19                   [56, 35, 49, 42, 41, 20, 50, 29]  
20                                              False  
21                                       harmonic_max  
22                                                  1  
23                                               [14]  
24                                                 14  
25                                               True  
26                                                add  
27                                              False  
28                                                 No  
29                                                  1  
30                                                  0  
31                                               True  
32                                             linear  
33                                               None  
34                                               None  
35                                              False  
36                                               None  
37                                               None  
38                                               None  
39                                                 -1  
40                                              False  
41                                              False  
42                                    ts-default-name  
43                                               583d  
2025-07-10 18:34:33,666:INFO:Engine successfully changes for model 'auto_arima' to 'pmdarima'.
2025-07-10 18:34:33,670:WARNING:
'prophet' is a soft dependency and not included in the pycaret installation. Please run: `pip install prophet` to install.
2025-07-10 18:34:33,670:INFO:Engine for model 'lr_cds_dt' has not been set explicitly, hence returning None.
2025-07-10 18:34:33,671:INFO:Engine for model 'en_cds_dt' has not been set explicitly, hence returning None.
2025-07-10 18:34:33,671:INFO:Engine for model 'ridge_cds_dt' has not been set explicitly, hence returning None.
2025-07-10 18:34:33,672:INFO:Engine for model 'lasso_cds_dt' has not been set explicitly, hence returning None.
2025-07-10 18:34:33,672:INFO:Engine for model 'llar_cds_dt' has not been set explicitly, hence returning None.
2025-07-10 18:34:33,672:INFO:Engine for model 'br_cds_dt' has not been set explicitly, hence returning None.
2025-07-10 18:34:33,673:INFO:Engine for model 'huber_cds_dt' has not been set explicitly, hence returning None.
2025-07-10 18:34:33,675:INFO:Engine for model 'omp_cds_dt' has not been set explicitly, hence returning None.
2025-07-10 18:34:33,677:INFO:Engine for model 'knn_cds_dt' has not been set explicitly, hence returning None.
2025-07-10 18:34:33,678:INFO:Engine for model 'dt_cds_dt' has not been set explicitly, hence returning None.
2025-07-10 18:34:33,678:INFO:Engine for model 'rf_cds_dt' has not been set explicitly, hence returning None.
2025-07-10 18:34:33,679:INFO:Engine for model 'et_cds_dt' has not been set explicitly, hence returning None.
2025-07-10 18:34:33,679:INFO:Engine for model 'gbr_cds_dt' has not been set explicitly, hence returning None.
2025-07-10 18:34:33,680:INFO:Engine for model 'ada_cds_dt' has not been set explicitly, hence returning None.
2025-07-10 18:34:33,680:INFO:Engine for model 'xgboost_cds_dt' has not been set explicitly, hence returning None.
2025-07-10 18:34:33,680:WARNING:
'xgboost' is a soft dependency and not included in the pycaret installation. Please run: `pip install xgboost` to install.
Alternately, you can install this by running `pip install pycaret[models]`
2025-07-10 18:34:33,680:WARNING:
'xgboost' is a soft dependency and not included in the pycaret installation. Please run: `pip install xgboost` to install.
Alternately, you can install this by running `pip install pycaret[models]`
2025-07-10 18:34:33,680:INFO:Engine for model 'lightgbm_cds_dt' has not been set explicitly, hence returning None.
2025-07-10 18:34:33,681:INFO:Engine for model 'catboost_cds_dt' has not been set explicitly, hence returning None.
2025-07-10 18:34:33,681:WARNING:
'catboost' is a soft dependency and not included in the pycaret installation. Please run: `pip install catboost` to install.
Alternately, you can install this by running `pip install pycaret[models]`
2025-07-10 18:34:33,681:WARNING:
'catboost' is a soft dependency and not included in the pycaret installation. Please run: `pip install catboost` to install.
Alternately, you can install this by running `pip install pycaret[models]`
2025-07-10 18:34:33,685:WARNING:
'prophet' is a soft dependency and not included in the pycaret installation. Please run: `pip install prophet` to install.
2025-07-10 18:34:33,685:INFO:Engine for model 'lr_cds_dt' has not been set explicitly, hence returning None.
2025-07-10 18:34:33,685:INFO:Engine for model 'en_cds_dt' has not been set explicitly, hence returning None.
2025-07-10 18:34:33,686:INFO:Engine for model 'ridge_cds_dt' has not been set explicitly, hence returning None.
2025-07-10 18:34:33,686:INFO:Engine for model 'lasso_cds_dt' has not been set explicitly, hence returning None.
2025-07-10 18:34:33,687:INFO:Engine for model 'llar_cds_dt' has not been set explicitly, hence returning None.
2025-07-10 18:34:33,687:INFO:Engine for model 'br_cds_dt' has not been set explicitly, hence returning None.
2025-07-10 18:34:33,688:INFO:Engine for model 'huber_cds_dt' has not been set explicitly, hence returning None.
2025-07-10 18:34:33,690:INFO:Engine for model 'omp_cds_dt' has not been set explicitly, hence returning None.
2025-07-10 18:34:33,692:INFO:Engine for model 'knn_cds_dt' has not been set explicitly, hence returning None.
2025-07-10 18:34:33,693:INFO:Engine for model 'dt_cds_dt' has not been set explicitly, hence returning None.
2025-07-10 18:34:33,693:INFO:Engine for model 'rf_cds_dt' has not been set explicitly, hence returning None.
2025-07-10 18:34:33,694:INFO:Engine for model 'et_cds_dt' has not been set explicitly, hence returning None.
2025-07-10 18:34:33,694:INFO:Engine for model 'gbr_cds_dt' has not been set explicitly, hence returning None.
2025-07-10 18:34:33,695:INFO:Engine for model 'ada_cds_dt' has not been set explicitly, hence returning None.
2025-07-10 18:34:33,695:INFO:Engine for model 'xgboost_cds_dt' has not been set explicitly, hence returning None.
2025-07-10 18:34:33,695:WARNING:
'xgboost' is a soft dependency and not included in the pycaret installation. Please run: `pip install xgboost` to install.
Alternately, you can install this by running `pip install pycaret[models]`
2025-07-10 18:34:33,695:WARNING:
'xgboost' is a soft dependency and not included in the pycaret installation. Please run: `pip install xgboost` to install.
Alternately, you can install this by running `pip install pycaret[models]`
2025-07-10 18:34:33,695:INFO:Engine for model 'lightgbm_cds_dt' has not been set explicitly, hence returning None.
2025-07-10 18:34:33,696:INFO:Engine for model 'catboost_cds_dt' has not been set explicitly, hence returning None.
2025-07-10 18:34:33,696:WARNING:
'catboost' is a soft dependency and not included in the pycaret installation. Please run: `pip install catboost` to install.
Alternately, you can install this by running `pip install pycaret[models]`
2025-07-10 18:34:33,696:WARNING:
'catboost' is a soft dependency and not included in the pycaret installation. Please run: `pip install catboost` to install.
Alternately, you can install this by running `pip install pycaret[models]`
2025-07-10 18:34:33,697:INFO:Engine successfully changes for model 'lr_cds_dt' to 'sklearn'.
2025-07-10 18:34:33,701:WARNING:
'prophet' is a soft dependency and not included in the pycaret installation. Please run: `pip install prophet` to install.
2025-07-10 18:34:33,701:INFO:Engine for model 'en_cds_dt' has not been set explicitly, hence returning None.
2025-07-10 18:34:33,702:INFO:Engine for model 'ridge_cds_dt' has not been set explicitly, hence returning None.
2025-07-10 18:34:33,702:INFO:Engine for model 'lasso_cds_dt' has not been set explicitly, hence returning None.
2025-07-10 18:34:33,703:INFO:Engine for model 'llar_cds_dt' has not been set explicitly, hence returning None.
2025-07-10 18:34:33,703:INFO:Engine for model 'br_cds_dt' has not been set explicitly, hence returning None.
2025-07-10 18:34:33,703:INFO:Engine for model 'huber_cds_dt' has not been set explicitly, hence returning None.
2025-07-10 18:34:33,706:INFO:Engine for model 'omp_cds_dt' has not been set explicitly, hence returning None.
2025-07-10 18:34:33,708:INFO:Engine for model 'knn_cds_dt' has not been set explicitly, hence returning None.
2025-07-10 18:34:33,709:INFO:Engine for model 'dt_cds_dt' has not been set explicitly, hence returning None.
2025-07-10 18:34:33,709:INFO:Engine for model 'rf_cds_dt' has not been set explicitly, hence returning None.
2025-07-10 18:34:33,710:INFO:Engine for model 'et_cds_dt' has not been set explicitly, hence returning None.
2025-07-10 18:34:33,710:INFO:Engine for model 'gbr_cds_dt' has not been set explicitly, hence returning None.
2025-07-10 18:34:33,711:INFO:Engine for model 'ada_cds_dt' has not been set explicitly, hence returning None.
2025-07-10 18:34:33,711:INFO:Engine for model 'xgboost_cds_dt' has not been set explicitly, hence returning None.
2025-07-10 18:34:33,711:WARNING:
'xgboost' is a soft dependency and not included in the pycaret installation. Please run: `pip install xgboost` to install.
Alternately, you can install this by running `pip install pycaret[models]`
2025-07-10 18:34:33,711:WARNING:
'xgboost' is a soft dependency and not included in the pycaret installation. Please run: `pip install xgboost` to install.
Alternately, you can install this by running `pip install pycaret[models]`
2025-07-10 18:34:33,711:INFO:Engine for model 'lightgbm_cds_dt' has not been set explicitly, hence returning None.
2025-07-10 18:34:33,712:INFO:Engine for model 'catboost_cds_dt' has not been set explicitly, hence returning None.
2025-07-10 18:34:33,712:WARNING:
'catboost' is a soft dependency and not included in the pycaret installation. Please run: `pip install catboost` to install.
Alternately, you can install this by running `pip install pycaret[models]`
2025-07-10 18:34:33,712:WARNING:
'catboost' is a soft dependency and not included in the pycaret installation. Please run: `pip install catboost` to install.
Alternately, you can install this by running `pip install pycaret[models]`
2025-07-10 18:34:33,716:WARNING:
'prophet' is a soft dependency and not included in the pycaret installation. Please run: `pip install prophet` to install.
2025-07-10 18:34:33,717:INFO:Engine for model 'en_cds_dt' has not been set explicitly, hence returning None.
2025-07-10 18:34:33,717:INFO:Engine for model 'ridge_cds_dt' has not been set explicitly, hence returning None.
2025-07-10 18:34:33,718:INFO:Engine for model 'lasso_cds_dt' has not been set explicitly, hence returning None.
2025-07-10 18:34:33,718:INFO:Engine for model 'llar_cds_dt' has not been set explicitly, hence returning None.
2025-07-10 18:34:33,719:INFO:Engine for model 'br_cds_dt' has not been set explicitly, hence returning None.
2025-07-10 18:34:33,719:INFO:Engine for model 'huber_cds_dt' has not been set explicitly, hence returning None.
2025-07-10 18:34:33,722:INFO:Engine for model 'omp_cds_dt' has not been set explicitly, hence returning None.
2025-07-10 18:34:33,724:INFO:Engine for model 'knn_cds_dt' has not been set explicitly, hence returning None.
2025-07-10 18:34:33,725:INFO:Engine for model 'dt_cds_dt' has not been set explicitly, hence returning None.
2025-07-10 18:34:33,725:INFO:Engine for model 'rf_cds_dt' has not been set explicitly, hence returning None.
2025-07-10 18:34:33,726:INFO:Engine for model 'et_cds_dt' has not been set explicitly, hence returning None.
2025-07-10 18:34:33,726:INFO:Engine for model 'gbr_cds_dt' has not been set explicitly, hence returning None.
2025-07-10 18:34:33,727:INFO:Engine for model 'ada_cds_dt' has not been set explicitly, hence returning None.
2025-07-10 18:34:33,727:INFO:Engine for model 'xgboost_cds_dt' has not been set explicitly, hence returning None.
2025-07-10 18:34:33,727:WARNING:
'xgboost' is a soft dependency and not included in the pycaret installation. Please run: `pip install xgboost` to install.
Alternately, you can install this by running `pip install pycaret[models]`
2025-07-10 18:34:33,727:WARNING:
'xgboost' is a soft dependency and not included in the pycaret installation. Please run: `pip install xgboost` to install.
Alternately, you can install this by running `pip install pycaret[models]`
2025-07-10 18:34:33,727:INFO:Engine for model 'lightgbm_cds_dt' has not been set explicitly, hence returning None.
2025-07-10 18:34:33,728:INFO:Engine for model 'catboost_cds_dt' has not been set explicitly, hence returning None.
2025-07-10 18:34:33,728:WARNING:
'catboost' is a soft dependency and not included in the pycaret installation. Please run: `pip install catboost` to install.
Alternately, you can install this by running `pip install pycaret[models]`
2025-07-10 18:34:33,728:WARNING:
'catboost' is a soft dependency and not included in the pycaret installation. Please run: `pip install catboost` to install.
Alternately, you can install this by running `pip install pycaret[models]`
2025-07-10 18:34:33,728:INFO:Engine successfully changes for model 'en_cds_dt' to 'sklearn'.
2025-07-10 18:34:33,733:WARNING:
'prophet' is a soft dependency and not included in the pycaret installation. Please run: `pip install prophet` to install.
2025-07-10 18:34:33,734:INFO:Engine for model 'ridge_cds_dt' has not been set explicitly, hence returning None.
2025-07-10 18:34:33,734:INFO:Engine for model 'lasso_cds_dt' has not been set explicitly, hence returning None.
2025-07-10 18:34:33,735:INFO:Engine for model 'llar_cds_dt' has not been set explicitly, hence returning None.
2025-07-10 18:34:33,735:INFO:Engine for model 'br_cds_dt' has not been set explicitly, hence returning None.
2025-07-10 18:34:33,736:INFO:Engine for model 'huber_cds_dt' has not been set explicitly, hence returning None.
2025-07-10 18:34:33,738:INFO:Engine for model 'omp_cds_dt' has not been set explicitly, hence returning None.
2025-07-10 18:34:33,740:INFO:Engine for model 'knn_cds_dt' has not been set explicitly, hence returning None.
2025-07-10 18:34:33,740:INFO:Engine for model 'dt_cds_dt' has not been set explicitly, hence returning None.
2025-07-10 18:34:33,740:INFO:Engine for model 'rf_cds_dt' has not been set explicitly, hence returning None.
2025-07-10 18:34:33,740:INFO:Engine for model 'et_cds_dt' has not been set explicitly, hence returning None.
2025-07-10 18:34:33,740:INFO:Engine for model 'gbr_cds_dt' has not been set explicitly, hence returning None.
2025-07-10 18:34:33,741:INFO:Engine for model 'ada_cds_dt' has not been set explicitly, hence returning None.
2025-07-10 18:34:33,741:INFO:Engine for model 'xgboost_cds_dt' has not been set explicitly, hence returning None.
2025-07-10 18:34:33,741:WARNING:
'xgboost' is a soft dependency and not included in the pycaret installation. Please run: `pip install xgboost` to install.
Alternately, you can install this by running `pip install pycaret[models]`
2025-07-10 18:34:33,741:WARNING:
'xgboost' is a soft dependency and not included in the pycaret installation. Please run: `pip install xgboost` to install.
Alternately, you can install this by running `pip install pycaret[models]`
2025-07-10 18:34:33,741:INFO:Engine for model 'lightgbm_cds_dt' has not been set explicitly, hence returning None.
2025-07-10 18:34:33,741:INFO:Engine for model 'catboost_cds_dt' has not been set explicitly, hence returning None.
2025-07-10 18:34:33,741:WARNING:
'catboost' is a soft dependency and not included in the pycaret installation. Please run: `pip install catboost` to install.
Alternately, you can install this by running `pip install pycaret[models]`
2025-07-10 18:34:33,741:WARNING:
'catboost' is a soft dependency and not included in the pycaret installation. Please run: `pip install catboost` to install.
Alternately, you can install this by running `pip install pycaret[models]`
2025-07-10 18:34:33,744:WARNING:
'prophet' is a soft dependency and not included in the pycaret installation. Please run: `pip install prophet` to install.
2025-07-10 18:34:33,744:INFO:Engine for model 'ridge_cds_dt' has not been set explicitly, hence returning None.
2025-07-10 18:34:33,744:INFO:Engine for model 'lasso_cds_dt' has not been set explicitly, hence returning None.
2025-07-10 18:34:33,744:INFO:Engine for model 'llar_cds_dt' has not been set explicitly, hence returning None.
2025-07-10 18:34:33,745:INFO:Engine for model 'br_cds_dt' has not been set explicitly, hence returning None.
2025-07-10 18:34:33,745:INFO:Engine for model 'huber_cds_dt' has not been set explicitly, hence returning None.
2025-07-10 18:34:33,748:INFO:Engine for model 'omp_cds_dt' has not been set explicitly, hence returning None.
2025-07-10 18:34:33,750:INFO:Engine for model 'knn_cds_dt' has not been set explicitly, hence returning None.
2025-07-10 18:34:33,751:INFO:Engine for model 'dt_cds_dt' has not been set explicitly, hence returning None.
2025-07-10 18:34:33,751:INFO:Engine for model 'rf_cds_dt' has not been set explicitly, hence returning None.
2025-07-10 18:34:33,751:INFO:Engine for model 'et_cds_dt' has not been set explicitly, hence returning None.
2025-07-10 18:34:33,751:INFO:Engine for model 'gbr_cds_dt' has not been set explicitly, hence returning None.
2025-07-10 18:34:33,752:INFO:Engine for model 'ada_cds_dt' has not been set explicitly, hence returning None.
2025-07-10 18:34:33,752:INFO:Engine for model 'xgboost_cds_dt' has not been set explicitly, hence returning None.
2025-07-10 18:34:33,752:WARNING:
'xgboost' is a soft dependency and not included in the pycaret installation. Please run: `pip install xgboost` to install.
Alternately, you can install this by running `pip install pycaret[models]`
2025-07-10 18:34:33,752:WARNING:
'xgboost' is a soft dependency and not included in the pycaret installation. Please run: `pip install xgboost` to install.
Alternately, you can install this by running `pip install pycaret[models]`
2025-07-10 18:34:33,752:INFO:Engine for model 'lightgbm_cds_dt' has not been set explicitly, hence returning None.
2025-07-10 18:34:33,752:INFO:Engine for model 'catboost_cds_dt' has not been set explicitly, hence returning None.
2025-07-10 18:34:33,752:WARNING:
'catboost' is a soft dependency and not included in the pycaret installation. Please run: `pip install catboost` to install.
Alternately, you can install this by running `pip install pycaret[models]`
2025-07-10 18:34:33,752:WARNING:
'catboost' is a soft dependency and not included in the pycaret installation. Please run: `pip install catboost` to install.
Alternately, you can install this by running `pip install pycaret[models]`
2025-07-10 18:34:33,752:INFO:Engine successfully changes for model 'ridge_cds_dt' to 'sklearn'.
2025-07-10 18:34:33,754:WARNING:
'prophet' is a soft dependency and not included in the pycaret installation. Please run: `pip install prophet` to install.
2025-07-10 18:34:33,755:INFO:Engine for model 'lasso_cds_dt' has not been set explicitly, hence returning None.
2025-07-10 18:34:33,755:INFO:Engine for model 'llar_cds_dt' has not been set explicitly, hence returning None.
2025-07-10 18:34:33,755:INFO:Engine for model 'br_cds_dt' has not been set explicitly, hence returning None.
2025-07-10 18:34:33,755:INFO:Engine for model 'huber_cds_dt' has not been set explicitly, hence returning None.
2025-07-10 18:34:33,757:INFO:Engine for model 'omp_cds_dt' has not been set explicitly, hence returning None.
2025-07-10 18:34:33,759:INFO:Engine for model 'knn_cds_dt' has not been set explicitly, hence returning None.
2025-07-10 18:34:33,759:INFO:Engine for model 'dt_cds_dt' has not been set explicitly, hence returning None.
2025-07-10 18:34:33,759:INFO:Engine for model 'rf_cds_dt' has not been set explicitly, hence returning None.
2025-07-10 18:34:33,759:INFO:Engine for model 'et_cds_dt' has not been set explicitly, hence returning None.
2025-07-10 18:34:33,759:INFO:Engine for model 'gbr_cds_dt' has not been set explicitly, hence returning None.
2025-07-10 18:34:33,760:INFO:Engine for model 'ada_cds_dt' has not been set explicitly, hence returning None.
2025-07-10 18:34:33,760:INFO:Engine for model 'xgboost_cds_dt' has not been set explicitly, hence returning None.
2025-07-10 18:34:33,760:WARNING:
'xgboost' is a soft dependency and not included in the pycaret installation. Please run: `pip install xgboost` to install.
Alternately, you can install this by running `pip install pycaret[models]`
2025-07-10 18:34:33,760:WARNING:
'xgboost' is a soft dependency and not included in the pycaret installation. Please run: `pip install xgboost` to install.
Alternately, you can install this by running `pip install pycaret[models]`
2025-07-10 18:34:33,760:INFO:Engine for model 'lightgbm_cds_dt' has not been set explicitly, hence returning None.
2025-07-10 18:34:33,760:INFO:Engine for model 'catboost_cds_dt' has not been set explicitly, hence returning None.
2025-07-10 18:34:33,760:WARNING:
'catboost' is a soft dependency and not included in the pycaret installation. Please run: `pip install catboost` to install.
Alternately, you can install this by running `pip install pycaret[models]`
2025-07-10 18:34:33,760:WARNING:
'catboost' is a soft dependency and not included in the pycaret installation. Please run: `pip install catboost` to install.
Alternately, you can install this by running `pip install pycaret[models]`
2025-07-10 18:34:33,764:WARNING:
'prophet' is a soft dependency and not included in the pycaret installation. Please run: `pip install prophet` to install.
2025-07-10 18:34:33,765:INFO:Engine for model 'lasso_cds_dt' has not been set explicitly, hence returning None.
2025-07-10 18:34:33,765:INFO:Engine for model 'llar_cds_dt' has not been set explicitly, hence returning None.
2025-07-10 18:34:33,765:INFO:Engine for model 'br_cds_dt' has not been set explicitly, hence returning None.
2025-07-10 18:34:33,765:INFO:Engine for model 'huber_cds_dt' has not been set explicitly, hence returning None.
2025-07-10 18:34:33,768:INFO:Engine for model 'omp_cds_dt' has not been set explicitly, hence returning None.
2025-07-10 18:34:33,769:INFO:Engine for model 'knn_cds_dt' has not been set explicitly, hence returning None.
2025-07-10 18:34:33,769:INFO:Engine for model 'dt_cds_dt' has not been set explicitly, hence returning None.
2025-07-10 18:34:33,770:INFO:Engine for model 'rf_cds_dt' has not been set explicitly, hence returning None.
2025-07-10 18:34:33,770:INFO:Engine for model 'et_cds_dt' has not been set explicitly, hence returning None.
2025-07-10 18:34:33,770:INFO:Engine for model 'gbr_cds_dt' has not been set explicitly, hence returning None.
2025-07-10 18:34:33,770:INFO:Engine for model 'ada_cds_dt' has not been set explicitly, hence returning None.
2025-07-10 18:34:33,770:INFO:Engine for model 'xgboost_cds_dt' has not been set explicitly, hence returning None.
2025-07-10 18:34:33,770:WARNING:
'xgboost' is a soft dependency and not included in the pycaret installation. Please run: `pip install xgboost` to install.
Alternately, you can install this by running `pip install pycaret[models]`
2025-07-10 18:34:33,770:WARNING:
'xgboost' is a soft dependency and not included in the pycaret installation. Please run: `pip install xgboost` to install.
Alternately, you can install this by running `pip install pycaret[models]`
2025-07-10 18:34:33,770:INFO:Engine for model 'lightgbm_cds_dt' has not been set explicitly, hence returning None.
2025-07-10 18:34:33,771:INFO:Engine for model 'catboost_cds_dt' has not been set explicitly, hence returning None.
2025-07-10 18:34:33,771:WARNING:
'catboost' is a soft dependency and not included in the pycaret installation. Please run: `pip install catboost` to install.
Alternately, you can install this by running `pip install pycaret[models]`
2025-07-10 18:34:33,771:WARNING:
'catboost' is a soft dependency and not included in the pycaret installation. Please run: `pip install catboost` to install.
Alternately, you can install this by running `pip install pycaret[models]`
2025-07-10 18:34:33,771:INFO:Engine successfully changes for model 'lasso_cds_dt' to 'sklearn'.
2025-07-10 18:34:33,773:WARNING:
'prophet' is a soft dependency and not included in the pycaret installation. Please run: `pip install prophet` to install.
2025-07-10 18:34:33,774:INFO:Engine for model 'llar_cds_dt' has not been set explicitly, hence returning None.
2025-07-10 18:34:33,774:INFO:Engine for model 'br_cds_dt' has not been set explicitly, hence returning None.
2025-07-10 18:34:33,774:INFO:Engine for model 'huber_cds_dt' has not been set explicitly, hence returning None.
2025-07-10 18:34:33,776:INFO:Engine for model 'omp_cds_dt' has not been set explicitly, hence returning None.
2025-07-10 18:34:33,777:INFO:Engine for model 'knn_cds_dt' has not been set explicitly, hence returning None.
2025-07-10 18:34:33,778:INFO:Engine for model 'dt_cds_dt' has not been set explicitly, hence returning None.
2025-07-10 18:34:33,778:INFO:Engine for model 'rf_cds_dt' has not been set explicitly, hence returning None.
2025-07-10 18:34:33,778:INFO:Engine for model 'et_cds_dt' has not been set explicitly, hence returning None.
2025-07-10 18:34:33,779:INFO:Engine for model 'gbr_cds_dt' has not been set explicitly, hence returning None.
2025-07-10 18:34:33,779:INFO:Engine for model 'ada_cds_dt' has not been set explicitly, hence returning None.
2025-07-10 18:34:33,779:INFO:Engine for model 'xgboost_cds_dt' has not been set explicitly, hence returning None.
2025-07-10 18:34:33,779:WARNING:
'xgboost' is a soft dependency and not included in the pycaret installation. Please run: `pip install xgboost` to install.
Alternately, you can install this by running `pip install pycaret[models]`
2025-07-10 18:34:33,779:WARNING:
'xgboost' is a soft dependency and not included in the pycaret installation. Please run: `pip install xgboost` to install.
Alternately, you can install this by running `pip install pycaret[models]`
2025-07-10 18:34:33,779:INFO:Engine for model 'lightgbm_cds_dt' has not been set explicitly, hence returning None.
2025-07-10 18:34:33,779:INFO:Engine for model 'catboost_cds_dt' has not been set explicitly, hence returning None.
2025-07-10 18:34:33,779:WARNING:
'catboost' is a soft dependency and not included in the pycaret installation. Please run: `pip install catboost` to install.
Alternately, you can install this by running `pip install pycaret[models]`
2025-07-10 18:34:33,779:WARNING:
'catboost' is a soft dependency and not included in the pycaret installation. Please run: `pip install catboost` to install.
Alternately, you can install this by running `pip install pycaret[models]`
2025-07-10 18:34:33,782:WARNING:
'prophet' is a soft dependency and not included in the pycaret installation. Please run: `pip install prophet` to install.
2025-07-10 18:34:33,783:INFO:Engine for model 'llar_cds_dt' has not been set explicitly, hence returning None.
2025-07-10 18:34:33,783:INFO:Engine for model 'br_cds_dt' has not been set explicitly, hence returning None.
2025-07-10 18:34:33,783:INFO:Engine for model 'huber_cds_dt' has not been set explicitly, hence returning None.
2025-07-10 18:34:33,785:INFO:Engine for model 'omp_cds_dt' has not been set explicitly, hence returning None.
2025-07-10 18:34:33,787:INFO:Engine for model 'knn_cds_dt' has not been set explicitly, hence returning None.
2025-07-10 18:34:33,787:INFO:Engine for model 'dt_cds_dt' has not been set explicitly, hence returning None.
2025-07-10 18:34:33,787:INFO:Engine for model 'rf_cds_dt' has not been set explicitly, hence returning None.
2025-07-10 18:34:33,787:INFO:Engine for model 'et_cds_dt' has not been set explicitly, hence returning None.
2025-07-10 18:34:33,788:INFO:Engine for model 'gbr_cds_dt' has not been set explicitly, hence returning None.
2025-07-10 18:34:33,788:INFO:Engine for model 'ada_cds_dt' has not been set explicitly, hence returning None.
2025-07-10 18:34:33,788:INFO:Engine for model 'xgboost_cds_dt' has not been set explicitly, hence returning None.
2025-07-10 18:34:33,788:WARNING:
'xgboost' is a soft dependency and not included in the pycaret installation. Please run: `pip install xgboost` to install.
Alternately, you can install this by running `pip install pycaret[models]`
2025-07-10 18:34:33,788:WARNING:
'xgboost' is a soft dependency and not included in the pycaret installation. Please run: `pip install xgboost` to install.
Alternately, you can install this by running `pip install pycaret[models]`
2025-07-10 18:34:33,788:INFO:Engine for model 'lightgbm_cds_dt' has not been set explicitly, hence returning None.
2025-07-10 18:34:33,788:INFO:Engine for model 'catboost_cds_dt' has not been set explicitly, hence returning None.
2025-07-10 18:34:33,788:WARNING:
'catboost' is a soft dependency and not included in the pycaret installation. Please run: `pip install catboost` to install.
Alternately, you can install this by running `pip install pycaret[models]`
2025-07-10 18:34:33,788:WARNING:
'catboost' is a soft dependency and not included in the pycaret installation. Please run: `pip install catboost` to install.
Alternately, you can install this by running `pip install pycaret[models]`
2025-07-10 18:34:33,788:INFO:Engine successfully changes for model 'lar_cds_dt' to 'sklearn'.
2025-07-10 18:34:33,791:WARNING:
'prophet' is a soft dependency and not included in the pycaret installation. Please run: `pip install prophet` to install.
2025-07-10 18:34:33,791:INFO:Engine for model 'llar_cds_dt' has not been set explicitly, hence returning None.
2025-07-10 18:34:33,791:INFO:Engine for model 'br_cds_dt' has not been set explicitly, hence returning None.
2025-07-10 18:34:33,792:INFO:Engine for model 'huber_cds_dt' has not been set explicitly, hence returning None.
2025-07-10 18:34:33,794:INFO:Engine for model 'omp_cds_dt' has not been set explicitly, hence returning None.
2025-07-10 18:34:33,795:INFO:Engine for model 'knn_cds_dt' has not been set explicitly, hence returning None.
2025-07-10 18:34:33,795:INFO:Engine for model 'dt_cds_dt' has not been set explicitly, hence returning None.
2025-07-10 18:34:33,796:INFO:Engine for model 'rf_cds_dt' has not been set explicitly, hence returning None.
2025-07-10 18:34:33,796:INFO:Engine for model 'et_cds_dt' has not been set explicitly, hence returning None.
2025-07-10 18:34:33,796:INFO:Engine for model 'gbr_cds_dt' has not been set explicitly, hence returning None.
2025-07-10 18:34:33,797:INFO:Engine for model 'ada_cds_dt' has not been set explicitly, hence returning None.
2025-07-10 18:34:33,797:INFO:Engine for model 'xgboost_cds_dt' has not been set explicitly, hence returning None.
2025-07-10 18:34:33,797:WARNING:
'xgboost' is a soft dependency and not included in the pycaret installation. Please run: `pip install xgboost` to install.
Alternately, you can install this by running `pip install pycaret[models]`
2025-07-10 18:34:33,797:WARNING:
'xgboost' is a soft dependency and not included in the pycaret installation. Please run: `pip install xgboost` to install.
Alternately, you can install this by running `pip install pycaret[models]`
2025-07-10 18:34:33,797:INFO:Engine for model 'lightgbm_cds_dt' has not been set explicitly, hence returning None.
2025-07-10 18:34:33,797:INFO:Engine for model 'catboost_cds_dt' has not been set explicitly, hence returning None.
2025-07-10 18:34:33,797:WARNING:
'catboost' is a soft dependency and not included in the pycaret installation. Please run: `pip install catboost` to install.
Alternately, you can install this by running `pip install pycaret[models]`
2025-07-10 18:34:33,797:WARNING:
'catboost' is a soft dependency and not included in the pycaret installation. Please run: `pip install catboost` to install.
Alternately, you can install this by running `pip install pycaret[models]`
2025-07-10 18:34:33,800:WARNING:
'prophet' is a soft dependency and not included in the pycaret installation. Please run: `pip install prophet` to install.
2025-07-10 18:34:33,800:INFO:Engine for model 'llar_cds_dt' has not been set explicitly, hence returning None.
2025-07-10 18:34:33,801:INFO:Engine for model 'br_cds_dt' has not been set explicitly, hence returning None.
2025-07-10 18:34:33,801:INFO:Engine for model 'huber_cds_dt' has not been set explicitly, hence returning None.
2025-07-10 18:34:33,803:INFO:Engine for model 'omp_cds_dt' has not been set explicitly, hence returning None.
2025-07-10 18:34:33,804:INFO:Engine for model 'knn_cds_dt' has not been set explicitly, hence returning None.
2025-07-10 18:34:33,804:INFO:Engine for model 'dt_cds_dt' has not been set explicitly, hence returning None.
2025-07-10 18:34:33,805:INFO:Engine for model 'rf_cds_dt' has not been set explicitly, hence returning None.
2025-07-10 18:34:33,805:INFO:Engine for model 'et_cds_dt' has not been set explicitly, hence returning None.
2025-07-10 18:34:33,805:INFO:Engine for model 'gbr_cds_dt' has not been set explicitly, hence returning None.
2025-07-10 18:34:33,805:INFO:Engine for model 'ada_cds_dt' has not been set explicitly, hence returning None.
2025-07-10 18:34:33,805:INFO:Engine for model 'xgboost_cds_dt' has not been set explicitly, hence returning None.
2025-07-10 18:34:33,805:WARNING:
'xgboost' is a soft dependency and not included in the pycaret installation. Please run: `pip install xgboost` to install.
Alternately, you can install this by running `pip install pycaret[models]`
2025-07-10 18:34:33,805:WARNING:
'xgboost' is a soft dependency and not included in the pycaret installation. Please run: `pip install xgboost` to install.
Alternately, you can install this by running `pip install pycaret[models]`
2025-07-10 18:34:33,805:INFO:Engine for model 'lightgbm_cds_dt' has not been set explicitly, hence returning None.
2025-07-10 18:34:33,806:INFO:Engine for model 'catboost_cds_dt' has not been set explicitly, hence returning None.
2025-07-10 18:34:33,806:WARNING:
'catboost' is a soft dependency and not included in the pycaret installation. Please run: `pip install catboost` to install.
Alternately, you can install this by running `pip install pycaret[models]`
2025-07-10 18:34:33,806:WARNING:
'catboost' is a soft dependency and not included in the pycaret installation. Please run: `pip install catboost` to install.
Alternately, you can install this by running `pip install pycaret[models]`
2025-07-10 18:34:33,806:INFO:Engine successfully changes for model 'llar_cds_dt' to 'sklearn'.
2025-07-10 18:34:33,808:WARNING:
'prophet' is a soft dependency and not included in the pycaret installation. Please run: `pip install prophet` to install.
2025-07-10 18:34:33,809:INFO:Engine for model 'br_cds_dt' has not been set explicitly, hence returning None.
2025-07-10 18:34:33,809:INFO:Engine for model 'huber_cds_dt' has not been set explicitly, hence returning None.
2025-07-10 18:34:33,811:INFO:Engine for model 'omp_cds_dt' has not been set explicitly, hence returning None.
2025-07-10 18:34:33,812:INFO:Engine for model 'knn_cds_dt' has not been set explicitly, hence returning None.
2025-07-10 18:34:33,812:INFO:Engine for model 'dt_cds_dt' has not been set explicitly, hence returning None.
2025-07-10 18:34:33,813:INFO:Engine for model 'rf_cds_dt' has not been set explicitly, hence returning None.
2025-07-10 18:34:33,813:INFO:Engine for model 'et_cds_dt' has not been set explicitly, hence returning None.
2025-07-10 18:34:33,813:INFO:Engine for model 'gbr_cds_dt' has not been set explicitly, hence returning None.
2025-07-10 18:34:33,813:INFO:Engine for model 'ada_cds_dt' has not been set explicitly, hence returning None.
2025-07-10 18:34:33,814:INFO:Engine for model 'xgboost_cds_dt' has not been set explicitly, hence returning None.
2025-07-10 18:34:33,814:WARNING:
'xgboost' is a soft dependency and not included in the pycaret installation. Please run: `pip install xgboost` to install.
Alternately, you can install this by running `pip install pycaret[models]`
2025-07-10 18:34:33,814:WARNING:
'xgboost' is a soft dependency and not included in the pycaret installation. Please run: `pip install xgboost` to install.
Alternately, you can install this by running `pip install pycaret[models]`
2025-07-10 18:34:33,814:INFO:Engine for model 'lightgbm_cds_dt' has not been set explicitly, hence returning None.
2025-07-10 18:34:33,814:INFO:Engine for model 'catboost_cds_dt' has not been set explicitly, hence returning None.
2025-07-10 18:34:33,814:WARNING:
'catboost' is a soft dependency and not included in the pycaret installation. Please run: `pip install catboost` to install.
Alternately, you can install this by running `pip install pycaret[models]`
2025-07-10 18:34:33,814:WARNING:
'catboost' is a soft dependency and not included in the pycaret installation. Please run: `pip install catboost` to install.
Alternately, you can install this by running `pip install pycaret[models]`
2025-07-10 18:34:33,817:WARNING:
'prophet' is a soft dependency and not included in the pycaret installation. Please run: `pip install prophet` to install.
2025-07-10 18:34:33,818:INFO:Engine for model 'br_cds_dt' has not been set explicitly, hence returning None.
2025-07-10 18:34:33,818:INFO:Engine for model 'huber_cds_dt' has not been set explicitly, hence returning None.
2025-07-10 18:34:33,820:INFO:Engine for model 'omp_cds_dt' has not been set explicitly, hence returning None.
2025-07-10 18:34:33,821:INFO:Engine for model 'knn_cds_dt' has not been set explicitly, hence returning None.
2025-07-10 18:34:33,822:INFO:Engine for model 'dt_cds_dt' has not been set explicitly, hence returning None.
2025-07-10 18:34:33,822:INFO:Engine for model 'rf_cds_dt' has not been set explicitly, hence returning None.
2025-07-10 18:34:33,822:INFO:Engine for model 'et_cds_dt' has not been set explicitly, hence returning None.
2025-07-10 18:34:33,822:INFO:Engine for model 'gbr_cds_dt' has not been set explicitly, hence returning None.
2025-07-10 18:34:33,823:INFO:Engine for model 'ada_cds_dt' has not been set explicitly, hence returning None.
2025-07-10 18:34:33,823:INFO:Engine for model 'xgboost_cds_dt' has not been set explicitly, hence returning None.
2025-07-10 18:34:33,823:WARNING:
'xgboost' is a soft dependency and not included in the pycaret installation. Please run: `pip install xgboost` to install.
Alternately, you can install this by running `pip install pycaret[models]`
2025-07-10 18:34:33,823:WARNING:
'xgboost' is a soft dependency and not included in the pycaret installation. Please run: `pip install xgboost` to install.
Alternately, you can install this by running `pip install pycaret[models]`
2025-07-10 18:34:33,823:INFO:Engine for model 'lightgbm_cds_dt' has not been set explicitly, hence returning None.
2025-07-10 18:34:33,823:INFO:Engine for model 'catboost_cds_dt' has not been set explicitly, hence returning None.
2025-07-10 18:34:33,823:WARNING:
'catboost' is a soft dependency and not included in the pycaret installation. Please run: `pip install catboost` to install.
Alternately, you can install this by running `pip install pycaret[models]`
2025-07-10 18:34:33,823:WARNING:
'catboost' is a soft dependency and not included in the pycaret installation. Please run: `pip install catboost` to install.
Alternately, you can install this by running `pip install pycaret[models]`
2025-07-10 18:34:33,823:INFO:Engine successfully changes for model 'br_cds_dt' to 'sklearn'.
2025-07-10 18:34:33,825:WARNING:
'prophet' is a soft dependency and not included in the pycaret installation. Please run: `pip install prophet` to install.
2025-07-10 18:34:33,826:INFO:Engine for model 'huber_cds_dt' has not been set explicitly, hence returning None.
2025-07-10 18:34:33,828:INFO:Engine for model 'omp_cds_dt' has not been set explicitly, hence returning None.
2025-07-10 18:34:33,830:INFO:Engine for model 'knn_cds_dt' has not been set explicitly, hence returning None.
2025-07-10 18:34:33,830:INFO:Engine for model 'dt_cds_dt' has not been set explicitly, hence returning None.
2025-07-10 18:34:33,831:INFO:Engine for model 'rf_cds_dt' has not been set explicitly, hence returning None.
2025-07-10 18:34:33,831:INFO:Engine for model 'et_cds_dt' has not been set explicitly, hence returning None.
2025-07-10 18:34:33,831:INFO:Engine for model 'gbr_cds_dt' has not been set explicitly, hence returning None.
2025-07-10 18:34:33,831:INFO:Engine for model 'ada_cds_dt' has not been set explicitly, hence returning None.
2025-07-10 18:34:33,831:INFO:Engine for model 'xgboost_cds_dt' has not been set explicitly, hence returning None.
2025-07-10 18:34:33,831:WARNING:
'xgboost' is a soft dependency and not included in the pycaret installation. Please run: `pip install xgboost` to install.
Alternately, you can install this by running `pip install pycaret[models]`
2025-07-10 18:34:33,831:WARNING:
'xgboost' is a soft dependency and not included in the pycaret installation. Please run: `pip install xgboost` to install.
Alternately, you can install this by running `pip install pycaret[models]`
2025-07-10 18:34:33,831:INFO:Engine for model 'lightgbm_cds_dt' has not been set explicitly, hence returning None.
2025-07-10 18:34:33,832:INFO:Engine for model 'catboost_cds_dt' has not been set explicitly, hence returning None.
2025-07-10 18:34:33,832:WARNING:
'catboost' is a soft dependency and not included in the pycaret installation. Please run: `pip install catboost` to install.
Alternately, you can install this by running `pip install pycaret[models]`
2025-07-10 18:34:33,832:WARNING:
'catboost' is a soft dependency and not included in the pycaret installation. Please run: `pip install catboost` to install.
Alternately, you can install this by running `pip install pycaret[models]`
2025-07-10 18:34:33,834:WARNING:
'prophet' is a soft dependency and not included in the pycaret installation. Please run: `pip install prophet` to install.
2025-07-10 18:34:33,835:INFO:Engine for model 'huber_cds_dt' has not been set explicitly, hence returning None.
2025-07-10 18:34:33,837:INFO:Engine for model 'omp_cds_dt' has not been set explicitly, hence returning None.
2025-07-10 18:34:33,839:INFO:Engine for model 'knn_cds_dt' has not been set explicitly, hence returning None.
2025-07-10 18:34:33,839:INFO:Engine for model 'dt_cds_dt' has not been set explicitly, hence returning None.
2025-07-10 18:34:33,839:INFO:Engine for model 'rf_cds_dt' has not been set explicitly, hence returning None.
2025-07-10 18:34:33,839:INFO:Engine for model 'et_cds_dt' has not been set explicitly, hence returning None.
2025-07-10 18:34:33,839:INFO:Engine for model 'gbr_cds_dt' has not been set explicitly, hence returning None.
2025-07-10 18:34:33,840:INFO:Engine for model 'ada_cds_dt' has not been set explicitly, hence returning None.
2025-07-10 18:34:33,840:INFO:Engine for model 'xgboost_cds_dt' has not been set explicitly, hence returning None.
2025-07-10 18:34:33,840:WARNING:
'xgboost' is a soft dependency and not included in the pycaret installation. Please run: `pip install xgboost` to install.
Alternately, you can install this by running `pip install pycaret[models]`
2025-07-10 18:34:33,840:WARNING:
'xgboost' is a soft dependency and not included in the pycaret installation. Please run: `pip install xgboost` to install.
Alternately, you can install this by running `pip install pycaret[models]`
2025-07-10 18:34:33,840:INFO:Engine for model 'lightgbm_cds_dt' has not been set explicitly, hence returning None.
2025-07-10 18:34:33,840:INFO:Engine for model 'catboost_cds_dt' has not been set explicitly, hence returning None.
2025-07-10 18:34:33,840:WARNING:
'catboost' is a soft dependency and not included in the pycaret installation. Please run: `pip install catboost` to install.
Alternately, you can install this by running `pip install pycaret[models]`
2025-07-10 18:34:33,840:WARNING:
'catboost' is a soft dependency and not included in the pycaret installation. Please run: `pip install catboost` to install.
Alternately, you can install this by running `pip install pycaret[models]`
2025-07-10 18:34:33,840:INFO:Engine successfully changes for model 'huber_cds_dt' to 'sklearn'.
2025-07-10 18:34:33,842:WARNING:
'prophet' is a soft dependency and not included in the pycaret installation. Please run: `pip install prophet` to install.
2025-07-10 18:34:33,846:INFO:Engine for model 'omp_cds_dt' has not been set explicitly, hence returning None.
2025-07-10 18:34:33,848:INFO:Engine for model 'knn_cds_dt' has not been set explicitly, hence returning None.
2025-07-10 18:34:33,848:INFO:Engine for model 'dt_cds_dt' has not been set explicitly, hence returning None.
2025-07-10 18:34:33,848:INFO:Engine for model 'rf_cds_dt' has not been set explicitly, hence returning None.
2025-07-10 18:34:33,849:INFO:Engine for model 'et_cds_dt' has not been set explicitly, hence returning None.
2025-07-10 18:34:33,849:INFO:Engine for model 'gbr_cds_dt' has not been set explicitly, hence returning None.
2025-07-10 18:34:33,849:INFO:Engine for model 'ada_cds_dt' has not been set explicitly, hence returning None.
2025-07-10 18:34:33,849:INFO:Engine for model 'xgboost_cds_dt' has not been set explicitly, hence returning None.
2025-07-10 18:34:33,849:WARNING:
'xgboost' is a soft dependency and not included in the pycaret installation. Please run: `pip install xgboost` to install.
Alternately, you can install this by running `pip install pycaret[models]`
2025-07-10 18:34:33,849:WARNING:
'xgboost' is a soft dependency and not included in the pycaret installation. Please run: `pip install xgboost` to install.
Alternately, you can install this by running `pip install pycaret[models]`
2025-07-10 18:34:33,849:INFO:Engine for model 'lightgbm_cds_dt' has not been set explicitly, hence returning None.
2025-07-10 18:34:33,850:INFO:Engine for model 'catboost_cds_dt' has not been set explicitly, hence returning None.
2025-07-10 18:34:33,850:WARNING:
'catboost' is a soft dependency and not included in the pycaret installation. Please run: `pip install catboost` to install.
Alternately, you can install this by running `pip install pycaret[models]`
2025-07-10 18:34:33,850:WARNING:
'catboost' is a soft dependency and not included in the pycaret installation. Please run: `pip install catboost` to install.
Alternately, you can install this by running `pip install pycaret[models]`
2025-07-10 18:34:33,852:WARNING:
'prophet' is a soft dependency and not included in the pycaret installation. Please run: `pip install prophet` to install.
2025-07-10 18:34:33,855:INFO:Engine for model 'omp_cds_dt' has not been set explicitly, hence returning None.
2025-07-10 18:34:33,856:INFO:Engine for model 'knn_cds_dt' has not been set explicitly, hence returning None.
2025-07-10 18:34:33,856:INFO:Engine for model 'dt_cds_dt' has not been set explicitly, hence returning None.
2025-07-10 18:34:33,857:INFO:Engine for model 'rf_cds_dt' has not been set explicitly, hence returning None.
2025-07-10 18:34:33,857:INFO:Engine for model 'et_cds_dt' has not been set explicitly, hence returning None.
2025-07-10 18:34:33,857:INFO:Engine for model 'gbr_cds_dt' has not been set explicitly, hence returning None.
2025-07-10 18:34:33,857:INFO:Engine for model 'ada_cds_dt' has not been set explicitly, hence returning None.
2025-07-10 18:34:33,857:INFO:Engine for model 'xgboost_cds_dt' has not been set explicitly, hence returning None.
2025-07-10 18:34:33,858:WARNING:
'xgboost' is a soft dependency and not included in the pycaret installation. Please run: `pip install xgboost` to install.
Alternately, you can install this by running `pip install pycaret[models]`
2025-07-10 18:34:33,858:WARNING:
'xgboost' is a soft dependency and not included in the pycaret installation. Please run: `pip install xgboost` to install.
Alternately, you can install this by running `pip install pycaret[models]`
2025-07-10 18:34:33,858:INFO:Engine for model 'lightgbm_cds_dt' has not been set explicitly, hence returning None.
2025-07-10 18:34:33,858:INFO:Engine for model 'catboost_cds_dt' has not been set explicitly, hence returning None.
2025-07-10 18:34:33,858:WARNING:
'catboost' is a soft dependency and not included in the pycaret installation. Please run: `pip install catboost` to install.
Alternately, you can install this by running `pip install pycaret[models]`
2025-07-10 18:34:33,858:WARNING:
'catboost' is a soft dependency and not included in the pycaret installation. Please run: `pip install catboost` to install.
Alternately, you can install this by running `pip install pycaret[models]`
2025-07-10 18:34:33,858:INFO:Engine successfully changes for model 'par_cds_dt' to 'sklearn'.
2025-07-10 18:34:33,860:WARNING:
'prophet' is a soft dependency and not included in the pycaret installation. Please run: `pip install prophet` to install.
2025-07-10 18:34:33,864:INFO:Engine for model 'omp_cds_dt' has not been set explicitly, hence returning None.
2025-07-10 18:34:33,866:INFO:Engine for model 'knn_cds_dt' has not been set explicitly, hence returning None.
2025-07-10 18:34:33,866:INFO:Engine for model 'dt_cds_dt' has not been set explicitly, hence returning None.
2025-07-10 18:34:33,866:INFO:Engine for model 'rf_cds_dt' has not been set explicitly, hence returning None.
2025-07-10 18:34:33,866:INFO:Engine for model 'et_cds_dt' has not been set explicitly, hence returning None.
2025-07-10 18:34:33,867:INFO:Engine for model 'gbr_cds_dt' has not been set explicitly, hence returning None.
2025-07-10 18:34:33,867:INFO:Engine for model 'ada_cds_dt' has not been set explicitly, hence returning None.
2025-07-10 18:34:33,867:INFO:Engine for model 'xgboost_cds_dt' has not been set explicitly, hence returning None.
2025-07-10 18:34:33,867:WARNING:
'xgboost' is a soft dependency and not included in the pycaret installation. Please run: `pip install xgboost` to install.
Alternately, you can install this by running `pip install pycaret[models]`
2025-07-10 18:34:33,867:WARNING:
'xgboost' is a soft dependency and not included in the pycaret installation. Please run: `pip install xgboost` to install.
Alternately, you can install this by running `pip install pycaret[models]`
2025-07-10 18:34:33,867:INFO:Engine for model 'lightgbm_cds_dt' has not been set explicitly, hence returning None.
2025-07-10 18:34:33,868:INFO:Engine for model 'catboost_cds_dt' has not been set explicitly, hence returning None.
2025-07-10 18:34:33,868:WARNING:
'catboost' is a soft dependency and not included in the pycaret installation. Please run: `pip install catboost` to install.
Alternately, you can install this by running `pip install pycaret[models]`
2025-07-10 18:34:33,868:WARNING:
'catboost' is a soft dependency and not included in the pycaret installation. Please run: `pip install catboost` to install.
Alternately, you can install this by running `pip install pycaret[models]`
2025-07-10 18:34:33,870:WARNING:
'prophet' is a soft dependency and not included in the pycaret installation. Please run: `pip install prophet` to install.
2025-07-10 18:34:33,873:INFO:Engine for model 'omp_cds_dt' has not been set explicitly, hence returning None.
2025-07-10 18:34:33,874:INFO:Engine for model 'knn_cds_dt' has not been set explicitly, hence returning None.
2025-07-10 18:34:33,874:INFO:Engine for model 'dt_cds_dt' has not been set explicitly, hence returning None.
2025-07-10 18:34:33,875:INFO:Engine for model 'rf_cds_dt' has not been set explicitly, hence returning None.
2025-07-10 18:34:33,875:INFO:Engine for model 'et_cds_dt' has not been set explicitly, hence returning None.
2025-07-10 18:34:33,875:INFO:Engine for model 'gbr_cds_dt' has not been set explicitly, hence returning None.
2025-07-10 18:34:33,875:INFO:Engine for model 'ada_cds_dt' has not been set explicitly, hence returning None.
2025-07-10 18:34:33,876:INFO:Engine for model 'xgboost_cds_dt' has not been set explicitly, hence returning None.
2025-07-10 18:34:33,876:WARNING:
'xgboost' is a soft dependency and not included in the pycaret installation. Please run: `pip install xgboost` to install.
Alternately, you can install this by running `pip install pycaret[models]`
2025-07-10 18:34:33,876:WARNING:
'xgboost' is a soft dependency and not included in the pycaret installation. Please run: `pip install xgboost` to install.
Alternately, you can install this by running `pip install pycaret[models]`
2025-07-10 18:34:33,876:INFO:Engine for model 'lightgbm_cds_dt' has not been set explicitly, hence returning None.
2025-07-10 18:34:33,876:INFO:Engine for model 'catboost_cds_dt' has not been set explicitly, hence returning None.
2025-07-10 18:34:33,876:WARNING:
'catboost' is a soft dependency and not included in the pycaret installation. Please run: `pip install catboost` to install.
Alternately, you can install this by running `pip install pycaret[models]`
2025-07-10 18:34:33,876:WARNING:
'catboost' is a soft dependency and not included in the pycaret installation. Please run: `pip install catboost` to install.
Alternately, you can install this by running `pip install pycaret[models]`
2025-07-10 18:34:33,876:INFO:Engine successfully changes for model 'omp_cds_dt' to 'sklearn'.
2025-07-10 18:34:33,878:WARNING:
'prophet' is a soft dependency and not included in the pycaret installation. Please run: `pip install prophet` to install.
2025-07-10 18:34:33,883:INFO:Engine for model 'knn_cds_dt' has not been set explicitly, hence returning None.
2025-07-10 18:34:33,884:INFO:Engine for model 'dt_cds_dt' has not been set explicitly, hence returning None.
2025-07-10 18:34:33,884:INFO:Engine for model 'rf_cds_dt' has not been set explicitly, hence returning None.
2025-07-10 18:34:33,884:INFO:Engine for model 'et_cds_dt' has not been set explicitly, hence returning None.
2025-07-10 18:34:33,884:INFO:Engine for model 'gbr_cds_dt' has not been set explicitly, hence returning None.
2025-07-10 18:34:33,885:INFO:Engine for model 'ada_cds_dt' has not been set explicitly, hence returning None.
2025-07-10 18:34:33,885:INFO:Engine for model 'xgboost_cds_dt' has not been set explicitly, hence returning None.
2025-07-10 18:34:33,885:WARNING:
'xgboost' is a soft dependency and not included in the pycaret installation. Please run: `pip install xgboost` to install.
Alternately, you can install this by running `pip install pycaret[models]`
2025-07-10 18:34:33,885:WARNING:
'xgboost' is a soft dependency and not included in the pycaret installation. Please run: `pip install xgboost` to install.
Alternately, you can install this by running `pip install pycaret[models]`
2025-07-10 18:34:33,885:INFO:Engine for model 'lightgbm_cds_dt' has not been set explicitly, hence returning None.
2025-07-10 18:34:33,885:INFO:Engine for model 'catboost_cds_dt' has not been set explicitly, hence returning None.
2025-07-10 18:34:33,885:WARNING:
'catboost' is a soft dependency and not included in the pycaret installation. Please run: `pip install catboost` to install.
Alternately, you can install this by running `pip install pycaret[models]`
2025-07-10 18:34:33,885:WARNING:
'catboost' is a soft dependency and not included in the pycaret installation. Please run: `pip install catboost` to install.
Alternately, you can install this by running `pip install pycaret[models]`
2025-07-10 18:34:33,887:WARNING:
'prophet' is a soft dependency and not included in the pycaret installation. Please run: `pip install prophet` to install.
2025-07-10 18:34:33,892:INFO:Engine for model 'knn_cds_dt' has not been set explicitly, hence returning None.
2025-07-10 18:34:33,892:INFO:Engine for model 'dt_cds_dt' has not been set explicitly, hence returning None.
2025-07-10 18:34:33,892:INFO:Engine for model 'rf_cds_dt' has not been set explicitly, hence returning None.
2025-07-10 18:34:33,893:INFO:Engine for model 'et_cds_dt' has not been set explicitly, hence returning None.
2025-07-10 18:34:33,893:INFO:Engine for model 'gbr_cds_dt' has not been set explicitly, hence returning None.
2025-07-10 18:34:33,893:INFO:Engine for model 'ada_cds_dt' has not been set explicitly, hence returning None.
2025-07-10 18:34:33,893:INFO:Engine for model 'xgboost_cds_dt' has not been set explicitly, hence returning None.
2025-07-10 18:34:33,893:WARNING:
'xgboost' is a soft dependency and not included in the pycaret installation. Please run: `pip install xgboost` to install.
Alternately, you can install this by running `pip install pycaret[models]`
2025-07-10 18:34:33,893:WARNING:
'xgboost' is a soft dependency and not included in the pycaret installation. Please run: `pip install xgboost` to install.
Alternately, you can install this by running `pip install pycaret[models]`
2025-07-10 18:34:33,893:INFO:Engine for model 'lightgbm_cds_dt' has not been set explicitly, hence returning None.
2025-07-10 18:34:33,894:INFO:Engine for model 'catboost_cds_dt' has not been set explicitly, hence returning None.
2025-07-10 18:34:33,894:WARNING:
'catboost' is a soft dependency and not included in the pycaret installation. Please run: `pip install catboost` to install.
Alternately, you can install this by running `pip install pycaret[models]`
2025-07-10 18:34:33,894:WARNING:
'catboost' is a soft dependency and not included in the pycaret installation. Please run: `pip install catboost` to install.
Alternately, you can install this by running `pip install pycaret[models]`
2025-07-10 18:34:33,894:INFO:Engine successfully changes for model 'knn_cds_dt' to 'sklearn'.
2025-07-10 18:34:33,897:WARNING:
'prophet' is a soft dependency and not included in the pycaret installation. Please run: `pip install prophet` to install.
2025-07-10 18:34:33,901:INFO:Engine for model 'dt_cds_dt' has not been set explicitly, hence returning None.
2025-07-10 18:34:33,902:INFO:Engine for model 'rf_cds_dt' has not been set explicitly, hence returning None.
2025-07-10 18:34:33,902:INFO:Engine for model 'et_cds_dt' has not been set explicitly, hence returning None.
2025-07-10 18:34:33,902:INFO:Engine for model 'gbr_cds_dt' has not been set explicitly, hence returning None.
2025-07-10 18:34:33,903:INFO:Engine for model 'ada_cds_dt' has not been set explicitly, hence returning None.
2025-07-10 18:34:33,903:INFO:Engine for model 'xgboost_cds_dt' has not been set explicitly, hence returning None.
2025-07-10 18:34:33,903:WARNING:
'xgboost' is a soft dependency and not included in the pycaret installation. Please run: `pip install xgboost` to install.
Alternately, you can install this by running `pip install pycaret[models]`
2025-07-10 18:34:33,903:WARNING:
'xgboost' is a soft dependency and not included in the pycaret installation. Please run: `pip install xgboost` to install.
Alternately, you can install this by running `pip install pycaret[models]`
2025-07-10 18:34:33,903:INFO:Engine for model 'lightgbm_cds_dt' has not been set explicitly, hence returning None.
2025-07-10 18:34:33,903:INFO:Engine for model 'catboost_cds_dt' has not been set explicitly, hence returning None.
2025-07-10 18:34:33,903:WARNING:
'catboost' is a soft dependency and not included in the pycaret installation. Please run: `pip install catboost` to install.
Alternately, you can install this by running `pip install pycaret[models]`
2025-07-10 18:34:33,903:WARNING:
'catboost' is a soft dependency and not included in the pycaret installation. Please run: `pip install catboost` to install.
Alternately, you can install this by running `pip install pycaret[models]`
2025-07-10 18:34:33,905:WARNING:
'prophet' is a soft dependency and not included in the pycaret installation. Please run: `pip install prophet` to install.
2025-07-10 18:34:33,911:INFO:Engine for model 'dt_cds_dt' has not been set explicitly, hence returning None.
2025-07-10 18:34:33,911:INFO:Engine for model 'rf_cds_dt' has not been set explicitly, hence returning None.
2025-07-10 18:34:33,911:INFO:Engine for model 'et_cds_dt' has not been set explicitly, hence returning None.
2025-07-10 18:34:33,911:INFO:Engine for model 'gbr_cds_dt' has not been set explicitly, hence returning None.
2025-07-10 18:34:33,912:INFO:Engine for model 'ada_cds_dt' has not been set explicitly, hence returning None.
2025-07-10 18:34:33,912:INFO:Engine for model 'xgboost_cds_dt' has not been set explicitly, hence returning None.
2025-07-10 18:34:33,912:WARNING:
'xgboost' is a soft dependency and not included in the pycaret installation. Please run: `pip install xgboost` to install.
Alternately, you can install this by running `pip install pycaret[models]`
2025-07-10 18:34:33,912:WARNING:
'xgboost' is a soft dependency and not included in the pycaret installation. Please run: `pip install xgboost` to install.
Alternately, you can install this by running `pip install pycaret[models]`
2025-07-10 18:34:33,912:INFO:Engine for model 'lightgbm_cds_dt' has not been set explicitly, hence returning None.
2025-07-10 18:34:33,913:INFO:Engine for model 'catboost_cds_dt' has not been set explicitly, hence returning None.
2025-07-10 18:34:33,913:WARNING:
'catboost' is a soft dependency and not included in the pycaret installation. Please run: `pip install catboost` to install.
Alternately, you can install this by running `pip install pycaret[models]`
2025-07-10 18:34:33,913:WARNING:
'catboost' is a soft dependency and not included in the pycaret installation. Please run: `pip install catboost` to install.
Alternately, you can install this by running `pip install pycaret[models]`
2025-07-10 18:34:33,913:INFO:Engine successfully changes for model 'dt_cds_dt' to 'sklearn'.
2025-07-10 18:34:33,915:WARNING:
'prophet' is a soft dependency and not included in the pycaret installation. Please run: `pip install prophet` to install.
2025-07-10 18:34:33,920:INFO:Engine for model 'rf_cds_dt' has not been set explicitly, hence returning None.
2025-07-10 18:34:33,920:INFO:Engine for model 'et_cds_dt' has not been set explicitly, hence returning None.
2025-07-10 18:34:33,921:INFO:Engine for model 'gbr_cds_dt' has not been set explicitly, hence returning None.
2025-07-10 18:34:33,921:INFO:Engine for model 'ada_cds_dt' has not been set explicitly, hence returning None.
2025-07-10 18:34:33,921:INFO:Engine for model 'xgboost_cds_dt' has not been set explicitly, hence returning None.
2025-07-10 18:34:33,921:WARNING:
'xgboost' is a soft dependency and not included in the pycaret installation. Please run: `pip install xgboost` to install.
Alternately, you can install this by running `pip install pycaret[models]`
2025-07-10 18:34:33,921:WARNING:
'xgboost' is a soft dependency and not included in the pycaret installation. Please run: `pip install xgboost` to install.
Alternately, you can install this by running `pip install pycaret[models]`
2025-07-10 18:34:33,921:INFO:Engine for model 'lightgbm_cds_dt' has not been set explicitly, hence returning None.
2025-07-10 18:34:33,921:INFO:Engine for model 'catboost_cds_dt' has not been set explicitly, hence returning None.
2025-07-10 18:34:33,921:WARNING:
'catboost' is a soft dependency and not included in the pycaret installation. Please run: `pip install catboost` to install.
Alternately, you can install this by running `pip install pycaret[models]`
2025-07-10 18:34:33,921:WARNING:
'catboost' is a soft dependency and not included in the pycaret installation. Please run: `pip install catboost` to install.
Alternately, you can install this by running `pip install pycaret[models]`
2025-07-10 18:34:33,924:WARNING:
'prophet' is a soft dependency and not included in the pycaret installation. Please run: `pip install prophet` to install.
2025-07-10 18:34:33,929:INFO:Engine for model 'rf_cds_dt' has not been set explicitly, hence returning None.
2025-07-10 18:34:33,929:INFO:Engine for model 'et_cds_dt' has not been set explicitly, hence returning None.
2025-07-10 18:34:33,930:INFO:Engine for model 'gbr_cds_dt' has not been set explicitly, hence returning None.
2025-07-10 18:34:33,930:INFO:Engine for model 'ada_cds_dt' has not been set explicitly, hence returning None.
2025-07-10 18:34:33,930:INFO:Engine for model 'xgboost_cds_dt' has not been set explicitly, hence returning None.
2025-07-10 18:34:33,930:WARNING:
'xgboost' is a soft dependency and not included in the pycaret installation. Please run: `pip install xgboost` to install.
Alternately, you can install this by running `pip install pycaret[models]`
2025-07-10 18:34:33,930:WARNING:
'xgboost' is a soft dependency and not included in the pycaret installation. Please run: `pip install xgboost` to install.
Alternately, you can install this by running `pip install pycaret[models]`
2025-07-10 18:34:33,930:INFO:Engine for model 'lightgbm_cds_dt' has not been set explicitly, hence returning None.
2025-07-10 18:34:33,931:INFO:Engine for model 'catboost_cds_dt' has not been set explicitly, hence returning None.
2025-07-10 18:34:33,931:WARNING:
'catboost' is a soft dependency and not included in the pycaret installation. Please run: `pip install catboost` to install.
Alternately, you can install this by running `pip install pycaret[models]`
2025-07-10 18:34:33,931:WARNING:
'catboost' is a soft dependency and not included in the pycaret installation. Please run: `pip install catboost` to install.
Alternately, you can install this by running `pip install pycaret[models]`
2025-07-10 18:34:33,931:INFO:Engine successfully changes for model 'rf_cds_dt' to 'sklearn'.
2025-07-10 18:34:33,933:WARNING:
'prophet' is a soft dependency and not included in the pycaret installation. Please run: `pip install prophet` to install.
2025-07-10 18:34:33,938:INFO:Engine for model 'et_cds_dt' has not been set explicitly, hence returning None.
2025-07-10 18:34:33,939:INFO:Engine for model 'gbr_cds_dt' has not been set explicitly, hence returning None.
2025-07-10 18:34:33,939:INFO:Engine for model 'ada_cds_dt' has not been set explicitly, hence returning None.
2025-07-10 18:34:33,939:INFO:Engine for model 'xgboost_cds_dt' has not been set explicitly, hence returning None.
2025-07-10 18:34:33,939:WARNING:
'xgboost' is a soft dependency and not included in the pycaret installation. Please run: `pip install xgboost` to install.
Alternately, you can install this by running `pip install pycaret[models]`
2025-07-10 18:34:33,939:WARNING:
'xgboost' is a soft dependency and not included in the pycaret installation. Please run: `pip install xgboost` to install.
Alternately, you can install this by running `pip install pycaret[models]`
2025-07-10 18:34:33,939:INFO:Engine for model 'lightgbm_cds_dt' has not been set explicitly, hence returning None.
2025-07-10 18:34:33,939:INFO:Engine for model 'catboost_cds_dt' has not been set explicitly, hence returning None.
2025-07-10 18:34:33,939:WARNING:
'catboost' is a soft dependency and not included in the pycaret installation. Please run: `pip install catboost` to install.
Alternately, you can install this by running `pip install pycaret[models]`
2025-07-10 18:34:33,939:WARNING:
'catboost' is a soft dependency and not included in the pycaret installation. Please run: `pip install catboost` to install.
Alternately, you can install this by running `pip install pycaret[models]`
2025-07-10 18:34:33,942:WARNING:
'prophet' is a soft dependency and not included in the pycaret installation. Please run: `pip install prophet` to install.
2025-07-10 18:34:33,947:INFO:Engine for model 'et_cds_dt' has not been set explicitly, hence returning None.
2025-07-10 18:34:33,947:INFO:Engine for model 'gbr_cds_dt' has not been set explicitly, hence returning None.
2025-07-10 18:34:33,947:INFO:Engine for model 'ada_cds_dt' has not been set explicitly, hence returning None.
2025-07-10 18:34:33,948:INFO:Engine for model 'xgboost_cds_dt' has not been set explicitly, hence returning None.
2025-07-10 18:34:33,948:WARNING:
'xgboost' is a soft dependency and not included in the pycaret installation. Please run: `pip install xgboost` to install.
Alternately, you can install this by running `pip install pycaret[models]`
2025-07-10 18:34:33,948:WARNING:
'xgboost' is a soft dependency and not included in the pycaret installation. Please run: `pip install xgboost` to install.
Alternately, you can install this by running `pip install pycaret[models]`
2025-07-10 18:34:33,948:INFO:Engine for model 'lightgbm_cds_dt' has not been set explicitly, hence returning None.
2025-07-10 18:34:33,948:INFO:Engine for model 'catboost_cds_dt' has not been set explicitly, hence returning None.
2025-07-10 18:34:33,948:WARNING:
'catboost' is a soft dependency and not included in the pycaret installation. Please run: `pip install catboost` to install.
Alternately, you can install this by running `pip install pycaret[models]`
2025-07-10 18:34:33,948:WARNING:
'catboost' is a soft dependency and not included in the pycaret installation. Please run: `pip install catboost` to install.
Alternately, you can install this by running `pip install pycaret[models]`
2025-07-10 18:34:33,948:INFO:Engine successfully changes for model 'et_cds_dt' to 'sklearn'.
2025-07-10 18:34:33,951:WARNING:
'prophet' is a soft dependency and not included in the pycaret installation. Please run: `pip install prophet` to install.
2025-07-10 18:34:33,956:INFO:Engine for model 'gbr_cds_dt' has not been set explicitly, hence returning None.
2025-07-10 18:34:33,956:INFO:Engine for model 'ada_cds_dt' has not been set explicitly, hence returning None.
2025-07-10 18:34:33,956:INFO:Engine for model 'xgboost_cds_dt' has not been set explicitly, hence returning None.
2025-07-10 18:34:33,956:WARNING:
'xgboost' is a soft dependency and not included in the pycaret installation. Please run: `pip install xgboost` to install.
Alternately, you can install this by running `pip install pycaret[models]`
2025-07-10 18:34:33,956:WARNING:
'xgboost' is a soft dependency and not included in the pycaret installation. Please run: `pip install xgboost` to install.
Alternately, you can install this by running `pip install pycaret[models]`
2025-07-10 18:34:33,956:INFO:Engine for model 'lightgbm_cds_dt' has not been set explicitly, hence returning None.
2025-07-10 18:34:33,957:INFO:Engine for model 'catboost_cds_dt' has not been set explicitly, hence returning None.
2025-07-10 18:34:33,957:WARNING:
'catboost' is a soft dependency and not included in the pycaret installation. Please run: `pip install catboost` to install.
Alternately, you can install this by running `pip install pycaret[models]`
2025-07-10 18:34:33,957:WARNING:
'catboost' is a soft dependency and not included in the pycaret installation. Please run: `pip install catboost` to install.
Alternately, you can install this by running `pip install pycaret[models]`
2025-07-10 18:34:33,959:WARNING:
'prophet' is a soft dependency and not included in the pycaret installation. Please run: `pip install prophet` to install.
2025-07-10 18:34:33,966:INFO:Engine for model 'gbr_cds_dt' has not been set explicitly, hence returning None.
2025-07-10 18:34:33,966:INFO:Engine for model 'ada_cds_dt' has not been set explicitly, hence returning None.
2025-07-10 18:34:33,966:INFO:Engine for model 'xgboost_cds_dt' has not been set explicitly, hence returning None.
2025-07-10 18:34:33,966:WARNING:
'xgboost' is a soft dependency and not included in the pycaret installation. Please run: `pip install xgboost` to install.
Alternately, you can install this by running `pip install pycaret[models]`
2025-07-10 18:34:33,966:WARNING:
'xgboost' is a soft dependency and not included in the pycaret installation. Please run: `pip install xgboost` to install.
Alternately, you can install this by running `pip install pycaret[models]`
2025-07-10 18:34:33,966:INFO:Engine for model 'lightgbm_cds_dt' has not been set explicitly, hence returning None.
2025-07-10 18:34:33,966:INFO:Engine for model 'catboost_cds_dt' has not been set explicitly, hence returning None.
2025-07-10 18:34:33,966:WARNING:
'catboost' is a soft dependency and not included in the pycaret installation. Please run: `pip install catboost` to install.
Alternately, you can install this by running `pip install pycaret[models]`
2025-07-10 18:34:33,966:WARNING:
'catboost' is a soft dependency and not included in the pycaret installation. Please run: `pip install catboost` to install.
Alternately, you can install this by running `pip install pycaret[models]`
2025-07-10 18:34:33,967:INFO:Engine successfully changes for model 'gbr_cds_dt' to 'sklearn'.
2025-07-10 18:34:33,969:WARNING:
'prophet' is a soft dependency and not included in the pycaret installation. Please run: `pip install prophet` to install.
2025-07-10 18:34:33,974:INFO:Engine for model 'ada_cds_dt' has not been set explicitly, hence returning None.
2025-07-10 18:34:33,975:INFO:Engine for model 'xgboost_cds_dt' has not been set explicitly, hence returning None.
2025-07-10 18:34:33,975:WARNING:
'xgboost' is a soft dependency and not included in the pycaret installation. Please run: `pip install xgboost` to install.
Alternately, you can install this by running `pip install pycaret[models]`
2025-07-10 18:34:33,975:WARNING:
'xgboost' is a soft dependency and not included in the pycaret installation. Please run: `pip install xgboost` to install.
Alternately, you can install this by running `pip install pycaret[models]`
2025-07-10 18:34:33,975:INFO:Engine for model 'lightgbm_cds_dt' has not been set explicitly, hence returning None.
2025-07-10 18:34:33,975:INFO:Engine for model 'catboost_cds_dt' has not been set explicitly, hence returning None.
2025-07-10 18:34:33,975:WARNING:
'catboost' is a soft dependency and not included in the pycaret installation. Please run: `pip install catboost` to install.
Alternately, you can install this by running `pip install pycaret[models]`
2025-07-10 18:34:33,975:WARNING:
'catboost' is a soft dependency and not included in the pycaret installation. Please run: `pip install catboost` to install.
Alternately, you can install this by running `pip install pycaret[models]`
2025-07-10 18:34:33,977:WARNING:
'prophet' is a soft dependency and not included in the pycaret installation. Please run: `pip install prophet` to install.
2025-07-10 18:34:33,984:INFO:Engine for model 'ada_cds_dt' has not been set explicitly, hence returning None.
2025-07-10 18:34:33,985:INFO:Engine for model 'xgboost_cds_dt' has not been set explicitly, hence returning None.
2025-07-10 18:34:33,985:WARNING:
'xgboost' is a soft dependency and not included in the pycaret installation. Please run: `pip install xgboost` to install.
Alternately, you can install this by running `pip install pycaret[models]`
2025-07-10 18:34:33,985:WARNING:
'xgboost' is a soft dependency and not included in the pycaret installation. Please run: `pip install xgboost` to install.
Alternately, you can install this by running `pip install pycaret[models]`
2025-07-10 18:34:33,985:INFO:Engine for model 'lightgbm_cds_dt' has not been set explicitly, hence returning None.
2025-07-10 18:34:33,985:INFO:Engine for model 'catboost_cds_dt' has not been set explicitly, hence returning None.
2025-07-10 18:34:33,985:WARNING:
'catboost' is a soft dependency and not included in the pycaret installation. Please run: `pip install catboost` to install.
Alternately, you can install this by running `pip install pycaret[models]`
2025-07-10 18:34:33,985:WARNING:
'catboost' is a soft dependency and not included in the pycaret installation. Please run: `pip install catboost` to install.
Alternately, you can install this by running `pip install pycaret[models]`
2025-07-10 18:34:33,985:INFO:Engine successfully changes for model 'ada_cds_dt' to 'sklearn'.
2025-07-10 18:34:33,987:WARNING:
'prophet' is a soft dependency and not included in the pycaret installation. Please run: `pip install prophet` to install.
2025-07-10 18:34:33,993:INFO:Engine for model 'xgboost_cds_dt' has not been set explicitly, hence returning None.
2025-07-10 18:34:33,993:WARNING:
'xgboost' is a soft dependency and not included in the pycaret installation. Please run: `pip install xgboost` to install.
Alternately, you can install this by running `pip install pycaret[models]`
2025-07-10 18:34:33,993:WARNING:
'xgboost' is a soft dependency and not included in the pycaret installation. Please run: `pip install xgboost` to install.
Alternately, you can install this by running `pip install pycaret[models]`
2025-07-10 18:34:33,993:INFO:Engine for model 'lightgbm_cds_dt' has not been set explicitly, hence returning None.
2025-07-10 18:34:33,993:INFO:Engine for model 'catboost_cds_dt' has not been set explicitly, hence returning None.
2025-07-10 18:34:33,994:WARNING:
'catboost' is a soft dependency and not included in the pycaret installation. Please run: `pip install catboost` to install.
Alternately, you can install this by running `pip install pycaret[models]`
2025-07-10 18:34:33,994:WARNING:
'catboost' is a soft dependency and not included in the pycaret installation. Please run: `pip install catboost` to install.
Alternately, you can install this by running `pip install pycaret[models]`
2025-07-10 18:34:33,996:WARNING:
'prophet' is a soft dependency and not included in the pycaret installation. Please run: `pip install prophet` to install.
2025-07-10 18:34:34,002:INFO:Engine for model 'xgboost_cds_dt' has not been set explicitly, hence returning None.
2025-07-10 18:34:34,002:WARNING:
'xgboost' is a soft dependency and not included in the pycaret installation. Please run: `pip install xgboost` to install.
Alternately, you can install this by running `pip install pycaret[models]`
2025-07-10 18:34:34,002:WARNING:
'xgboost' is a soft dependency and not included in the pycaret installation. Please run: `pip install xgboost` to install.
Alternately, you can install this by running `pip install pycaret[models]`
2025-07-10 18:34:34,002:INFO:Engine for model 'lightgbm_cds_dt' has not been set explicitly, hence returning None.
2025-07-10 18:34:34,003:INFO:Engine for model 'catboost_cds_dt' has not been set explicitly, hence returning None.
2025-07-10 18:34:34,003:WARNING:
'catboost' is a soft dependency and not included in the pycaret installation. Please run: `pip install catboost` to install.
Alternately, you can install this by running `pip install pycaret[models]`
2025-07-10 18:34:34,003:WARNING:
'catboost' is a soft dependency and not included in the pycaret installation. Please run: `pip install catboost` to install.
Alternately, you can install this by running `pip install pycaret[models]`
2025-07-10 18:34:34,003:INFO:Engine successfully changes for model 'xgboost_cds_dt' to 'sklearn'.
2025-07-10 18:34:34,005:WARNING:
'prophet' is a soft dependency and not included in the pycaret installation. Please run: `pip install prophet` to install.
2025-07-10 18:34:34,010:WARNING:
'xgboost' is a soft dependency and not included in the pycaret installation. Please run: `pip install xgboost` to install.
Alternately, you can install this by running `pip install pycaret[models]`
2025-07-10 18:34:34,010:WARNING:
'xgboost' is a soft dependency and not included in the pycaret installation. Please run: `pip install xgboost` to install.
Alternately, you can install this by running `pip install pycaret[models]`
2025-07-10 18:34:34,010:INFO:Engine for model 'lightgbm_cds_dt' has not been set explicitly, hence returning None.
2025-07-10 18:34:34,011:INFO:Engine for model 'catboost_cds_dt' has not been set explicitly, hence returning None.
2025-07-10 18:34:34,011:WARNING:
'catboost' is a soft dependency and not included in the pycaret installation. Please run: `pip install catboost` to install.
Alternately, you can install this by running `pip install pycaret[models]`
2025-07-10 18:34:34,011:WARNING:
'catboost' is a soft dependency and not included in the pycaret installation. Please run: `pip install catboost` to install.
Alternately, you can install this by running `pip install pycaret[models]`
2025-07-10 18:34:34,014:WARNING:
'prophet' is a soft dependency and not included in the pycaret installation. Please run: `pip install prophet` to install.
2025-07-10 18:34:34,020:WARNING:
'xgboost' is a soft dependency and not included in the pycaret installation. Please run: `pip install xgboost` to install.
Alternately, you can install this by running `pip install pycaret[models]`
2025-07-10 18:34:34,020:WARNING:
'xgboost' is a soft dependency and not included in the pycaret installation. Please run: `pip install xgboost` to install.
Alternately, you can install this by running `pip install pycaret[models]`
2025-07-10 18:34:34,021:INFO:Engine for model 'lightgbm_cds_dt' has not been set explicitly, hence returning None.
2025-07-10 18:34:34,021:INFO:Engine for model 'catboost_cds_dt' has not been set explicitly, hence returning None.
2025-07-10 18:34:34,021:WARNING:
'catboost' is a soft dependency and not included in the pycaret installation. Please run: `pip install catboost` to install.
Alternately, you can install this by running `pip install pycaret[models]`
2025-07-10 18:34:34,021:WARNING:
'catboost' is a soft dependency and not included in the pycaret installation. Please run: `pip install catboost` to install.
Alternately, you can install this by running `pip install pycaret[models]`
2025-07-10 18:34:34,021:INFO:Engine successfully changes for model 'lightgbm_cds_dt' to 'sklearn'.
2025-07-10 18:34:34,023:WARNING:
'prophet' is a soft dependency and not included in the pycaret installation. Please run: `pip install prophet` to install.
2025-07-10 18:34:34,030:WARNING:
'xgboost' is a soft dependency and not included in the pycaret installation. Please run: `pip install xgboost` to install.
Alternately, you can install this by running `pip install pycaret[models]`
2025-07-10 18:34:34,030:WARNING:
'xgboost' is a soft dependency and not included in the pycaret installation. Please run: `pip install xgboost` to install.
Alternately, you can install this by running `pip install pycaret[models]`
2025-07-10 18:34:34,030:INFO:Engine for model 'catboost_cds_dt' has not been set explicitly, hence returning None.
2025-07-10 18:34:34,030:WARNING:
'catboost' is a soft dependency and not included in the pycaret installation. Please run: `pip install catboost` to install.
Alternately, you can install this by running `pip install pycaret[models]`
2025-07-10 18:34:34,030:WARNING:
'catboost' is a soft dependency and not included in the pycaret installation. Please run: `pip install catboost` to install.
Alternately, you can install this by running `pip install pycaret[models]`
2025-07-10 18:34:34,033:WARNING:
'prophet' is a soft dependency and not included in the pycaret installation. Please run: `pip install prophet` to install.
2025-07-10 18:34:34,039:WARNING:
'xgboost' is a soft dependency and not included in the pycaret installation. Please run: `pip install xgboost` to install.
Alternately, you can install this by running `pip install pycaret[models]`
2025-07-10 18:34:34,039:WARNING:
'xgboost' is a soft dependency and not included in the pycaret installation. Please run: `pip install xgboost` to install.
Alternately, you can install this by running `pip install pycaret[models]`
2025-07-10 18:34:34,040:INFO:Engine for model 'catboost_cds_dt' has not been set explicitly, hence returning None.
2025-07-10 18:34:34,040:WARNING:
'catboost' is a soft dependency and not included in the pycaret installation. Please run: `pip install catboost` to install.
Alternately, you can install this by running `pip install pycaret[models]`
2025-07-10 18:34:34,040:WARNING:
'catboost' is a soft dependency and not included in the pycaret installation. Please run: `pip install catboost` to install.
Alternately, you can install this by running `pip install pycaret[models]`
2025-07-10 18:34:34,040:INFO:Engine successfully changes for model 'catboost_cds_dt' to 'sklearn'.
2025-07-10 18:34:34,042:WARNING:
'prophet' is a soft dependency and not included in the pycaret installation. Please run: `pip install prophet` to install.
2025-07-10 18:34:34,050:WARNING:
'xgboost' is a soft dependency and not included in the pycaret installation. Please run: `pip install xgboost` to install.
Alternately, you can install this by running `pip install pycaret[models]`
2025-07-10 18:34:34,050:WARNING:
'xgboost' is a soft dependency and not included in the pycaret installation. Please run: `pip install xgboost` to install.
Alternately, you can install this by running `pip install pycaret[models]`
2025-07-10 18:34:34,050:WARNING:
'catboost' is a soft dependency and not included in the pycaret installation. Please run: `pip install catboost` to install.
Alternately, you can install this by running `pip install pycaret[models]`
2025-07-10 18:34:34,050:WARNING:
'catboost' is a soft dependency and not included in the pycaret installation. Please run: `pip install catboost` to install.
Alternately, you can install this by running `pip install pycaret[models]`
2025-07-10 18:34:34,053:WARNING:
'prophet' is a soft dependency and not included in the pycaret installation. Please run: `pip install prophet` to install.
2025-07-10 18:34:34,059:WARNING:
'xgboost' is a soft dependency and not included in the pycaret installation. Please run: `pip install xgboost` to install.
Alternately, you can install this by running `pip install pycaret[models]`
2025-07-10 18:34:34,059:WARNING:
'xgboost' is a soft dependency and not included in the pycaret installation. Please run: `pip install xgboost` to install.
Alternately, you can install this by running `pip install pycaret[models]`
2025-07-10 18:34:34,059:WARNING:
'catboost' is a soft dependency and not included in the pycaret installation. Please run: `pip install catboost` to install.
Alternately, you can install this by running `pip install pycaret[models]`
2025-07-10 18:34:34,059:WARNING:
'catboost' is a soft dependency and not included in the pycaret installation. Please run: `pip install catboost` to install.
Alternately, you can install this by running `pip install pycaret[models]`
2025-07-10 18:34:34,062:WARNING:
'prophet' is a soft dependency and not included in the pycaret installation. Please run: `pip install prophet` to install.
2025-07-10 18:34:34,068:WARNING:
'xgboost' is a soft dependency and not included in the pycaret installation. Please run: `pip install xgboost` to install.
Alternately, you can install this by running `pip install pycaret[models]`
2025-07-10 18:34:34,068:WARNING:
'xgboost' is a soft dependency and not included in the pycaret installation. Please run: `pip install xgboost` to install.
Alternately, you can install this by running `pip install pycaret[models]`
2025-07-10 18:34:34,069:WARNING:
'catboost' is a soft dependency and not included in the pycaret installation. Please run: `pip install catboost` to install.
Alternately, you can install this by running `pip install pycaret[models]`
2025-07-10 18:34:34,069:WARNING:
'catboost' is a soft dependency and not included in the pycaret installation. Please run: `pip install catboost` to install.
Alternately, you can install this by running `pip install pycaret[models]`
2025-07-10 18:34:34,071:WARNING:
'prophet' is a soft dependency and not included in the pycaret installation. Please run: `pip install prophet` to install.
2025-07-10 18:34:34,077:WARNING:
'xgboost' is a soft dependency and not included in the pycaret installation. Please run: `pip install xgboost` to install.
Alternately, you can install this by running `pip install pycaret[models]`
2025-07-10 18:34:34,077:WARNING:
'xgboost' is a soft dependency and not included in the pycaret installation. Please run: `pip install xgboost` to install.
Alternately, you can install this by running `pip install pycaret[models]`
2025-07-10 18:34:34,078:WARNING:
'catboost' is a soft dependency and not included in the pycaret installation. Please run: `pip install catboost` to install.
Alternately, you can install this by running `pip install pycaret[models]`
2025-07-10 18:34:34,078:WARNING:
'catboost' is a soft dependency and not included in the pycaret installation. Please run: `pip install catboost` to install.
Alternately, you can install this by running `pip install pycaret[models]`
2025-07-10 18:34:34,078:INFO:setup() successfully completed in 0.54s...............
2025-07-10 18:34:34,078:INFO:Initializing compare_models()
2025-07-10 18:34:34,078:INFO:compare_models(self=<pycaret.time_series.forecasting.oop.TSForecastingExperiment object at 0x7fc3c112e7d0>, include=None, fold=None, round=4, cross_validation=True, sort=RMSE, n_select=5, budget_time=5, turbo=True, errors=ignore, fit_kwargs=None, groups=None, experiment_custom_tags=None, probability_threshold=None, verbose=True, parallel=None, caller_params={'self': <pycaret.time_series.forecasting.oop.TSForecastingExperiment object at 0x7fc3c112e7d0>, 'include': None, 'exclude': None, 'fold': None, 'round': 4, 'cross_validation': True, 'sort': 'RMSE', 'n_select': 5, 'budget_time': 5, 'turbo': True, 'errors': 'ignore', 'fit_kwargs': None, 'experiment_custom_tags': None, 'engine': None, 'verbose': True, 'parallel': None, '__class__': <class 'pycaret.time_series.forecasting.oop.TSForecastingExperiment'>}, exclude=None)
2025-07-10 18:34:34,078:INFO:Checking exceptions
2025-07-10 18:34:34,080:INFO:Preparing display monitor
2025-07-10 18:34:34,096:WARNING:/home/leon/.conda/envs/bd_inv_predict/lib/python3.10/site-packages/pycaret/internal/pycaret_experiment/supervised_experiment.py:713: UserWarning: Unsupported estimator `ensemble_forecaster` for method `compare_models()`, removing from model_library
  warnings.warn(

2025-07-10 18:34:34,096:INFO:Time budget is 5 minutes
2025-07-10 18:34:34,096:INFO:Initializing ARIMA
2025-07-10 18:34:34,096:INFO:Total runtime is 1.9669532775878906e-06 minutes
2025-07-10 18:34:34,099:INFO:SubProcess create_model() called ==================================
2025-07-10 18:34:34,099:INFO:Initializing create_model()
2025-07-10 18:34:34,100:INFO:create_model(self=<pycaret.time_series.forecasting.oop.TSForecastingExperiment object at 0x7fc3c112e7d0>, estimator=arima, fold=None, round=4, cross_validation=True, predict=True, fit_kwargs={}, groups=None, refit=False, probability_threshold=None, experiment_custom_tags=None, verbose=False, system=False, add_to_model_list=True, metrics=None, display=<pycaret.internal.display.display.CommonDisplay object at 0x7fc3c0d6e290>, model_only=True, return_train_score=False, error_score=0.0, kwargs={})
2025-07-10 18:34:34,100:INFO:Checking exceptions
2025-07-10 18:34:34,100:INFO:Importing libraries
2025-07-10 18:34:34,100:INFO:Copying training dataset
2025-07-10 18:34:34,103:INFO:Defining folds
2025-07-10 18:34:34,103:INFO:Declaring metric variables
2025-07-10 18:34:34,106:INFO:Importing untrained model
2025-07-10 18:34:34,111:INFO:ARIMA Imported successfully
2025-07-10 18:34:34,118:INFO:Starting cross validation
2025-07-10 18:34:34,119:INFO:Cross validating with SlidingWindowSplitter(fh=ForecastingHorizon([1, 2, 3, 4, 5, 6, 7, 8, 9, 10, 11, 12, 13, 14], dtype='int64', is_relative=True),
                      step_length=14, window_length=1488), n_jobs=-1
2025-07-10 18:34:37,339:WARNING:/home/leon/.conda/envs/bd_inv_predict/lib/python3.10/site-packages/sklearn/metrics/_regression.py:483: FutureWarning: 'squared' is deprecated in version 1.4 and will be removed in 1.6. To calculate the root mean squared error, use the function'root_mean_squared_error'.
  warnings.warn(

2025-07-10 18:34:37,339:WARNING:/home/leon/.conda/envs/bd_inv_predict/lib/python3.10/site-packages/sklearn/metrics/_regression.py:483: FutureWarning: 'squared' is deprecated in version 1.4 and will be removed in 1.6. To calculate the root mean squared error, use the function'root_mean_squared_error'.
  warnings.warn(

2025-07-10 18:34:37,801:WARNING:/home/leon/.conda/envs/bd_inv_predict/lib/python3.10/site-packages/statsmodels/base/model.py:607: ConvergenceWarning: Maximum Likelihood optimization failed to converge. Check mle_retvals
  warnings.warn("Maximum Likelihood optimization failed to "

2025-07-10 18:34:37,969:WARNING:/home/leon/.conda/envs/bd_inv_predict/lib/python3.10/site-packages/sklearn/metrics/_regression.py:483: FutureWarning: 'squared' is deprecated in version 1.4 and will be removed in 1.6. To calculate the root mean squared error, use the function'root_mean_squared_error'.
  warnings.warn(

2025-07-10 18:34:37,970:WARNING:/home/leon/.conda/envs/bd_inv_predict/lib/python3.10/site-packages/sklearn/metrics/_regression.py:483: FutureWarning: 'squared' is deprecated in version 1.4 and will be removed in 1.6. To calculate the root mean squared error, use the function'root_mean_squared_error'.
  warnings.warn(

2025-07-10 18:34:37,980:INFO:Calculating mean and std
2025-07-10 18:34:37,982:INFO:Creating metrics dataframe
2025-07-10 18:34:37,985:WARNING:/home/leon/.conda/envs/bd_inv_predict/lib/python3.10/site-packages/pycaret/time_series/forecasting/oop.py:2694: FutureWarning: The behavior of DataFrame concatenation with empty or all-NA entries is deprecated. In a future version, this will no longer exclude empty or all-NA columns when determining the result dtypes. To retain the old behavior, exclude the relevant entries before the concat operation.
  model_results = pd.concat((model_results, model_avgs), axis=0)

2025-07-10 18:34:37,987:INFO:Uploading results into container
2025-07-10 18:34:37,987:INFO:Uploading model into container now
2025-07-10 18:34:37,988:INFO:_master_model_container: 1
2025-07-10 18:34:37,988:INFO:_display_container: 2
2025-07-10 18:34:37,988:INFO:ARIMA(seasonal_order=(0, 1, 0, 14))
2025-07-10 18:34:37,988:INFO:create_model() successfully completed......................................
2025-07-10 18:34:38,203:INFO:SubProcess create_model() end ==================================
2025-07-10 18:34:38,203:INFO:Creating metrics dataframe
2025-07-10 18:34:38,209:INFO:Initializing Auto ARIMA
2025-07-10 18:34:38,209:INFO:Total runtime is 0.06854952573776245 minutes
2025-07-10 18:34:38,211:INFO:SubProcess create_model() called ==================================
2025-07-10 18:34:38,212:INFO:Initializing create_model()
2025-07-10 18:34:38,212:INFO:create_model(self=<pycaret.time_series.forecasting.oop.TSForecastingExperiment object at 0x7fc3c112e7d0>, estimator=auto_arima, fold=None, round=4, cross_validation=True, predict=True, fit_kwargs={}, groups=None, refit=False, probability_threshold=None, experiment_custom_tags=None, verbose=False, system=False, add_to_model_list=True, metrics=None, display=<pycaret.internal.display.display.CommonDisplay object at 0x7fc3c0d6e290>, model_only=True, return_train_score=False, error_score=0.0, kwargs={})
2025-07-10 18:34:38,212:INFO:Checking exceptions
2025-07-10 18:34:38,212:INFO:Importing libraries
2025-07-10 18:34:38,212:INFO:Copying training dataset
2025-07-10 18:34:38,215:INFO:Defining folds
2025-07-10 18:34:38,215:INFO:Declaring metric variables
2025-07-10 18:34:38,218:INFO:Importing untrained model
2025-07-10 18:34:38,221:INFO:Auto ARIMA Imported successfully
2025-07-10 18:34:38,228:INFO:Starting cross validation
2025-07-10 18:34:38,229:INFO:Cross validating with SlidingWindowSplitter(fh=ForecastingHorizon([1, 2, 3, 4, 5, 6, 7, 8, 9, 10, 11, 12, 13, 14], dtype='int64', is_relative=True),
                      step_length=14, window_length=1488), n_jobs=-1
2025-07-10 18:36:40,669:WARNING:/home/leon/.conda/envs/bd_inv_predict/lib/python3.10/site-packages/sklearn/metrics/_regression.py:483: FutureWarning: 'squared' is deprecated in version 1.4 and will be removed in 1.6. To calculate the root mean squared error, use the function'root_mean_squared_error'.
  warnings.warn(

2025-07-10 18:36:40,670:WARNING:/home/leon/.conda/envs/bd_inv_predict/lib/python3.10/site-packages/sklearn/metrics/_regression.py:483: FutureWarning: 'squared' is deprecated in version 1.4 and will be removed in 1.6. To calculate the root mean squared error, use the function'root_mean_squared_error'.
  warnings.warn(

2025-07-10 18:37:06,718:WARNING:/home/leon/.conda/envs/bd_inv_predict/lib/python3.10/site-packages/sklearn/metrics/_regression.py:483: FutureWarning: 'squared' is deprecated in version 1.4 and will be removed in 1.6. To calculate the root mean squared error, use the function'root_mean_squared_error'.
  warnings.warn(

2025-07-10 18:37:06,718:WARNING:/home/leon/.conda/envs/bd_inv_predict/lib/python3.10/site-packages/sklearn/metrics/_regression.py:483: FutureWarning: 'squared' is deprecated in version 1.4 and will be removed in 1.6. To calculate the root mean squared error, use the function'root_mean_squared_error'.
  warnings.warn(

2025-07-10 18:37:06,732:INFO:Calculating mean and std
2025-07-10 18:37:06,733:INFO:Creating metrics dataframe
2025-07-10 18:37:06,735:WARNING:/home/leon/.conda/envs/bd_inv_predict/lib/python3.10/site-packages/pycaret/time_series/forecasting/oop.py:2694: FutureWarning: The behavior of DataFrame concatenation with empty or all-NA entries is deprecated. In a future version, this will no longer exclude empty or all-NA columns when determining the result dtypes. To retain the old behavior, exclude the relevant entries before the concat operation.
  model_results = pd.concat((model_results, model_avgs), axis=0)

2025-07-10 18:37:06,736:INFO:Uploading results into container
2025-07-10 18:37:06,737:INFO:Uploading model into container now
2025-07-10 18:37:06,737:INFO:_master_model_container: 2
2025-07-10 18:37:06,737:INFO:_display_container: 2
2025-07-10 18:37:06,737:INFO:AutoARIMA(random_state=123, sp=14, suppress_warnings=True)
2025-07-10 18:37:06,737:INFO:create_model() successfully completed......................................
2025-07-10 18:37:06,906:INFO:SubProcess create_model() end ==================================
2025-07-10 18:37:06,906:INFO:Creating metrics dataframe
2025-07-10 18:37:06,912:INFO:Initializing Croston
2025-07-10 18:37:06,912:INFO:Total runtime is 2.5469300667444865 minutes
2025-07-10 18:37:06,914:INFO:SubProcess create_model() called ==================================
2025-07-10 18:37:06,915:INFO:Initializing create_model()
2025-07-10 18:37:06,915:INFO:create_model(self=<pycaret.time_series.forecasting.oop.TSForecastingExperiment object at 0x7fc3c112e7d0>, estimator=croston, fold=None, round=4, cross_validation=True, predict=True, fit_kwargs={}, groups=None, refit=False, probability_threshold=None, experiment_custom_tags=None, verbose=False, system=False, add_to_model_list=True, metrics=None, display=<pycaret.internal.display.display.CommonDisplay object at 0x7fc3c0d6e290>, model_only=True, return_train_score=False, error_score=0.0, kwargs={})
2025-07-10 18:37:06,915:INFO:Checking exceptions
2025-07-10 18:37:06,915:INFO:Importing libraries
2025-07-10 18:37:06,915:INFO:Copying training dataset
2025-07-10 18:37:06,918:INFO:Defining folds
2025-07-10 18:37:06,918:INFO:Declaring metric variables
2025-07-10 18:37:06,920:INFO:Importing untrained model
2025-07-10 18:37:06,924:INFO:Croston Imported successfully
2025-07-10 18:37:06,931:INFO:Starting cross validation
2025-07-10 18:37:06,932:INFO:Cross validating with SlidingWindowSplitter(fh=ForecastingHorizon([1, 2, 3, 4, 5, 6, 7, 8, 9, 10, 11, 12, 13, 14], dtype='int64', is_relative=True),
                      step_length=14, window_length=1488), n_jobs=-1
2025-07-10 18:37:07,884:WARNING:/home/leon/.conda/envs/bd_inv_predict/lib/python3.10/site-packages/sklearn/metrics/_regression.py:483: FutureWarning: 'squared' is deprecated in version 1.4 and will be removed in 1.6. To calculate the root mean squared error, use the function'root_mean_squared_error'.
  warnings.warn(

2025-07-10 18:37:07,884:WARNING:/home/leon/.conda/envs/bd_inv_predict/lib/python3.10/site-packages/sklearn/metrics/_regression.py:483: FutureWarning: 'squared' is deprecated in version 1.4 and will be removed in 1.6. To calculate the root mean squared error, use the function'root_mean_squared_error'.
  warnings.warn(

2025-07-10 18:37:07,902:WARNING:/home/leon/.conda/envs/bd_inv_predict/lib/python3.10/site-packages/sklearn/metrics/_regression.py:483: FutureWarning: 'squared' is deprecated in version 1.4 and will be removed in 1.6. To calculate the root mean squared error, use the function'root_mean_squared_error'.
  warnings.warn(

2025-07-10 18:37:07,902:WARNING:/home/leon/.conda/envs/bd_inv_predict/lib/python3.10/site-packages/sklearn/metrics/_regression.py:483: FutureWarning: 'squared' is deprecated in version 1.4 and will be removed in 1.6. To calculate the root mean squared error, use the function'root_mean_squared_error'.
  warnings.warn(

2025-07-10 18:37:07,907:INFO:Calculating mean and std
2025-07-10 18:37:07,908:INFO:Creating metrics dataframe
2025-07-10 18:37:07,912:WARNING:/home/leon/.conda/envs/bd_inv_predict/lib/python3.10/site-packages/pycaret/time_series/forecasting/oop.py:2694: FutureWarning: The behavior of DataFrame concatenation with empty or all-NA entries is deprecated. In a future version, this will no longer exclude empty or all-NA columns when determining the result dtypes. To retain the old behavior, exclude the relevant entries before the concat operation.
  model_results = pd.concat((model_results, model_avgs), axis=0)

2025-07-10 18:37:07,914:INFO:Uploading results into container
2025-07-10 18:37:07,914:INFO:Uploading model into container now
2025-07-10 18:37:07,915:INFO:_master_model_container: 3
2025-07-10 18:37:07,915:INFO:_display_container: 2
2025-07-10 18:37:07,916:INFO:Croston()
2025-07-10 18:37:07,916:INFO:create_model() successfully completed......................................
2025-07-10 18:37:08,101:INFO:SubProcess create_model() end ==================================
2025-07-10 18:37:08,101:INFO:Creating metrics dataframe
2025-07-10 18:37:08,107:INFO:Initializing Linear w/ Cond. Deseasonalize & Detrending
2025-07-10 18:37:08,107:INFO:Total runtime is 2.5668526768684385 minutes
2025-07-10 18:37:08,110:INFO:SubProcess create_model() called ==================================
2025-07-10 18:37:08,110:INFO:Initializing create_model()
2025-07-10 18:37:08,110:INFO:create_model(self=<pycaret.time_series.forecasting.oop.TSForecastingExperiment object at 0x7fc3c112e7d0>, estimator=lr_cds_dt, fold=None, round=4, cross_validation=True, predict=True, fit_kwargs={}, groups=None, refit=False, probability_threshold=None, experiment_custom_tags=None, verbose=False, system=False, add_to_model_list=True, metrics=None, display=<pycaret.internal.display.display.CommonDisplay object at 0x7fc3c0d6e290>, model_only=True, return_train_score=False, error_score=0.0, kwargs={})
2025-07-10 18:37:08,110:INFO:Checking exceptions
2025-07-10 18:37:08,110:INFO:Importing libraries
2025-07-10 18:37:08,110:INFO:Copying training dataset
2025-07-10 18:37:08,113:INFO:Defining folds
2025-07-10 18:37:08,113:INFO:Declaring metric variables
2025-07-10 18:37:08,116:INFO:Importing untrained model
2025-07-10 18:37:08,120:INFO:Linear w/ Cond. Deseasonalize & Detrending Imported successfully
2025-07-10 18:37:08,126:INFO:Starting cross validation
2025-07-10 18:37:08,127:INFO:Cross validating with SlidingWindowSplitter(fh=ForecastingHorizon([1, 2, 3, 4, 5, 6, 7, 8, 9, 10, 11, 12, 13, 14], dtype='int64', is_relative=True),
                      step_length=14, window_length=1488), n_jobs=-1
2025-07-10 18:37:09,312:WARNING:
'prophet' is a soft dependency and not included in the pycaret installation. Please run: `pip install prophet` to install.
2025-07-10 18:37:09,340:WARNING:
'prophet' is a soft dependency and not included in the pycaret installation. Please run: `pip install prophet` to install.
2025-07-10 18:37:09,703:WARNING:/home/leon/.conda/envs/bd_inv_predict/lib/python3.10/site-packages/sklearn/metrics/_regression.py:483: FutureWarning: 'squared' is deprecated in version 1.4 and will be removed in 1.6. To calculate the root mean squared error, use the function'root_mean_squared_error'.
  warnings.warn(

2025-07-10 18:37:09,703:WARNING:/home/leon/.conda/envs/bd_inv_predict/lib/python3.10/site-packages/sklearn/metrics/_regression.py:483: FutureWarning: 'squared' is deprecated in version 1.4 and will be removed in 1.6. To calculate the root mean squared error, use the function'root_mean_squared_error'.
  warnings.warn(

2025-07-10 18:37:09,743:WARNING:/home/leon/.conda/envs/bd_inv_predict/lib/python3.10/site-packages/sklearn/metrics/_regression.py:483: FutureWarning: 'squared' is deprecated in version 1.4 and will be removed in 1.6. To calculate the root mean squared error, use the function'root_mean_squared_error'.
  warnings.warn(

2025-07-10 18:37:09,743:WARNING:/home/leon/.conda/envs/bd_inv_predict/lib/python3.10/site-packages/sklearn/metrics/_regression.py:483: FutureWarning: 'squared' is deprecated in version 1.4 and will be removed in 1.6. To calculate the root mean squared error, use the function'root_mean_squared_error'.
  warnings.warn(

2025-07-10 18:37:09,752:INFO:Calculating mean and std
2025-07-10 18:37:09,753:INFO:Creating metrics dataframe
2025-07-10 18:37:09,755:WARNING:/home/leon/.conda/envs/bd_inv_predict/lib/python3.10/site-packages/pycaret/time_series/forecasting/oop.py:2694: FutureWarning: The behavior of DataFrame concatenation with empty or all-NA entries is deprecated. In a future version, this will no longer exclude empty or all-NA columns when determining the result dtypes. To retain the old behavior, exclude the relevant entries before the concat operation.
  model_results = pd.concat((model_results, model_avgs), axis=0)

2025-07-10 18:37:09,757:INFO:Uploading results into container
2025-07-10 18:37:09,758:INFO:Uploading model into container now
2025-07-10 18:37:09,759:INFO:_master_model_container: 4
2025-07-10 18:37:09,759:INFO:_display_container: 2
2025-07-10 18:37:09,761:INFO:BaseCdsDtForecaster(fe_target_rr=[WindowSummarizer(lag_feature={'lag': [14, 13,
                                                                        12, 11,
                                                                        10, 9,
                                                                        8, 7, 6,
                                                                        5, 4, 3,
                                                                        2, 1]},
                                                   n_jobs=1)],
                    regressor=LinearRegression(n_jobs=-1), sp=14,
                    window_length=14)
2025-07-10 18:37:09,761:INFO:create_model() successfully completed......................................
2025-07-10 18:37:09,924:INFO:SubProcess create_model() end ==================================
2025-07-10 18:37:09,924:INFO:Creating metrics dataframe
2025-07-10 18:37:09,929:INFO:Initializing Elastic Net w/ Cond. Deseasonalize & Detrending
2025-07-10 18:37:09,929:INFO:Total runtime is 2.597221032778422 minutes
2025-07-10 18:37:09,931:INFO:SubProcess create_model() called ==================================
2025-07-10 18:37:09,932:INFO:Initializing create_model()
2025-07-10 18:37:09,932:INFO:create_model(self=<pycaret.time_series.forecasting.oop.TSForecastingExperiment object at 0x7fc3c112e7d0>, estimator=en_cds_dt, fold=None, round=4, cross_validation=True, predict=True, fit_kwargs={}, groups=None, refit=False, probability_threshold=None, experiment_custom_tags=None, verbose=False, system=False, add_to_model_list=True, metrics=None, display=<pycaret.internal.display.display.CommonDisplay object at 0x7fc3c0d6e290>, model_only=True, return_train_score=False, error_score=0.0, kwargs={})
2025-07-10 18:37:09,932:INFO:Checking exceptions
2025-07-10 18:37:09,932:INFO:Importing libraries
2025-07-10 18:37:09,932:INFO:Copying training dataset
2025-07-10 18:37:09,934:INFO:Defining folds
2025-07-10 18:37:09,935:INFO:Declaring metric variables
2025-07-10 18:37:09,937:INFO:Importing untrained model
2025-07-10 18:37:09,941:INFO:Elastic Net w/ Cond. Deseasonalize & Detrending Imported successfully
2025-07-10 18:37:09,946:INFO:Starting cross validation
2025-07-10 18:37:09,947:INFO:Cross validating with SlidingWindowSplitter(fh=ForecastingHorizon([1, 2, 3, 4, 5, 6, 7, 8, 9, 10, 11, 12, 13, 14], dtype='int64', is_relative=True),
                      step_length=14, window_length=1488), n_jobs=-1
2025-07-10 18:37:11,142:WARNING:
'prophet' is a soft dependency and not included in the pycaret installation. Please run: `pip install prophet` to install.
2025-07-10 18:37:11,149:WARNING:
'prophet' is a soft dependency and not included in the pycaret installation. Please run: `pip install prophet` to install.
2025-07-10 18:37:11,549:WARNING:/home/leon/.conda/envs/bd_inv_predict/lib/python3.10/site-packages/sklearn/metrics/_regression.py:483: FutureWarning: 'squared' is deprecated in version 1.4 and will be removed in 1.6. To calculate the root mean squared error, use the function'root_mean_squared_error'.
  warnings.warn(

2025-07-10 18:37:11,550:WARNING:/home/leon/.conda/envs/bd_inv_predict/lib/python3.10/site-packages/sklearn/metrics/_regression.py:483: FutureWarning: 'squared' is deprecated in version 1.4 and will be removed in 1.6. To calculate the root mean squared error, use the function'root_mean_squared_error'.
  warnings.warn(

2025-07-10 18:37:11,556:WARNING:/home/leon/.conda/envs/bd_inv_predict/lib/python3.10/site-packages/sklearn/metrics/_regression.py:483: FutureWarning: 'squared' is deprecated in version 1.4 and will be removed in 1.6. To calculate the root mean squared error, use the function'root_mean_squared_error'.
  warnings.warn(

2025-07-10 18:37:11,557:WARNING:/home/leon/.conda/envs/bd_inv_predict/lib/python3.10/site-packages/sklearn/metrics/_regression.py:483: FutureWarning: 'squared' is deprecated in version 1.4 and will be removed in 1.6. To calculate the root mean squared error, use the function'root_mean_squared_error'.
  warnings.warn(

2025-07-10 18:37:11,568:INFO:Calculating mean and std
2025-07-10 18:37:11,569:INFO:Creating metrics dataframe
2025-07-10 18:37:11,570:WARNING:/home/leon/.conda/envs/bd_inv_predict/lib/python3.10/site-packages/pycaret/time_series/forecasting/oop.py:2694: FutureWarning: The behavior of DataFrame concatenation with empty or all-NA entries is deprecated. In a future version, this will no longer exclude empty or all-NA columns when determining the result dtypes. To retain the old behavior, exclude the relevant entries before the concat operation.
  model_results = pd.concat((model_results, model_avgs), axis=0)

2025-07-10 18:37:11,573:INFO:Uploading results into container
2025-07-10 18:37:11,574:INFO:Uploading model into container now
2025-07-10 18:37:11,574:INFO:_master_model_container: 5
2025-07-10 18:37:11,575:INFO:_display_container: 2
2025-07-10 18:37:11,577:INFO:BaseCdsDtForecaster(fe_target_rr=[WindowSummarizer(lag_feature={'lag': [14, 13,
                                                                        12, 11,
                                                                        10, 9,
                                                                        8, 7, 6,
                                                                        5, 4, 3,
                                                                        2, 1]},
                                                   n_jobs=1)],
                    regressor=ElasticNet(random_state=123), sp=14,
                    window_length=14)
2025-07-10 18:37:11,577:INFO:create_model() successfully completed......................................
2025-07-10 18:37:11,746:INFO:SubProcess create_model() end ==================================
2025-07-10 18:37:11,746:INFO:Creating metrics dataframe
2025-07-10 18:37:11,751:INFO:Initializing Ridge w/ Cond. Deseasonalize & Detrending
2025-07-10 18:37:11,751:INFO:Total runtime is 2.62758785088857 minutes
2025-07-10 18:37:11,754:INFO:SubProcess create_model() called ==================================
2025-07-10 18:37:11,755:INFO:Initializing create_model()
2025-07-10 18:37:11,755:INFO:create_model(self=<pycaret.time_series.forecasting.oop.TSForecastingExperiment object at 0x7fc3c112e7d0>, estimator=ridge_cds_dt, fold=None, round=4, cross_validation=True, predict=True, fit_kwargs={}, groups=None, refit=False, probability_threshold=None, experiment_custom_tags=None, verbose=False, system=False, add_to_model_list=True, metrics=None, display=<pycaret.internal.display.display.CommonDisplay object at 0x7fc3c0d6e290>, model_only=True, return_train_score=False, error_score=0.0, kwargs={})
2025-07-10 18:37:11,755:INFO:Checking exceptions
2025-07-10 18:37:11,755:INFO:Importing libraries
2025-07-10 18:37:11,755:INFO:Copying training dataset
2025-07-10 18:37:11,757:INFO:Defining folds
2025-07-10 18:37:11,757:INFO:Declaring metric variables
2025-07-10 18:37:11,759:INFO:Importing untrained model
2025-07-10 18:37:11,762:INFO:Ridge w/ Cond. Deseasonalize & Detrending Imported successfully
2025-07-10 18:37:11,768:INFO:Starting cross validation
2025-07-10 18:37:11,769:INFO:Cross validating with SlidingWindowSplitter(fh=ForecastingHorizon([1, 2, 3, 4, 5, 6, 7, 8, 9, 10, 11, 12, 13, 14], dtype='int64', is_relative=True),
                      step_length=14, window_length=1488), n_jobs=-1
2025-07-10 18:37:12,874:WARNING:
'prophet' is a soft dependency and not included in the pycaret installation. Please run: `pip install prophet` to install.
2025-07-10 18:37:12,885:WARNING:
'prophet' is a soft dependency and not included in the pycaret installation. Please run: `pip install prophet` to install.
2025-07-10 18:37:13,265:WARNING:/home/leon/.conda/envs/bd_inv_predict/lib/python3.10/site-packages/sklearn/metrics/_regression.py:483: FutureWarning: 'squared' is deprecated in version 1.4 and will be removed in 1.6. To calculate the root mean squared error, use the function'root_mean_squared_error'.
  warnings.warn(

2025-07-10 18:37:13,265:WARNING:/home/leon/.conda/envs/bd_inv_predict/lib/python3.10/site-packages/sklearn/metrics/_regression.py:483: FutureWarning: 'squared' is deprecated in version 1.4 and will be removed in 1.6. To calculate the root mean squared error, use the function'root_mean_squared_error'.
  warnings.warn(

2025-07-10 18:37:13,286:WARNING:/home/leon/.conda/envs/bd_inv_predict/lib/python3.10/site-packages/sklearn/metrics/_regression.py:483: FutureWarning: 'squared' is deprecated in version 1.4 and will be removed in 1.6. To calculate the root mean squared error, use the function'root_mean_squared_error'.
  warnings.warn(

2025-07-10 18:37:13,287:WARNING:/home/leon/.conda/envs/bd_inv_predict/lib/python3.10/site-packages/sklearn/metrics/_regression.py:483: FutureWarning: 'squared' is deprecated in version 1.4 and will be removed in 1.6. To calculate the root mean squared error, use the function'root_mean_squared_error'.
  warnings.warn(

2025-07-10 18:37:13,300:INFO:Calculating mean and std
2025-07-10 18:37:13,301:INFO:Creating metrics dataframe
2025-07-10 18:37:13,303:WARNING:/home/leon/.conda/envs/bd_inv_predict/lib/python3.10/site-packages/pycaret/time_series/forecasting/oop.py:2694: FutureWarning: The behavior of DataFrame concatenation with empty or all-NA entries is deprecated. In a future version, this will no longer exclude empty or all-NA columns when determining the result dtypes. To retain the old behavior, exclude the relevant entries before the concat operation.
  model_results = pd.concat((model_results, model_avgs), axis=0)

2025-07-10 18:37:13,305:INFO:Uploading results into container
2025-07-10 18:37:13,306:INFO:Uploading model into container now
2025-07-10 18:37:13,306:INFO:_master_model_container: 6
2025-07-10 18:37:13,306:INFO:_display_container: 2
2025-07-10 18:37:13,308:INFO:BaseCdsDtForecaster(fe_target_rr=[WindowSummarizer(lag_feature={'lag': [14, 13,
                                                                        12, 11,
                                                                        10, 9,
                                                                        8, 7, 6,
                                                                        5, 4, 3,
                                                                        2, 1]},
                                                   n_jobs=1)],
                    regressor=Ridge(random_state=123), sp=14, window_length=14)
2025-07-10 18:37:13,308:INFO:create_model() successfully completed......................................
2025-07-10 18:37:13,470:INFO:SubProcess create_model() end ==================================
2025-07-10 18:37:13,471:INFO:Creating metrics dataframe
2025-07-10 18:37:13,476:INFO:Initializing Lasso w/ Cond. Deseasonalize & Detrending
2025-07-10 18:37:13,476:INFO:Total runtime is 2.6563379247983296 minutes
2025-07-10 18:37:13,479:INFO:SubProcess create_model() called ==================================
2025-07-10 18:37:13,479:INFO:Initializing create_model()
2025-07-10 18:37:13,479:INFO:create_model(self=<pycaret.time_series.forecasting.oop.TSForecastingExperiment object at 0x7fc3c112e7d0>, estimator=lasso_cds_dt, fold=None, round=4, cross_validation=True, predict=True, fit_kwargs={}, groups=None, refit=False, probability_threshold=None, experiment_custom_tags=None, verbose=False, system=False, add_to_model_list=True, metrics=None, display=<pycaret.internal.display.display.CommonDisplay object at 0x7fc3c0d6e290>, model_only=True, return_train_score=False, error_score=0.0, kwargs={})
2025-07-10 18:37:13,479:INFO:Checking exceptions
2025-07-10 18:37:13,479:INFO:Importing libraries
2025-07-10 18:37:13,479:INFO:Copying training dataset
2025-07-10 18:37:13,482:INFO:Defining folds
2025-07-10 18:37:13,482:INFO:Declaring metric variables
2025-07-10 18:37:13,484:INFO:Importing untrained model
2025-07-10 18:37:13,487:INFO:Lasso w/ Cond. Deseasonalize & Detrending Imported successfully
2025-07-10 18:37:13,494:INFO:Starting cross validation
2025-07-10 18:37:13,496:INFO:Cross validating with SlidingWindowSplitter(fh=ForecastingHorizon([1, 2, 3, 4, 5, 6, 7, 8, 9, 10, 11, 12, 13, 14], dtype='int64', is_relative=True),
                      step_length=14, window_length=1488), n_jobs=-1
2025-07-10 18:37:13,623:WARNING:
'prophet' is a soft dependency and not included in the pycaret installation. Please run: `pip install prophet` to install.
2025-07-10 18:37:13,623:WARNING:
'prophet' is a soft dependency and not included in the pycaret installation. Please run: `pip install prophet` to install.
2025-07-10 18:37:14,015:WARNING:/home/leon/.conda/envs/bd_inv_predict/lib/python3.10/site-packages/sklearn/metrics/_regression.py:483: FutureWarning: 'squared' is deprecated in version 1.4 and will be removed in 1.6. To calculate the root mean squared error, use the function'root_mean_squared_error'.
  warnings.warn(

2025-07-10 18:37:14,015:WARNING:/home/leon/.conda/envs/bd_inv_predict/lib/python3.10/site-packages/sklearn/metrics/_regression.py:483: FutureWarning: 'squared' is deprecated in version 1.4 and will be removed in 1.6. To calculate the root mean squared error, use the function'root_mean_squared_error'.
  warnings.warn(

2025-07-10 18:37:14,018:WARNING:/home/leon/.conda/envs/bd_inv_predict/lib/python3.10/site-packages/sklearn/metrics/_regression.py:483: FutureWarning: 'squared' is deprecated in version 1.4 and will be removed in 1.6. To calculate the root mean squared error, use the function'root_mean_squared_error'.
  warnings.warn(

2025-07-10 18:37:14,018:WARNING:/home/leon/.conda/envs/bd_inv_predict/lib/python3.10/site-packages/sklearn/metrics/_regression.py:483: FutureWarning: 'squared' is deprecated in version 1.4 and will be removed in 1.6. To calculate the root mean squared error, use the function'root_mean_squared_error'.
  warnings.warn(

2025-07-10 18:37:14,030:INFO:Calculating mean and std
2025-07-10 18:37:14,031:INFO:Creating metrics dataframe
2025-07-10 18:37:14,033:WARNING:/home/leon/.conda/envs/bd_inv_predict/lib/python3.10/site-packages/pycaret/time_series/forecasting/oop.py:2694: FutureWarning: The behavior of DataFrame concatenation with empty or all-NA entries is deprecated. In a future version, this will no longer exclude empty or all-NA columns when determining the result dtypes. To retain the old behavior, exclude the relevant entries before the concat operation.
  model_results = pd.concat((model_results, model_avgs), axis=0)

2025-07-10 18:37:14,035:INFO:Uploading results into container
2025-07-10 18:37:14,035:INFO:Uploading model into container now
2025-07-10 18:37:14,035:INFO:_master_model_container: 7
2025-07-10 18:37:14,035:INFO:_display_container: 2
2025-07-10 18:37:14,037:INFO:BaseCdsDtForecaster(fe_target_rr=[WindowSummarizer(lag_feature={'lag': [14, 13,
                                                                        12, 11,
                                                                        10, 9,
                                                                        8, 7, 6,
                                                                        5, 4, 3,
                                                                        2, 1]},
                                                   n_jobs=1)],
                    regressor=Lasso(random_state=123), sp=14, window_length=14)
2025-07-10 18:37:14,037:INFO:create_model() successfully completed......................................
2025-07-10 18:37:14,196:INFO:SubProcess create_model() end ==================================
2025-07-10 18:37:14,196:INFO:Creating metrics dataframe
2025-07-10 18:37:14,202:INFO:Initializing Lasso Least Angular Regressor w/ Cond. Deseasonalize & Detrending
2025-07-10 18:37:14,202:INFO:Total runtime is 2.668436559041341 minutes
2025-07-10 18:37:14,205:INFO:SubProcess create_model() called ==================================
2025-07-10 18:37:14,205:INFO:Initializing create_model()
2025-07-10 18:37:14,205:INFO:create_model(self=<pycaret.time_series.forecasting.oop.TSForecastingExperiment object at 0x7fc3c112e7d0>, estimator=llar_cds_dt, fold=None, round=4, cross_validation=True, predict=True, fit_kwargs={}, groups=None, refit=False, probability_threshold=None, experiment_custom_tags=None, verbose=False, system=False, add_to_model_list=True, metrics=None, display=<pycaret.internal.display.display.CommonDisplay object at 0x7fc3c0d6e290>, model_only=True, return_train_score=False, error_score=0.0, kwargs={})
2025-07-10 18:37:14,205:INFO:Checking exceptions
2025-07-10 18:37:14,205:INFO:Importing libraries
2025-07-10 18:37:14,205:INFO:Copying training dataset
2025-07-10 18:37:14,208:INFO:Defining folds
2025-07-10 18:37:14,208:INFO:Declaring metric variables
2025-07-10 18:37:14,211:INFO:Importing untrained model
2025-07-10 18:37:14,215:INFO:Lasso Least Angular Regressor w/ Cond. Deseasonalize & Detrending Imported successfully
2025-07-10 18:37:14,221:INFO:Starting cross validation
2025-07-10 18:37:14,222:INFO:Cross validating with SlidingWindowSplitter(fh=ForecastingHorizon([1, 2, 3, 4, 5, 6, 7, 8, 9, 10, 11, 12, 13, 14], dtype='int64', is_relative=True),
                      step_length=14, window_length=1488), n_jobs=-1
2025-07-10 18:37:14,354:WARNING:
'prophet' is a soft dependency and not included in the pycaret installation. Please run: `pip install prophet` to install.
2025-07-10 18:37:14,354:WARNING:
'prophet' is a soft dependency and not included in the pycaret installation. Please run: `pip install prophet` to install.
2025-07-10 18:37:14,745:WARNING:/home/leon/.conda/envs/bd_inv_predict/lib/python3.10/site-packages/sklearn/metrics/_regression.py:483: FutureWarning: 'squared' is deprecated in version 1.4 and will be removed in 1.6. To calculate the root mean squared error, use the function'root_mean_squared_error'.
  warnings.warn(

2025-07-10 18:37:14,745:WARNING:/home/leon/.conda/envs/bd_inv_predict/lib/python3.10/site-packages/sklearn/metrics/_regression.py:483: FutureWarning: 'squared' is deprecated in version 1.4 and will be removed in 1.6. To calculate the root mean squared error, use the function'root_mean_squared_error'.
  warnings.warn(

2025-07-10 18:37:14,745:WARNING:/home/leon/.conda/envs/bd_inv_predict/lib/python3.10/site-packages/sklearn/metrics/_regression.py:483: FutureWarning: 'squared' is deprecated in version 1.4 and will be removed in 1.6. To calculate the root mean squared error, use the function'root_mean_squared_error'.
  warnings.warn(

2025-07-10 18:37:14,746:WARNING:/home/leon/.conda/envs/bd_inv_predict/lib/python3.10/site-packages/sklearn/metrics/_regression.py:483: FutureWarning: 'squared' is deprecated in version 1.4 and will be removed in 1.6. To calculate the root mean squared error, use the function'root_mean_squared_error'.
  warnings.warn(

2025-07-10 18:37:14,754:INFO:Calculating mean and std
2025-07-10 18:37:14,755:INFO:Creating metrics dataframe
2025-07-10 18:37:14,757:WARNING:/home/leon/.conda/envs/bd_inv_predict/lib/python3.10/site-packages/pycaret/time_series/forecasting/oop.py:2694: FutureWarning: The behavior of DataFrame concatenation with empty or all-NA entries is deprecated. In a future version, this will no longer exclude empty or all-NA columns when determining the result dtypes. To retain the old behavior, exclude the relevant entries before the concat operation.
  model_results = pd.concat((model_results, model_avgs), axis=0)

2025-07-10 18:37:14,758:INFO:Uploading results into container
2025-07-10 18:37:14,759:INFO:Uploading model into container now
2025-07-10 18:37:14,759:INFO:_master_model_container: 8
2025-07-10 18:37:14,759:INFO:_display_container: 2
2025-07-10 18:37:14,761:INFO:BaseCdsDtForecaster(fe_target_rr=[WindowSummarizer(lag_feature={'lag': [14, 13,
                                                                        12, 11,
                                                                        10, 9,
                                                                        8, 7, 6,
                                                                        5, 4, 3,
                                                                        2, 1]},
                                                   n_jobs=1)],
                    regressor=LassoLars(random_state=123), sp=14,
                    window_length=14)
2025-07-10 18:37:14,761:INFO:create_model() successfully completed......................................
2025-07-10 18:37:14,919:INFO:SubProcess create_model() end ==================================
2025-07-10 18:37:14,919:INFO:Creating metrics dataframe
2025-07-10 18:37:14,926:INFO:Initializing Bayesian Ridge w/ Cond. Deseasonalize & Detrending
2025-07-10 18:37:14,926:INFO:Total runtime is 2.68050031264623 minutes
2025-07-10 18:37:14,929:INFO:SubProcess create_model() called ==================================
2025-07-10 18:37:14,929:INFO:Initializing create_model()
2025-07-10 18:37:14,929:INFO:create_model(self=<pycaret.time_series.forecasting.oop.TSForecastingExperiment object at 0x7fc3c112e7d0>, estimator=br_cds_dt, fold=None, round=4, cross_validation=True, predict=True, fit_kwargs={}, groups=None, refit=False, probability_threshold=None, experiment_custom_tags=None, verbose=False, system=False, add_to_model_list=True, metrics=None, display=<pycaret.internal.display.display.CommonDisplay object at 0x7fc3c0d6e290>, model_only=True, return_train_score=False, error_score=0.0, kwargs={})
2025-07-10 18:37:14,929:INFO:Checking exceptions
2025-07-10 18:37:14,929:INFO:Importing libraries
2025-07-10 18:37:14,929:INFO:Copying training dataset
2025-07-10 18:37:14,931:INFO:Defining folds
2025-07-10 18:37:14,931:INFO:Declaring metric variables
2025-07-10 18:37:14,934:INFO:Importing untrained model
2025-07-10 18:37:14,937:INFO:Bayesian Ridge w/ Cond. Deseasonalize & Detrending Imported successfully
2025-07-10 18:37:14,943:INFO:Starting cross validation
2025-07-10 18:37:14,944:INFO:Cross validating with SlidingWindowSplitter(fh=ForecastingHorizon([1, 2, 3, 4, 5, 6, 7, 8, 9, 10, 11, 12, 13, 14], dtype='int64', is_relative=True),
                      step_length=14, window_length=1488), n_jobs=-1
2025-07-10 18:37:15,070:WARNING:
'prophet' is a soft dependency and not included in the pycaret installation. Please run: `pip install prophet` to install.
2025-07-10 18:37:15,072:WARNING:
'prophet' is a soft dependency and not included in the pycaret installation. Please run: `pip install prophet` to install.
2025-07-10 18:37:15,461:WARNING:/home/leon/.conda/envs/bd_inv_predict/lib/python3.10/site-packages/sklearn/metrics/_regression.py:483: FutureWarning: 'squared' is deprecated in version 1.4 and will be removed in 1.6. To calculate the root mean squared error, use the function'root_mean_squared_error'.
  warnings.warn(

2025-07-10 18:37:15,461:WARNING:/home/leon/.conda/envs/bd_inv_predict/lib/python3.10/site-packages/sklearn/metrics/_regression.py:483: FutureWarning: 'squared' is deprecated in version 1.4 and will be removed in 1.6. To calculate the root mean squared error, use the function'root_mean_squared_error'.
  warnings.warn(

2025-07-10 18:37:15,476:WARNING:/home/leon/.conda/envs/bd_inv_predict/lib/python3.10/site-packages/sklearn/metrics/_regression.py:483: FutureWarning: 'squared' is deprecated in version 1.4 and will be removed in 1.6. To calculate the root mean squared error, use the function'root_mean_squared_error'.
  warnings.warn(

2025-07-10 18:37:15,476:WARNING:/home/leon/.conda/envs/bd_inv_predict/lib/python3.10/site-packages/sklearn/metrics/_regression.py:483: FutureWarning: 'squared' is deprecated in version 1.4 and will be removed in 1.6. To calculate the root mean squared error, use the function'root_mean_squared_error'.
  warnings.warn(

2025-07-10 18:37:15,487:INFO:Calculating mean and std
2025-07-10 18:37:15,488:INFO:Creating metrics dataframe
2025-07-10 18:37:15,490:WARNING:/home/leon/.conda/envs/bd_inv_predict/lib/python3.10/site-packages/pycaret/time_series/forecasting/oop.py:2694: FutureWarning: The behavior of DataFrame concatenation with empty or all-NA entries is deprecated. In a future version, this will no longer exclude empty or all-NA columns when determining the result dtypes. To retain the old behavior, exclude the relevant entries before the concat operation.
  model_results = pd.concat((model_results, model_avgs), axis=0)

2025-07-10 18:37:15,491:INFO:Uploading results into container
2025-07-10 18:37:15,491:INFO:Uploading model into container now
2025-07-10 18:37:15,492:INFO:_master_model_container: 9
2025-07-10 18:37:15,492:INFO:_display_container: 2
2025-07-10 18:37:15,494:INFO:BaseCdsDtForecaster(fe_target_rr=[WindowSummarizer(lag_feature={'lag': [14, 13,
                                                                        12, 11,
                                                                        10, 9,
                                                                        8, 7, 6,
                                                                        5, 4, 3,
                                                                        2, 1]},
                                                   n_jobs=1)],
                    regressor=BayesianRidge(), sp=14, window_length=14)
2025-07-10 18:37:15,494:INFO:create_model() successfully completed......................................
2025-07-10 18:37:15,653:INFO:SubProcess create_model() end ==================================
2025-07-10 18:37:15,654:INFO:Creating metrics dataframe
2025-07-10 18:37:15,660:INFO:Initializing Huber w/ Cond. Deseasonalize & Detrending
2025-07-10 18:37:15,660:INFO:Total runtime is 2.6927361845970155 minutes
2025-07-10 18:37:15,663:INFO:SubProcess create_model() called ==================================
2025-07-10 18:37:15,663:INFO:Initializing create_model()
2025-07-10 18:37:15,663:INFO:create_model(self=<pycaret.time_series.forecasting.oop.TSForecastingExperiment object at 0x7fc3c112e7d0>, estimator=huber_cds_dt, fold=None, round=4, cross_validation=True, predict=True, fit_kwargs={}, groups=None, refit=False, probability_threshold=None, experiment_custom_tags=None, verbose=False, system=False, add_to_model_list=True, metrics=None, display=<pycaret.internal.display.display.CommonDisplay object at 0x7fc3c0d6e290>, model_only=True, return_train_score=False, error_score=0.0, kwargs={})
2025-07-10 18:37:15,663:INFO:Checking exceptions
2025-07-10 18:37:15,663:INFO:Importing libraries
2025-07-10 18:37:15,663:INFO:Copying training dataset
2025-07-10 18:37:15,666:INFO:Defining folds
2025-07-10 18:37:15,666:INFO:Declaring metric variables
2025-07-10 18:37:15,669:INFO:Importing untrained model
2025-07-10 18:37:15,672:INFO:Huber w/ Cond. Deseasonalize & Detrending Imported successfully
2025-07-10 18:37:15,677:INFO:Starting cross validation
2025-07-10 18:37:15,679:INFO:Cross validating with SlidingWindowSplitter(fh=ForecastingHorizon([1, 2, 3, 4, 5, 6, 7, 8, 9, 10, 11, 12, 13, 14], dtype='int64', is_relative=True),
                      step_length=14, window_length=1488), n_jobs=-1
2025-07-10 18:37:15,781:WARNING:/home/leon/.conda/envs/bd_inv_predict/lib/python3.10/site-packages/sklearn/linear_model/_huber.py:342: ConvergenceWarning: lbfgs failed to converge (status=1):
STOP: TOTAL NO. of ITERATIONS REACHED LIMIT.

Increase the number of iterations (max_iter) or scale the data as shown in:
    https://scikit-learn.org/stable/modules/preprocessing.html
  self.n_iter_ = _check_optimize_result("lbfgs", opt_res, self.max_iter)

2025-07-10 18:37:15,787:WARNING:/home/leon/.conda/envs/bd_inv_predict/lib/python3.10/site-packages/sklearn/linear_model/_huber.py:342: ConvergenceWarning: lbfgs failed to converge (status=1):
STOP: TOTAL NO. of ITERATIONS REACHED LIMIT.

Increase the number of iterations (max_iter) or scale the data as shown in:
    https://scikit-learn.org/stable/modules/preprocessing.html
  self.n_iter_ = _check_optimize_result("lbfgs", opt_res, self.max_iter)

2025-07-10 18:37:16,102:WARNING:/home/leon/.conda/envs/bd_inv_predict/lib/python3.10/site-packages/sklearn/metrics/_regression.py:483: FutureWarning: 'squared' is deprecated in version 1.4 and will be removed in 1.6. To calculate the root mean squared error, use the function'root_mean_squared_error'.
  warnings.warn(

2025-07-10 18:37:16,102:WARNING:/home/leon/.conda/envs/bd_inv_predict/lib/python3.10/site-packages/sklearn/metrics/_regression.py:483: FutureWarning: 'squared' is deprecated in version 1.4 and will be removed in 1.6. To calculate the root mean squared error, use the function'root_mean_squared_error'.
  warnings.warn(

2025-07-10 18:37:16,127:WARNING:/home/leon/.conda/envs/bd_inv_predict/lib/python3.10/site-packages/sklearn/metrics/_regression.py:483: FutureWarning: 'squared' is deprecated in version 1.4 and will be removed in 1.6. To calculate the root mean squared error, use the function'root_mean_squared_error'.
  warnings.warn(

2025-07-10 18:37:16,127:WARNING:/home/leon/.conda/envs/bd_inv_predict/lib/python3.10/site-packages/sklearn/metrics/_regression.py:483: FutureWarning: 'squared' is deprecated in version 1.4 and will be removed in 1.6. To calculate the root mean squared error, use the function'root_mean_squared_error'.
  warnings.warn(

2025-07-10 18:37:16,141:INFO:Calculating mean and std
2025-07-10 18:37:16,142:INFO:Creating metrics dataframe
2025-07-10 18:37:16,144:WARNING:/home/leon/.conda/envs/bd_inv_predict/lib/python3.10/site-packages/pycaret/time_series/forecasting/oop.py:2694: FutureWarning: The behavior of DataFrame concatenation with empty or all-NA entries is deprecated. In a future version, this will no longer exclude empty or all-NA columns when determining the result dtypes. To retain the old behavior, exclude the relevant entries before the concat operation.
  model_results = pd.concat((model_results, model_avgs), axis=0)

2025-07-10 18:37:16,146:INFO:Uploading results into container
2025-07-10 18:37:16,146:INFO:Uploading model into container now
2025-07-10 18:37:16,146:INFO:_master_model_container: 10
2025-07-10 18:37:16,146:INFO:_display_container: 2
2025-07-10 18:37:16,148:INFO:BaseCdsDtForecaster(fe_target_rr=[WindowSummarizer(lag_feature={'lag': [14, 13,
                                                                        12, 11,
                                                                        10, 9,
                                                                        8, 7, 6,
                                                                        5, 4, 3,
                                                                        2, 1]},
                                                   n_jobs=1)],
                    regressor=HuberRegressor(), sp=14, window_length=14)
2025-07-10 18:37:16,148:INFO:create_model() successfully completed......................................
2025-07-10 18:37:16,305:INFO:SubProcess create_model() end ==================================
2025-07-10 18:37:16,306:INFO:Creating metrics dataframe
2025-07-10 18:37:16,312:INFO:Initializing Orthogonal Matching Pursuit w/ Cond. Deseasonalize & Detrending
2025-07-10 18:37:16,312:INFO:Total runtime is 2.7035987615585326 minutes
2025-07-10 18:37:16,314:INFO:SubProcess create_model() called ==================================
2025-07-10 18:37:16,314:INFO:Initializing create_model()
2025-07-10 18:37:16,314:INFO:create_model(self=<pycaret.time_series.forecasting.oop.TSForecastingExperiment object at 0x7fc3c112e7d0>, estimator=omp_cds_dt, fold=None, round=4, cross_validation=True, predict=True, fit_kwargs={}, groups=None, refit=False, probability_threshold=None, experiment_custom_tags=None, verbose=False, system=False, add_to_model_list=True, metrics=None, display=<pycaret.internal.display.display.CommonDisplay object at 0x7fc3c0d6e290>, model_only=True, return_train_score=False, error_score=0.0, kwargs={})
2025-07-10 18:37:16,314:INFO:Checking exceptions
2025-07-10 18:37:16,314:INFO:Importing libraries
2025-07-10 18:37:16,314:INFO:Copying training dataset
2025-07-10 18:37:16,317:INFO:Defining folds
2025-07-10 18:37:16,318:INFO:Declaring metric variables
2025-07-10 18:37:16,321:INFO:Importing untrained model
2025-07-10 18:37:16,325:INFO:Orthogonal Matching Pursuit w/ Cond. Deseasonalize & Detrending Imported successfully
2025-07-10 18:37:16,330:INFO:Starting cross validation
2025-07-10 18:37:16,330:INFO:Cross validating with SlidingWindowSplitter(fh=ForecastingHorizon([1, 2, 3, 4, 5, 6, 7, 8, 9, 10, 11, 12, 13, 14], dtype='int64', is_relative=True),
                      step_length=14, window_length=1488), n_jobs=-1
2025-07-10 18:37:16,758:WARNING:/home/leon/.conda/envs/bd_inv_predict/lib/python3.10/site-packages/sklearn/metrics/_regression.py:483: FutureWarning: 'squared' is deprecated in version 1.4 and will be removed in 1.6. To calculate the root mean squared error, use the function'root_mean_squared_error'.
  warnings.warn(

2025-07-10 18:37:16,758:WARNING:/home/leon/.conda/envs/bd_inv_predict/lib/python3.10/site-packages/sklearn/metrics/_regression.py:483: FutureWarning: 'squared' is deprecated in version 1.4 and will be removed in 1.6. To calculate the root mean squared error, use the function'root_mean_squared_error'.
  warnings.warn(

2025-07-10 18:37:16,772:WARNING:/home/leon/.conda/envs/bd_inv_predict/lib/python3.10/site-packages/sklearn/metrics/_regression.py:483: FutureWarning: 'squared' is deprecated in version 1.4 and will be removed in 1.6. To calculate the root mean squared error, use the function'root_mean_squared_error'.
  warnings.warn(

2025-07-10 18:37:16,772:WARNING:/home/leon/.conda/envs/bd_inv_predict/lib/python3.10/site-packages/sklearn/metrics/_regression.py:483: FutureWarning: 'squared' is deprecated in version 1.4 and will be removed in 1.6. To calculate the root mean squared error, use the function'root_mean_squared_error'.
  warnings.warn(

2025-07-10 18:37:16,783:INFO:Calculating mean and std
2025-07-10 18:37:16,784:INFO:Creating metrics dataframe
2025-07-10 18:37:16,786:WARNING:/home/leon/.conda/envs/bd_inv_predict/lib/python3.10/site-packages/pycaret/time_series/forecasting/oop.py:2694: FutureWarning: The behavior of DataFrame concatenation with empty or all-NA entries is deprecated. In a future version, this will no longer exclude empty or all-NA columns when determining the result dtypes. To retain the old behavior, exclude the relevant entries before the concat operation.
  model_results = pd.concat((model_results, model_avgs), axis=0)

2025-07-10 18:37:16,788:INFO:Uploading results into container
2025-07-10 18:37:16,788:INFO:Uploading model into container now
2025-07-10 18:37:16,789:INFO:_master_model_container: 11
2025-07-10 18:37:16,789:INFO:_display_container: 2
2025-07-10 18:37:16,790:INFO:BaseCdsDtForecaster(fe_target_rr=[WindowSummarizer(lag_feature={'lag': [14, 13,
                                                                        12, 11,
                                                                        10, 9,
                                                                        8, 7, 6,
                                                                        5, 4, 3,
                                                                        2, 1]},
                                                   n_jobs=1)],
                    regressor=OrthogonalMatchingPursuit(), sp=14,
                    window_length=14)
2025-07-10 18:37:16,790:INFO:create_model() successfully completed......................................
2025-07-10 18:37:16,946:INFO:SubProcess create_model() end ==================================
2025-07-10 18:37:16,946:INFO:Creating metrics dataframe
2025-07-10 18:37:16,952:INFO:Initializing K Neighbors w/ Cond. Deseasonalize & Detrending
2025-07-10 18:37:16,952:INFO:Total runtime is 2.7142701546351113 minutes
2025-07-10 18:37:16,955:INFO:SubProcess create_model() called ==================================
2025-07-10 18:37:16,955:INFO:Initializing create_model()
2025-07-10 18:37:16,955:INFO:create_model(self=<pycaret.time_series.forecasting.oop.TSForecastingExperiment object at 0x7fc3c112e7d0>, estimator=knn_cds_dt, fold=None, round=4, cross_validation=True, predict=True, fit_kwargs={}, groups=None, refit=False, probability_threshold=None, experiment_custom_tags=None, verbose=False, system=False, add_to_model_list=True, metrics=None, display=<pycaret.internal.display.display.CommonDisplay object at 0x7fc3c0d6e290>, model_only=True, return_train_score=False, error_score=0.0, kwargs={})
2025-07-10 18:37:16,955:INFO:Checking exceptions
2025-07-10 18:37:16,955:INFO:Importing libraries
2025-07-10 18:37:16,955:INFO:Copying training dataset
2025-07-10 18:37:16,958:INFO:Defining folds
2025-07-10 18:37:16,958:INFO:Declaring metric variables
2025-07-10 18:37:16,960:INFO:Importing untrained model
2025-07-10 18:37:16,963:INFO:K Neighbors w/ Cond. Deseasonalize & Detrending Imported successfully
2025-07-10 18:37:16,970:INFO:Starting cross validation
2025-07-10 18:37:16,970:INFO:Cross validating with SlidingWindowSplitter(fh=ForecastingHorizon([1, 2, 3, 4, 5, 6, 7, 8, 9, 10, 11, 12, 13, 14], dtype='int64', is_relative=True),
                      step_length=14, window_length=1488), n_jobs=-1
2025-07-10 18:37:17,416:WARNING:/home/leon/.conda/envs/bd_inv_predict/lib/python3.10/site-packages/sklearn/metrics/_regression.py:483: FutureWarning: 'squared' is deprecated in version 1.4 and will be removed in 1.6. To calculate the root mean squared error, use the function'root_mean_squared_error'.
  warnings.warn(

2025-07-10 18:37:17,417:WARNING:/home/leon/.conda/envs/bd_inv_predict/lib/python3.10/site-packages/sklearn/metrics/_regression.py:483: FutureWarning: 'squared' is deprecated in version 1.4 and will be removed in 1.6. To calculate the root mean squared error, use the function'root_mean_squared_error'.
  warnings.warn(

2025-07-10 18:37:17,425:WARNING:/home/leon/.conda/envs/bd_inv_predict/lib/python3.10/site-packages/sklearn/metrics/_regression.py:483: FutureWarning: 'squared' is deprecated in version 1.4 and will be removed in 1.6. To calculate the root mean squared error, use the function'root_mean_squared_error'.
  warnings.warn(

2025-07-10 18:37:17,425:WARNING:/home/leon/.conda/envs/bd_inv_predict/lib/python3.10/site-packages/sklearn/metrics/_regression.py:483: FutureWarning: 'squared' is deprecated in version 1.4 and will be removed in 1.6. To calculate the root mean squared error, use the function'root_mean_squared_error'.
  warnings.warn(

2025-07-10 18:37:17,433:INFO:Calculating mean and std
2025-07-10 18:37:17,434:INFO:Creating metrics dataframe
2025-07-10 18:37:17,436:WARNING:/home/leon/.conda/envs/bd_inv_predict/lib/python3.10/site-packages/pycaret/time_series/forecasting/oop.py:2694: FutureWarning: The behavior of DataFrame concatenation with empty or all-NA entries is deprecated. In a future version, this will no longer exclude empty or all-NA columns when determining the result dtypes. To retain the old behavior, exclude the relevant entries before the concat operation.
  model_results = pd.concat((model_results, model_avgs), axis=0)

2025-07-10 18:37:17,438:INFO:Uploading results into container
2025-07-10 18:37:17,438:INFO:Uploading model into container now
2025-07-10 18:37:17,438:INFO:_master_model_container: 12
2025-07-10 18:37:17,438:INFO:_display_container: 2
2025-07-10 18:37:17,440:INFO:BaseCdsDtForecaster(fe_target_rr=[WindowSummarizer(lag_feature={'lag': [14, 13,
                                                                        12, 11,
                                                                        10, 9,
                                                                        8, 7, 6,
                                                                        5, 4, 3,
                                                                        2, 1]},
                                                   n_jobs=1)],
                    regressor=KNeighborsRegressor(n_jobs=-1), sp=14,
                    window_length=14)
2025-07-10 18:37:17,440:INFO:create_model() successfully completed......................................
2025-07-10 18:37:17,595:INFO:SubProcess create_model() end ==================================
2025-07-10 18:37:17,595:INFO:Creating metrics dataframe
2025-07-10 18:37:17,603:INFO:Initializing Decision Tree w/ Cond. Deseasonalize & Detrending
2025-07-10 18:37:17,603:INFO:Total runtime is 2.7251138885815935 minutes
2025-07-10 18:37:17,606:INFO:SubProcess create_model() called ==================================
2025-07-10 18:37:17,606:INFO:Initializing create_model()
2025-07-10 18:37:17,606:INFO:create_model(self=<pycaret.time_series.forecasting.oop.TSForecastingExperiment object at 0x7fc3c112e7d0>, estimator=dt_cds_dt, fold=None, round=4, cross_validation=True, predict=True, fit_kwargs={}, groups=None, refit=False, probability_threshold=None, experiment_custom_tags=None, verbose=False, system=False, add_to_model_list=True, metrics=None, display=<pycaret.internal.display.display.CommonDisplay object at 0x7fc3c0d6e290>, model_only=True, return_train_score=False, error_score=0.0, kwargs={})
2025-07-10 18:37:17,606:INFO:Checking exceptions
2025-07-10 18:37:17,606:INFO:Importing libraries
2025-07-10 18:37:17,606:INFO:Copying training dataset
2025-07-10 18:37:17,608:INFO:Defining folds
2025-07-10 18:37:17,609:INFO:Declaring metric variables
2025-07-10 18:37:17,611:INFO:Importing untrained model
2025-07-10 18:37:17,614:INFO:Decision Tree w/ Cond. Deseasonalize & Detrending Imported successfully
2025-07-10 18:37:17,619:INFO:Starting cross validation
2025-07-10 18:37:17,620:INFO:Cross validating with SlidingWindowSplitter(fh=ForecastingHorizon([1, 2, 3, 4, 5, 6, 7, 8, 9, 10, 11, 12, 13, 14], dtype='int64', is_relative=True),
                      step_length=14, window_length=1488), n_jobs=-1
2025-07-10 18:37:18,060:WARNING:/home/leon/.conda/envs/bd_inv_predict/lib/python3.10/site-packages/sklearn/metrics/_regression.py:483: FutureWarning: 'squared' is deprecated in version 1.4 and will be removed in 1.6. To calculate the root mean squared error, use the function'root_mean_squared_error'.
  warnings.warn(

2025-07-10 18:37:18,060:WARNING:/home/leon/.conda/envs/bd_inv_predict/lib/python3.10/site-packages/sklearn/metrics/_regression.py:483: FutureWarning: 'squared' is deprecated in version 1.4 and will be removed in 1.6. To calculate the root mean squared error, use the function'root_mean_squared_error'.
  warnings.warn(

2025-07-10 18:37:18,076:WARNING:/home/leon/.conda/envs/bd_inv_predict/lib/python3.10/site-packages/sklearn/metrics/_regression.py:483: FutureWarning: 'squared' is deprecated in version 1.4 and will be removed in 1.6. To calculate the root mean squared error, use the function'root_mean_squared_error'.
  warnings.warn(

2025-07-10 18:37:18,076:WARNING:/home/leon/.conda/envs/bd_inv_predict/lib/python3.10/site-packages/sklearn/metrics/_regression.py:483: FutureWarning: 'squared' is deprecated in version 1.4 and will be removed in 1.6. To calculate the root mean squared error, use the function'root_mean_squared_error'.
  warnings.warn(

2025-07-10 18:37:18,082:INFO:Calculating mean and std
2025-07-10 18:37:18,083:INFO:Creating metrics dataframe
2025-07-10 18:37:18,085:WARNING:/home/leon/.conda/envs/bd_inv_predict/lib/python3.10/site-packages/pycaret/time_series/forecasting/oop.py:2694: FutureWarning: The behavior of DataFrame concatenation with empty or all-NA entries is deprecated. In a future version, this will no longer exclude empty or all-NA columns when determining the result dtypes. To retain the old behavior, exclude the relevant entries before the concat operation.
  model_results = pd.concat((model_results, model_avgs), axis=0)

2025-07-10 18:37:18,087:INFO:Uploading results into container
2025-07-10 18:37:18,087:INFO:Uploading model into container now
2025-07-10 18:37:18,088:INFO:_master_model_container: 13
2025-07-10 18:37:18,088:INFO:_display_container: 2
2025-07-10 18:37:18,089:INFO:BaseCdsDtForecaster(fe_target_rr=[WindowSummarizer(lag_feature={'lag': [14, 13,
                                                                        12, 11,
                                                                        10, 9,
                                                                        8, 7, 6,
                                                                        5, 4, 3,
                                                                        2, 1]},
                                                   n_jobs=1)],
                    regressor=DecisionTreeRegressor(random_state=123), sp=14,
                    window_length=14)
2025-07-10 18:37:18,089:INFO:create_model() successfully completed......................................
2025-07-10 18:37:18,244:INFO:SubProcess create_model() end ==================================
2025-07-10 18:37:18,244:INFO:Creating metrics dataframe
2025-07-10 18:37:18,251:INFO:Initializing Random Forest w/ Cond. Deseasonalize & Detrending
2025-07-10 18:37:18,251:INFO:Total runtime is 2.7359173615773518 minutes
2025-07-10 18:37:18,254:INFO:SubProcess create_model() called ==================================
2025-07-10 18:37:18,254:INFO:Initializing create_model()
2025-07-10 18:37:18,254:INFO:create_model(self=<pycaret.time_series.forecasting.oop.TSForecastingExperiment object at 0x7fc3c112e7d0>, estimator=rf_cds_dt, fold=None, round=4, cross_validation=True, predict=True, fit_kwargs={}, groups=None, refit=False, probability_threshold=None, experiment_custom_tags=None, verbose=False, system=False, add_to_model_list=True, metrics=None, display=<pycaret.internal.display.display.CommonDisplay object at 0x7fc3c0d6e290>, model_only=True, return_train_score=False, error_score=0.0, kwargs={})
2025-07-10 18:37:18,254:INFO:Checking exceptions
2025-07-10 18:37:18,254:INFO:Importing libraries
2025-07-10 18:37:18,254:INFO:Copying training dataset
2025-07-10 18:37:18,257:INFO:Defining folds
2025-07-10 18:37:18,257:INFO:Declaring metric variables
2025-07-10 18:37:18,260:INFO:Importing untrained model
2025-07-10 18:37:18,264:INFO:Random Forest w/ Cond. Deseasonalize & Detrending Imported successfully
2025-07-10 18:37:18,269:INFO:Starting cross validation
2025-07-10 18:37:18,270:INFO:Cross validating with SlidingWindowSplitter(fh=ForecastingHorizon([1, 2, 3, 4, 5, 6, 7, 8, 9, 10, 11, 12, 13, 14], dtype='int64', is_relative=True),
                      step_length=14, window_length=1488), n_jobs=-1
2025-07-10 18:37:19,320:WARNING:/home/leon/.conda/envs/bd_inv_predict/lib/python3.10/site-packages/sklearn/metrics/_regression.py:483: FutureWarning: 'squared' is deprecated in version 1.4 and will be removed in 1.6. To calculate the root mean squared error, use the function'root_mean_squared_error'.
  warnings.warn(

2025-07-10 18:37:19,320:WARNING:/home/leon/.conda/envs/bd_inv_predict/lib/python3.10/site-packages/sklearn/metrics/_regression.py:483: FutureWarning: 'squared' is deprecated in version 1.4 and will be removed in 1.6. To calculate the root mean squared error, use the function'root_mean_squared_error'.
  warnings.warn(

2025-07-10 18:37:19,369:WARNING:/home/leon/.conda/envs/bd_inv_predict/lib/python3.10/site-packages/sklearn/metrics/_regression.py:483: FutureWarning: 'squared' is deprecated in version 1.4 and will be removed in 1.6. To calculate the root mean squared error, use the function'root_mean_squared_error'.
  warnings.warn(

2025-07-10 18:37:19,370:WARNING:/home/leon/.conda/envs/bd_inv_predict/lib/python3.10/site-packages/sklearn/metrics/_regression.py:483: FutureWarning: 'squared' is deprecated in version 1.4 and will be removed in 1.6. To calculate the root mean squared error, use the function'root_mean_squared_error'.
  warnings.warn(

2025-07-10 18:37:19,384:INFO:Calculating mean and std
2025-07-10 18:37:19,385:INFO:Creating metrics dataframe
2025-07-10 18:37:19,387:WARNING:/home/leon/.conda/envs/bd_inv_predict/lib/python3.10/site-packages/pycaret/time_series/forecasting/oop.py:2694: FutureWarning: The behavior of DataFrame concatenation with empty or all-NA entries is deprecated. In a future version, this will no longer exclude empty or all-NA columns when determining the result dtypes. To retain the old behavior, exclude the relevant entries before the concat operation.
  model_results = pd.concat((model_results, model_avgs), axis=0)

2025-07-10 18:37:19,390:INFO:Uploading results into container
2025-07-10 18:37:19,390:INFO:Uploading model into container now
2025-07-10 18:37:19,391:INFO:_master_model_container: 14
2025-07-10 18:37:19,391:INFO:_display_container: 2
2025-07-10 18:37:19,394:INFO:BaseCdsDtForecaster(fe_target_rr=[WindowSummarizer(lag_feature={'lag': [14, 13,
                                                                        12, 11,
                                                                        10, 9,
                                                                        8, 7, 6,
                                                                        5, 4, 3,
                                                                        2, 1]},
                                                   n_jobs=1)],
                    regressor=RandomForestRegressor(n_jobs=-1, random_state=123),
                    sp=14, window_length=14)
2025-07-10 18:37:19,394:INFO:create_model() successfully completed......................................
2025-07-10 18:37:19,555:INFO:SubProcess create_model() end ==================================
2025-07-10 18:37:19,555:INFO:Creating metrics dataframe
2025-07-10 18:37:19,561:INFO:Initializing Extra Trees w/ Cond. Deseasonalize & Detrending
2025-07-10 18:37:19,562:INFO:Total runtime is 2.757757341861725 minutes
2025-07-10 18:37:19,564:INFO:SubProcess create_model() called ==================================
2025-07-10 18:37:19,564:INFO:Initializing create_model()
2025-07-10 18:37:19,564:INFO:create_model(self=<pycaret.time_series.forecasting.oop.TSForecastingExperiment object at 0x7fc3c112e7d0>, estimator=et_cds_dt, fold=None, round=4, cross_validation=True, predict=True, fit_kwargs={}, groups=None, refit=False, probability_threshold=None, experiment_custom_tags=None, verbose=False, system=False, add_to_model_list=True, metrics=None, display=<pycaret.internal.display.display.CommonDisplay object at 0x7fc3c0d6e290>, model_only=True, return_train_score=False, error_score=0.0, kwargs={})
2025-07-10 18:37:19,564:INFO:Checking exceptions
2025-07-10 18:37:19,564:INFO:Importing libraries
2025-07-10 18:37:19,564:INFO:Copying training dataset
2025-07-10 18:37:19,567:INFO:Defining folds
2025-07-10 18:37:19,568:INFO:Declaring metric variables
2025-07-10 18:37:19,570:INFO:Importing untrained model
2025-07-10 18:37:19,573:INFO:Extra Trees w/ Cond. Deseasonalize & Detrending Imported successfully
2025-07-10 18:37:19,579:INFO:Starting cross validation
2025-07-10 18:37:19,579:INFO:Cross validating with SlidingWindowSplitter(fh=ForecastingHorizon([1, 2, 3, 4, 5, 6, 7, 8, 9, 10, 11, 12, 13, 14], dtype='int64', is_relative=True),
                      step_length=14, window_length=1488), n_jobs=-1
2025-07-10 18:37:20,361:WARNING:/home/leon/.conda/envs/bd_inv_predict/lib/python3.10/site-packages/sklearn/metrics/_regression.py:483: FutureWarning: 'squared' is deprecated in version 1.4 and will be removed in 1.6. To calculate the root mean squared error, use the function'root_mean_squared_error'.
  warnings.warn(

2025-07-10 18:37:20,362:WARNING:/home/leon/.conda/envs/bd_inv_predict/lib/python3.10/site-packages/sklearn/metrics/_regression.py:483: FutureWarning: 'squared' is deprecated in version 1.4 and will be removed in 1.6. To calculate the root mean squared error, use the function'root_mean_squared_error'.
  warnings.warn(

2025-07-10 18:37:20,364:WARNING:/home/leon/.conda/envs/bd_inv_predict/lib/python3.10/site-packages/sklearn/metrics/_regression.py:483: FutureWarning: 'squared' is deprecated in version 1.4 and will be removed in 1.6. To calculate the root mean squared error, use the function'root_mean_squared_error'.
  warnings.warn(

2025-07-10 18:37:20,365:WARNING:/home/leon/.conda/envs/bd_inv_predict/lib/python3.10/site-packages/sklearn/metrics/_regression.py:483: FutureWarning: 'squared' is deprecated in version 1.4 and will be removed in 1.6. To calculate the root mean squared error, use the function'root_mean_squared_error'.
  warnings.warn(

2025-07-10 18:37:20,376:INFO:Calculating mean and std
2025-07-10 18:37:20,377:INFO:Creating metrics dataframe
2025-07-10 18:37:20,378:WARNING:/home/leon/.conda/envs/bd_inv_predict/lib/python3.10/site-packages/pycaret/time_series/forecasting/oop.py:2694: FutureWarning: The behavior of DataFrame concatenation with empty or all-NA entries is deprecated. In a future version, this will no longer exclude empty or all-NA columns when determining the result dtypes. To retain the old behavior, exclude the relevant entries before the concat operation.
  model_results = pd.concat((model_results, model_avgs), axis=0)

2025-07-10 18:37:20,380:INFO:Uploading results into container
2025-07-10 18:37:20,380:INFO:Uploading model into container now
2025-07-10 18:37:20,380:INFO:_master_model_container: 15
2025-07-10 18:37:20,380:INFO:_display_container: 2
2025-07-10 18:37:20,382:INFO:BaseCdsDtForecaster(fe_target_rr=[WindowSummarizer(lag_feature={'lag': [14, 13,
                                                                        12, 11,
                                                                        10, 9,
                                                                        8, 7, 6,
                                                                        5, 4, 3,
                                                                        2, 1]},
                                                   n_jobs=1)],
                    regressor=ExtraTreesRegressor(n_jobs=-1, random_state=123),
                    sp=14, window_length=14)
2025-07-10 18:37:20,383:INFO:create_model() successfully completed......................................
2025-07-10 18:37:20,537:INFO:SubProcess create_model() end ==================================
2025-07-10 18:37:20,537:INFO:Creating metrics dataframe
2025-07-10 18:37:20,545:INFO:Initializing Gradient Boosting w/ Cond. Deseasonalize & Detrending
2025-07-10 18:37:20,545:INFO:Total runtime is 2.7741442918777466 minutes
2025-07-10 18:37:20,547:INFO:SubProcess create_model() called ==================================
2025-07-10 18:37:20,547:INFO:Initializing create_model()
2025-07-10 18:37:20,547:INFO:create_model(self=<pycaret.time_series.forecasting.oop.TSForecastingExperiment object at 0x7fc3c112e7d0>, estimator=gbr_cds_dt, fold=None, round=4, cross_validation=True, predict=True, fit_kwargs={}, groups=None, refit=False, probability_threshold=None, experiment_custom_tags=None, verbose=False, system=False, add_to_model_list=True, metrics=None, display=<pycaret.internal.display.display.CommonDisplay object at 0x7fc3c0d6e290>, model_only=True, return_train_score=False, error_score=0.0, kwargs={})
2025-07-10 18:37:20,547:INFO:Checking exceptions
2025-07-10 18:37:20,547:INFO:Importing libraries
2025-07-10 18:37:20,547:INFO:Copying training dataset
2025-07-10 18:37:20,550:INFO:Defining folds
2025-07-10 18:37:20,550:INFO:Declaring metric variables
2025-07-10 18:37:20,552:INFO:Importing untrained model
2025-07-10 18:37:20,555:INFO:Gradient Boosting w/ Cond. Deseasonalize & Detrending Imported successfully
2025-07-10 18:37:20,561:INFO:Starting cross validation
2025-07-10 18:37:20,562:INFO:Cross validating with SlidingWindowSplitter(fh=ForecastingHorizon([1, 2, 3, 4, 5, 6, 7, 8, 9, 10, 11, 12, 13, 14], dtype='int64', is_relative=True),
                      step_length=14, window_length=1488), n_jobs=-1
2025-07-10 18:37:21,622:WARNING:/home/leon/.conda/envs/bd_inv_predict/lib/python3.10/site-packages/sklearn/metrics/_regression.py:483: FutureWarning: 'squared' is deprecated in version 1.4 and will be removed in 1.6. To calculate the root mean squared error, use the function'root_mean_squared_error'.
  warnings.warn(

2025-07-10 18:37:21,623:WARNING:/home/leon/.conda/envs/bd_inv_predict/lib/python3.10/site-packages/sklearn/metrics/_regression.py:483: FutureWarning: 'squared' is deprecated in version 1.4 and will be removed in 1.6. To calculate the root mean squared error, use the function'root_mean_squared_error'.
  warnings.warn(

2025-07-10 18:37:21,628:WARNING:/home/leon/.conda/envs/bd_inv_predict/lib/python3.10/site-packages/sklearn/metrics/_regression.py:483: FutureWarning: 'squared' is deprecated in version 1.4 and will be removed in 1.6. To calculate the root mean squared error, use the function'root_mean_squared_error'.
  warnings.warn(

2025-07-10 18:37:21,628:WARNING:/home/leon/.conda/envs/bd_inv_predict/lib/python3.10/site-packages/sklearn/metrics/_regression.py:483: FutureWarning: 'squared' is deprecated in version 1.4 and will be removed in 1.6. To calculate the root mean squared error, use the function'root_mean_squared_error'.
  warnings.warn(

2025-07-10 18:37:21,640:INFO:Calculating mean and std
2025-07-10 18:37:21,641:INFO:Creating metrics dataframe
2025-07-10 18:37:21,642:WARNING:/home/leon/.conda/envs/bd_inv_predict/lib/python3.10/site-packages/pycaret/time_series/forecasting/oop.py:2694: FutureWarning: The behavior of DataFrame concatenation with empty or all-NA entries is deprecated. In a future version, this will no longer exclude empty or all-NA columns when determining the result dtypes. To retain the old behavior, exclude the relevant entries before the concat operation.
  model_results = pd.concat((model_results, model_avgs), axis=0)

2025-07-10 18:37:21,644:INFO:Uploading results into container
2025-07-10 18:37:21,644:INFO:Uploading model into container now
2025-07-10 18:37:21,645:INFO:_master_model_container: 16
2025-07-10 18:37:21,645:INFO:_display_container: 2
2025-07-10 18:37:21,647:INFO:BaseCdsDtForecaster(fe_target_rr=[WindowSummarizer(lag_feature={'lag': [14, 13,
                                                                        12, 11,
                                                                        10, 9,
                                                                        8, 7, 6,
                                                                        5, 4, 3,
                                                                        2, 1]},
                                                   n_jobs=1)],
                    regressor=GradientBoostingRegressor(random_state=123),
                    sp=14, window_length=14)
2025-07-10 18:37:21,647:INFO:create_model() successfully completed......................................
2025-07-10 18:37:21,817:INFO:SubProcess create_model() end ==================================
2025-07-10 18:37:21,817:INFO:Creating metrics dataframe
2025-07-10 18:37:21,826:INFO:Initializing AdaBoost w/ Cond. Deseasonalize & Detrending
2025-07-10 18:37:21,826:INFO:Total runtime is 2.795492084821065 minutes
2025-07-10 18:37:21,828:INFO:SubProcess create_model() called ==================================
2025-07-10 18:37:21,828:INFO:Initializing create_model()
2025-07-10 18:37:21,828:INFO:create_model(self=<pycaret.time_series.forecasting.oop.TSForecastingExperiment object at 0x7fc3c112e7d0>, estimator=ada_cds_dt, fold=None, round=4, cross_validation=True, predict=True, fit_kwargs={}, groups=None, refit=False, probability_threshold=None, experiment_custom_tags=None, verbose=False, system=False, add_to_model_list=True, metrics=None, display=<pycaret.internal.display.display.CommonDisplay object at 0x7fc3c0d6e290>, model_only=True, return_train_score=False, error_score=0.0, kwargs={})
2025-07-10 18:37:21,829:INFO:Checking exceptions
2025-07-10 18:37:21,829:INFO:Importing libraries
2025-07-10 18:37:21,829:INFO:Copying training dataset
2025-07-10 18:37:21,832:INFO:Defining folds
2025-07-10 18:37:21,832:INFO:Declaring metric variables
2025-07-10 18:37:21,835:INFO:Importing untrained model
2025-07-10 18:37:21,838:INFO:AdaBoost w/ Cond. Deseasonalize & Detrending Imported successfully
2025-07-10 18:37:21,844:INFO:Starting cross validation
2025-07-10 18:37:21,844:INFO:Cross validating with SlidingWindowSplitter(fh=ForecastingHorizon([1, 2, 3, 4, 5, 6, 7, 8, 9, 10, 11, 12, 13, 14], dtype='int64', is_relative=True),
                      step_length=14, window_length=1488), n_jobs=-1
2025-07-10 18:37:22,490:WARNING:/home/leon/.conda/envs/bd_inv_predict/lib/python3.10/site-packages/sklearn/metrics/_regression.py:483: FutureWarning: 'squared' is deprecated in version 1.4 and will be removed in 1.6. To calculate the root mean squared error, use the function'root_mean_squared_error'.
  warnings.warn(

2025-07-10 18:37:22,490:WARNING:/home/leon/.conda/envs/bd_inv_predict/lib/python3.10/site-packages/sklearn/metrics/_regression.py:483: FutureWarning: 'squared' is deprecated in version 1.4 and will be removed in 1.6. To calculate the root mean squared error, use the function'root_mean_squared_error'.
  warnings.warn(

2025-07-10 18:37:22,496:WARNING:/home/leon/.conda/envs/bd_inv_predict/lib/python3.10/site-packages/sklearn/metrics/_regression.py:483: FutureWarning: 'squared' is deprecated in version 1.4 and will be removed in 1.6. To calculate the root mean squared error, use the function'root_mean_squared_error'.
  warnings.warn(

2025-07-10 18:37:22,496:WARNING:/home/leon/.conda/envs/bd_inv_predict/lib/python3.10/site-packages/sklearn/metrics/_regression.py:483: FutureWarning: 'squared' is deprecated in version 1.4 and will be removed in 1.6. To calculate the root mean squared error, use the function'root_mean_squared_error'.
  warnings.warn(

2025-07-10 18:37:22,509:INFO:Calculating mean and std
2025-07-10 18:37:22,509:INFO:Creating metrics dataframe
2025-07-10 18:37:22,511:WARNING:/home/leon/.conda/envs/bd_inv_predict/lib/python3.10/site-packages/pycaret/time_series/forecasting/oop.py:2694: FutureWarning: The behavior of DataFrame concatenation with empty or all-NA entries is deprecated. In a future version, this will no longer exclude empty or all-NA columns when determining the result dtypes. To retain the old behavior, exclude the relevant entries before the concat operation.
  model_results = pd.concat((model_results, model_avgs), axis=0)

2025-07-10 18:37:22,513:INFO:Uploading results into container
2025-07-10 18:37:22,514:INFO:Uploading model into container now
2025-07-10 18:37:22,514:INFO:_master_model_container: 17
2025-07-10 18:37:22,514:INFO:_display_container: 2
2025-07-10 18:37:22,516:INFO:BaseCdsDtForecaster(fe_target_rr=[WindowSummarizer(lag_feature={'lag': [14, 13,
                                                                        12, 11,
                                                                        10, 9,
                                                                        8, 7, 6,
                                                                        5, 4, 3,
                                                                        2, 1]},
                                                   n_jobs=1)],
                    regressor=AdaBoostRegressor(random_state=123), sp=14,
                    window_length=14)
2025-07-10 18:37:22,516:INFO:create_model() successfully completed......................................
2025-07-10 18:37:22,676:INFO:SubProcess create_model() end ==================================
2025-07-10 18:37:22,676:INFO:Creating metrics dataframe
2025-07-10 18:37:22,685:INFO:Initializing Light Gradient Boosting w/ Cond. Deseasonalize & Detrending
2025-07-10 18:37:22,685:INFO:Total runtime is 2.809811206658681 minutes
2025-07-10 18:37:22,687:INFO:SubProcess create_model() called ==================================
2025-07-10 18:37:22,687:INFO:Initializing create_model()
2025-07-10 18:37:22,688:INFO:create_model(self=<pycaret.time_series.forecasting.oop.TSForecastingExperiment object at 0x7fc3c112e7d0>, estimator=lightgbm_cds_dt, fold=None, round=4, cross_validation=True, predict=True, fit_kwargs={}, groups=None, refit=False, probability_threshold=None, experiment_custom_tags=None, verbose=False, system=False, add_to_model_list=True, metrics=None, display=<pycaret.internal.display.display.CommonDisplay object at 0x7fc3c0d6e290>, model_only=True, return_train_score=False, error_score=0.0, kwargs={})
2025-07-10 18:37:22,688:INFO:Checking exceptions
2025-07-10 18:37:22,688:INFO:Importing libraries
2025-07-10 18:37:22,688:INFO:Copying training dataset
2025-07-10 18:37:22,690:INFO:Defining folds
2025-07-10 18:37:22,690:INFO:Declaring metric variables
2025-07-10 18:37:22,693:INFO:Importing untrained model
2025-07-10 18:37:22,696:INFO:Light Gradient Boosting w/ Cond. Deseasonalize & Detrending Imported successfully
2025-07-10 18:37:22,702:INFO:Starting cross validation
2025-07-10 18:37:22,703:INFO:Cross validating with SlidingWindowSplitter(fh=ForecastingHorizon([1, 2, 3, 4, 5, 6, 7, 8, 9, 10, 11, 12, 13, 14], dtype='int64', is_relative=True),
                      step_length=14, window_length=1488), n_jobs=-1
2025-07-10 18:40:25,089:WARNING:/home/leon/.conda/envs/bd_inv_predict/lib/python3.10/site-packages/sklearn/metrics/_regression.py:483: FutureWarning: 'squared' is deprecated in version 1.4 and will be removed in 1.6. To calculate the root mean squared error, use the function'root_mean_squared_error'.
  warnings.warn(

2025-07-10 18:40:25,090:WARNING:/home/leon/.conda/envs/bd_inv_predict/lib/python3.10/site-packages/sklearn/metrics/_regression.py:483: FutureWarning: 'squared' is deprecated in version 1.4 and will be removed in 1.6. To calculate the root mean squared error, use the function'root_mean_squared_error'.
  warnings.warn(

2025-07-10 18:40:25,281:WARNING:/home/leon/.conda/envs/bd_inv_predict/lib/python3.10/site-packages/sklearn/metrics/_regression.py:483: FutureWarning: 'squared' is deprecated in version 1.4 and will be removed in 1.6. To calculate the root mean squared error, use the function'root_mean_squared_error'.
  warnings.warn(

2025-07-10 18:40:25,281:WARNING:/home/leon/.conda/envs/bd_inv_predict/lib/python3.10/site-packages/sklearn/metrics/_regression.py:483: FutureWarning: 'squared' is deprecated in version 1.4 and will be removed in 1.6. To calculate the root mean squared error, use the function'root_mean_squared_error'.
  warnings.warn(

2025-07-10 18:40:25,287:INFO:Calculating mean and std
2025-07-10 18:40:25,288:INFO:Creating metrics dataframe
2025-07-10 18:40:25,290:WARNING:/home/leon/.conda/envs/bd_inv_predict/lib/python3.10/site-packages/pycaret/time_series/forecasting/oop.py:2694: FutureWarning: The behavior of DataFrame concatenation with empty or all-NA entries is deprecated. In a future version, this will no longer exclude empty or all-NA columns when determining the result dtypes. To retain the old behavior, exclude the relevant entries before the concat operation.
  model_results = pd.concat((model_results, model_avgs), axis=0)

2025-07-10 18:40:25,291:INFO:Uploading results into container
2025-07-10 18:40:25,291:INFO:Uploading model into container now
2025-07-10 18:40:25,292:INFO:_master_model_container: 18
2025-07-10 18:40:25,292:INFO:_display_container: 2
2025-07-10 18:40:25,294:INFO:BaseCdsDtForecaster(fe_target_rr=[WindowSummarizer(lag_feature={'lag': [14, 13,
                                                                        12, 11,
                                                                        10, 9,
                                                                        8, 7, 6,
                                                                        5, 4, 3,
                                                                        2, 1]},
                                                   n_jobs=1)],
                    regressor=LGBMRegressor(n_jobs=-1, random_state=123), sp=14,
                    window_length=14)
2025-07-10 18:40:25,294:INFO:create_model() successfully completed......................................
2025-07-10 18:40:25,446:INFO:SubProcess create_model() end ==================================
2025-07-10 18:40:25,446:INFO:Creating metrics dataframe
2025-07-10 18:40:25,454:WARNING:/home/leon/.conda/envs/bd_inv_predict/lib/python3.10/site-packages/pycaret/internal/pycaret_experiment/supervised_experiment.py:323: FutureWarning: Styler.applymap has been deprecated. Use Styler.map instead.
  master_display_.apply(

2025-07-10 18:40:25,461:INFO:Initializing create_model()
2025-07-10 18:40:25,461:INFO:create_model(self=<pycaret.time_series.forecasting.oop.TSForecastingExperiment object at 0x7fc3c112e7d0>, estimator=AutoARIMA(random_state=123, sp=14, suppress_warnings=True), fold=None, round=4, cross_validation=False, predict=False, fit_kwargs={}, groups=None, refit=True, probability_threshold=None, experiment_custom_tags=None, verbose=False, system=False, add_to_model_list=True, metrics=None, display=None, model_only=True, return_train_score=False, error_score=0.0, kwargs={})
2025-07-10 18:40:25,461:INFO:Checking exceptions
2025-07-10 18:40:25,462:INFO:Importing libraries
2025-07-10 18:40:25,462:INFO:Copying training dataset
2025-07-10 18:40:25,464:INFO:Defining folds
2025-07-10 18:40:25,464:INFO:Declaring metric variables
2025-07-10 18:40:25,464:INFO:Importing untrained model
2025-07-10 18:40:25,464:INFO:Declaring custom model
2025-07-10 18:40:25,465:INFO:Auto ARIMA Imported successfully
2025-07-10 18:40:25,465:INFO:Cross validation set to False
2025-07-10 18:40:25,465:INFO:Fitting Model
